Time,Day_of_week,Age_band_of_driver,Sex_of_driver,Educational_level,Vehicle_driver_relation,Driving_experience,Type_of_vehicle,Owner_of_vehicle,Service_year_of_vehicle,Defect_of_vehicle,Area_accident_occured,Lanes_or_Medians,Road_allignment,Types_of_Junction,Road_surface_type,Road_surface_conditions,Light_conditions,Weather_conditions,Type_of_collision,Number_of_vehicles_involved,Number_of_casualties,Vehicle_movement,Casualty_class,Sex_of_casualty,Age_band_of_casualty,Casualty_severity,Work_of_casuality,Fitness_of_casuality,Pedestrian_movement,Cause_of_accident
420,1,0,1,0,0,0,0,3,3,2,9,6,5,1,0,0,3,2,3,2,2,2,3,2,5,3,7,5,5,9
420,1,1,1,4,0,3,11,3,2,2,6,4,5,1,0,0,3,2,8,2,2,2,3,2,5,3,7,5,5,16
420,1,0,1,4,0,0,5,3,6,2,1,7,9,1,0,0,3,2,2,2,2,2,0,1,1,2,0,5,5,0
594,3,0,1,4,0,2,11,0,6,2,6,7,6,7,2,0,0,2,8,2,2,2,2,0,0,2,0,2,5,1
594,3,0,1,4,0,1,17,3,2,2,4,7,5,7,0,0,0,2,8,2,2,2,3,2,5,3,7,5,5,16
265,0,1,1,7,3,6,17,4,6,3,14,6,9,7,5,0,3,2,8,1,1,10,0,1,1,2,0,2,5,14
448,6,0,1,4,0,1,0,3,6,2,9,4,5,0,5,0,3,2,8,1,1,3,0,0,0,2,0,2,5,13
438,0,0,1,4,0,1,0,0,3,2,9,7,5,7,0,0,3,2,8,2,1,10,3,2,5,3,7,2,5,12
438,0,0,1,4,0,3,5,3,0,2,4,7,5,7,2,0,3,2,3,2,1,2,2,1,4,2,0,2,0,1
438,0,0,1,4,0,0,0,3,1,2,9,4,5,7,0,0,3,2,3,2,1,10,1,1,0,2,0,2,5,9
290,2,0,1,0,2,0,10,3,5,2,9,7,5,1,0,0,3,2,0,2,1,9,3,2,5,3,7,2,5,0
290,2,1,1,0,0,5,0,3,6,2,6,4,5,1,2,0,3,2,0,2,1,2,0,1,0,2,0,2,5,11
463,4,0,1,4,0,0,11,3,1,2,6,0,0,1,0,0,3,2,0,2,2,2,3,2,5,3,0,2,5,10
463,4,1,1,4,0,2,5,3,3,2,6,7,5,1,0,0,3,2,0,2,2,12,3,2,5,3,2,2,5,12
463,4,1,1,4,0,3,0,3,0,2,6,4,0,1,0,0,3,2,0,2,2,2,0,0,0,2,0,2,5,10
743,1,0,0,4,0,3,4,3,6,2,6,1,5,7,0,3,0,4,0,2,3,2,3,2,5,3,7,5,5,10
743,1,0,1,4,2,2,10,3,6,2,6,4,5,7,0,3,0,4,0,2,3,2,3,2,5,3,0,2,5,9
743,1,0,1,1,0,1,10,3,6,2,6,7,5,7,0,3,0,4,0,2,3,2,3,2,5,3,0,2,5,1
743,1,0,1,4,0,1,17,3,3,2,9,7,5,7,0,3,0,4,0,2,3,3,3,2,5,3,5,2,5,11
985,5,0,1,4,0,4,3,3,2,2,9,1,5,7,0,0,3,2,0,2,1,2,0,1,4,2,0,2,5,9
985,5,3,1,4,0,1,5,3,6,2,7,1,5,7,0,0,3,2,0,2,1,2,3,2,5,3,0,2,5,7
317,4,0,1,4,0,1,4,3,2,2,2,4,5,0,0,0,3,2,0,1,1,3,0,1,0,2,0,2,5,16
150,4,0,1,1,0,2,5,3,6,2,1,7,5,7,0,0,3,2,5,2,1,1,1,0,1,2,0,2,5,14
150,4,1,1,4,0,3,9,3,6,3,4,4,5,7,0,0,3,2,6,2,1,7,1,1,0,2,1,2,5,1
512,6,0,1,7,3,6,17,4,6,3,9,7,9,0,1,0,3,2,0,2,3,9,3,2,5,3,0,2,5,8
512,6,0,1,4,0,1,15,3,3,2,9,7,8,0,0,0,3,2,6,2,3,2,0,0,1,2,3,2,5,13
512,6,0,2,4,0,2,17,3,1,2,6,0,5,0,0,0,3,2,0,2,3,2,2,1,4,2,0,2,1,0
285,0,0,1,0,0,1,0,3,1,2,0,4,5,1,0,0,3,2,0,1,1,2,3,2,5,3,0,2,5,1
160,5,2,2,7,3,6,17,4,6,3,13,7,5,1,0,0,3,2,8,2,1,2,0,1,1,2,7,5,5,11
160,5,0,1,7,0,0,5,3,6,2,4,7,5,1,0,0,3,2,4,2,1,2,0,1,0,1,0,2,5,15
334,1,0,1,4,0,1,0,3,6,2,9,3,5,0,0,0,3,2,3,1,1,2,3,2,5,3,7,5,5,0
486,4,0,1,4,0,3,0,0,4,2,9,4,5,1,0,0,3,2,3,1,1,3,0,1,0,2,0,5,5,12
329,4,0,1,4,0,4,5,3,2,2,7,4,5,1,0,0,3,2,6,2,1,7,1,0,0,2,7,2,5,1
329,4,1,2,4,0,1,0,0,6,2,9,7,5,1,0,0,3,2,0,2,1,9,3,2,5,3,0,2,5,10
248,2,2,1,4,0,4,0,3,0,2,10,4,1,2,0,0,3,2,0,2,1,2,0,0,0,2,0,2,5,11
248,2,0,1,2,0,2,0,3,1,2,10,4,1,2,0,0,3,2,4,2,1,2,2,1,4,2,0,2,6,10
646,0,0,1,0,0,0,15,3,6,2,6,0,5,0,0,0,0,2,3,2,2,2,3,2,5,3,0,2,5,12
646,0,2,1,4,0,4,17,3,1,2,9,4,1,0,0,0,0,2,0,2,2,2,0,0,0,1,0,2,5,13
646,0,2,1,7,3,6,17,3,6,3,9,7,5,0,0,0,0,2,0,2,2,2,3,2,5,3,0,2,5,3
388,3,2,1,2,0,4,0,3,6,1,5,7,5,1,0,0,3,2,1,2,1,2,0,0,0,2,1,2,5,0
388,3,1,1,2,0,4,8,3,3,3,9,7,5,1,0,0,3,2,8,2,1,2,3,2,5,3,7,2,5,3
708,3,1,1,7,3,6,17,3,2,0,2,7,5,1,0,0,0,2,8,2,2,2,0,0,1,2,0,2,5,0
708,3,0,1,2,0,1,0,3,6,2,6,4,5,1,0,0,0,2,1,2,2,2,0,1,0,2,7,5,5,12
1034,6,0,1,4,0,3,9,3,5,2,6,2,7,7,0,0,3,2,8,2,1,2,2,1,4,2,3,2,1,10
1034,6,0,1,4,0,3,10,0,6,2,6,2,0,7,3,0,3,2,2,2,1,2,0,1,4,2,7,5,5,1
290,0,1,1,4,0,2,4,3,1,3,7,4,7,7,0,0,3,2,8,1,1,2,3,2,5,3,3,2,5,1
69,0,1,1,4,0,0,14,3,1,3,7,4,5,0,0,0,3,2,8,2,1,2,3,2,5,3,7,5,5,2
69,0,1,1,5,0,4,12,3,5,2,9,2,5,0,0,0,3,2,8,2,1,2,0,0,0,2,3,2,5,10
495,1,0,1,4,0,4,14,3,6,3,7,2,5,0,0,0,3,2,6,2,1,2,3,2,5,3,7,5,5,1
495,1,0,1,2,0,1,0,3,4,3,7,4,6,0,0,0,3,2,8,2,1,2,0,1,0,1,7,5,5,0
547,5,0,1,4,2,0,0,3,2,3,7,2,5,3,0,0,3,2,8,2,1,2,0,0,3,2,3,2,5,7
547,5,1,1,4,0,2,7,0,2,2,7,4,5,3,0,0,3,2,8,2,1,2,3,2,5,3,1,2,5,13
122,2,2,1,1,0,1,15,3,1,2,7,0,6,1,0,0,3,2,1,2,3,2,0,1,1,2,2,2,5,13
122,2,1,1,1,2,2,0,3,6,2,7,2,5,1,0,0,3,2,8,2,3,2,0,1,1,2,1,2,5,10
122,2,1,1,4,0,3,14,3,1,3,2,2,5,1,0,0,3,2,2,2,3,2,3,2,5,3,7,5,5,12
122,2,0,2,4,0,2,0,3,2,3,7,4,5,1,0,0,3,2,8,2,3,2,1,0,0,2,1,2,5,16
223,4,0,1,2,0,2,9,1,1,3,4,2,5,1,0,0,3,2,6,2,1,2,0,1,1,2,7,5,5,11
223,4,1,1,4,0,2,17,3,6,2,9,0,5,1,0,0,3,2,8,2,1,2,3,2,5,3,1,2,5,10
174,5,0,2,4,0,3,0,0,3,2,7,2,5,5,0,3,3,4,8,2,1,2,3,2,5,3,1,2,5,1
174,5,2,1,4,4,0,5,3,6,2,6,2,5,5,3,3,3,4,8,2,1,2,0,1,0,2,1,2,5,3
165,0,0,1,4,0,1,17,3,6,2,4,5,5,7,0,0,3,2,8,2,1,2,3,2,5,3,0,2,5,1
165,0,1,1,4,0,0,11,3,0,2,4,0,5,7,0,0,3,2,8,2,1,2,3,2,5,3,0,2,5,16
413,3,1,1,7,4,6,17,3,6,2,7,2,5,7,0,0,3,2,2,2,1,2,0,1,4,2,4,2,5,13
413,3,1,1,1,0,2,9,1,3,3,3,2,5,7,0,0,3,2,8,2,1,2,3,2,5,3,0,2,5,4
501,1,4,0,4,0,2,9,3,5,3,6,1,5,1,2,0,3,2,8,2,1,2,1,0,3,2,3,2,5,2
501,1,1,1,4,0,3,0,3,1,2,2,4,5,1,0,0,3,2,2,2,1,2,1,0,1,2,7,5,5,19
196,4,1,2,4,0,1,17,1,2,2,3,4,7,2,0,0,3,2,2,2,1,2,1,0,1,2,7,5,5,1
196,4,0,1,4,2,3,0,3,3,2,6,7,5,2,5,0,3,2,8,2,1,11,0,1,0,2,0,2,5,10
237,6,0,1,4,0,1,5,3,1,2,7,2,0,1,3,0,3,2,8,2,1,2,3,2,5,3,0,2,5,13
237,6,1,1,1,1,2,9,3,0,3,6,4,5,1,0,0,3,2,8,2,1,2,0,1,0,2,0,2,5,12
521,1,0,1,1,0,2,4,3,1,3,6,2,7,0,5,0,0,2,8,2,1,7,1,1,0,2,0,2,5,0
521,1,1,1,4,3,2,0,3,6,2,7,0,3,0,0,0,0,2,2,2,1,2,3,2,5,3,7,5,5,11
93,4,1,1,4,0,2,0,3,0,2,6,4,6,1,2,0,3,2,8,1,4,2,0,1,0,2,0,2,5,16
93,4,1,1,1,0,3,0,3,6,2,9,4,5,1,0,0,3,2,8,1,4,2,0,1,3,2,3,2,5,3
93,4,1,1,4,4,4,1,3,5,3,7,2,5,1,0,0,3,2,8,1,4,2,3,2,5,3,7,5,5,12
93,4,1,1,4,0,2,9,3,1,3,6,0,5,1,0,0,3,2,8,1,4,2,0,0,1,2,3,2,5,11
356,5,2,1,1,0,0,4,3,2,3,6,4,7,1,0,0,3,2,8,1,1,9,2,1,1,2,0,2,5,1
309,6,2,2,7,3,6,17,4,6,3,6,7,5,1,0,0,3,2,8,1,1,2,3,2,5,3,7,2,5,3
619,3,1,1,4,0,3,17,3,2,2,7,2,6,7,2,0,0,2,2,2,1,2,0,0,0,2,3,5,5,1
619,3,3,1,2,2,1,0,3,6,2,2,4,5,7,0,0,0,2,8,2,1,2,3,2,5,3,7,2,5,1
524,6,1,1,4,0,0,4,3,5,2,4,4,5,0,0,3,0,2,1,2,1,2,0,0,1,2,2,2,5,0
524,6,1,1,4,0,0,5,3,0,2,6,0,5,0,0,3,0,2,2,2,1,2,0,1,0,1,0,5,5,17
356,3,2,1,0,2,1,8,3,5,2,2,4,5,5,0,0,3,2,2,1,2,2,3,2,5,3,7,5,5,3
356,3,2,1,7,3,6,4,3,6,3,6,4,5,5,0,0,3,2,8,1,2,9,2,0,4,2,0,2,5,10
766,6,2,2,1,2,1,14,3,6,2,6,7,5,0,0,0,0,2,6,2,3,2,0,0,0,2,0,5,5,3
766,6,2,1,4,0,0,7,3,6,3,9,2,5,0,0,0,0,2,8,2,3,2,3,2,5,3,7,2,5,0
766,6,1,1,7,2,2,7,3,2,3,6,2,5,0,0,0,0,2,8,2,3,7,3,2,5,3,7,2,5,12
948,1,0,2,4,0,4,4,3,2,3,9,4,5,7,0,0,3,2,8,2,1,2,0,0,1,2,0,2,5,1
948,1,0,1,4,0,1,17,3,1,3,6,0,5,7,0,0,3,2,8,2,1,2,3,2,5,3,0,2,5,10
323,3,1,1,4,0,2,0,3,1,2,6,0,5,1,0,0,3,2,8,2,1,7,0,1,0,2,3,2,5,9
323,3,1,1,4,0,3,5,4,6,2,7,2,5,1,2,0,3,2,8,2,1,2,0,1,1,2,3,2,5,9
352,1,0,1,1,0,1,7,3,5,2,7,2,5,1,0,0,3,2,8,2,1,3,3,2,5,3,0,2,5,10
352,1,0,1,1,2,3,5,3,3,2,9,2,5,1,0,0,3,2,8,2,1,3,3,2,5,3,0,2,5,10
1060,3,2,1,4,0,0,0,3,5,3,2,2,5,0,0,0,3,2,2,2,1,2,0,1,0,2,7,5,5,10
1060,3,2,1,4,0,2,8,0,5,2,2,0,5,0,0,0,3,2,8,2,1,2,3,2,5,3,0,2,5,11
453,4,0,1,4,0,1,5,3,1,2,9,0,5,7,4,0,3,2,8,3,1,2,3,2,5,3,0,2,5,3
453,4,0,1,4,0,1,10,3,6,2,6,2,6,7,3,0,3,2,8,3,1,2,3,2,5,3,0,2,5,1
453,4,1,1,4,0,1,3,3,2,2,6,2,6,7,3,0,3,2,8,3,1,2,0,0,0,2,7,2,5,0
662,3,0,2,4,0,1,0,3,1,3,9,2,5,1,0,0,0,2,1,2,1,2,0,1,1,1,7,5,5,3
662,3,2,1,4,0,3,0,3,2,3,2,7,5,1,0,0,0,2,8,2,1,2,0,0,3,2,0,2,5,3
692,4,0,1,4,0,3,7,3,6,3,7,2,5,7,2,0,0,2,8,2,2,2,0,0,1,2,0,2,5,10
692,4,1,1,1,0,2,17,3,6,3,6,2,5,7,0,0,0,2,8,2,2,2,3,2,5,3,3,2,5,13
587,1,0,1,7,0,6,3,3,6,3,7,2,5,7,0,0,0,2,8,2,1,2,3,2,5,3,0,2,5,1
587,1,0,1,7,0,1,9,3,6,3,7,2,5,7,0,0,0,2,8,2,1,2,0,1,1,2,0,2,5,1
369,1,0,1,1,0,2,9,3,6,3,14,6,5,0,0,0,3,2,8,2,1,6,0,1,0,1,0,2,5,10
369,1,2,1,4,0,2,7,0,1,3,9,2,9,0,2,0,3,2,2,2,1,2,3,2,5,3,7,5,5,10
329,1,1,2,4,0,3,7,3,4,3,2,4,5,0,0,0,3,2,8,1,1,2,0,1,0,1,0,2,5,17
773,4,3,1,4,0,2,7,4,6,3,7,4,5,1,0,0,2,2,8,1,4,2,3,2,5,3,0,2,5,2
773,4,3,1,4,0,3,9,3,5,3,7,1,5,1,0,0,2,2,8,1,4,2,0,1,1,1,3,2,5,12
773,4,3,1,1,0,4,5,3,5,2,9,2,5,1,0,0,2,2,8,1,4,2,3,2,5,3,7,2,5,11
773,4,3,1,1,0,2,7,3,5,3,6,1,5,1,0,0,2,2,8,1,4,2,3,2,5,3,7,5,5,12
619,1,2,1,1,0,0,9,3,5,2,4,2,5,7,0,0,1,2,8,3,1,9,3,2,5,3,0,2,5,13
619,1,1,2,1,0,2,7,0,6,2,9,0,5,7,0,0,1,2,8,3,1,2,0,1,0,2,0,2,5,13
619,1,1,1,1,0,2,4,3,6,2,6,5,5,7,0,0,1,2,8,3,1,2,3,2,5,3,0,2,5,9
470,0,0,1,1,0,1,7,3,1,3,7,6,5,0,0,0,3,2,6,2,1,11,3,2,5,3,7,5,5,10
470,0,1,1,1,0,2,7,3,5,3,2,7,5,0,0,0,3,2,8,2,1,3,0,0,0,2,0,2,5,9
480,1,1,2,7,3,2,7,3,3,3,4,6,5,0,2,0,3,2,8,1,1,2,1,0,4,2,3,2,5,12
418,0,0,1,4,0,3,8,3,5,2,1,1,5,1,0,0,3,2,8,1,1,3,0,1,0,2,3,2,5,3
599,2,4,0,4,0,3,0,3,5,2,0,4,5,0,0,0,0,2,2,2,3,9,3,2,5,3,7,5,5,10
599,2,0,2,1,0,4,7,3,5,2,7,2,5,0,0,0,0,2,8,2,3,2,3,2,5,3,7,2,5,13
599,2,0,1,1,0,2,5,3,5,3,7,2,5,0,0,0,0,2,8,2,3,2,0,1,0,2,0,2,5,1
599,2,0,1,1,2,2,10,3,5,2,4,2,9,0,2,0,0,2,8,2,3,11,3,2,5,3,0,2,5,10
506,6,1,1,1,0,1,0,0,1,3,7,2,5,1,0,3,0,4,2,2,1,2,0,1,0,2,7,5,5,3
506,6,0,1,1,0,3,8,0,6,3,6,7,5,1,0,3,0,4,8,2,1,2,3,2,5,3,0,2,5,10
354,0,0,1,1,0,1,5,3,5,3,14,7,5,7,0,0,3,2,8,3,1,2,0,0,3,2,3,2,5,12
354,0,1,1,4,0,3,9,3,6,3,6,2,5,7,0,0,3,2,8,3,1,2,3,2,5,3,3,2,5,1
354,0,0,1,4,0,4,7,3,6,3,6,4,5,7,0,0,3,2,8,3,1,7,0,1,0,1,3,2,5,11
168,5,0,1,4,0,1,5,1,5,3,7,7,5,3,0,0,3,2,2,1,1,2,1,0,0,2,7,5,5,12
1023,1,3,2,1,0,2,8,0,1,3,7,7,5,0,0,0,3,2,8,2,1,2,0,0,3,2,3,2,5,0
1023,1,2,1,1,0,2,7,3,5,2,7,4,5,0,0,0,3,2,8,2,1,2,3,2,5,3,3,2,5,18
443,2,1,1,1,0,0,5,3,3,3,7,7,5,1,4,3,3,2,8,1,1,9,2,1,4,2,0,1,5,4
34,3,0,1,1,0,6,12,4,6,3,9,4,5,1,0,0,0,2,8,1,3,7,3,2,5,3,0,2,5,3
34,3,0,1,4,0,0,0,3,1,2,2,4,5,1,0,0,0,2,8,1,3,2,0,1,0,2,3,2,5,4
34,3,0,1,7,0,2,0,3,1,3,6,0,5,1,0,0,0,2,1,1,3,2,1,1,4,2,3,2,5,3
326,6,1,1,1,2,0,14,3,1,3,2,7,5,0,0,0,3,2,8,1,1,9,3,2,5,3,0,2,5,11
499,2,3,1,4,0,2,7,3,1,3,7,2,5,7,0,3,0,4,8,2,1,3,0,1,3,2,0,2,5,3
499,2,0,1,4,0,1,5,3,6,3,14,7,5,7,0,3,0,4,2,2,1,2,0,1,1,2,7,5,5,1
866,0,1,1,4,0,1,5,3,0,3,12,7,3,1,0,3,2,2,8,1,1,2,0,1,3,2,0,2,5,9
152,2,0,2,4,0,2,3,3,2,3,6,2,6,0,2,0,3,2,8,1,1,2,0,1,3,2,0,2,5,3
721,0,1,1,4,2,4,14,3,4,3,7,7,3,1,0,0,0,2,1,1,1,7,3,2,5,3,4,2,5,1
901,0,1,1,2,0,4,9,3,5,3,6,4,5,0,0,3,0,4,8,2,1,2,0,0,0,2,1,2,5,3
901,0,1,1,4,0,6,0,3,6,3,7,4,5,0,0,3,0,4,8,2,1,2,1,1,4,2,0,2,5,3
452,4,3,1,4,0,4,9,3,1,3,7,2,5,1,0,3,0,2,1,1,2,2,2,1,1,2,2,2,5,3
452,4,3,1,4,0,1,5,3,6,3,6,4,5,1,0,3,0,2,1,1,2,6,3,2,5,3,7,2,5,1
836,0,0,2,4,0,1,0,3,6,2,7,0,5,7,0,3,0,4,1,1,4,2,3,2,5,3,7,5,5,1
836,0,0,1,4,0,2,5,3,6,3,2,7,5,7,0,3,0,4,2,1,4,2,0,1,1,2,7,5,5,3
836,0,0,1,1,0,2,5,3,6,2,6,2,5,7,0,3,0,4,8,1,4,11,0,1,0,2,1,5,5,16
836,0,0,2,7,2,2,8,3,3,2,6,2,5,7,0,3,0,4,8,1,4,2,0,0,3,2,0,5,5,1
352,2,0,1,4,0,2,7,3,1,3,7,4,7,7,0,0,3,2,8,1,1,2,0,1,4,0,0,5,5,10
1014,0,3,1,4,2,2,0,3,1,3,9,4,5,0,0,3,3,4,8,1,1,8,0,1,0,2,0,5,5,13
16,3,0,1,3,0,1,0,3,5,2,9,4,5,7,0,0,0,2,8,2,2,2,3,2,5,3,3,2,5,1
16,3,1,1,4,0,2,4,3,2,1,14,2,5,7,0,0,0,2,8,2,2,5,0,1,0,2,0,2,5,1
16,3,1,1,4,0,4,1,3,5,1,7,7,5,7,0,0,0,2,1,2,2,2,0,1,3,2,2,2,5,16
7,3,0,1,4,0,0,0,3,5,2,6,6,3,1,0,3,0,5,2,2,1,7,3,2,5,3,7,5,5,13
7,3,0,1,1,0,1,5,0,5,2,12,0,5,1,2,3,0,5,8,2,1,2,0,1,1,2,0,2,5,4
326,2,4,0,1,0,1,4,3,5,2,7,2,3,7,0,0,3,0,8,2,2,2,0,1,3,2,3,2,5,16
326,2,1,1,1,0,2,4,3,2,2,7,2,8,7,5,0,3,0,8,2,2,11,0,1,3,2,3,2,5,12
326,2,1,1,4,0,2,0,0,5,2,2,2,5,7,0,0,3,0,8,2,2,2,3,2,5,3,3,2,5,9
388,2,3,1,7,3,6,17,4,6,3,6,6,6,7,0,3,0,4,9,2,1,3,0,1,3,2,7,4,5,13
388,2,3,1,4,0,3,0,3,6,3,7,2,6,7,0,3,0,4,8,2,1,2,3,2,5,3,0,0,5,12
593,0,3,1,4,0,3,10,0,6,2,9,0,5,7,0,0,0,2,8,2,2,3,0,1,0,2,0,2,5,11
593,0,1,1,4,2,3,9,3,6,3,6,2,5,7,0,0,0,2,8,2,2,2,1,0,0,2,3,2,5,1
574,1,2,1,4,0,7,7,3,6,3,6,4,5,0,0,3,2,2,8,2,3,2,0,1,1,1,0,2,5,1
574,1,1,1,4,0,2,0,3,4,3,6,2,5,0,0,3,2,2,8,2,3,11,3,2,5,3,0,2,5,1
574,1,1,1,4,0,1,0,1,0,3,2,6,5,0,0,3,2,2,8,2,3,2,0,1,4,2,0,2,5,4
543,5,0,1,1,0,2,10,3,6,3,6,2,5,0,0,3,0,2,8,2,1,2,3,2,5,3,0,2,5,0
543,5,0,1,4,0,1,10,3,0,3,6,2,6,0,3,3,0,2,8,2,1,2,2,0,4,2,0,2,6,9
466,2,2,1,2,2,2,0,3,6,3,6,2,6,1,0,3,0,4,8,2,1,9,3,2,5,3,0,2,5,2
466,2,0,1,4,0,3,7,3,2,2,6,2,5,1,0,3,0,4,1,2,1,2,0,1,1,2,7,2,5,9
691,3,1,1,4,0,1,8,3,6,2,7,2,5,7,0,0,0,2,2,2,1,2,3,2,5,3,1,2,5,10
691,3,1,2,1,0,1,5,3,6,2,9,0,5,7,0,0,0,2,2,2,1,2,1,0,0,2,7,5,5,13
298,1,2,1,2,2,3,0,3,6,2,2,4,5,7,0,0,3,2,8,2,2,7,0,1,0,1,0,2,5,12
298,1,2,1,1,0,0,0,3,6,2,7,2,5,7,0,0,3,2,8,2,2,1,3,2,5,3,3,2,5,1
298,1,0,2,4,0,3,5,3,6,2,1,2,5,7,0,0,3,2,8,2,2,2,3,2,5,3,3,2,5,13
458,3,1,1,7,3,6,17,4,6,3,14,6,5,0,0,3,0,2,8,2,1,1,0,1,0,2,7,5,5,10
458,3,2,1,4,2,2,7,3,5,2,4,4,6,0,0,3,0,2,8,2,1,2,3,2,5,3,3,2,5,3
711,2,0,1,0,0,2,0,3,6,2,7,2,5,0,0,3,0,4,2,2,1,2,0,1,1,2,7,5,5,10
711,2,0,1,4,0,2,0,3,5,3,7,7,5,0,0,3,0,4,8,2,1,2,2,0,0,2,3,2,5,9
944,5,0,1,4,0,3,0,3,2,2,2,7,5,7,0,3,3,2,8,2,1,2,3,2,5,3,0,2,5,10
944,5,1,1,4,0,0,0,3,2,2,2,4,5,7,0,3,3,2,8,2,1,2,0,1,4,2,3,2,5,9
74,6,1,1,4,0,1,5,3,6,2,7,2,5,1,0,3,3,3,8,1,1,2,0,1,1,1,3,2,5,11
210,6,1,1,4,0,4,7,3,6,2,7,1,5,1,0,3,3,4,8,2,3,2,1,0,0,2,3,2,5,0
210,6,1,1,4,0,3,8,0,1,3,1,2,5,1,0,3,3,4,8,2,3,2,3,2,5,3,0,2,5,10
210,6,1,1,4,0,0,14,3,1,3,7,4,5,1,0,3,3,4,1,2,3,2,3,2,5,3,1,2,5,13
114,4,0,1,0,0,2,7,3,2,3,6,4,5,7,4,0,3,2,1,2,1,3,0,1,4,2,7,2,5,10
114,4,0,1,4,0,2,8,3,2,2,2,2,5,7,0,0,3,2,2,2,1,2,0,1,0,2,7,5,5,11
379,0,4,0,1,2,4,14,3,1,3,6,2,5,7,0,3,0,2,1,3,1,2,3,2,5,3,7,5,5,9
379,0,1,1,7,3,6,5,4,6,2,6,4,7,7,0,3,0,2,8,3,1,2,3,2,5,3,7,5,5,11
379,0,2,2,4,0,3,0,3,1,2,7,4,5,7,0,3,0,2,8,3,1,2,0,1,0,2,3,2,5,10
596,0,1,1,4,3,6,17,0,6,3,9,2,5,1,0,3,0,2,8,1,1,2,1,0,0,2,0,2,5,11
655,1,0,1,4,0,0,0,3,1,2,6,2,6,1,0,3,0,4,2,2,1,2,0,1,0,2,7,5,5,3
655,1,0,1,4,2,1,0,3,1,3,9,7,5,1,0,3,0,4,2,2,1,2,0,1,0,2,7,5,5,7
466,6,0,1,7,0,7,16,3,5,2,9,2,5,1,4,3,2,8,8,2,3,2,1,0,0,2,0,2,5,3
466,6,0,2,4,0,3,17,3,6,2,7,0,5,1,0,3,2,8,8,2,3,2,3,2,5,3,0,2,5,0
466,6,0,1,4,2,1,14,3,6,2,3,1,5,1,0,3,2,8,8,2,3,2,0,1,0,2,3,2,5,12
429,6,2,1,4,0,2,0,0,6,2,7,4,5,7,0,3,0,4,8,1,1,2,3,2,5,3,0,2,5,1
671,1,0,1,4,0,1,0,3,6,2,7,4,5,2,0,3,0,4,8,1,1,2,0,1,4,2,0,2,5,1
326,1,0,1,4,0,0,0,3,6,2,1,1,6,7,0,0,3,2,8,1,1,2,0,0,0,2,3,2,5,10
506,1,4,0,4,0,2,8,3,6,2,7,4,5,7,0,3,0,4,8,1,1,2,3,2,5,3,3,2,5,10
982,6,2,1,4,0,1,5,3,6,2,7,4,5,1,0,0,3,2,8,1,1,2,3,2,5,3,0,2,5,0
326,5,4,0,1,0,2,5,3,6,2,7,4,5,0,0,3,2,2,8,1,1,2,0,1,0,2,3,2,5,1
493,0,0,2,0,2,2,0,3,4,2,6,2,5,0,5,3,0,4,2,2,1,2,1,1,0,2,7,5,5,12
493,0,0,1,4,0,1,5,3,1,2,7,2,6,0,4,3,0,4,2,2,1,7,2,0,4,2,7,5,6,0
566,6,0,1,4,0,1,5,3,6,2,9,2,5,0,0,3,2,4,1,2,1,2,2,0,3,1,7,5,0,12
566,6,0,1,4,0,1,5,3,2,2,7,4,5,0,0,3,2,4,8,2,1,2,0,1,4,2,3,2,5,9
1046,0,1,2,4,0,2,5,3,5,2,7,4,5,1,0,3,3,2,8,2,1,2,3,2,5,3,0,2,5,18
1046,0,0,1,4,0,0,0,3,6,3,2,4,5,1,0,3,3,2,8,2,1,11,2,0,4,2,1,2,0,10
260,6,0,1,4,2,1,0,3,0,0,6,4,5,1,1,0,3,2,8,2,1,2,3,2,5,3,0,2,5,10
260,6,2,1,2,2,1,0,3,3,2,12,7,5,1,5,0,3,2,8,2,1,2,0,1,3,2,0,2,5,10
251,0,1,1,7,0,6,10,3,1,2,7,4,5,7,0,3,3,2,8,2,1,2,1,1,1,2,0,2,5,0
251,0,1,1,4,2,0,0,3,0,2,6,4,5,7,0,3,3,2,8,2,1,2,1,1,3,2,0,2,5,12
715,5,4,0,4,3,4,10,3,0,2,9,7,3,0,0,3,0,2,8,2,1,2,1,1,1,2,0,2,5,2
715,5,2,1,2,0,0,10,3,0,2,4,1,5,0,0,3,0,2,8,2,1,2,1,1,3,2,0,2,5,16
917,4,0,1,0,0,0,0,3,1,2,7,4,5,7,2,3,0,8,1,2,1,11,0,1,0,2,1,2,5,13
917,4,1,1,4,0,3,4,3,0,2,9,4,5,7,0,3,0,8,1,2,1,3,1,0,0,2,0,2,5,0
945,4,0,1,2,0,0,0,3,0,2,1,2,5,7,0,3,0,4,8,2,1,2,1,1,1,2,1,2,5,11
945,4,1,2,4,0,1,5,3,5,1,6,7,5,7,0,3,0,4,8,2,1,9,0,1,1,2,3,2,5,0
1007,6,1,1,0,1,1,7,3,6,2,5,2,5,7,0,3,3,4,8,2,2,9,3,2,5,3,0,2,5,10
1007,6,1,1,2,0,3,8,3,0,2,5,2,5,7,0,3,3,4,8,2,2,7,1,0,3,2,0,2,5,9
364,5,2,1,1,0,2,4,3,0,2,5,4,5,7,0,3,3,2,8,1,1,7,0,0,0,2,3,2,5,0
715,0,0,1,2,0,0,6,0,4,2,5,4,5,7,0,3,0,4,8,2,3,7,0,1,0,2,3,2,5,13
715,0,0,1,2,0,2,8,3,6,2,5,7,3,7,0,3,0,4,8,2,3,3,3,2,5,3,0,2,5,10
715,0,0,1,2,0,1,4,3,6,2,12,7,3,7,0,3,0,4,8,2,3,2,0,1,1,1,0,2,5,9
715,0,0,1,4,0,0,4,3,3,2,5,2,5,7,0,3,0,4,8,2,3,2,0,1,0,1,3,2,5,10
831,2,0,1,0,0,3,0,3,6,2,5,4,5,7,0,3,0,8,8,1,1,2,3,2,5,3,3,2,5,0
1046,5,2,1,0,0,1,0,3,6,2,5,2,0,0,3,0,3,2,8,6,1,2,2,1,3,2,0,2,5,0
1046,5,4,0,1,0,2,7,3,1,2,5,2,7,0,0,0,3,2,8,6,1,2,3,2,5,3,0,2,5,11
1046,5,4,0,1,0,0,7,3,1,2,6,4,7,0,0,0,3,2,8,6,1,2,0,1,1,2,0,2,5,0
1046,5,4,0,4,0,6,0,3,1,2,5,4,7,0,0,0,3,2,8,6,1,2,0,1,0,2,0,2,5,3
1046,5,4,0,7,4,6,15,3,6,2,5,4,7,0,0,0,3,2,8,6,1,2,3,2,5,3,7,5,5,3
1046,5,4,0,1,0,2,7,3,1,2,5,4,5,0,0,0,3,2,8,6,1,2,2,1,4,1,7,2,0,11
965,4,3,1,4,0,1,15,3,6,2,6,4,5,7,0,3,3,4,8,2,2,2,2,1,0,1,0,2,6,7
965,4,0,1,4,0,2,4,3,6,2,1,4,5,7,0,3,3,4,8,2,2,2,3,2,5,3,7,5,5,10
632,5,0,2,2,0,1,0,3,3,2,6,4,5,2,0,3,2,4,8,2,1,2,0,1,0,2,7,5,5,0
632,5,0,1,4,0,0,7,3,1,2,7,2,6,2,0,3,2,4,8,2,1,2,2,0,1,2,7,5,5,12
428,5,0,1,4,0,0,0,3,3,2,9,2,5,7,0,3,0,2,8,2,2,2,3,2,5,3,0,2,5,10
428,5,1,2,4,0,2,0,3,3,2,9,7,5,7,0,3,0,2,2,2,2,2,0,0,3,2,7,5,5,11
428,5,1,1,3,0,7,0,3,6,2,9,4,5,7,0,3,0,2,2,2,2,2,3,2,5,3,7,5,5,11
334,2,4,0,4,0,2,0,3,3,2,7,4,5,7,0,3,3,2,8,2,2,2,2,1,1,2,0,2,1,12
334,2,0,1,4,0,0,5,3,6,2,6,2,5,7,0,3,3,2,8,2,2,2,3,2,5,3,0,2,5,3
1061,2,0,1,4,0,1,7,3,6,3,7,2,5,0,0,3,3,4,8,3,1,2,0,0,0,2,0,2,5,1
1061,2,2,1,4,0,3,8,3,3,3,7,7,5,0,0,3,3,4,8,3,1,2,3,2,5,3,0,2,5,0
1061,2,1,1,4,2,2,8,3,2,3,6,2,5,0,0,3,3,4,2,3,1,2,0,1,0,2,7,5,5,9
105,1,0,0,2,0,0,0,3,4,3,2,7,5,1,0,0,3,2,8,2,1,9,0,0,0,2,0,2,5,3
105,1,2,0,4,0,3,3,3,5,2,7,2,5,1,0,0,3,2,2,2,1,7,3,2,5,3,7,5,5,4
207,0,4,0,4,0,0,0,3,6,3,7,1,5,1,0,0,3,2,2,2,1,3,0,1,0,1,7,5,5,4
207,0,0,1,4,0,1,10,3,6,3,6,0,5,1,0,0,3,2,1,2,1,2,3,2,5,3,7,5,5,11
356,4,0,1,4,0,3,5,3,6,3,6,1,6,7,4,3,3,4,8,2,3,3,0,0,3,2,7,5,5,0
356,4,0,1,4,0,1,10,3,6,3,6,4,5,7,5,3,3,4,2,2,3,2,0,1,3,2,7,5,5,1
356,4,1,2,1,0,2,7,3,6,2,6,0,5,7,0,3,3,4,8,2,3,2,0,0,3,2,0,2,5,3
79,4,1,1,7,4,6,5,3,5,3,14,2,5,7,0,3,3,2,8,2,2,2,0,1,1,2,0,2,5,10
79,4,1,1,1,0,0,5,3,4,3,6,4,5,7,0,3,3,2,8,2,2,2,1,1,4,2,0,2,5,7
309,4,0,1,1,0,2,3,3,5,3,7,6,5,1,0,0,3,2,8,2,1,2,0,1,0,1,0,2,5,5
309,4,0,1,1,0,2,8,3,6,3,7,0,5,1,0,0,3,2,8,2,1,11,0,1,0,1,0,2,5,1
516,4,0,1,4,0,0,8,0,5,3,7,2,5,7,0,3,0,4,8,1,1,2,3,2,5,3,0,2,5,3
833,1,0,1,4,0,2,5,3,6,3,6,6,5,1,0,3,0,5,2,2,2,11,0,0,1,2,7,5,5,9
833,1,0,1,4,0,2,5,3,6,3,6,6,5,1,0,3,0,5,8,2,2,2,3,2,5,3,0,2,5,18
833,1,0,2,4,0,1,0,3,6,3,6,2,5,1,0,3,0,5,2,2,2,3,0,1,0,2,7,5,5,1
463,3,1,1,4,0,0,7,0,6,2,6,2,5,0,0,0,0,2,8,2,3,2,3,2,5,3,0,2,5,3
463,3,0,1,4,0,2,17,3,1,3,2,4,5,0,0,0,0,2,8,2,3,2,3,2,5,3,0,2,5,12
463,3,0,1,4,0,4,7,0,6,3,6,2,5,0,0,0,0,2,8,2,3,3,0,1,0,1,0,2,5,9
463,3,0,1,4,0,2,0,0,5,3,9,2,5,0,4,0,0,2,2,2,3,2,2,0,4,2,7,5,5,0
545,0,1,1,4,2,2,8,3,6,3,12,2,5,0,0,3,0,4,2,1,1,9,2,0,4,1,7,5,1,17
49,4,1,1,7,2,2,0,3,5,3,6,4,5,7,0,0,3,2,8,2,1,2,0,1,4,1,0,2,5,10
49,4,2,1,4,0,2,9,3,2,3,7,4,5,7,0,0,3,2,8,2,1,2,3,2,5,3,0,2,5,3
1062,0,3,1,2,0,1,0,3,6,3,7,0,5,0,0,0,3,2,8,2,1,11,2,1,1,2,0,2,5,10
1062,0,0,1,0,0,2,7,0,6,2,7,0,5,0,0,0,3,2,8,2,1,2,0,1,0,2,0,2,5,0
379,1,0,1,4,0,3,9,3,2,2,7,2,5,7,0,3,0,2,8,2,1,2,0,0,1,2,3,2,5,11
379,1,0,2,4,0,4,14,3,5,2,6,0,6,7,0,3,0,2,8,2,1,2,2,1,1,2,3,2,5,10
574,4,0,1,1,0,2,5,3,6,3,6,2,5,7,0,0,0,2,8,1,1,2,0,1,4,2,0,2,5,10
411,6,0,1,1,0,1,5,3,6,3,6,6,6,7,0,0,0,2,2,1,1,7,0,0,3,2,7,5,5,0
190,6,1,1,4,0,1,5,3,6,3,6,6,6,1,4,0,3,2,2,1,1,2,3,2,5,3,7,5,5,10
567,0,1,2,4,0,0,0,3,6,3,6,1,5,7,0,3,0,4,2,2,2,3,0,1,1,2,7,5,5,0
567,0,0,1,4,0,1,5,4,6,3,6,2,5,7,0,3,0,4,8,2,2,2,3,2,5,3,0,2,5,10
453,2,0,1,4,0,1,17,3,6,3,6,6,5,0,5,3,0,4,8,2,2,2,0,0,0,2,7,2,5,10
453,2,2,1,4,0,3,9,3,2,3,7,4,5,0,0,3,0,4,8,2,2,2,1,0,3,2,0,2,5,10
453,2,2,1,2,0,4,0,3,6,2,7,2,5,0,0,3,0,4,8,2,2,2,0,1,1,2,0,2,5,0
516,5,0,1,4,0,1,14,4,1,2,9,2,5,0,0,0,0,2,1,2,1,2,2,1,4,2,7,5,5,1
516,5,0,1,2,0,3,0,3,6,2,7,2,5,0,2,0,0,2,1,2,1,9,3,2,5,3,3,2,5,9
350,4,1,1,4,0,3,5,3,2,2,7,2,5,7,0,3,3,2,8,1,1,2,1,0,0,2,0,2,5,1
306,3,3,1,2,0,2,7,0,6,2,7,2,5,1,0,0,3,2,8,1,1,2,3,2,5,3,0,2,5,10
443,0,1,1,4,0,3,8,3,2,3,7,4,5,7,0,3,2,2,8,2,2,3,0,1,4,2,0,2,5,16
443,0,1,1,4,0,0,17,3,6,3,4,4,5,7,0,3,2,2,8,2,2,2,3,2,5,3,0,2,5,13
443,0,1,1,4,0,1,5,3,2,3,4,4,5,7,0,3,2,2,8,2,2,2,3,2,5,3,0,2,5,13
440,3,2,1,1,0,1,0,3,6,2,2,0,5,0,0,3,0,2,8,2,2,2,0,1,1,2,0,2,5,1
440,3,3,1,1,1,2,10,3,6,2,7,4,5,0,0,3,0,2,8,2,2,4,0,1,4,2,0,2,5,11
364,1,0,1,4,0,2,0,3,3,3,7,4,5,7,0,0,3,2,8,3,1,2,3,2,5,3,0,2,5,12
364,1,1,1,2,2,2,5,3,5,2,6,4,5,7,0,0,3,2,8,3,1,2,3,2,5,3,0,2,5,0
364,1,0,1,4,0,3,9,3,5,2,6,4,5,7,0,0,3,2,8,3,1,9,0,1,0,2,0,2,5,0
1024,4,0,1,4,0,4,6,0,4,3,9,2,5,0,0,3,3,3,2,2,1,3,3,2,5,3,7,5,5,16
1024,4,0,1,4,1,4,9,3,5,2,4,4,5,0,0,3,3,3,6,2,1,2,0,1,1,2,3,2,5,10
1019,2,0,1,4,0,3,5,3,6,2,6,4,5,7,0,0,3,2,8,1,1,2,3,2,5,3,3,2,5,12
77,0,1,1,2,2,2,0,3,6,2,7,4,5,1,0,0,3,2,8,1,1,2,0,1,3,2,0,2,5,1
377,6,0,1,1,2,2,5,3,6,3,7,2,5,5,0,3,0,2,8,1,1,7,3,2,5,3,0,2,5,0
439,4,0,1,4,0,1,14,3,6,2,9,4,5,1,0,3,0,2,8,4,2,2,0,0,3,2,3,2,5,10
439,4,1,1,4,0,1,8,3,6,3,6,2,5,1,0,3,0,2,8,4,2,2,3,2,5,3,3,2,5,3
439,4,1,1,0,0,2,0,1,6,3,9,7,5,1,2,3,0,2,2,4,2,2,1,1,0,2,7,5,5,11
439,4,1,1,4,2,1,0,3,6,3,6,2,5,1,0,3,0,2,2,4,2,6,3,2,5,3,1,2,5,3
343,1,0,1,7,4,6,17,4,6,3,2,2,5,7,0,0,3,2,8,4,1,2,2,0,4,2,7,5,6,9
343,1,0,1,4,0,1,7,1,2,3,9,2,5,7,0,0,3,2,2,4,1,2,0,0,0,2,7,5,5,10
343,1,0,1,4,0,2,0,3,3,3,12,7,5,7,0,0,3,2,8,4,1,11,3,2,5,3,7,5,5,10
343,1,1,0,4,0,1,10,3,2,3,3,7,3,7,0,0,3,2,8,4,1,2,3,2,5,3,0,2,5,10
404,4,0,1,1,0,0,10,3,1,3,7,4,5,7,0,3,0,0,8,3,2,2,0,1,0,2,0,2,5,0
404,4,2,2,2,0,6,0,3,6,3,12,0,5,7,0,3,0,0,8,3,2,8,0,0,4,2,0,2,5,0
404,4,1,1,4,2,0,9,3,3,2,7,7,5,7,0,3,0,0,8,3,2,2,0,1,1,2,0,2,5,9
463,3,0,1,4,0,1,9,3,2,3,4,4,5,3,0,3,0,4,8,2,2,5,3,2,5,3,0,2,5,1
463,3,1,1,4,0,0,5,3,5,2,2,2,5,3,0,3,0,4,1,2,2,2,0,1,3,1,3,2,5,12
129,2,4,0,1,0,3,0,3,6,2,6,2,5,7,2,2,3,6,8,3,2,7,3,2,5,3,3,2,5,9
129,2,2,1,4,0,1,8,3,6,2,7,2,5,7,0,2,3,6,2,3,2,2,0,0,3,2,3,2,5,3
129,2,1,2,4,0,1,8,3,6,2,6,0,5,7,0,2,3,6,8,3,2,2,1,0,0,2,3,2,5,3
129,2,1,1,4,0,1,5,3,6,2,6,0,5,7,0,2,3,6,2,3,2,11,3,2,5,3,7,5,5,5
141,2,2,1,4,0,1,0,0,6,2,6,0,5,0,0,2,3,6,8,3,2,2,2,0,1,1,3,2,5,11
141,2,2,1,1,0,1,14,3,6,2,9,0,5,0,0,2,3,6,8,3,2,3,3,2,5,3,3,2,5,12
141,2,0,1,4,0,1,6,3,6,2,6,0,5,0,0,2,3,6,1,3,2,2,1,1,0,2,3,2,5,3
141,2,0,1,1,0,2,17,3,1,3,7,4,5,0,0,2,3,6,8,3,2,3,3,2,5,3,0,2,5,9
958,0,1,1,1,0,1,7,3,1,3,4,1,9,1,0,3,3,6,8,2,1,2,0,1,1,2,7,5,5,3
958,0,1,1,4,0,3,0,3,6,2,7,1,5,1,3,3,3,6,8,2,1,2,1,0,4,2,0,2,5,12
587,3,0,1,4,0,3,0,3,6,2,6,0,5,1,0,0,2,6,8,2,2,11,3,2,5,3,0,2,5,1
587,3,1,1,2,0,3,17,0,5,3,6,2,5,1,0,0,2,6,1,2,2,2,2,1,4,2,3,2,2,0
646,3,2,1,4,0,2,11,0,6,2,14,0,5,1,0,3,0,2,8,2,6,2,2,0,4,2,0,2,2,12
646,3,2,1,4,2,1,0,3,6,3,7,6,5,1,0,3,0,2,8,2,6,2,3,2,5,3,0,2,5,3
646,3,2,1,1,0,0,7,3,5,3,6,0,5,1,0,3,0,2,8,2,6,9,0,1,0,1,7,5,5,9
646,3,2,1,4,0,1,0,3,6,2,6,2,5,1,0,3,0,2,8,2,6,2,2,1,4,1,0,2,3,10
646,3,2,1,4,0,2,7,3,2,3,6,4,5,1,0,3,0,2,2,2,6,2,0,1,1,2,0,2,5,0
646,3,1,1,7,4,6,5,3,6,3,7,4,5,1,0,3,0,2,8,2,6,2,0,1,0,2,0,2,5,0
248,6,2,2,1,2,2,8,3,6,2,7,4,5,0,0,2,3,2,8,4,2,7,1,0,4,2,0,2,5,10
248,6,0,1,2,1,3,10,3,6,2,1,4,5,0,0,2,3,2,8,4,2,1,1,0,0,2,0,2,5,0
248,6,4,0,4,0,3,0,3,6,2,2,4,5,0,0,2,3,2,8,4,2,2,1,1,4,2,3,2,5,3
248,6,4,0,4,0,0,8,2,0,2,1,7,5,0,0,2,3,2,2,4,2,1,3,2,5,3,7,5,5,0
237,3,3,1,2,2,6,0,3,2,2,12,7,5,1,0,3,3,6,8,2,1,2,3,2,5,3,3,2,5,10
237,3,0,1,4,0,1,5,3,6,2,2,0,5,1,0,3,3,6,8,2,1,2,0,1,1,2,0,2,5,1
952,0,0,1,4,0,2,0,3,2,3,6,6,5,7,0,0,0,2,8,2,1,2,3,2,5,3,7,5,5,10
952,0,0,1,4,0,1,5,3,1,3,9,1,3,7,0,0,0,2,8,2,1,2,0,1,0,2,7,5,5,4
339,4,1,1,4,0,3,5,3,6,2,7,1,5,1,0,0,3,2,8,1,1,2,2,0,3,2,0,2,2,10
619,0,2,1,1,0,2,5,3,6,2,7,4,5,7,0,3,0,0,8,2,2,2,3,2,5,3,0,2,5,16
619,0,1,1,4,0,2,10,0,0,2,4,1,5,7,0,3,0,0,8,2,2,2,0,1,3,2,0,2,5,5
619,0,1,1,0,0,0,0,0,0,2,2,7,3,7,0,3,0,0,8,2,2,2,3,2,5,3,3,2,5,11
464,4,2,1,1,0,3,7,1,0,2,6,7,5,7,2,2,0,3,8,2,3,2,0,0,0,2,0,2,5,9
464,4,2,1,1,0,2,7,3,5,2,6,4,5,7,0,2,0,3,8,2,3,3,1,1,1,2,3,2,5,1
464,4,1,1,1,0,1,7,3,6,3,6,0,5,7,0,2,0,3,8,2,3,2,1,1,0,2,0,2,5,0
270,0,0,1,1,0,1,0,3,1,3,7,2,5,7,0,0,3,2,2,1,1,2,3,2,5,3,0,2,5,1
152,3,1,1,4,0,2,7,3,6,3,6,4,5,7,0,0,3,2,2,2,1,2,0,0,0,2,7,5,5,5
152,3,0,2,4,0,0,5,3,6,2,7,0,5,7,0,0,3,2,2,2,1,2,3,2,5,3,7,5,5,12
948,5,0,1,4,0,2,9,3,3,2,4,2,5,7,0,3,0,2,1,1,1,2,1,1,0,2,3,2,5,12
369,6,1,1,4,0,2,5,3,6,2,9,7,5,7,0,3,0,4,8,1,1,2,3,2,5,3,0,2,5,0
999,6,1,1,0,0,2,9,3,6,2,7,2,5,7,3,3,3,8,8,2,1,2,1,0,0,2,0,2,5,1
999,6,0,1,4,0,3,5,3,2,3,7,1,5,7,0,3,3,8,1,2,1,2,2,0,4,2,3,2,6,1
1004,6,0,1,1,0,1,7,3,0,2,7,1,5,7,0,0,3,2,8,1,1,2,3,2,5,3,0,2,5,0
525,5,0,1,4,0,2,5,3,6,3,7,4,5,7,0,0,0,2,8,1,1,2,1,0,1,2,0,2,5,0
181,0,1,1,7,4,6,17,4,6,3,7,2,5,7,4,0,3,2,8,2,1,2,3,2,5,3,7,2,5,7
181,0,1,1,4,0,2,11,0,4,2,9,7,3,7,0,0,3,2,8,2,1,2,3,2,5,3,0,2,5,16
948,6,0,1,4,0,6,5,3,6,2,6,2,5,7,0,0,3,2,8,2,1,2,0,1,0,2,3,2,5,0
948,6,1,2,4,0,6,7,3,6,3,6,2,5,7,0,0,3,2,8,2,1,2,3,2,5,3,3,2,5,5
880,3,4,0,4,0,0,7,3,5,2,7,2,5,0,0,0,0,2,2,2,1,2,0,1,0,2,7,2,5,3
880,3,0,1,0,2,2,0,3,3,2,7,1,5,0,0,0,0,2,1,2,1,2,0,1,1,2,3,2,5,9
309,2,1,1,4,0,1,5,3,6,2,6,2,5,7,0,0,3,2,8,1,1,2,0,1,1,2,0,2,5,10
478,6,1,1,4,2,2,8,3,1,3,6,4,5,0,0,0,2,2,8,1,1,7,3,2,5,3,0,2,5,12
687,4,0,1,2,0,1,0,3,6,2,7,2,5,7,0,3,0,2,2,2,2,2,0,1,1,1,7,2,5,17
687,4,0,1,4,0,3,17,3,6,2,7,2,5,7,0,3,0,2,8,2,2,2,3,2,5,3,0,2,5,0
687,4,0,2,4,0,4,7,0,5,3,9,2,5,7,0,3,0,2,8,2,2,2,0,1,1,2,0,2,5,10
413,0,1,1,4,0,4,0,3,0,2,7,4,5,1,0,0,3,2,8,3,3,11,2,1,4,1,0,2,0,9
413,0,1,1,7,2,6,14,3,6,2,6,4,5,1,0,0,3,2,8,3,3,2,0,1,4,1,3,2,5,12
413,0,1,1,4,0,1,7,3,1,2,6,4,5,1,0,0,3,2,8,3,3,2,3,2,5,3,0,2,5,12
413,0,4,0,7,4,6,17,4,6,3,7,4,5,1,0,0,3,2,8,3,3,2,0,1,1,2,0,2,5,10
413,0,4,0,1,0,5,12,3,5,3,7,6,5,1,3,0,3,2,8,3,3,2,0,1,1,2,7,2,5,10
632,1,0,1,4,0,3,17,3,3,3,7,4,5,1,0,0,2,2,8,2,2,2,0,0,1,2,0,2,5,16
632,1,0,1,4,2,3,7,3,6,2,6,6,5,1,0,0,2,2,2,2,2,2,1,1,4,2,7,5,5,5
632,1,0,1,4,0,3,5,3,3,2,6,2,5,1,0,0,2,2,2,2,2,11,1,0,4,2,7,5,5,1
334,5,1,1,4,0,3,5,3,6,2,7,2,3,7,4,0,3,2,2,1,1,3,1,1,4,2,7,5,5,0
634,4,1,2,4,2,2,5,3,3,2,2,7,5,1,0,3,0,2,8,2,1,2,3,2,5,3,3,2,5,3
634,4,1,1,4,0,4,14,0,6,2,4,4,5,1,4,3,0,2,1,2,1,9,1,1,0,2,3,2,5,9
202,3,1,1,4,0,1,5,1,1,3,7,4,5,0,0,3,3,4,8,2,2,9,1,0,0,2,0,2,5,9
202,3,1,1,4,0,6,0,3,2,2,7,2,5,0,0,3,3,4,1,2,2,7,3,2,5,3,3,2,5,1
202,3,1,1,0,0,0,0,3,0,3,6,4,7,0,0,3,3,4,8,2,2,7,0,1,1,2,0,2,5,12
388,5,1,1,4,0,0,8,3,5,2,7,1,5,0,0,0,3,2,1,2,1,7,3,2,5,3,3,2,5,2
388,5,1,1,4,0,0,15,3,5,2,1,4,3,0,0,0,3,2,8,2,1,3,0,1,1,2,1,2,5,5
324,1,1,1,5,0,2,17,0,5,2,7,2,3,1,0,0,3,2,8,1,1,2,2,1,0,1,0,2,1,1
458,6,0,1,4,0,3,0,0,2,2,2,2,5,1,0,0,3,2,8,1,1,2,0,0,3,0,0,2,5,3
508,5,0,1,4,0,3,17,3,6,3,9,4,5,1,0,0,0,2,8,3,3,2,1,0,4,1,0,2,5,10
508,5,0,1,4,0,2,3,3,2,2,6,2,9,1,0,0,0,2,8,3,3,2,0,1,1,1,0,2,5,0
508,5,1,1,4,0,1,9,3,1,2,7,2,5,1,0,0,0,2,8,3,3,2,2,0,1,2,0,2,1,10
508,5,2,1,4,0,4,8,0,1,3,6,4,5,1,0,0,0,2,8,3,3,2,2,0,3,1,0,2,5,10
511,2,1,1,4,0,0,17,3,6,3,6,7,5,1,0,0,0,2,8,2,1,2,3,2,5,3,3,2,5,7
511,2,1,1,4,0,2,7,3,6,2,7,1,0,1,0,0,0,2,8,2,1,2,3,2,5,3,3,2,5,16
149,0,0,1,4,0,4,5,3,6,2,9,4,5,7,0,0,3,2,8,2,1,2,0,0,1,2,3,2,5,3
149,0,0,1,1,0,2,0,3,6,2,1,1,5,7,0,0,3,2,8,2,1,9,3,2,5,3,0,2,5,5
315,1,0,1,4,0,1,8,3,6,2,2,4,5,7,0,0,3,7,8,3,4,2,0,0,1,2,7,2,5,9
315,1,0,1,4,0,2,5,3,6,2,7,1,5,7,0,0,3,7,6,3,4,3,3,2,5,3,7,2,5,17
315,1,2,2,1,0,2,5,3,6,2,7,4,5,7,0,0,3,7,2,3,4,2,0,1,1,2,3,2,5,5
315,1,2,1,4,0,3,3,3,5,2,7,2,5,7,0,0,3,7,8,3,4,2,3,2,5,3,0,2,5,1
1018,4,0,1,4,0,0,11,0,6,2,9,7,5,0,0,0,3,2,8,1,1,3,0,1,3,2,1,2,5,0
409,6,1,1,2,0,4,11,3,3,2,12,7,5,1,0,0,3,2,8,1,1,2,2,1,3,1,2,2,7,10
537,2,0,1,1,0,3,0,3,3,2,2,2,5,0,2,3,0,2,1,2,1,2,2,0,4,2,0,2,2,10
537,2,0,1,2,2,0,0,3,3,2,7,7,5,0,0,3,0,2,1,2,1,12,0,0,1,2,0,2,5,12
977,1,0,1,4,0,1,0,3,4,3,7,2,5,7,0,3,3,1,8,2,1,3,2,1,0,2,0,2,8,9
977,1,1,1,7,0,2,7,3,1,3,6,4,5,7,0,3,3,1,8,2,1,3,2,1,0,2,7,2,3,9
466,2,0,1,2,2,1,9,3,1,3,6,2,5,7,0,0,3,2,1,2,1,2,0,1,0,1,1,2,5,7
466,2,1,1,2,0,3,0,3,1,2,7,4,5,7,0,0,3,2,1,2,1,11,0,1,0,2,7,2,5,0
663,5,0,1,4,0,0,14,3,4,2,3,4,5,7,0,3,0,8,1,1,1,2,0,1,1,2,7,2,5,0
251,2,1,1,1,0,0,0,3,1,3,7,4,5,7,0,0,3,2,8,2,1,2,1,0,4,2,7,2,5,12
251,2,0,1,2,0,0,0,3,6,3,7,2,5,7,0,0,3,2,2,2,1,2,0,1,4,1,7,5,5,1
293,0,2,1,0,0,2,0,3,6,3,7,4,5,3,0,0,3,2,8,1,1,3,0,1,3,2,0,2,5,1
385,5,2,1,7,4,6,17,4,6,3,7,0,5,7,0,0,3,2,8,2,1,2,3,2,5,3,3,2,5,3
385,5,2,1,4,0,2,17,0,6,2,7,2,6,7,3,0,3,2,2,2,1,2,0,1,1,2,7,5,5,0
245,2,1,2,1,2,2,8,3,3,2,3,2,5,7,0,0,3,2,8,2,2,2,3,2,5,3,0,2,5,1
245,2,1,1,1,0,2,16,4,3,2,7,2,5,7,2,0,3,2,8,2,2,2,0,1,1,2,0,2,5,5
245,2,0,1,2,2,2,8,3,6,2,7,1,5,7,0,0,3,2,8,2,2,2,3,2,5,3,0,2,5,3
335,1,1,1,4,0,2,7,3,1,2,7,2,6,7,0,0,3,0,8,2,1,7,0,0,1,2,0,2,5,10
335,1,2,1,4,2,0,14,3,6,3,6,2,5,7,0,0,3,0,1,2,1,2,0,1,0,2,3,2,5,12
165,4,0,2,4,0,1,8,3,5,3,9,2,5,1,2,3,3,2,6,1,1,2,3,2,5,3,7,5,5,12
521,6,0,1,4,2,2,5,3,1,2,7,2,5,1,0,3,0,4,8,2,1,2,2,0,1,2,7,5,2,12
521,6,1,2,4,2,3,5,3,5,3,9,2,5,1,0,3,0,4,8,2,1,2,1,0,3,1,0,2,5,0
547,5,1,1,2,0,2,0,3,5,3,7,4,5,1,0,0,0,2,8,1,1,2,1,0,3,2,0,2,5,9
443,0,1,1,2,2,1,0,3,1,3,9,0,5,1,0,0,3,2,2,2,1,2,3,2,5,3,7,5,5,3
443,0,1,1,4,0,2,8,3,6,3,6,2,5,1,0,0,3,2,8,2,1,2,2,1,1,1,3,2,2,5
183,0,1,1,1,0,1,8,3,2,3,6,2,6,7,0,3,3,2,6,1,1,2,2,1,1,2,7,5,5,1
925,0,0,1,1,0,2,5,3,5,3,6,0,5,7,0,0,3,2,2,2,1,12,3,2,5,3,7,5,5,12
925,0,0,1,4,0,0,9,3,6,3,1,2,5,7,0,0,3,2,8,2,1,2,0,1,3,2,0,2,5,1
428,0,0,1,4,0,2,7,3,6,3,7,2,5,1,0,3,3,2,8,3,1,2,3,2,5,3,0,2,5,4
428,0,1,1,7,4,6,14,3,6,3,7,7,5,1,0,3,3,2,8,3,1,2,1,0,3,2,0,2,5,9
428,0,0,1,1,0,3,0,3,2,3,7,2,5,1,0,3,3,2,8,3,1,2,2,1,4,2,0,2,8,12
1028,0,1,1,1,0,4,0,3,6,3,7,0,5,7,0,3,3,4,8,2,1,2,3,2,5,3,0,2,5,10
1028,0,0,2,4,0,1,5,3,1,2,7,4,7,7,0,3,3,4,8,2,1,2,0,1,4,1,0,2,5,3
374,6,1,1,1,2,0,14,3,1,2,6,2,5,1,0,0,3,2,1,1,1,2,3,2,5,3,3,2,5,0
476,3,4,0,4,2,2,5,3,3,2,6,2,5,0,0,0,0,2,8,1,1,2,1,0,1,2,0,2,5,12
246,3,2,1,4,0,1,11,3,5,2,6,1,5,7,0,0,3,2,8,3,3,2,3,2,5,3,0,2,5,12
246,3,0,1,4,0,1,0,3,3,2,9,0,5,7,0,0,3,2,2,3,3,2,0,1,3,2,7,5,5,10
246,3,0,1,2,0,1,0,0,4,2,1,2,5,7,0,0,3,2,8,3,3,2,1,1,0,2,0,2,5,4
246,3,0,1,4,0,3,0,3,5,2,2,0,5,7,0,0,3,2,8,3,3,2,2,0,4,2,0,2,5,3
555,3,4,0,4,0,1,17,3,5,2,6,4,5,1,0,0,0,2,8,2,2,2,3,2,5,3,1,2,5,3
555,3,1,1,4,0,0,5,3,5,2,7,2,5,1,2,0,0,2,2,2,2,9,0,0,1,2,7,5,5,1
555,3,1,1,4,0,1,5,3,6,3,9,7,3,1,0,0,0,2,8,2,2,7,0,1,4,2,0,2,5,3
139,2,1,1,4,0,2,0,3,6,2,12,7,5,1,0,0,3,2,8,1,1,3,3,2,5,3,3,2,5,0
188,3,1,2,4,0,0,14,3,0,2,6,2,5,0,4,0,3,2,8,3,2,2,3,2,5,3,3,2,5,3
188,3,0,1,1,0,0,9,3,3,2,7,7,5,0,0,0,3,2,8,3,2,3,0,1,3,2,1,2,5,3
188,3,0,1,4,0,1,9,3,5,2,7,2,5,0,0,0,3,2,8,3,2,2,3,2,5,3,0,2,5,5
655,0,0,1,4,0,3,0,1,1,3,6,2,7,7,0,0,0,2,8,2,1,2,0,0,1,2,0,2,5,3
655,0,1,2,4,0,4,9,3,6,3,6,2,5,7,0,0,0,2,8,2,1,2,1,0,4,2,1,2,5,10
179,5,3,1,4,0,3,9,3,2,3,7,4,5,0,0,3,3,3,2,2,1,2,3,2,5,3,3,2,5,3
179,5,0,1,1,2,2,5,3,2,2,6,2,5,0,0,3,3,3,8,2,1,2,1,0,4,2,0,2,5,4
1014,4,1,1,1,0,3,0,3,1,2,4,2,5,7,0,0,3,2,8,2,1,11,3,2,5,3,0,2,5,16
1014,4,0,1,4,0,0,5,3,5,2,6,4,5,7,0,0,3,2,8,2,1,2,2,0,0,1,3,2,1,10
975,5,0,1,7,4,6,17,3,6,3,7,4,5,7,0,0,3,2,8,1,1,11,2,1,4,2,0,2,0,3
337,5,1,1,2,2,2,0,3,3,3,7,2,5,7,0,0,3,2,8,2,1,2,0,1,0,2,0,2,5,12
337,5,1,1,1,0,1,14,3,5,3,6,2,5,7,0,0,3,2,8,2,1,3,3,2,5,3,0,2,5,12
496,3,0,1,7,4,6,17,4,6,3,2,6,5,0,0,0,3,2,8,2,1,2,3,2,5,3,3,2,5,12
496,3,2,1,7,4,6,17,3,6,3,6,7,5,0,0,0,3,2,2,2,1,2,0,0,1,2,1,2,5,12
1069,1,2,1,2,2,0,0,3,6,3,9,7,5,1,0,3,3,2,6,2,1,3,2,0,4,2,7,5,5,10
1069,1,2,1,4,0,0,14,3,5,2,1,2,5,1,0,3,3,2,8,2,1,2,0,1,1,2,3,2,5,9
633,6,1,2,4,0,0,0,0,2,3,7,7,5,0,0,0,0,2,8,1,1,9,0,0,1,2,0,2,5,10
1028,1,1,1,4,0,3,7,3,5,2,2,4,5,7,0,0,3,2,8,3,1,2,2,0,1,2,0,2,0,0
1028,1,1,1,4,0,0,7,3,5,2,7,1,5,7,0,0,3,2,8,3,1,2,3,2,5,3,0,2,5,0
1028,1,4,0,2,2,3,0,3,3,2,7,2,5,7,0,0,3,2,8,3,1,11,1,0,0,2,0,2,5,11
619,6,2,1,4,0,3,5,3,2,3,2,4,5,1,0,3,0,4,8,1,1,2,3,2,5,3,3,2,5,9
114,5,0,1,4,0,0,5,3,5,3,6,2,6,0,3,3,3,2,8,4,6,2,3,2,5,3,0,2,5,0
114,5,0,1,4,0,0,5,3,5,3,6,0,5,0,0,3,3,2,8,4,6,2,1,0,0,2,0,2,5,10
114,5,3,1,2,0,1,0,1,2,2,2,2,5,0,0,3,3,2,2,4,6,2,0,1,1,2,7,5,5,12
114,5,3,1,4,0,1,0,1,1,2,7,4,7,0,0,3,3,2,8,4,6,7,2,1,0,2,3,2,2,1
114,5,3,1,4,0,0,10,3,5,2,7,4,5,0,0,3,3,2,8,4,6,2,0,1,3,1,0,2,5,10
114,5,1,1,1,0,2,10,3,5,2,2,4,5,0,0,3,3,2,8,4,6,3,3,2,5,3,0,2,5,10
114,5,0,1,4,0,2,5,3,2,2,4,2,6,0,0,3,3,2,8,4,6,2,0,1,1,2,0,2,5,7
251,2,1,1,4,0,0,5,3,5,2,6,4,5,7,0,0,3,2,1,2,1,2,3,2,5,3,2,2,5,11
251,2,0,1,1,1,2,9,3,5,2,12,4,5,7,0,0,3,2,1,2,1,2,0,1,0,2,1,2,5,0
666,0,2,1,4,0,1,7,3,5,2,7,4,5,0,0,0,0,2,8,3,5,2,1,0,0,2,0,2,5,10
666,0,2,1,1,0,2,5,3,5,2,2,1,5,0,0,0,0,2,8,3,5,2,3,2,5,3,3,2,5,3
666,0,2,1,4,0,3,0,3,5,2,6,4,5,0,0,0,0,2,8,3,5,9,0,0,1,2,0,2,5,10
666,0,2,1,4,0,3,7,3,5,2,7,7,3,0,0,0,0,2,6,3,5,2,3,2,5,3,7,5,5,1
666,0,2,1,1,2,1,6,3,1,2,7,7,5,0,0,0,0,2,8,3,5,2,3,2,5,3,0,2,5,16
666,0,0,0,1,0,2,0,3,5,3,7,2,5,0,0,0,0,2,8,3,5,3,0,0,1,2,0,2,5,3
542,0,0,1,4,2,0,0,3,1,3,7,1,5,7,0,0,0,2,1,2,2,2,1,0,4,2,3,2,5,9
542,0,0,1,1,0,3,5,3,3,2,2,2,6,7,0,0,0,2,8,2,2,2,3,2,5,3,3,2,5,10
764,2,2,1,4,0,2,0,0,1,2,9,2,5,0,0,0,0,2,8,1,1,2,2,1,3,1,0,2,1,16
511,4,1,1,4,0,1,11,3,1,2,6,2,6,1,3,0,0,2,8,1,1,4,2,0,4,2,0,2,5,3
235,1,2,1,1,0,3,5,3,1,2,7,2,5,7,0,0,3,2,1,2,1,2,3,2,5,3,3,2,5,3
235,1,0,1,4,0,1,11,3,1,2,6,2,6,7,3,0,3,2,8,2,1,2,0,1,0,2,0,2,5,9
1004,3,1,1,1,0,3,5,3,1,2,7,2,5,1,0,3,3,2,1,2,1,9,3,2,5,3,3,2,5,3
1004,3,4,0,4,0,3,5,3,0,2,2,4,5,1,0,3,3,2,8,2,1,3,0,1,1,2,0,2,5,4
992,1,3,1,4,0,1,5,3,5,2,6,2,5,7,0,0,3,2,8,2,1,2,3,2,5,3,0,2,5,0
992,1,0,1,4,0,3,9,3,5,2,7,2,5,7,0,0,3,2,8,2,1,2,3,2,5,3,0,2,5,10
195,2,0,2,4,0,3,9,3,5,2,7,2,5,7,0,0,3,2,8,2,1,2,0,1,0,2,0,2,5,10
195,2,1,1,4,0,4,14,3,3,3,12,2,5,7,0,0,3,2,8,2,1,7,1,1,4,2,0,2,5,1
393,2,0,1,4,2,3,5,3,5,2,2,0,6,1,0,0,3,2,2,2,1,2,1,1,4,2,7,5,5,5
393,2,3,1,2,1,3,0,3,5,3,12,4,5,1,0,0,3,2,8,2,1,2,3,2,5,3,0,2,5,1
72,6,2,2,4,0,2,8,3,1,2,9,0,5,1,0,3,3,4,8,1,1,2,0,1,0,2,0,2,5,0
190,1,0,1,1,4,6,0,4,6,3,6,2,5,7,0,0,3,2,2,3,1,6,3,2,5,3,7,5,5,9
190,1,0,0,4,0,2,10,3,5,3,6,4,5,7,0,0,3,2,8,3,1,2,0,1,0,2,3,2,5,10
190,1,0,1,4,0,2,11,0,2,2,2,2,5,7,0,0,3,2,8,3,1,2,0,1,0,1,0,2,5,1
326,3,1,1,4,2,4,14,3,1,3,9,4,5,1,0,0,3,2,8,2,3,11,2,0,3,0,0,2,1,9
326,3,2,1,4,0,2,17,3,5,2,6,7,5,1,0,0,3,2,8,2,3,2,2,0,3,2,3,2,5,10
326,3,2,1,1,0,1,5,3,1,2,9,1,5,1,0,0,3,2,1,2,3,2,0,1,0,2,0,2,5,4
295,3,1,1,4,2,1,14,3,1,2,7,2,5,1,0,0,3,2,1,1,1,8,1,1,4,2,1,2,5,4
440,5,2,1,1,0,1,5,0,1,2,7,2,5,3,0,0,3,2,8,2,1,2,1,1,4,2,0,2,5,9
440,5,3,1,4,2,1,9,3,5,2,9,2,5,3,0,0,3,2,8,2,1,5,1,1,4,2,0,2,5,9
89,5,1,1,4,0,3,5,3,2,2,4,4,5,0,0,0,3,2,2,2,1,2,1,0,1,2,7,5,5,16
89,5,2,1,4,0,1,7,3,1,2,7,4,3,0,0,0,3,2,8,2,1,7,1,0,0,2,0,2,5,3
306,1,1,1,4,0,0,14,3,0,2,6,4,5,0,0,0,3,2,8,3,2,2,1,0,0,2,0,2,5,0
306,1,2,1,4,0,1,0,1,1,2,7,2,7,0,0,0,3,2,8,3,2,2,2,1,0,2,0,2,6,5
306,1,4,0,4,0,0,11,0,0,3,7,4,5,0,0,0,3,2,8,3,2,11,1,0,0,1,0,2,5,10
204,2,0,1,4,0,2,7,3,5,2,7,2,5,7,0,3,3,2,2,2,3,2,1,0,0,2,7,5,5,9
204,2,0,1,4,0,2,5,3,1,2,7,0,5,7,0,3,3,2,8,2,3,3,0,1,1,2,0,2,5,0
204,2,4,0,1,2,1,0,3,5,1,6,4,5,7,0,3,3,2,8,2,3,2,3,2,5,3,1,2,5,1
977,6,4,0,1,0,4,11,0,0,2,7,2,5,1,0,0,3,2,2,2,1,3,0,1,1,2,7,5,5,10
977,6,0,1,7,4,6,17,4,6,3,14,7,5,1,0,0,3,2,8,2,1,2,2,0,4,2,0,2,2,2
165,3,0,1,4,0,3,0,1,5,2,7,2,5,7,0,0,3,2,2,4,1,2,3,2,5,3,7,5,5,1
165,3,0,1,2,0,0,8,3,3,3,7,7,3,7,0,0,3,2,8,4,1,11,0,1,3,2,0,2,5,12
165,3,4,0,4,2,2,9,3,5,3,6,4,5,7,0,0,3,2,8,4,1,2,0,0,3,2,0,2,5,10
165,3,4,0,4,0,0,5,3,5,2,6,1,5,7,0,0,3,2,8,4,1,2,0,1,1,2,3,2,5,18
620,3,0,1,4,0,3,5,3,3,2,2,7,5,7,0,0,3,2,8,2,1,2,3,2,5,3,0,2,5,10
620,3,1,1,4,0,4,5,3,6,2,6,0,5,7,0,0,3,2,8,2,1,9,3,2,5,3,1,2,5,1
525,4,1,1,1,0,1,10,3,3,2,6,7,5,7,0,0,3,2,8,1,1,2,0,1,0,2,0,2,5,10
656,4,1,1,4,0,2,5,3,5,2,6,2,5,0,0,0,3,2,8,4,2,2,3,2,5,3,7,5,5,0
656,4,0,1,1,0,2,5,3,5,2,6,1,5,0,0,0,3,2,8,4,2,2,0,0,3,2,0,2,5,3
656,4,1,1,4,2,0,6,3,1,2,9,4,5,0,0,0,3,2,1,4,2,7,3,2,5,3,3,2,5,1
656,4,1,1,4,0,2,5,3,3,2,9,7,5,0,0,0,3,2,2,4,2,1,1,0,1,2,7,5,5,12
42,6,1,1,5,1,6,12,3,2,3,9,4,5,1,0,3,3,4,8,3,1,2,3,2,5,3,3,2,5,10
42,6,1,1,2,0,1,0,3,2,3,6,0,5,1,0,3,3,4,8,3,1,1,3,2,5,3,3,2,5,11
42,6,1,1,4,0,0,5,3,5,2,9,2,3,1,0,3,3,4,2,3,1,2,0,0,1,2,7,5,5,11
646,6,0,1,4,0,2,8,0,5,2,7,2,5,0,0,0,3,2,8,2,2,2,1,1,0,2,0,2,5,12
646,6,0,1,4,0,1,11,0,4,2,7,2,5,0,0,0,3,2,8,2,2,2,3,2,5,3,0,2,5,0
646,6,0,1,4,0,5,14,3,6,3,7,2,9,0,0,0,3,2,1,2,2,2,3,2,5,3,2,2,5,0
102,0,2,1,4,0,3,0,3,5,2,12,0,5,7,0,0,3,2,8,2,2,2,0,1,4,2,3,2,5,10
102,0,1,1,4,0,3,9,3,5,2,12,0,5,7,0,0,3,2,1,2,2,2,2,0,3,1,3,2,1,12
102,0,1,1,4,0,2,0,3,1,2,12,4,5,7,0,0,3,2,8,2,2,2,2,1,4,1,0,2,6,10
394,4,1,1,2,0,1,0,3,5,2,9,1,5,7,0,0,3,2,8,2,1,2,2,1,4,2,1,2,0,10
394,4,0,1,2,2,1,0,3,5,2,7,4,5,7,0,0,3,2,2,2,1,2,0,1,1,1,7,5,5,1
221,1,1,1,4,0,4,5,3,5,2,6,2,5,7,0,0,3,2,8,2,1,3,3,2,5,3,0,2,5,0
221,1,0,1,4,2,3,0,3,2,2,7,2,5,7,0,0,3,2,8,2,1,2,3,2,5,3,0,2,5,10
563,0,1,1,4,0,3,0,3,3,2,12,4,5,3,0,0,3,2,8,2,1,2,0,1,1,2,0,2,5,17
563,0,1,1,1,0,1,9,3,2,2,7,0,5,3,0,0,3,2,1,2,1,2,3,2,5,3,3,2,5,12
772,2,3,1,4,0,1,15,3,1,2,4,2,5,7,0,0,0,2,2,2,3,2,0,0,1,2,7,2,5,9
772,2,3,1,5,0,3,0,3,1,2,7,2,5,7,0,0,0,2,1,2,3,2,3,2,5,3,2,2,5,5
772,2,3,1,1,0,2,9,3,5,2,6,2,5,7,0,0,0,2,8,2,3,2,0,1,4,1,0,2,5,9
1025,6,0,1,4,0,4,14,3,5,2,7,2,5,1,0,3,3,4,8,1,1,2,2,1,1,2,0,2,6,1
349,4,1,1,1,0,4,14,3,5,2,7,2,5,7,0,0,3,2,8,2,1,2,3,2,5,3,0,2,5,15
349,4,1,1,4,0,4,0,1,3,2,5,4,5,7,0,0,3,2,8,2,1,2,0,0,0,2,7,5,5,5
627,2,3,1,4,0,2,5,3,5,2,7,7,5,1,0,0,3,2,8,1,1,2,3,2,5,3,0,2,5,3
706,6,1,1,4,2,2,0,3,3,2,9,2,5,0,0,0,0,2,2,2,2,2,0,1,0,2,0,2,5,10
706,6,0,1,2,2,2,9,3,3,3,6,2,5,0,0,0,0,2,2,2,2,2,2,1,4,2,7,5,1,12
685,2,3,1,4,0,2,0,3,5,3,6,0,5,7,0,0,3,2,8,1,2,2,2,0,4,2,0,2,1,15
685,2,3,1,4,0,1,0,4,1,3,3,1,9,7,0,0,3,2,8,1,2,2,3,2,5,3,0,2,5,5
873,5,3,1,1,0,2,5,3,5,3,4,2,5,1,0,3,3,4,8,2,2,2,0,1,0,2,3,2,5,1
873,5,3,1,4,0,1,0,3,1,2,7,4,5,1,0,3,3,4,8,2,2,2,3,2,5,3,0,2,5,1
873,5,0,2,4,0,4,6,3,6,3,6,4,5,1,0,3,3,4,8,2,2,2,3,2,5,3,0,2,5,1
1054,1,1,1,1,0,1,17,3,5,2,6,7,5,1,0,0,3,2,8,2,2,7,0,1,1,2,0,2,5,1
1054,1,1,1,4,0,1,0,3,5,3,9,2,5,1,0,0,3,2,8,2,2,2,1,0,3,2,0,2,5,9
515,6,4,0,4,0,1,0,3,5,3,9,6,5,7,0,0,3,2,8,2,1,2,1,0,1,2,0,2,5,10
515,6,3,1,4,0,2,0,3,5,2,12,2,5,7,0,0,3,2,8,2,1,2,0,1,3,2,0,2,5,15
360,6,2,1,4,0,2,11,0,5,2,7,2,5,7,0,0,3,2,8,2,2,11,0,0,0,2,0,2,5,10
360,6,0,1,4,0,6,17,0,5,2,0,4,5,7,0,0,3,2,5,2,2,2,0,0,1,2,7,5,5,3
203,5,1,1,4,2,2,0,3,5,2,6,7,5,7,0,0,3,2,8,2,1,2,1,0,0,2,0,2,5,10
203,5,2,1,4,0,1,0,3,5,2,2,2,5,7,0,0,3,2,2,2,1,2,3,2,5,3,7,5,5,10
646,0,4,0,4,0,4,7,0,5,2,2,2,5,7,0,0,3,2,8,2,1,2,3,2,5,3,0,2,5,10
646,0,3,1,4,0,0,14,3,5,2,9,0,5,7,0,0,3,2,8,2,1,2,0,1,1,2,2,2,5,1
535,0,2,1,4,0,4,5,3,3,2,9,2,5,1,0,0,3,2,8,1,1,2,1,1,0,2,3,2,5,10
175,2,4,0,4,0,3,15,3,5,2,9,0,5,1,0,0,3,2,8,1,1,11,1,1,0,2,0,2,5,12
488,6,1,1,4,0,4,7,3,3,2,9,2,5,1,0,0,3,2,8,2,3,3,2,1,3,2,7,5,1,0
488,6,1,1,4,0,1,9,3,0,2,7,0,5,1,0,0,3,2,8,2,3,2,3,2,5,3,3,2,5,9
488,6,1,1,4,0,0,0,3,5,2,7,2,5,1,0,0,3,2,2,2,3,9,0,1,0,1,7,5,5,3
488,6,0,1,1,0,2,0,3,1,2,9,2,5,1,0,0,3,2,2,2,3,9,0,1,1,2,7,5,5,0
958,6,0,1,4,2,4,10,3,5,2,7,7,5,1,0,0,3,2,8,2,1,7,3,2,5,3,0,5,5,11
958,6,0,1,4,0,4,5,3,5,2,2,4,5,1,0,0,3,2,2,2,1,7,0,1,0,2,7,5,5,10
51,4,3,1,6,0,4,5,3,5,2,7,4,5,3,0,0,3,2,2,2,1,7,0,1,0,2,5,2,5,10
51,4,2,1,4,0,0,4,3,5,2,6,4,5,3,0,0,3,2,8,2,1,3,3,2,5,3,0,2,5,17
755,2,2,1,1,2,2,6,3,1,2,6,2,5,1,0,0,2,2,8,1,1,2,0,1,0,2,0,2,5,10
30,3,0,2,4,0,1,5,3,6,3,9,4,5,1,0,0,0,2,2,1,2,2,1,0,4,2,0,2,5,6
30,3,0,2,4,2,4,14,3,5,3,7,2,5,1,0,0,0,2,8,1,2,2,1,0,4,2,7,5,5,9
64,1,0,1,6,0,2,0,3,3,3,4,4,5,7,0,0,3,2,8,1,2,2,1,0,4,2,0,2,5,11
64,1,0,1,6,0,2,7,3,5,3,6,2,5,7,0,0,3,2,8,1,2,2,3,2,5,3,0,2,5,0
196,2,0,1,4,0,2,7,1,5,3,1,2,5,1,0,3,3,4,8,2,3,2,0,1,1,1,3,2,5,0
196,2,2,1,4,0,1,15,3,0,2,9,2,5,1,0,3,3,4,8,2,3,2,3,2,5,3,0,2,5,7
196,2,2,1,4,0,3,0,3,3,3,9,4,5,1,0,3,3,4,8,2,3,2,3,2,5,3,7,5,5,10
459,1,0,1,4,0,2,3,3,2,3,2,4,3,7,0,0,3,2,1,4,1,2,0,1,0,2,6,2,5,1
459,1,1,1,4,0,3,3,3,2,3,9,4,5,7,0,0,3,2,8,4,1,9,1,0,1,2,0,2,5,1
459,1,1,1,4,0,1,5,3,5,2,14,7,5,7,0,0,3,2,2,4,1,2,0,1,1,2,7,5,5,9
459,1,1,1,4,0,4,5,3,2,2,7,4,5,7,0,0,3,2,8,4,1,3,1,1,4,2,0,2,5,2
443,0,1,1,4,0,4,4,3,5,3,7,3,5,1,0,0,3,2,8,3,4,2,1,0,4,2,2,2,5,0
443,0,3,2,4,2,2,0,3,5,2,2,3,5,1,0,0,3,2,8,3,4,2,0,1,0,2,2,2,5,1
443,0,1,1,4,0,1,15,0,6,2,7,3,5,1,0,0,3,2,8,3,4,3,1,0,0,2,3,2,5,10
443,0,1,1,1,0,4,7,3,5,2,2,3,5,1,0,0,3,2,8,3,4,2,1,0,3,2,0,2,5,1
443,0,1,1,4,0,1,0,3,5,2,2,2,5,1,5,0,3,2,8,3,4,2,3,2,5,3,0,2,5,1
99,3,0,1,4,0,2,0,3,3,2,7,4,5,1,0,3,3,4,8,3,2,12,0,0,0,2,0,2,5,10
99,3,0,1,2,0,3,0,0,2,2,7,4,5,1,0,3,3,4,8,3,2,3,3,2,5,3,7,5,5,1
99,3,1,1,2,0,3,0,3,2,2,12,7,5,1,0,3,3,4,8,3,2,3,0,1,1,2,7,5,5,3
822,2,0,1,4,0,2,11,3,3,2,9,4,5,1,0,0,0,2,2,1,2,2,3,2,5,3,0,2,5,3
822,2,0,1,1,0,0,4,4,0,2,7,2,5,1,0,0,0,2,8,1,2,11,0,1,0,2,2,2,5,1
418,5,1,1,1,0,2,5,3,3,2,6,4,5,0,0,0,3,2,2,2,1,2,0,1,0,1,0,2,5,17
418,5,3,1,4,0,2,5,3,3,2,9,4,5,0,0,0,3,2,8,2,1,2,3,2,5,3,7,5,5,1
428,0,1,1,4,0,0,14,3,3,2,7,1,3,1,0,0,3,2,7,2,1,2,3,2,5,3,0,2,5,9
428,0,3,1,4,2,2,7,3,3,2,9,2,5,1,0,0,3,2,7,2,1,3,0,1,1,2,0,2,5,10
441,5,1,2,2,2,3,0,3,2,2,9,4,5,5,0,0,3,2,1,2,1,2,2,1,4,1,1,2,5,17
441,5,1,1,7,2,4,8,3,6,2,9,2,5,5,0,0,3,2,8,2,1,2,0,1,4,2,7,5,5,3
476,3,1,1,6,2,2,6,3,0,2,7,7,5,7,0,0,3,2,8,1,1,2,1,1,4,2,4,2,5,1
772,6,1,1,0,0,3,0,3,2,2,7,4,5,0,0,0,0,2,8,2,1,2,0,1,1,2,0,2,5,2
772,6,1,1,2,0,4,8,3,2,2,7,1,5,0,0,0,0,2,1,2,1,2,1,0,1,2,3,2,5,0
308,6,3,1,4,0,0,6,3,0,2,3,4,5,3,0,0,3,2,2,2,2,7,1,1,4,2,3,2,5,3
308,6,3,1,4,0,3,14,3,1,2,9,4,5,3,0,0,3,2,7,2,2,2,0,1,1,2,0,2,5,10
308,6,2,1,4,2,3,5,3,2,2,9,1,5,3,0,0,3,2,7,2,2,2,0,1,4,2,7,5,5,9
290,2,4,0,4,0,3,15,3,2,2,9,4,5,7,0,0,3,2,7,3,1,2,3,2,5,3,0,2,5,11
290,2,0,1,4,0,5,0,3,0,2,7,2,5,7,0,0,3,2,7,3,1,2,0,1,0,2,0,2,5,9
290,2,0,2,4,0,0,3,3,0,2,6,2,5,7,0,0,3,2,7,3,1,2,3,2,5,3,3,2,5,1
183,3,1,1,3,2,0,0,3,1,2,7,7,5,7,0,3,3,4,8,2,4,2,2,0,4,2,0,2,3,10
183,3,0,1,4,2,4,9,3,5,2,6,0,5,7,0,3,3,4,8,2,4,2,0,1,3,2,7,2,5,6
183,3,0,1,4,2,0,4,3,5,2,9,2,5,7,0,3,3,4,2,2,4,2,3,2,5,3,0,2,5,1
183,3,0,1,4,2,1,8,3,5,2,6,0,1,7,0,3,3,4,2,2,4,12,3,2,5,3,7,5,5,3
183,3,0,1,5,2,2,5,3,6,2,6,0,5,7,0,3,3,4,8,2,4,2,0,1,3,2,0,2,5,4
516,0,0,1,5,2,3,7,1,5,2,7,0,5,1,0,0,3,2,8,2,1,2,0,1,0,2,7,5,5,1
516,0,0,1,4,2,1,0,3,5,2,6,2,5,1,0,0,3,2,8,2,1,2,3,2,5,3,3,3,5,1
100,6,0,1,1,2,3,3,3,5,2,6,6,5,7,0,0,3,2,8,2,1,2,3,2,5,3,0,2,5,3
100,6,0,1,6,2,2,4,0,5,3,6,1,5,7,3,0,3,2,8,2,1,2,0,1,3,2,0,2,5,0
958,5,2,1,7,2,6,3,3,5,3,7,4,5,7,0,0,3,2,6,2,2,2,3,2,5,3,2,2,5,12
958,5,0,1,4,2,2,0,3,5,3,9,6,5,7,0,0,3,2,8,2,2,2,0,1,1,2,7,5,5,3
958,5,0,1,4,2,4,15,3,1,2,9,2,1,7,0,0,3,2,2,2,2,2,1,1,0,2,7,5,5,1
388,5,0,1,4,2,1,15,3,2,3,2,2,5,1,0,3,3,4,1,2,1,2,1,1,0,2,2,2,5,3
388,5,1,1,1,0,1,3,3,2,3,7,2,5,1,0,3,3,4,8,2,1,2,3,2,5,3,0,2,5,5
531,1,3,1,4,0,1,4,3,5,3,9,2,5,7,0,3,3,4,8,2,1,2,1,0,0,2,0,2,5,10
531,1,4,0,4,0,1,4,3,1,3,7,4,5,7,0,3,3,4,8,2,1,2,0,1,3,2,7,5,5,0
489,5,0,1,4,0,2,3,3,1,3,9,4,5,1,0,0,3,2,8,3,1,2,3,2,5,3,0,2,5,12
489,5,1,1,4,0,2,16,3,1,3,9,2,5,1,0,0,3,2,8,3,1,9,3,2,5,3,7,5,5,9
489,5,1,1,4,0,3,3,3,2,2,7,2,5,1,1,0,3,2,8,3,1,7,0,1,4,2,0,2,5,9
321,3,0,1,1,0,2,3,4,6,3,7,2,5,7,0,0,3,2,8,3,2,3,3,2,5,3,0,2,5,10
321,3,1,1,4,0,2,10,3,5,2,7,4,5,7,0,0,3,2,2,3,2,2,0,0,1,2,7,5,5,1
321,3,1,1,4,0,3,0,3,5,2,7,0,5,7,0,0,3,2,6,3,2,3,0,0,0,2,7,5,5,1
48,5,0,1,1,2,6,0,3,5,3,9,2,5,0,0,0,3,2,8,1,1,2,3,2,5,3,7,5,5,9
560,1,1,1,4,2,2,8,3,1,3,1,4,5,0,0,0,3,2,1,1,1,2,2,1,1,2,7,5,1,3
306,0,0,1,4,0,2,17,3,6,3,7,7,5,1,0,3,3,2,8,2,3,2,3,2,5,3,2,2,5,5
306,0,1,2,4,0,4,14,3,6,3,6,4,5,1,0,3,3,2,8,2,3,2,0,1,1,2,3,2,5,10
306,0,1,1,7,4,6,17,4,6,3,7,4,5,1,0,3,3,2,1,2,3,2,0,0,0,2,7,5,5,10
994,3,3,1,4,0,2,0,3,5,3,6,4,5,1,0,3,3,2,1,1,1,11,1,1,0,2,4,2,5,12
715,1,4,0,4,0,2,0,3,5,3,6,1,5,7,0,0,2,0,8,2,1,2,3,2,5,3,2,2,5,4
715,1,0,1,4,0,3,3,3,5,3,6,4,5,7,0,0,2,0,8,2,1,11,0,1,1,2,0,2,5,12
334,0,0,1,2,0,3,10,3,5,2,7,4,5,1,0,3,3,4,8,2,2,2,1,0,0,2,2,2,5,12
334,0,2,2,4,0,3,10,0,5,3,7,0,5,1,0,3,3,4,8,2,2,3,3,2,5,3,0,2,5,12
334,0,2,1,4,0,3,4,3,5,2,6,3,5,1,0,3,3,4,8,2,2,2,0,0,1,2,2,2,5,10
680,3,1,1,4,0,3,4,3,5,3,9,7,5,1,0,0,0,2,2,2,4,2,3,2,5,3,7,2,5,9
680,3,1,1,4,0,3,8,0,1,3,1,4,5,1,0,0,0,2,8,2,4,3,1,1,4,2,0,2,5,1
680,3,0,1,4,0,2,0,3,0,2,7,7,5,1,0,0,0,2,8,2,4,2,0,1,4,2,0,2,5,3
680,3,0,1,4,0,1,0,3,3,2,9,7,5,1,0,0,0,2,8,2,4,9,3,2,5,3,3,2,5,0
390,1,0,1,4,0,4,0,3,5,2,7,7,5,1,0,0,3,2,8,3,1,2,0,0,1,2,7,5,5,10
390,1,1,2,4,0,4,3,3,5,3,7,7,5,1,0,0,3,2,8,3,1,2,1,1,1,2,7,5,5,1
390,1,2,1,4,0,1,3,3,2,3,7,1,5,1,0,0,3,2,8,3,1,11,3,2,5,3,1,2,5,5
334,0,1,1,1,0,4,0,3,5,2,7,2,5,1,0,3,3,2,8,2,1,2,3,2,5,3,0,2,5,10
334,0,1,1,4,0,4,14,3,1,2,7,7,5,1,0,3,3,2,8,2,1,2,0,1,4,2,2,2,5,17
295,2,2,1,4,0,6,17,3,5,2,12,4,5,1,0,0,3,2,8,1,1,2,2,0,1,2,0,2,5,10
565,6,1,1,7,0,2,7,3,6,2,6,2,5,7,0,0,3,2,8,2,2,2,0,1,0,2,0,2,5,1
565,6,2,1,6,0,4,13,3,5,2,6,2,5,7,0,0,3,2,8,2,2,7,1,0,1,2,0,2,5,12
414,0,2,1,4,0,4,5,3,2,2,6,2,5,7,0,3,3,2,8,1,1,2,0,0,1,2,0,2,5,1
466,1,0,2,4,0,0,8,3,5,2,12,6,5,7,0,0,3,2,8,2,1,3,0,0,1,2,0,2,5,0
466,1,0,1,1,0,3,4,0,6,2,12,4,5,7,0,0,3,2,8,2,1,2,3,2,5,3,0,2,5,10
1027,5,1,1,1,0,3,5,3,6,2,6,2,5,1,0,0,3,2,8,2,1,2,0,0,0,2,0,2,5,11
1027,5,2,1,1,0,4,6,3,6,2,6,2,5,1,0,0,3,2,2,2,1,2,3,2,5,3,0,2,5,3
73,4,2,1,2,0,1,0,0,3,2,12,2,5,1,0,0,3,2,8,2,1,2,3,2,5,3,7,2,5,10
73,4,2,1,4,0,1,0,3,0,2,14,2,5,1,0,0,3,2,8,2,1,2,0,1,0,2,7,2,5,3
680,4,0,1,0,0,3,0,3,3,2,7,2,5,0,0,0,0,2,8,2,1,9,0,0,0,2,7,2,5,3
680,4,0,1,4,0,1,14,3,4,2,7,4,5,0,0,0,0,2,8,2,1,2,3,2,5,3,7,2,5,9
360,0,3,1,4,0,1,17,3,3,2,7,2,5,7,0,0,3,2,1,3,1,2,3,2,5,3,7,2,5,16
360,0,0,1,2,0,0,11,3,5,2,9,4,5,7,0,0,3,2,8,3,1,3,0,0,0,2,7,2,5,12
360,0,1,1,4,0,2,11,0,0,2,7,4,5,7,0,0,3,2,8,3,1,2,3,2,5,3,7,2,5,12
565,2,0,1,4,0,4,14,3,0,2,7,4,5,1,0,0,3,2,8,3,1,2,0,1,3,1,7,2,5,0
565,2,0,1,4,0,4,0,3,6,2,4,4,5,1,0,0,3,2,8,3,1,2,3,2,5,3,0,5,5,12
565,2,0,1,1,0,6,2,3,6,2,1,4,5,1,0,0,3,2,8,3,1,4,2,0,3,2,0,5,5,10
1052,3,1,1,4,0,4,0,3,3,2,2,2,5,7,0,0,3,2,8,2,1,2,2,0,4,2,0,2,0,9
1052,3,0,1,4,0,0,5,3,6,3,6,2,5,7,0,0,3,2,8,2,1,2,0,1,0,2,0,2,5,1
105,6,2,1,1,0,1,0,3,6,3,7,2,5,7,0,0,3,2,8,1,2,9,3,2,5,3,0,2,5,10
105,6,2,1,2,0,0,10,3,6,3,6,4,5,7,0,0,3,2,1,1,2,3,0,1,0,2,7,2,5,16
972,0,1,2,4,0,2,13,3,6,3,6,2,5,7,0,0,3,2,8,1,1,2,1,1,0,2,0,2,5,10
896,0,0,1,4,0,4,0,3,6,3,7,2,5,1,0,3,3,2,8,1,2,2,3,2,5,3,0,2,5,0
896,0,0,1,2,0,3,10,3,3,3,9,4,5,1,0,3,3,2,8,1,2,2,0,1,0,2,3,2,5,5
1041,4,0,1,1,2,2,17,3,3,3,6,7,7,0,0,0,3,2,8,2,1,7,0,1,0,2,0,2,5,10
1041,4,0,2,1,0,4,5,3,3,2,9,7,5,0,0,0,3,2,2,2,1,2,1,1,3,2,0,2,5,10
1046,0,1,1,4,0,2,5,4,6,3,12,2,5,7,0,0,3,2,8,2,1,2,0,1,4,2,3,2,5,1
1046,0,1,1,1,2,2,9,3,3,2,6,2,2,7,0,0,3,2,8,2,1,2,3,2,5,3,7,5,5,0
466,1,2,1,4,0,1,5,3,2,2,7,7,5,1,0,0,3,2,8,2,1,6,2,1,4,1,0,2,5,9
466,1,1,2,4,0,3,5,3,3,2,7,4,5,1,0,0,3,2,8,2,1,2,3,2,5,3,2,2,5,10
362,3,1,1,4,0,2,9,3,3,2,2,7,5,1,0,0,3,2,8,2,1,2,1,0,0,2,0,2,5,10
362,3,3,1,2,0,0,11,3,6,2,6,2,5,1,0,0,3,2,8,2,1,11,1,1,0,2,3,2,5,3
340,5,1,1,1,0,2,0,3,6,2,7,2,5,0,0,0,3,2,8,2,1,2,0,1,4,2,0,2,5,9
340,5,3,1,1,0,1,8,3,6,2,6,2,6,0,0,0,3,2,2,2,1,2,0,1,3,2,0,2,5,10
660,2,0,1,4,0,4,14,3,6,2,6,2,5,7,0,0,0,2,8,2,2,8,1,0,4,2,7,5,5,1
660,2,0,1,4,0,4,7,3,3,2,6,2,2,7,0,0,0,2,8,2,2,2,1,1,1,2,0,2,5,3
939,6,1,1,4,0,2,17,3,3,2,2,4,2,7,0,0,3,2,8,2,1,5,0,0,3,2,0,2,5,4
939,6,3,1,4,2,2,0,3,3,2,6,4,1,7,0,0,3,2,8,2,1,2,3,2,5,3,7,5,5,1
590,3,2,1,1,0,0,14,3,2,2,7,0,1,2,0,0,0,2,6,1,1,7,0,1,0,1,7,5,5,3
909,6,1,1,4,0,6,8,3,6,3,7,2,5,7,0,3,2,4,8,2,1,2,3,2,5,3,0,2,5,1
909,6,3,1,1,0,3,5,3,2,2,2,5,7,7,1,3,2,4,8,2,1,2,3,2,5,3,0,2,5,12
147,0,0,1,4,2,0,0,3,0,3,12,4,5,7,0,0,3,2,2,3,2,11,0,0,1,2,7,5,5,1
147,0,0,2,7,4,6,17,4,6,3,2,2,5,7,0,0,3,2,8,3,2,2,2,0,4,1,7,5,5,18
147,0,2,1,4,0,3,5,3,3,3,6,4,5,7,0,0,3,2,8,3,2,3,0,1,0,1,0,2,5,12
516,5,1,1,1,2,1,5,3,1,2,7,7,5,7,0,0,3,2,8,2,1,2,0,0,0,2,0,2,5,2
516,5,2,1,4,0,2,5,3,3,3,2,2,4,7,3,0,3,2,2,2,1,3,1,0,3,2,7,5,5,10
127,3,3,1,4,0,4,8,0,0,2,7,0,5,7,0,0,3,2,2,2,1,2,0,0,1,2,7,5,5,10
127,3,2,1,4,0,2,8,0,3,3,7,0,5,7,0,0,3,2,8,2,1,2,1,0,3,2,0,2,5,3
141,2,0,1,2,0,3,0,1,2,2,6,2,1,7,0,0,3,2,8,2,1,11,3,2,5,3,0,2,5,3
141,2,0,2,4,0,2,7,1,3,2,7,2,5,7,0,0,3,2,2,2,1,2,0,1,4,1,7,5,5,9
1022,0,1,2,1,0,0,17,3,1,2,7,2,5,1,0,0,3,2,2,1,1,2,2,0,0,2,0,5,5,10
985,4,0,1,4,0,6,0,0,6,2,9,2,5,1,0,0,3,4,8,1,1,2,0,1,0,1,0,2,5,1
757,0,0,1,1,0,0,6,3,1,2,6,2,5,0,0,0,0,2,8,2,1,9,0,1,0,2,0,2,5,16
757,0,1,1,4,2,0,0,3,1,2,2,1,5,0,0,0,0,2,8,2,1,2,1,0,0,2,0,2,5,10
731,3,0,1,0,2,0,0,3,0,2,14,4,5,0,0,0,0,2,2,2,5,2,0,0,1,2,0,2,5,16
731,3,0,1,4,2,2,9,3,3,3,0,7,3,0,0,0,0,2,8,2,5,2,1,0,4,2,7,5,5,9
731,3,0,1,4,0,2,3,3,3,3,7,2,7,0,0,0,0,2,8,2,5,7,3,2,5,3,0,5,5,10
731,3,2,1,1,0,2,17,3,6,2,7,4,7,0,0,0,0,2,8,2,5,1,3,2,5,3,0,2,5,10
731,3,2,1,2,2,4,0,3,6,2,2,4,5,0,0,0,0,2,6,2,5,2,0,1,4,2,3,2,5,12
463,5,1,1,4,0,3,11,0,0,2,9,4,5,1,0,0,3,2,8,3,1,1,3,2,5,3,1,2,5,12
463,5,4,0,4,0,2,8,3,5,2,7,4,5,1,0,0,3,2,8,3,1,2,0,1,0,2,0,2,5,0
463,5,4,0,4,0,4,5,3,5,2,7,2,5,1,0,0,3,2,1,3,1,2,3,2,5,3,2,2,5,10
280,3,1,1,4,0,3,0,3,5,2,7,0,5,7,0,0,3,2,8,2,1,2,0,1,0,1,3,2,5,5
280,3,3,1,4,0,2,10,3,6,2,1,2,5,7,0,0,3,2,8,2,1,2,0,1,3,1,3,2,5,0
887,0,0,1,4,2,3,0,3,5,2,1,1,5,1,0,3,0,2,8,2,1,2,3,2,5,3,1,2,5,1
887,0,0,1,4,0,2,11,3,6,2,7,2,5,1,0,3,0,2,8,2,1,2,0,0,1,2,3,2,5,4
718,6,1,1,4,0,0,9,1,0,2,6,2,5,0,2,3,0,4,2,2,1,2,1,0,0,2,7,5,5,2
718,6,1,1,4,0,0,0,3,1,2,9,2,5,0,0,3,0,4,8,2,1,2,0,1,0,2,0,2,5,16
535,5,2,1,4,0,0,5,3,1,2,7,2,5,1,0,0,0,2,8,2,1,2,3,2,5,3,0,2,5,1
535,5,1,1,2,0,1,0,4,0,3,9,4,3,1,0,0,0,2,8,2,1,3,0,0,1,2,0,2,5,1
501,6,0,2,2,2,3,8,3,6,2,2,0,5,1,0,3,0,2,8,1,1,2,0,0,0,2,0,2,5,9
429,3,1,1,1,0,1,9,3,1,3,7,1,5,7,0,0,3,2,2,2,1,2,1,1,0,2,7,5,5,9
429,3,1,1,4,0,3,0,3,2,2,6,2,7,7,0,0,3,2,8,2,1,2,0,0,0,2,0,2,5,0
428,4,1,1,2,0,1,0,3,1,3,7,4,5,7,0,3,0,2,2,2,3,2,0,1,0,2,7,5,5,9
428,4,1,1,4,1,5,0,3,5,3,1,2,3,7,0,3,0,2,8,2,3,2,1,1,0,2,0,2,5,10
428,4,2,1,4,0,0,14,3,6,2,7,4,5,7,0,3,0,2,6,2,3,2,1,0,4,2,3,2,5,9
466,0,0,1,4,2,2,7,3,0,2,6,2,5,0,1,0,0,2,8,2,1,2,3,2,5,3,0,2,5,1
466,0,3,1,4,0,0,7,0,6,2,9,4,5,0,0,0,0,2,8,2,1,2,0,0,1,1,0,2,5,0
990,1,4,0,4,0,3,7,3,5,2,6,1,5,7,0,3,3,5,8,1,1,2,3,2,5,3,3,2,5,12
195,5,0,1,4,0,0,10,3,6,2,6,2,5,7,0,0,3,2,8,2,1,2,0,1,1,2,0,2,5,10
195,5,3,1,4,0,0,5,3,5,2,2,0,5,7,0,0,3,2,8,2,1,2,1,0,1,2,0,2,5,12
777,0,4,0,4,0,1,9,3,6,2,2,4,5,0,0,3,0,4,1,3,1,2,0,1,0,2,3,2,5,5
777,0,0,1,2,0,0,0,3,6,2,9,4,5,0,0,3,0,4,6,3,1,2,3,2,5,3,7,5,5,1
777,0,0,0,4,0,0,0,3,6,2,7,4,5,0,0,3,0,4,8,3,1,2,0,1,0,1,3,2,5,10
662,5,1,1,1,0,3,14,3,5,3,7,7,5,0,0,0,0,2,6,2,1,2,2,0,4,2,3,2,0,10
662,5,0,2,4,0,3,5,3,6,2,14,4,5,0,0,0,0,2,7,2,1,2,0,1,4,1,3,2,5,0
85,0,1,1,1,0,3,5,3,1,3,9,4,5,7,0,0,3,2,8,1,1,2,3,2,5,3,0,2,5,1
408,1,0,1,4,0,3,5,3,5,3,6,4,5,1,0,3,0,2,8,2,2,7,2,0,3,1,7,5,6,1
408,1,2,1,4,0,0,11,3,5,3,9,4,5,1,0,3,0,2,4,2,2,2,2,0,1,1,4,2,8,5
408,1,2,1,4,0,2,9,3,5,2,7,2,5,1,0,3,0,2,8,2,2,2,3,2,5,3,0,2,5,9
506,3,2,1,2,2,1,7,3,6,2,7,2,5,1,0,3,0,2,2,2,5,2,0,1,1,2,7,5,5,0
506,3,2,1,4,0,1,9,3,6,2,1,2,5,1,0,3,0,2,8,2,5,11,0,1,0,2,3,2,5,11
506,3,1,1,4,0,2,7,3,2,3,2,1,5,1,0,3,0,2,8,2,5,2,0,1,3,2,3,2,5,10
506,3,1,1,4,0,2,9,3,6,3,12,2,5,1,0,3,0,2,8,2,5,2,3,2,5,3,0,2,5,10
506,3,1,1,4,0,1,14,3,1,3,6,4,5,1,0,3,0,2,1,2,5,2,0,1,0,2,7,2,5,0
352,4,4,0,2,0,3,0,3,0,3,7,6,5,1,5,3,0,4,8,2,1,2,3,2,5,3,7,5,5,1
352,4,1,1,1,0,2,5,3,2,3,9,4,5,1,0,3,0,4,8,2,1,2,0,1,0,1,3,2,5,3
343,0,3,1,4,0,3,13,3,3,3,7,4,5,0,0,3,0,2,7,2,1,2,3,2,5,3,0,2,5,10
343,0,2,1,6,0,1,5,3,0,2,7,7,3,0,0,3,0,2,6,2,1,11,3,2,5,3,7,2,5,0
958,4,0,1,4,0,1,5,3,1,3,6,1,3,2,0,3,3,2,2,2,1,3,0,1,0,2,7,2,5,9
958,4,1,1,2,0,1,11,3,6,2,9,2,5,2,0,3,3,2,8,2,1,2,2,1,1,1,3,2,1,10
423,1,1,1,4,0,0,0,3,6,2,7,2,5,7,0,0,3,2,8,1,1,9,2,0,0,1,3,2,0,11
329,1,1,1,2,0,2,0,1,1,3,9,4,5,1,0,3,3,0,2,1,1,9,2,1,4,2,7,2,0,0
1060,1,2,1,1,0,1,0,3,6,2,2,2,5,5,0,0,3,2,8,2,2,7,3,2,5,3,0,2,5,10
1060,1,2,1,4,0,0,11,0,6,2,9,2,5,5,0,0,3,2,8,2,2,7,0,1,1,2,2,2,5,3
1060,1,4,0,1,0,0,4,3,6,2,6,1,5,5,0,0,3,2,8,2,2,7,0,1,1,2,1,2,5,12
51,0,0,1,2,0,5,8,0,4,2,9,2,5,1,0,3,3,4,6,1,1,3,3,2,5,3,0,2,5,1
1018,4,2,1,4,2,2,4,3,5,2,7,1,5,7,0,3,3,3,6,1,1,2,3,2,5,3,0,2,5,9
195,4,0,1,4,0,0,8,3,5,3,4,2,5,1,0,3,3,4,1,2,1,2,0,1,0,2,1,2,5,12
195,4,3,1,4,0,1,13,3,5,3,2,2,5,1,0,3,3,4,7,2,1,2,0,1,1,2,0,2,5,11
428,6,0,1,4,0,2,4,3,1,2,9,4,3,7,0,3,0,2,8,2,1,2,1,0,1,2,0,2,5,0
428,6,1,1,7,4,6,17,4,6,3,14,2,5,7,0,3,0,2,8,2,1,2,0,1,0,1,0,2,5,0
669,2,0,1,7,4,6,17,4,6,3,14,2,5,7,0,3,0,4,1,1,1,2,3,2,5,3,0,2,5,5
372,6,3,1,4,0,1,5,3,0,2,6,4,5,0,0,3,0,0,1,2,1,2,3,2,5,3,7,2,5,9
372,6,1,1,4,0,3,7,3,3,2,5,2,7,0,0,3,0,0,8,2,1,2,0,1,0,2,7,2,5,1
438,5,0,1,4,2,3,7,3,3,2,2,2,3,7,0,0,0,2,8,2,1,2,3,2,5,3,7,2,5,1
438,5,0,1,7,4,6,0,3,6,2,6,7,7,7,0,0,0,2,8,2,1,9,0,0,1,2,7,2,5,10
712,2,1,1,1,2,3,7,3,3,3,2,2,3,1,0,3,0,8,2,1,1,2,2,0,1,2,7,2,5,9
965,1,0,1,7,4,6,0,4,6,3,6,7,7,1,0,3,3,4,7,2,1,3,2,0,0,2,7,2,5,10
965,1,0,1,4,2,2,10,0,6,2,6,4,5,1,0,3,3,4,2,2,1,2,0,1,0,1,7,5,5,3
633,3,1,1,4,2,3,5,3,0,2,12,2,5,7,0,0,0,2,8,2,1,2,0,1,0,2,3,5,5,11
633,3,4,0,2,2,3,17,3,4,2,9,2,5,7,0,0,0,2,8,2,1,3,0,1,3,2,3,2,5,12
619,2,2,2,7,4,6,0,3,6,2,6,7,7,0,0,3,0,3,2,1,1,2,1,1,3,2,7,2,5,9
516,4,0,2,1,0,2,17,3,5,2,11,7,5,1,0,3,0,8,8,1,1,2,0,1,1,2,7,5,5,1
389,6,1,1,1,2,3,5,3,5,2,7,2,5,5,0,3,0,4,8,1,1,12,0,1,1,2,0,2,5,10
521,5,0,1,4,2,4,17,3,5,2,9,4,5,2,0,3,0,4,2,2,1,3,1,1,0,2,7,5,5,3
521,5,0,1,4,2,1,5,3,5,2,6,4,5,2,0,3,0,4,2,2,1,3,2,1,4,1,7,5,1,0
322,1,0,2,4,2,1,15,3,5,2,6,4,5,1,0,3,3,0,8,1,1,2,0,1,0,2,7,5,5,9
511,6,3,2,2,2,2,5,3,5,2,9,4,5,1,0,3,0,4,7,2,2,11,0,1,3,2,2,2,5,10
511,6,0,2,4,2,6,5,3,5,2,6,4,5,1,0,3,0,4,8,2,2,2,3,2,5,3,1,2,5,1
655,5,1,1,7,2,4,7,3,5,2,6,4,5,7,0,3,0,2,8,1,2,2,0,1,1,2,3,2,5,12
655,5,1,1,1,2,3,14,3,5,2,6,6,5,7,0,3,0,2,8,1,2,2,1,1,4,2,0,2,5,7
452,1,1,2,1,2,4,14,3,5,2,6,2,5,7,0,0,0,2,8,2,1,3,1,1,4,2,7,5,5,10
452,1,0,1,4,2,2,5,3,5,2,7,4,5,7,0,0,0,2,8,2,1,2,3,2,5,3,2,2,5,10
637,6,0,1,4,2,2,5,3,5,2,7,2,5,0,0,3,0,2,8,1,1,2,0,0,0,1,7,5,5,0
728,0,1,1,7,2,6,7,3,1,3,7,2,5,1,0,0,0,2,8,2,2,2,1,0,3,2,0,2,5,12
728,0,1,1,4,0,0,0,3,1,3,9,1,5,1,0,0,0,2,8,2,2,2,2,1,4,2,0,2,1,3
728,0,0,1,2,2,2,17,3,1,3,12,4,6,1,0,0,0,2,7,2,2,2,3,2,5,3,0,2,5,1
317,0,2,1,4,0,2,15,3,1,3,9,4,6,7,0,3,3,2,8,1,1,7,0,0,1,2,0,2,5,10
428,6,1,1,4,0,2,5,3,1,2,6,2,5,7,0,0,0,2,8,2,1,2,2,1,4,1,0,2,2,1
428,6,0,1,4,0,2,7,3,6,2,2,1,5,7,0,0,0,2,8,2,1,2,3,2,5,3,0,2,5,10
889,2,0,1,4,0,3,0,3,6,2,7,4,5,0,0,3,0,4,8,3,1,2,0,1,0,2,0,2,5,5
889,2,2,2,4,0,2,11,3,1,2,7,1,5,0,0,3,0,4,8,3,1,2,2,0,0,2,0,2,2,0
889,2,2,1,4,0,5,14,3,2,2,7,2,5,0,0,3,0,4,8,3,1,2,0,0,1,2,3,2,5,7
95,4,2,1,0,0,4,0,3,6,2,7,2,5,7,0,3,3,2,8,2,1,2,1,0,0,2,2,2,5,14
95,4,0,1,1,0,2,5,3,6,2,6,4,5,7,0,3,3,2,2,2,1,2,0,1,3,1,0,2,5,3
461,6,0,2,1,0,2,7,3,6,2,6,3,5,7,0,0,0,2,8,2,2,2,3,2,5,3,0,2,5,16
461,6,0,1,4,0,2,10,3,5,2,9,4,5,7,0,0,0,2,1,2,2,12,3,2,5,3,3,2,5,10
461,6,0,1,2,0,2,7,3,5,2,6,1,5,7,0,0,0,2,7,2,2,2,0,1,1,1,0,2,5,17
418,0,1,1,4,0,2,7,3,5,2,9,2,5,7,0,0,0,2,2,1,1,2,0,1,0,2,0,2,5,3
44,1,0,1,4,0,1,12,3,5,2,6,4,5,0,0,3,3,4,8,2,2,2,0,0,0,2,0,2,5,11
44,1,2,1,6,0,2,5,3,5,2,7,2,5,0,0,3,3,4,8,2,2,2,1,0,4,2,2,2,5,10
73,1,1,1,4,0,3,5,3,5,2,6,1,5,7,0,3,3,4,8,2,1,2,3,2,5,3,7,2,5,12
73,1,1,1,4,0,0,8,3,5,2,12,4,5,7,0,3,3,4,8,2,1,2,0,1,0,2,0,2,5,7
516,0,0,1,6,0,4,4,3,6,3,9,1,5,7,0,3,0,4,8,1,1,2,1,0,1,2,0,2,5,11
471,2,0,1,1,0,0,0,3,6,3,6,4,5,7,0,3,0,4,6,2,2,2,0,1,3,2,0,2,5,1
471,2,0,1,4,0,2,0,3,5,2,9,4,5,7,0,3,0,4,2,2,2,2,3,2,5,3,0,2,5,9
473,2,2,1,1,0,3,8,3,3,3,6,4,5,0,0,3,2,4,8,1,1,2,0,1,4,2,0,2,5,0
463,6,0,1,4,0,2,0,3,3,3,9,1,5,7,0,3,0,4,2,1,1,2,3,2,5,3,7,5,5,10
574,1,0,1,1,0,1,7,3,5,2,7,7,5,7,0,0,0,2,8,2,2,2,1,0,4,2,0,2,5,3
574,1,1,1,4,0,1,5,2,5,3,7,2,5,7,0,0,0,2,8,2,2,2,3,2,5,3,0,2,5,5
672,4,1,1,4,0,3,10,3,2,3,6,2,5,1,0,3,0,4,8,1,2,9,1,0,3,1,0,2,5,3
672,4,1,1,4,0,1,8,3,3,2,6,2,5,1,0,3,0,4,8,1,2,7,2,0,4,2,0,2,5,3
200,1,2,2,4,2,4,14,3,1,2,9,2,5,7,0,0,3,2,8,2,1,3,2,0,4,2,3,2,5,1
200,1,2,1,4,0,1,7,3,6,2,7,2,5,7,0,0,3,2,2,2,1,2,3,2,5,3,7,5,5,10
837,4,1,1,4,0,3,8,0,6,2,7,4,5,7,0,3,0,2,8,1,1,3,0,1,0,2,0,2,5,3
244,0,1,1,4,0,1,10,3,6,2,6,2,5,7,0,0,3,2,2,2,1,2,3,2,5,3,3,2,5,11
244,0,2,1,1,0,3,9,3,6,2,6,2,5,7,0,0,3,2,8,2,1,2,0,1,1,2,0,2,5,10
446,4,1,1,1,0,3,5,3,5,2,2,4,5,3,0,0,0,2,8,1,1,2,2,1,0,1,1,2,0,9
182,3,2,2,1,1,3,8,0,5,2,7,1,5,0,2,0,3,2,8,2,1,2,3,2,5,3,0,2,5,9
182,3,1,1,4,0,3,5,3,5,2,6,4,5,0,0,0,3,2,8,2,1,2,0,1,0,2,3,2,5,12
235,5,0,1,4,0,4,8,3,0,3,6,2,5,1,0,0,3,2,8,2,1,11,3,2,5,3,7,5,5,10
235,5,1,1,1,0,2,3,3,4,3,9,2,5,1,0,0,3,2,8,2,1,2,0,1,1,2,0,2,5,9
164,5,1,1,4,0,1,17,4,6,3,7,4,5,0,0,0,3,2,8,3,3,11,2,1,3,0,0,2,6,1
164,5,0,2,4,0,3,7,3,2,3,9,2,5,0,0,0,3,2,8,3,3,2,3,2,5,3,0,2,5,9
164,5,1,1,4,0,4,17,0,6,3,6,2,5,0,0,0,3,2,8,3,3,3,0,1,1,2,7,2,5,1
164,5,1,1,4,2,1,10,3,2,3,6,4,5,0,0,0,3,2,8,3,3,2,3,2,5,3,7,5,5,3
991,6,0,1,4,0,3,13,3,3,3,7,4,5,7,0,0,3,2,8,3,1,2,2,1,1,1,0,2,5,1
991,6,0,1,6,0,1,5,3,0,2,7,7,3,7,0,0,3,2,6,3,1,3,0,0,4,2,7,2,5,10
991,6,2,1,4,0,1,5,3,1,3,6,1,3,7,0,0,3,2,2,3,1,2,3,2,5,3,7,2,5,9
145,0,2,1,2,0,1,11,3,6,2,9,2,5,7,0,3,3,8,8,3,1,9,3,2,5,3,3,2,5,3
145,0,2,1,4,0,0,0,3,6,2,7,2,5,7,0,3,3,8,8,3,1,2,2,0,4,2,3,2,5,10
145,0,1,1,2,0,2,0,1,1,3,9,4,5,7,0,3,3,8,2,3,1,2,0,1,0,2,7,2,5,12
186,4,1,1,1,0,1,0,3,6,2,2,2,5,0,0,0,3,2,8,2,1,11,3,2,5,3,0,2,5,1
186,4,1,1,4,0,0,11,0,6,2,9,2,5,0,0,0,3,2,8,2,1,2,0,0,4,2,2,2,5,9
99,3,3,1,1,0,0,4,3,6,2,6,1,5,0,0,3,3,2,8,3,4,2,0,1,1,2,1,2,5,5
99,3,0,1,2,0,5,8,0,4,2,9,2,5,0,0,3,3,2,6,3,4,2,3,2,5,3,0,2,5,1
99,3,1,1,4,2,2,4,3,5,2,7,1,5,0,0,3,3,2,6,3,4,2,0,1,1,2,0,2,5,12
99,3,1,2,4,0,0,8,3,5,3,4,2,5,0,0,3,3,2,1,3,4,7,2,1,1,2,1,2,6,0
64,1,2,1,4,0,1,13,3,5,3,2,2,5,1,0,3,3,2,8,1,1,2,3,2,5,3,0,2,5,3
728,4,1,1,4,0,2,4,3,1,2,9,4,3,0,0,0,2,0,8,2,1,3,0,1,4,1,0,2,5,11
728,4,1,1,7,4,6,17,4,6,3,14,2,5,0,0,0,2,0,8,2,1,2,3,2,5,3,0,2,5,11
445,0,2,1,7,4,6,17,4,6,3,14,2,5,3,0,3,0,2,1,2,2,2,0,1,1,2,0,2,5,1
445,0,1,1,4,0,1,5,3,0,2,6,4,5,3,0,3,0,2,1,2,2,2,3,2,5,3,7,2,5,6
149,5,2,1,4,0,3,7,3,3,2,5,2,7,7,0,3,3,2,8,2,1,2,0,1,1,2,7,2,5,0
149,5,1,1,4,2,3,7,3,3,2,2,2,3,7,0,3,3,2,8,2,1,2,0,1,3,1,7,2,5,0
967,5,2,1,7,4,6,0,3,6,2,6,7,7,7,0,0,3,2,8,3,3,9,3,2,5,3,7,2,5,4
967,5,0,1,1,2,3,7,3,3,3,2,2,3,7,0,0,3,2,2,3,3,2,0,1,0,2,7,2,5,0
967,5,1,1,7,4,6,0,4,6,3,6,7,7,7,0,0,3,2,8,3,3,2,1,0,4,2,7,2,5,5
418,5,0,1,4,2,2,10,0,6,2,6,4,5,1,0,3,0,2,2,1,1,3,3,2,5,3,7,5,5,11
463,6,4,0,4,2,3,5,3,0,2,12,2,5,0,0,0,0,2,8,1,1,2,0,0,0,2,3,5,5,0
1071,4,1,1,2,2,3,17,3,4,2,9,2,5,7,0,0,3,2,8,2,1,2,1,0,3,2,3,2,5,9
1071,4,2,1,7,4,6,0,3,6,2,6,7,7,7,0,0,3,2,2,2,1,2,1,1,4,2,7,2,5,10
476,0,1,1,1,0,2,17,3,5,2,11,7,5,7,0,0,0,2,8,2,1,4,3,2,5,3,7,5,5,1
476,0,4,0,1,2,3,5,3,5,2,7,2,5,7,0,0,0,2,8,2,1,2,1,1,4,2,0,2,5,12
535,5,0,2,4,2,4,17,3,5,2,9,4,5,7,0,3,0,3,2,2,3,2,3,2,5,3,7,5,5,9
535,5,1,1,4,2,1,5,3,5,2,6,4,5,7,0,3,0,3,2,2,3,2,0,1,1,2,7,5,5,16
535,5,1,1,4,2,1,15,3,5,2,6,4,5,7,0,3,0,3,8,2,3,2,3,2,5,3,7,5,5,0
535,5,1,1,2,2,2,5,3,5,2,9,4,5,7,0,3,0,3,8,2,3,2,0,0,3,1,2,2,5,1
200,0,1,1,4,2,6,5,3,5,2,6,4,5,3,0,0,3,2,8,2,2,2,0,1,0,1,1,2,5,16
200,0,0,2,7,2,4,7,3,5,2,6,4,5,3,0,0,3,2,8,2,2,10,3,2,5,3,3,2,5,14
990,6,2,1,1,2,3,14,3,5,2,6,6,5,1,0,3,3,4,8,1,1,3,2,0,3,1,0,2,5,13
242,5,3,1,1,2,4,14,3,5,2,6,2,5,1,0,3,3,2,8,1,1,10,0,0,0,2,7,5,5,12
369,1,1,1,4,2,2,5,3,5,2,7,4,5,5,0,3,1,2,8,2,2,2,3,2,5,3,2,2,5,1
369,1,1,1,4,2,2,5,3,5,2,7,2,5,5,0,3,1,2,8,2,2,10,3,2,5,3,7,5,5,9
1019,4,0,1,7,2,6,7,3,1,3,7,2,5,7,0,3,3,3,8,2,2,9,3,2,5,3,0,2,5,0
1019,4,2,1,4,0,0,0,3,1,3,9,1,5,7,0,3,3,3,8,2,2,2,1,0,1,2,0,2,5,11
1019,4,2,1,2,2,2,17,3,1,3,12,4,6,7,0,3,3,3,8,2,2,2,0,1,1,2,0,2,5,10
789,4,1,2,4,0,2,15,3,1,3,9,4,6,1,0,3,0,3,8,1,1,12,3,2,5,3,0,2,5,12
944,6,2,1,4,0,2,5,3,1,2,6,2,5,0,0,3,0,8,8,2,1,2,3,2,5,3,0,2,5,10
944,6,1,1,4,0,2,7,3,6,2,2,1,5,0,0,3,0,8,8,2,1,2,0,1,1,2,0,2,5,10
128,6,2,1,4,0,3,0,3,6,2,7,4,5,7,0,0,3,2,8,1,1,2,1,0,1,2,0,2,5,9
491,4,2,1,4,0,2,11,3,1,2,7,1,5,5,0,3,0,4,8,2,1,2,2,0,4,2,0,2,5,1
491,4,3,1,4,0,5,14,3,2,2,7,2,5,5,0,3,0,4,8,2,1,3,0,0,0,2,3,2,5,11
279,2,1,1,0,0,4,0,3,6,2,7,2,5,7,0,0,3,7,8,2,1,2,0,1,1,2,2,2,5,9
279,2,0,1,1,0,2,5,3,6,2,6,4,5,7,0,0,3,7,2,2,1,2,3,2,5,3,0,2,5,7
793,2,4,0,1,0,2,7,3,6,2,6,3,5,1,0,0,0,2,8,1,1,3,0,0,1,2,0,2,5,16
433,6,2,1,4,0,2,10,3,5,2,9,4,5,7,0,3,0,7,1,1,1,1,0,1,0,2,3,2,5,14
113,2,0,1,2,0,2,7,3,5,2,6,1,5,7,0,0,3,2,8,2,3,7,0,0,1,2,0,2,5,1
113,2,2,2,4,0,2,7,3,5,2,9,2,5,7,0,0,3,2,2,2,3,9,1,0,4,2,0,2,5,8
113,2,2,1,4,0,1,12,3,5,2,6,4,5,7,0,0,3,2,8,2,3,2,0,0,4,2,0,2,5,13
113,2,2,1,6,0,2,5,3,5,2,7,2,5,7,0,0,3,2,8,2,3,2,3,2,5,3,2,2,5,0
55,3,2,1,4,0,3,5,3,5,2,6,1,5,7,0,0,3,2,8,2,2,2,0,1,4,2,7,2,5,1
55,3,1,2,4,0,0,8,3,5,2,12,4,5,7,0,0,3,2,8,2,2,2,3,2,5,3,0,2,5,11
55,3,1,1,6,0,4,4,3,6,3,9,1,5,7,0,0,3,2,8,2,2,2,0,0,1,2,0,2,5,15
481,5,1,1,1,0,0,0,3,6,3,6,4,5,7,0,3,0,4,6,2,1,2,1,0,4,2,0,2,5,0
481,5,0,1,4,0,2,0,3,5,2,9,4,5,7,0,3,0,4,2,2,1,3,3,2,5,3,0,2,5,12
225,6,2,1,4,0,0,4,3,5,2,6,4,5,2,0,0,3,2,8,2,2,7,0,0,1,2,0,2,5,1
225,6,2,1,1,2,2,6,3,1,2,6,2,5,2,0,0,3,2,8,2,2,9,0,1,0,2,0,2,5,10
225,6,1,2,4,0,1,5,3,6,3,9,4,5,2,0,0,3,2,2,2,2,2,3,2,5,3,0,2,5,11
326,5,0,1,4,2,4,14,3,5,3,7,2,5,1,0,0,3,2,8,1,1,2,0,1,1,2,7,5,5,10
1065,4,2,1,6,0,2,0,3,3,3,4,4,5,7,0,0,3,2,8,1,1,2,0,0,0,2,0,2,5,12
132,1,4,0,6,0,2,7,3,5,3,6,2,5,7,0,0,3,2,8,3,1,2,0,1,3,2,0,2,5,13
132,1,0,2,4,0,2,7,1,5,3,1,2,5,7,0,0,3,2,8,3,1,2,0,1,0,2,3,2,5,3
132,1,0,1,4,0,1,15,3,0,2,9,2,5,7,0,0,3,2,8,3,1,2,1,1,0,2,0,2,5,0
68,6,3,1,4,0,3,0,3,3,3,9,4,5,1,0,3,3,2,8,2,2,2,0,1,4,2,7,5,5,3
68,6,3,1,4,0,2,3,3,2,3,2,4,3,1,0,3,3,2,1,2,2,2,3,2,5,3,6,2,5,0
68,6,1,1,4,0,3,3,3,2,3,9,4,5,1,0,3,3,2,8,2,2,2,3,2,5,3,0,2,5,12
506,4,0,2,4,0,1,5,3,5,2,14,7,5,7,0,0,0,2,2,2,1,2,0,1,1,2,7,5,5,10
506,4,1,1,4,0,4,5,3,2,2,7,4,5,7,0,0,0,2,8,2,1,2,0,1,4,2,0,2,5,1
506,0,1,1,4,0,4,4,3,5,3,7,3,5,7,0,0,0,2,8,2,1,2,3,2,5,3,2,2,5,1
506,0,0,1,4,2,2,0,3,5,2,2,3,5,7,0,0,0,2,8,2,1,2,3,2,5,3,2,2,5,2
136,0,1,1,4,0,1,15,0,6,2,7,3,5,7,0,0,3,2,8,1,2,2,3,2,5,3,3,2,5,10
136,0,1,1,1,0,4,7,3,5,2,2,3,5,7,0,0,3,2,8,1,2,2,2,1,0,2,0,2,6,1
944,6,2,1,4,0,1,0,3,5,2,2,2,5,1,5,3,0,3,8,2,1,2,3,2,5,3,0,2,5,0
944,6,1,1,4,0,2,0,3,3,2,7,4,5,1,0,3,0,3,8,2,1,2,3,2,5,3,0,2,5,7
6,1,0,1,2,0,3,0,0,2,2,7,4,5,7,0,3,0,2,8,2,1,2,0,1,1,2,7,5,5,13
6,1,1,1,2,0,3,0,3,2,2,12,7,5,7,0,3,0,2,8,2,1,2,3,2,5,3,7,5,5,13
580,2,0,0,4,0,2,11,3,3,2,9,4,5,2,0,3,0,2,2,2,1,2,0,1,0,2,0,2,5,10
580,2,1,1,1,0,0,4,4,0,2,7,2,5,2,0,3,0,2,8,2,1,2,3,2,5,3,2,2,5,12
535,6,1,2,1,0,2,5,3,3,2,6,4,5,7,0,0,0,2,2,2,1,2,0,0,0,2,0,2,5,16
535,6,3,1,4,0,2,5,3,3,2,9,4,5,7,0,0,0,2,8,2,1,2,1,0,4,2,7,5,5,11
141,4,4,0,4,0,0,14,3,3,2,7,1,3,1,0,3,3,2,8,2,1,2,2,0,4,2,0,2,5,10
141,4,0,1,4,2,2,7,3,3,2,9,2,5,1,0,3,3,2,10,2,1,2,3,2,5,3,0,2,5,1
740,0,0,1,2,2,3,0,3,2,2,9,4,5,1,0,0,0,2,1,1,1,2,0,1,0,1,1,2,5,3
963,1,0,1,7,2,4,8,3,6,2,9,2,5,1,0,3,3,2,8,1,1,2,3,2,5,3,7,5,5,1
939,0,1,1,6,2,2,6,3,0,2,7,7,5,7,0,0,3,2,8,2,1,2,0,0,1,2,4,2,5,16
939,0,1,1,0,0,3,0,3,2,2,7,4,5,7,0,0,3,2,8,2,1,2,0,1,0,2,0,2,5,13
766,2,4,0,2,0,4,8,3,2,2,7,1,5,7,0,0,0,2,1,2,1,2,0,1,1,2,3,2,5,4
766,2,0,1,4,0,0,6,3,0,2,3,4,5,7,0,0,0,2,2,2,1,2,1,0,4,2,3,2,5,2
317,6,2,1,4,0,3,14,3,1,2,9,4,5,7,0,0,3,2,10,2,1,2,3,2,5,3,0,2,5,19
317,6,1,1,4,2,3,5,3,2,2,9,1,5,7,0,0,3,2,8,2,1,2,0,1,0,2,7,5,5,1
418,6,4,0,4,0,3,15,3,2,2,9,4,5,7,0,3,0,3,10,2,1,11,3,2,5,3,0,2,5,10
418,6,1,1,4,0,5,0,3,0,2,7,2,5,7,0,3,0,3,10,2,1,2,0,0,1,2,0,2,5,13
369,5,0,1,4,0,0,3,3,0,2,6,2,5,0,0,0,3,2,10,1,1,2,2,0,3,1,3,2,5,12
222,2,1,1,3,2,0,0,3,1,2,7,7,5,3,0,0,3,2,8,2,1,7,2,0,0,2,0,2,5,0
222,2,0,1,4,2,4,9,3,5,2,6,0,5,3,0,0,3,2,8,2,1,2,2,0,4,2,7,2,1,11
175,0,2,1,4,2,0,4,3,5,2,9,2,5,3,0,0,3,2,2,2,1,2,3,2,5,3,0,2,5,16
175,0,0,1,4,2,1,8,3,5,2,6,0,1,3,0,0,3,2,2,2,1,2,0,0,3,0,7,5,5,3
334,0,2,1,5,2,2,5,3,6,2,6,0,5,1,0,0,3,2,8,4,5,2,3,2,5,3,0,2,5,12
334,0,1,1,5,2,3,7,1,5,2,7,0,5,1,0,0,3,2,8,4,5,2,0,1,1,2,7,5,5,11
334,0,1,1,4,2,1,0,3,5,2,6,2,5,1,0,0,3,2,8,4,5,9,3,2,5,3,3,3,5,1
334,0,1,1,1,2,3,3,3,5,2,6,6,5,1,0,0,3,2,8,4,5,2,0,1,0,2,0,2,5,3
334,0,1,1,6,2,2,4,0,5,3,6,1,5,1,3,0,3,2,8,4,5,2,1,1,0,2,0,2,5,1
829,2,3,1,7,2,6,3,3,5,3,7,4,5,1,0,0,0,2,6,2,3,2,1,1,0,2,2,2,5,1
829,2,3,1,4,2,2,0,3,5,3,9,6,5,1,0,0,0,2,8,2,3,2,0,1,3,2,7,5,5,0
829,2,3,1,4,2,4,15,3,1,2,9,2,1,1,0,0,0,2,2,2,3,2,3,2,5,3,7,5,5,17
829,2,0,1,4,2,1,15,3,2,3,2,2,5,1,0,0,0,2,1,2,3,2,3,2,5,3,2,2,5,3
187,6,2,1,1,0,1,3,3,2,3,7,2,5,1,0,0,3,2,8,2,1,9,2,1,0,2,0,2,1,10
187,6,0,1,4,0,1,4,3,5,3,9,2,5,1,0,0,3,2,8,2,1,2,3,2,5,3,0,2,5,3
1055,2,0,1,4,0,1,4,3,1,3,7,4,5,1,0,3,3,2,8,3,1,2,0,1,0,2,7,5,5,0
1055,2,1,1,4,0,2,3,3,1,3,9,4,5,1,0,3,3,2,8,3,1,7,3,2,5,3,0,2,5,12
1055,2,0,1,4,0,2,16,3,1,3,9,2,5,1,0,3,3,2,8,3,1,2,0,1,1,2,7,5,5,1
550,2,0,1,4,0,3,3,3,2,2,7,2,5,7,1,3,0,2,8,2,2,2,2,1,4,2,0,2,0,10
550,2,2,1,1,0,2,3,4,6,3,7,2,5,7,0,3,0,2,8,2,2,7,3,2,5,3,0,2,5,9
550,2,2,1,4,0,2,10,3,5,2,7,4,5,7,0,3,0,2,2,2,2,2,0,1,1,1,7,5,5,9
106,6,1,1,4,0,3,0,3,5,2,7,0,5,1,0,3,3,2,6,2,2,3,3,2,5,3,7,5,5,10
106,6,0,1,1,2,6,0,3,5,3,9,2,5,1,0,3,3,2,8,2,2,3,0,1,1,2,7,5,5,10
106,6,0,1,4,2,2,8,3,1,3,1,4,5,1,0,3,3,2,1,2,2,2,2,0,4,2,7,5,6,10
718,4,0,1,4,0,2,17,3,6,3,7,7,5,0,0,3,0,4,8,3,2,2,0,0,3,2,2,2,5,11
718,4,0,2,4,0,4,14,3,6,3,6,4,5,0,0,3,0,4,8,3,2,2,0,0,0,2,3,2,5,3
718,4,2,1,7,4,6,17,4,6,3,7,4,5,0,0,3,0,4,1,3,2,2,3,2,5,3,7,5,5,1
438,2,0,1,4,0,2,0,3,5,3,6,4,5,7,0,0,3,2,1,1,1,2,0,0,0,2,4,2,5,0
295,2,1,1,4,0,2,0,3,5,3,6,1,5,7,0,0,3,2,8,2,2,2,3,2,5,3,2,2,5,3
295,2,1,1,4,0,3,3,3,5,3,6,4,5,7,0,0,3,2,8,2,2,2,0,1,1,2,0,2,5,3
295,2,1,1,2,0,3,10,3,5,2,7,4,5,7,0,0,3,2,8,2,2,2,1,0,3,2,2,2,5,10
501,4,0,1,4,0,3,10,0,5,3,7,0,5,1,0,0,0,2,8,2,1,2,2,1,4,2,0,2,0,13
501,4,0,1,4,0,3,4,3,5,2,6,3,5,1,0,0,0,2,8,2,1,2,3,2,5,3,2,2,5,1
880,5,0,1,4,0,3,4,3,5,3,9,7,5,1,0,0,0,2,2,2,1,2,0,1,0,2,7,2,5,1
880,5,0,1,4,0,3,8,0,1,3,1,4,5,1,0,0,0,2,8,2,1,6,3,2,5,3,0,2,5,10
574,4,2,1,4,0,2,0,3,0,2,7,7,5,7,0,3,0,4,8,1,1,2,0,1,3,2,0,2,5,10
279,6,1,1,4,0,1,0,3,3,2,9,7,5,3,0,0,3,2,8,3,2,2,0,1,4,2,3,2,5,17
279,6,2,1,4,0,4,0,3,5,2,7,7,5,3,0,0,3,2,8,3,2,2,3,2,5,3,7,5,5,2
279,6,2,1,4,0,4,3,3,5,3,7,7,5,3,0,0,3,2,8,3,2,2,3,2,5,3,7,5,5,12
398,5,0,1,4,0,1,3,3,2,3,7,1,5,0,0,0,3,2,8,2,3,2,0,1,4,1,1,2,5,11
398,5,0,1,1,0,4,0,3,5,2,7,2,5,0,0,0,3,2,8,2,3,2,1,1,0,2,0,2,5,12
398,5,0,1,4,0,4,14,3,1,2,7,7,5,0,0,0,3,2,8,2,3,9,0,1,4,2,2,2,5,13
537,4,0,1,4,0,6,17,3,5,2,12,4,5,7,0,0,0,2,8,1,1,2,2,1,0,2,0,2,6,13
226,4,1,1,7,0,2,7,3,6,2,6,2,5,1,0,0,3,2,8,2,1,2,1,0,1,2,0,2,5,9
226,4,1,1,6,0,4,13,3,5,2,6,2,5,1,0,0,3,2,8,2,1,11,0,1,1,2,0,2,5,10
114,5,0,1,4,0,4,5,3,2,2,6,2,5,1,0,0,3,2,8,1,1,3,3,2,5,3,0,2,5,9
1009,0,0,1,4,0,0,8,3,5,2,12,6,5,7,0,3,3,2,8,3,2,2,0,1,0,2,0,2,5,12
1009,0,0,1,1,0,3,4,0,6,2,12,4,5,7,0,3,3,2,8,3,2,3,3,2,5,3,0,2,5,3
1009,0,0,1,1,0,3,5,3,6,2,6,2,5,7,0,3,3,2,8,3,2,9,3,2,5,3,0,2,5,10
466,6,0,1,1,0,4,6,3,6,2,6,2,5,1,0,0,3,2,2,3,3,2,0,1,0,2,0,2,5,13
466,6,1,1,2,0,1,0,0,3,2,12,2,5,1,0,0,3,2,8,3,3,2,1,1,4,2,7,2,5,1
466,6,1,1,4,0,1,0,3,0,2,14,2,5,1,0,0,3,2,8,3,3,11,1,1,4,2,7,2,5,10
1060,0,2,1,0,0,3,0,3,3,2,7,2,5,1,0,0,3,2,8,2,1,2,3,2,5,3,7,2,5,3
1060,0,1,1,4,0,1,14,3,4,2,7,4,5,1,0,0,3,2,8,2,1,2,3,2,5,3,7,2,5,10
1064,5,1,1,4,0,1,17,3,3,2,7,2,5,7,0,0,3,2,1,3,3,2,0,0,1,2,7,2,5,12
1064,5,1,1,2,0,0,11,3,5,2,9,4,5,7,0,0,3,2,8,3,3,2,1,0,0,2,7,2,5,1
1064,5,1,1,4,0,2,11,0,0,2,7,4,5,7,0,0,3,2,8,3,3,7,1,0,4,2,7,2,5,11
1064,5,0,1,4,0,4,14,3,0,2,7,4,5,7,0,0,3,2,8,3,3,2,3,2,5,3,7,2,5,12
516,4,0,1,4,0,4,0,3,6,2,4,4,5,7,0,0,3,2,8,1,1,2,0,1,3,2,0,5,5,0
520,5,1,1,1,0,6,2,3,6,2,1,4,5,0,0,3,3,8,8,1,1,2,0,1,0,2,0,5,5,18
568,3,1,1,4,0,4,0,3,3,2,2,2,5,1,0,0,3,2,8,3,1,9,3,2,5,3,0,2,5,4
568,3,2,1,4,0,0,5,3,6,3,6,2,5,1,0,0,3,2,8,3,1,7,0,0,3,2,0,2,5,3
568,3,3,1,1,0,1,0,3,6,3,7,2,5,1,0,0,3,2,8,3,1,2,0,1,3,2,0,2,5,4
160,4,2,1,2,0,0,10,3,6,3,6,4,5,7,0,0,3,2,1,2,1,2,3,2,5,3,7,2,5,3
160,4,1,1,4,0,2,13,3,6,3,6,2,5,7,0,0,3,2,8,2,1,9,0,1,1,2,0,2,5,11
535,4,0,1,4,0,4,0,3,6,3,7,2,5,1,0,0,3,2,8,2,1,3,3,2,5,3,0,2,5,3
535,4,1,1,2,0,3,10,3,3,3,9,4,5,1,0,0,3,2,8,2,1,2,1,0,0,2,3,2,5,1
619,0,4,0,1,2,2,17,3,3,3,6,7,7,1,0,0,3,2,8,1,3,2,3,2,5,3,0,2,5,9
619,0,4,0,1,0,4,5,3,3,2,9,7,5,1,0,0,3,2,2,1,3,2,0,0,1,2,0,2,5,3
619,0,4,0,4,0,2,5,4,6,3,12,2,5,1,0,0,3,2,8,1,3,7,1,0,4,2,3,2,5,1
241,3,1,1,1,2,2,9,3,3,2,6,2,2,1,0,0,3,2,8,1,1,2,3,2,5,3,7,5,5,3
145,0,0,1,4,0,1,5,3,2,2,7,7,5,5,0,0,3,2,8,2,4,2,0,1,1,2,0,2,5,3
145,0,0,1,4,0,3,5,3,3,2,7,4,5,5,0,0,3,2,8,2,4,2,3,2,5,3,2,2,5,3
145,0,0,1,4,0,2,9,3,3,2,2,7,5,5,0,0,3,2,8,2,4,6,1,0,3,2,0,2,5,1
145,0,1,2,2,0,0,11,3,6,2,6,2,5,5,0,0,3,2,8,2,4,2,3,2,5,3,3,2,5,1
423,6,2,1,1,0,2,0,3,6,2,7,2,5,7,0,3,3,8,8,2,1,2,2,1,3,2,0,2,6,3
423,6,1,1,1,0,1,8,3,6,2,6,2,6,7,0,3,3,8,2,2,1,11,3,2,5,3,0,2,5,16
655,2,0,1,4,0,4,14,3,6,2,6,2,5,0,0,0,0,2,8,2,1,2,0,1,3,2,7,5,5,1
655,2,1,1,4,0,4,7,3,3,2,6,2,2,0,0,0,0,2,8,2,1,2,1,0,3,2,0,2,5,10
543,4,0,1,4,0,2,17,3,3,2,2,4,2,7,0,0,3,7,8,1,1,8,3,2,5,3,0,2,5,13
551,5,2,1,4,2,2,0,3,3,2,6,4,1,1,0,0,3,2,8,2,1,2,2,1,4,1,7,5,6,1
551,5,1,1,1,0,0,14,3,2,2,7,0,1,1,0,0,3,2,6,2,1,5,3,2,5,3,7,5,5,1
1069,1,2,1,4,0,6,8,3,6,3,7,2,5,1,0,0,3,2,8,2,2,2,0,1,1,2,0,2,5,16
1069,1,2,1,1,0,3,5,3,2,2,2,5,7,1,1,0,3,2,8,2,2,7,3,2,5,3,0,2,5,13
535,4,0,1,4,2,0,0,3,0,3,12,4,5,1,0,0,3,2,2,1,1,2,0,0,1,2,7,5,5,4
65,3,1,1,7,4,6,17,4,6,3,2,2,5,3,0,0,3,2,8,2,1,2,0,1,0,2,7,5,5,16
65,3,1,1,4,0,3,5,3,3,3,6,4,5,3,0,0,3,2,8,2,1,11,3,2,5,3,0,2,5,12
172,3,1,2,1,2,1,5,3,1,2,7,7,5,5,0,0,3,2,8,2,3,2,0,1,4,2,0,2,5,9
172,3,1,1,4,0,2,5,3,3,3,2,2,4,5,3,0,3,2,2,2,3,3,0,1,3,1,7,5,5,13
172,3,2,1,4,0,4,8,0,0,2,7,0,5,5,0,0,3,2,2,2,3,2,3,2,5,3,7,5,5,12
300,3,0,1,4,0,2,8,0,3,3,7,0,5,7,0,0,3,2,8,2,2,3,3,2,5,3,0,2,5,11
300,3,1,1,2,0,3,0,1,2,2,6,2,1,7,0,0,3,2,8,2,2,2,0,1,3,2,0,2,5,1
300,3,1,1,4,0,2,7,1,3,2,7,2,5,7,0,0,3,2,2,2,2,2,2,1,4,2,7,5,1,1
958,0,0,1,1,0,0,17,3,1,2,7,2,5,7,0,0,3,2,2,2,1,11,3,2,5,3,0,5,5,1
958,0,0,1,4,0,6,0,0,6,2,9,2,5,7,0,0,3,2,8,2,1,2,3,2,5,3,0,2,5,4
654,2,0,1,1,0,0,6,3,1,2,6,2,5,7,0,0,0,2,8,3,2,2,0,1,1,1,0,2,5,0
654,2,1,1,4,2,0,0,3,1,2,2,1,5,7,0,0,0,2,8,3,2,2,2,0,4,2,0,2,3,9
654,2,1,1,0,2,0,0,3,0,2,14,4,5,7,0,0,0,2,2,3,2,9,2,0,4,1,0,2,3,2
654,2,0,1,4,2,2,9,3,3,3,0,7,3,7,0,0,0,2,8,3,2,2,3,2,5,3,7,5,5,9
99,5,1,1,0,0,0,0,3,3,2,9,6,5,7,0,0,3,2,3,2,1,2,0,0,3,2,4,2,5,10
99,5,0,1,4,0,3,11,3,2,2,6,4,5,7,0,0,3,2,8,2,1,2,0,1,0,2,7,5,5,13
437,0,0,1,4,0,0,5,3,6,2,1,7,9,1,0,0,3,2,2,2,1,7,1,1,1,1,7,5,5,12
437,0,1,1,4,0,2,11,0,6,2,6,7,6,1,2,0,3,2,8,2,1,1,3,2,5,3,7,2,5,1
414,6,0,2,4,0,1,17,3,2,2,4,7,5,7,0,0,3,2,8,2,1,2,2,1,4,1,0,2,2,13
414,6,0,1,7,4,6,17,4,6,3,14,6,9,7,5,0,3,2,8,2,1,1,0,1,0,2,0,2,5,10
592,3,0,1,4,0,1,0,3,6,2,9,4,5,1,5,0,0,2,8,1,1,2,0,1,4,2,7,5,5,3
954,2,0,1,4,0,1,0,0,3,2,9,7,5,0,0,0,3,2,8,2,1,2,1,0,0,2,7,5,5,10
954,2,0,1,4,0,3,5,3,0,2,4,7,5,0,2,0,3,2,3,2,1,2,0,1,0,2,7,5,5,9
967,6,2,1,4,0,0,0,3,1,2,9,4,5,1,0,3,3,2,3,3,1,2,3,2,5,3,7,5,5,10
967,6,1,1,0,2,0,10,3,5,2,9,7,5,1,0,3,3,2,0,3,1,2,0,1,0,2,0,2,5,9
967,6,0,1,0,0,5,0,3,6,2,6,4,5,1,2,3,3,2,0,3,1,2,0,1,1,2,0,2,5,11
522,2,4,0,4,0,0,11,3,1,2,6,0,0,7,0,0,3,2,0,1,1,2,3,2,5,3,0,2,5,0
518,4,0,1,4,0,2,5,3,3,2,6,7,5,7,0,0,3,2,0,1,1,2,0,0,0,2,2,2,5,10
1009,3,1,1,4,0,3,0,3,0,2,6,4,0,0,0,0,3,2,0,2,1,2,1,1,4,2,0,2,5,13
1009,3,1,1,4,0,3,4,3,6,2,6,1,5,0,0,0,3,2,0,2,1,3,1,1,4,2,7,5,5,10
700,4,3,1,4,2,2,10,3,6,2,6,4,5,0,0,0,0,2,0,2,2,2,3,2,5,3,0,2,5,11
700,4,3,1,1,0,1,10,3,6,2,6,7,5,0,0,0,0,2,0,2,2,2,3,2,5,3,0,2,5,9
526,4,1,1,4,0,1,17,3,3,2,9,7,5,7,0,0,3,7,0,2,1,2,0,1,0,1,5,2,5,11
526,4,3,1,4,0,4,3,3,2,2,9,1,5,7,0,0,3,7,0,2,1,2,2,0,3,1,0,2,5,10
711,2,0,1,4,0,1,5,3,6,2,7,1,5,0,0,0,0,2,0,2,2,2,1,0,0,2,0,2,5,11
711,2,0,1,4,0,1,4,3,2,2,2,4,5,0,0,0,0,2,0,2,2,2,3,2,5,3,0,2,5,9
463,0,2,1,1,0,2,5,3,6,2,1,7,5,1,0,3,3,4,5,2,1,2,3,2,5,3,0,2,5,16
463,0,1,1,4,0,3,9,3,6,3,4,4,5,1,0,3,3,4,6,2,1,2,0,1,0,2,1,2,5,0
992,3,0,1,7,4,6,17,4,6,3,9,7,9,7,1,3,3,2,0,2,1,2,0,1,0,2,0,2,5,1
992,3,2,1,4,0,1,15,3,3,2,9,7,8,7,0,3,3,2,6,2,1,2,0,0,0,2,3,2,5,16
204,1,0,1,4,0,2,17,3,1,2,6,0,5,1,0,3,3,2,0,2,1,2,3,2,5,3,0,2,5,14
204,1,1,1,0,0,1,0,3,1,2,0,4,5,1,0,3,3,2,0,2,1,2,0,1,1,2,0,2,5,13
246,3,1,1,7,4,6,17,4,6,3,13,7,5,7,0,0,3,2,8,2,4,2,3,2,5,3,7,5,5,12
246,3,1,1,7,0,0,5,3,6,2,4,7,5,7,0,0,3,2,4,2,4,2,3,2,5,3,0,2,5,1
246,3,3,1,4,0,1,0,3,6,2,9,3,5,7,0,0,3,2,3,2,4,2,2,1,1,2,7,5,3,9
246,3,3,1,4,0,3,0,0,4,2,9,4,5,7,0,0,3,2,3,2,4,2,1,1,0,2,7,5,5,0
443,2,0,1,4,0,4,5,3,2,2,7,4,5,5,0,0,3,2,6,1,1,2,3,2,5,3,7,2,5,11
398,3,1,1,4,0,1,0,0,6,2,9,7,5,1,0,0,3,2,0,1,1,7,3,2,5,3,0,2,5,10
1014,5,1,1,4,0,4,0,3,0,2,10,4,1,0,0,0,3,2,0,1,1,2,3,2,5,3,0,2,5,12
513,6,0,1,2,0,2,0,3,1,2,10,4,1,7,0,0,3,2,4,2,2,2,0,0,0,2,0,2,5,10
513,6,1,1,0,0,0,15,3,6,2,6,0,5,7,0,0,3,2,3,2,2,2,0,0,1,2,0,2,5,10
513,6,1,1,4,0,4,17,3,1,2,9,4,1,7,0,0,3,2,0,2,2,11,0,0,1,2,0,2,5,9
958,0,2,1,7,4,6,17,3,6,3,9,7,5,0,0,0,3,2,0,2,1,2,0,1,1,2,0,2,5,1
958,0,1,1,2,0,4,0,3,6,1,5,7,5,0,0,0,3,2,1,2,1,2,3,2,5,3,1,2,5,11
458,4,0,1,2,0,4,8,3,3,3,9,7,5,1,0,0,3,2,8,1,1,2,0,0,1,2,7,2,5,9
360,5,1,1,7,4,6,17,3,2,0,2,7,5,0,0,3,3,2,8,2,1,2,3,2,5,3,0,2,5,7
360,5,1,1,2,0,1,0,3,6,2,6,4,5,0,0,3,3,2,1,2,1,2,3,2,5,3,7,5,5,16
8,3,4,0,4,0,3,9,3,5,2,6,2,7,0,0,0,0,2,8,2,1,2,0,0,4,2,3,2,5,14
8,3,3,1,4,0,3,10,0,6,2,6,2,0,0,3,0,0,2,2,2,1,11,0,1,4,2,7,5,5,1
428,4,0,1,4,0,2,4,3,1,3,7,4,7,1,0,0,3,2,8,2,1,3,3,2,5,3,3,2,5,8
428,4,0,1,4,0,0,14,3,1,3,7,4,5,1,0,0,3,2,8,2,1,2,0,0,3,1,7,5,5,13
309,6,0,1,5,0,4,12,3,5,2,9,2,5,1,0,0,3,2,8,2,1,9,0,1,4,2,3,2,5,0
309,6,1,1,4,0,4,14,3,6,3,7,2,5,1,0,0,3,2,6,2,1,9,3,2,5,3,7,5,5,1
985,0,2,1,2,0,1,0,3,4,3,7,4,6,3,0,0,3,2,8,2,1,7,0,0,0,2,7,5,5,11
985,0,1,1,4,2,0,0,3,2,3,7,2,5,3,0,0,3,2,8,2,1,7,3,2,5,3,3,2,5,15
334,4,1,2,4,0,2,7,0,2,2,7,4,5,0,0,0,3,2,8,2,1,7,3,2,5,3,1,2,5,0
334,4,0,1,1,0,1,15,3,1,2,7,0,6,0,0,0,3,2,1,2,1,3,2,0,4,2,2,2,6,12
945,4,0,0,1,2,2,0,3,6,2,7,2,5,7,0,0,3,2,8,2,1,2,3,2,5,3,1,2,5,1
945,4,1,1,4,0,3,14,3,1,3,2,2,5,7,0,0,3,2,2,2,1,2,0,0,0,2,7,5,5,10
455,1,1,2,4,0,2,0,3,2,3,7,4,5,0,0,3,3,2,8,2,2,2,2,0,3,1,1,2,6,11
455,1,1,1,2,0,2,9,1,1,3,4,2,5,0,0,3,3,2,6,2,2,2,2,1,4,2,7,5,6,10
456,4,0,1,4,0,2,17,3,6,2,9,0,5,7,0,0,3,2,8,2,4,2,3,2,5,3,1,2,5,12
456,4,1,1,4,0,3,0,0,3,2,7,2,5,7,0,0,3,2,8,2,4,2,3,2,5,3,1,2,5,13
456,4,1,1,4,4,0,5,3,6,2,6,2,5,7,3,0,3,2,8,2,4,2,0,1,0,2,1,2,5,3
456,4,1,1,4,0,1,17,3,6,2,4,5,5,7,0,0,3,2,8,2,4,2,3,2,5,3,0,2,5,0
432,0,0,1,4,0,0,11,3,0,2,4,0,5,3,0,0,3,2,8,3,3,2,0,0,0,2,0,2,5,3
432,0,3,1,7,4,6,17,3,6,2,7,2,5,3,0,0,3,2,2,3,3,2,3,2,5,3,4,2,5,0
432,0,0,1,1,0,2,9,1,3,3,3,2,5,3,0,0,3,2,8,3,3,2,0,1,0,2,0,2,5,12
99,3,2,1,4,0,2,9,3,5,3,6,1,5,0,2,0,3,2,8,2,1,2,3,2,5,3,3,2,5,10
99,3,1,1,4,0,3,0,3,1,2,2,4,5,0,0,0,3,2,2,2,1,2,0,1,1,2,7,5,5,1
724,3,4,0,4,0,1,17,1,2,2,3,4,7,1,0,0,0,2,2,3,4,2,3,2,5,3,7,5,5,1
724,3,2,1,4,2,3,0,3,3,2,6,7,5,1,5,0,0,2,8,3,4,2,3,2,5,3,0,2,5,2
724,3,2,1,4,0,1,5,3,1,2,7,2,0,1,3,0,0,2,8,3,4,2,0,1,3,2,0,2,5,10
724,3,3,1,1,1,2,9,3,0,3,6,4,5,1,0,0,0,2,8,3,4,2,0,1,4,2,0,2,5,1
724,3,3,1,1,0,2,4,3,1,3,6,2,7,1,5,0,0,2,8,3,4,2,1,1,4,1,0,2,5,0
818,3,1,1,4,4,2,0,3,6,2,7,0,3,1,0,0,0,2,2,1,1,2,1,1,4,2,7,5,5,7
757,1,0,1,4,0,2,0,3,0,2,6,4,6,7,2,0,0,2,8,2,2,2,3,2,5,3,0,2,5,13
757,1,0,1,1,0,3,0,3,6,2,9,4,5,7,0,0,0,2,8,2,2,2,3,2,5,3,3,2,5,13
169,1,1,2,4,4,4,1,3,5,3,7,2,5,1,0,3,3,4,8,2,2,9,0,1,4,2,3,2,5,10
169,1,0,1,4,0,2,9,3,1,3,6,0,5,1,0,3,3,4,8,2,2,7,0,1,0,2,3,2,5,12
132,6,2,1,1,0,0,4,3,2,3,6,4,7,0,0,0,3,2,8,2,2,3,0,1,1,2,0,2,5,16
132,6,1,1,7,4,6,17,4,6,3,6,7,5,0,0,0,3,2,8,2,2,2,2,1,0,1,2,2,0,11
132,6,1,1,4,0,3,17,3,2,2,7,2,6,0,2,0,3,2,2,2,2,3,3,2,5,3,7,5,5,10
223,5,1,1,2,2,1,0,3,6,2,2,4,5,0,0,0,3,2,8,2,1,2,0,1,3,2,3,2,5,1
223,5,0,1,4,0,0,4,3,5,2,4,4,5,0,0,0,3,2,1,2,1,2,2,0,4,0,2,2,6,3
428,1,0,2,4,0,0,5,3,0,2,6,0,5,0,0,0,3,2,2,2,1,2,2,1,4,2,7,5,6,1
428,1,1,1,0,2,1,8,3,5,2,2,4,5,0,0,0,3,2,2,2,1,2,0,0,1,2,7,5,5,16
1009,1,1,1,7,4,6,4,3,6,3,6,4,5,1,0,0,3,2,8,2,1,2,0,1,3,2,0,2,5,13
1009,1,1,1,1,2,1,14,3,6,2,6,7,5,1,0,0,3,2,6,2,1,11,3,2,5,3,7,5,5,4
647,2,1,1,4,0,0,7,3,6,3,9,2,5,7,0,0,3,2,8,3,2,2,0,1,0,2,0,2,5,2
647,2,0,1,7,2,2,7,3,2,3,6,2,5,7,0,0,3,2,8,3,2,11,0,1,0,1,0,2,5,19
647,2,0,1,4,0,4,4,3,2,3,9,4,5,7,0,0,3,2,8,3,2,2,1,0,0,1,0,2,5,1
965,1,1,1,4,0,1,17,3,1,3,6,0,5,7,0,3,3,4,8,2,2,3,1,0,4,0,0,2,5,10
965,1,1,1,4,0,2,0,3,1,2,6,0,5,7,0,3,3,4,8,2,2,2,0,1,0,2,3,2,5,13
448,0,1,1,4,0,3,5,4,6,2,7,2,5,1,2,0,3,2,8,2,1,2,2,0,1,2,3,2,6,12
448,0,0,1,1,0,1,7,3,5,2,7,2,5,1,0,0,3,2,8,2,1,3,2,1,3,2,0,2,5,0
958,0,0,1,1,2,3,5,3,3,2,9,2,5,1,0,0,3,2,8,2,2,2,3,2,5,3,0,2,5,11
958,0,1,2,4,0,0,0,3,5,3,2,2,5,1,0,0,3,2,2,2,2,9,0,1,1,2,7,5,5,16
958,0,1,1,4,0,2,8,0,5,2,2,0,5,1,0,0,3,2,8,2,2,2,0,0,3,2,0,2,5,3
755,0,4,0,4,0,1,5,3,1,2,9,0,5,1,4,0,0,2,8,2,1,2,3,2,5,3,0,2,5,12
755,0,1,1,4,0,1,10,3,6,2,6,2,6,1,3,0,0,2,8,2,1,11,3,2,5,3,0,2,5,11
1055,4,1,1,4,0,1,3,3,2,2,6,2,6,1,3,0,3,2,8,2,1,2,0,1,3,1,7,2,5,1
1055,4,2,1,4,0,1,0,3,1,3,9,2,5,1,0,0,3,2,1,2,1,2,0,0,0,2,7,5,5,9
443,2,1,1,4,0,3,0,3,2,3,2,7,5,7,0,0,3,2,8,1,1,2,0,1,4,2,0,2,5,16
418,5,0,1,4,0,3,7,3,6,3,7,2,5,7,2,0,3,2,8,2,1,2,0,0,1,2,0,2,5,0
418,5,1,1,1,0,2,17,3,6,3,6,2,5,7,0,0,3,2,8,2,1,7,3,2,5,3,3,2,5,1
245,4,0,1,7,0,6,3,3,6,3,7,2,5,1,0,0,3,2,8,2,1,2,3,2,5,3,0,2,5,16
245,4,2,1,7,0,1,9,3,6,3,7,2,5,1,0,0,3,2,8,2,1,3,0,1,1,2,0,2,5,14
41,5,1,1,1,0,2,9,3,6,3,14,6,5,7,0,0,3,2,8,1,1,2,3,2,5,3,0,2,5,13
290,6,0,2,4,0,2,7,0,1,3,9,2,9,7,2,0,3,2,2,2,1,2,0,1,1,2,7,5,5,12
290,6,2,1,4,0,3,7,3,4,3,2,4,5,7,0,0,3,2,8,2,1,2,0,0,1,2,0,2,5,1
393,5,0,2,4,0,2,7,4,6,3,7,4,5,1,0,0,3,2,8,2,1,2,0,0,0,2,0,2,5,9
393,5,1,1,4,0,3,9,3,5,3,7,1,5,1,0,0,3,2,8,2,1,2,3,2,5,3,3,2,5,0
169,4,0,1,1,0,4,5,3,5,2,9,2,5,7,0,0,3,2,8,2,1,9,0,1,3,2,7,2,5,11
169,4,1,1,1,0,2,7,3,5,3,6,1,5,7,0,0,3,2,8,2,1,2,3,2,5,3,7,5,5,10
384,5,1,1,1,0,0,9,3,5,2,4,2,5,7,0,0,3,2,8,2,1,2,0,1,0,2,0,2,5,12
384,5,2,1,1,0,2,7,0,6,2,9,0,5,7,0,0,3,2,8,2,1,3,3,2,5,3,0,2,5,10
464,6,0,1,1,0,2,4,3,6,2,6,5,5,1,0,0,3,2,8,1,1,2,2,1,1,2,0,2,6,10
356,6,2,1,1,0,1,7,3,1,3,7,6,5,1,0,0,3,2,6,1,1,2,2,1,0,1,7,5,5,9
1024,0,2,1,1,0,2,7,3,5,3,2,7,5,1,0,0,3,2,8,1,1,2,1,0,0,2,0,2,5,1
982,5,1,1,7,4,2,7,3,3,3,4,6,5,1,2,0,3,2,8,2,3,4,3,2,5,3,3,2,5,11
982,5,1,1,4,0,3,8,3,5,2,1,1,5,1,0,0,3,2,8,2,3,2,0,1,0,2,3,2,5,9
982,5,1,1,4,0,3,0,3,5,2,0,4,5,1,0,0,3,2,2,2,3,2,2,1,0,2,7,5,4,7
939,4,0,1,1,0,4,7,3,5,2,7,2,5,1,0,0,3,2,8,2,4,9,0,1,4,2,7,2,5,16
939,4,0,1,1,0,2,5,3,5,3,7,2,5,1,0,0,3,2,8,2,4,3,3,2,5,3,0,2,5,14
939,4,0,1,1,2,2,10,3,5,2,4,2,9,1,2,0,3,2,8,2,4,2,2,1,0,2,0,2,5,1
939,4,1,1,1,0,1,0,0,1,3,7,2,5,1,0,0,3,2,2,2,4,2,0,1,3,2,7,5,5,8
565,1,0,2,1,0,3,8,0,6,3,6,7,5,0,0,3,3,4,8,1,1,2,0,0,0,2,0,2,5,13
550,6,0,1,1,0,1,5,3,5,3,14,7,5,1,0,0,3,2,8,1,1,7,1,0,3,2,3,2,5,0
418,0,1,1,4,0,3,9,3,6,3,6,2,5,0,0,0,3,2,8,2,6,2,1,0,4,2,3,2,5,1
418,0,1,1,4,0,4,7,3,6,3,6,4,5,0,0,0,3,2,8,2,6,2,0,1,1,1,3,2,5,11
418,0,1,1,4,0,1,5,1,5,3,7,7,5,0,0,0,3,2,2,2,6,2,2,0,0,1,7,5,3,15
418,0,1,1,1,0,2,8,0,1,3,7,7,5,0,0,0,3,2,8,2,6,6,2,0,3,1,3,2,6,0
418,0,1,1,1,0,2,7,3,5,2,7,4,5,0,0,0,3,2,8,2,6,2,3,2,5,3,3,2,5,12
418,0,0,1,1,0,0,5,3,3,3,7,7,5,0,4,0,3,2,8,2,6,2,0,1,4,2,0,1,5,1
241,2,1,1,1,0,6,12,4,6,3,9,4,5,7,0,0,3,2,8,2,1,11,3,2,5,3,0,2,5,10
241,2,0,1,4,0,0,0,3,1,2,2,4,5,7,0,0,3,2,8,2,1,2,0,0,0,2,3,2,5,11
443,0,0,1,7,0,2,0,3,1,3,6,0,5,0,0,0,3,2,1,2,1,2,1,0,1,2,3,2,5,10
443,0,1,1,1,2,0,14,3,1,3,2,7,5,0,0,0,3,2,8,2,1,8,0,1,0,2,0,2,5,12
1069,6,0,1,4,0,2,7,3,1,3,7,2,5,1,0,0,3,2,8,2,1,2,0,1,0,2,0,2,5,13
1069,6,1,1,4,0,1,5,3,6,3,14,7,5,1,0,0,3,2,2,2,1,5,2,1,4,1,7,5,6,3
361,0,0,1,4,0,1,5,3,0,3,12,7,3,0,0,3,3,4,8,2,1,2,0,1,0,2,0,2,5,0
361,0,3,1,4,0,2,3,3,2,3,6,2,6,0,2,3,3,4,8,2,1,7,3,2,5,3,0,2,5,3
736,4,0,1,4,2,4,14,3,4,3,7,7,3,1,0,0,2,2,1,1,2,2,2,1,4,1,4,2,5,0
736,4,0,1,2,0,4,9,3,5,3,6,4,5,1,0,0,2,2,8,1,2,2,0,1,4,2,1,2,5,12
255,4,0,1,4,0,6,0,3,6,3,7,4,5,0,0,0,3,2,8,3,1,11,3,2,5,3,0,2,5,10
255,4,2,1,4,0,4,9,3,1,3,7,2,5,0,0,0,3,2,1,3,1,2,2,1,4,1,2,2,3,1
255,4,0,1,4,0,1,5,3,6,3,6,4,5,0,0,0,3,2,1,3,1,3,3,2,5,3,7,2,5,1
451,6,2,1,4,0,1,0,3,6,2,7,0,5,1,0,0,3,2,1,2,1,2,0,1,3,2,7,5,5,2
451,6,2,0,4,0,2,5,3,6,3,2,7,5,1,0,0,3,2,2,2,1,3,2,0,1,2,7,5,6,10
280,4,2,1,1,0,2,5,3,6,2,6,2,5,7,0,0,3,3,8,2,4,2,0,0,0,2,1,5,5,1
280,4,2,1,7,2,2,8,3,3,2,6,2,5,7,0,0,3,3,8,2,4,2,3,2,5,3,0,5,5,0
280,4,3,1,4,0,2,7,3,1,3,7,4,7,7,0,0,3,3,8,2,4,11,3,2,5,3,0,5,5,7
280,4,3,1,4,2,2,0,3,1,3,9,4,5,7,0,0,3,3,8,2,4,2,0,1,1,1,0,5,5,13
379,6,4,0,3,0,1,0,3,5,2,9,4,5,7,0,0,3,2,8,2,1,2,0,1,0,1,3,2,5,13
379,6,0,1,4,0,2,4,3,2,1,14,2,5,7,0,0,3,2,8,2,1,2,3,2,5,3,0,2,5,10
642,4,0,1,4,0,4,1,3,5,1,7,7,5,7,0,0,0,2,1,2,2,9,3,2,5,3,2,2,5,12
642,4,3,1,4,0,0,0,3,5,2,6,6,3,7,0,0,0,2,2,2,2,2,0,1,0,1,7,5,5,16
85,1,2,1,1,0,1,5,0,5,2,12,0,5,2,2,0,3,2,8,2,1,2,3,2,5,3,0,2,5,11
85,1,2,1,1,0,1,4,3,5,2,7,2,3,2,0,0,3,2,8,2,1,2,0,0,1,2,3,2,5,10
651,2,1,1,1,0,2,4,3,2,2,7,2,8,7,5,0,3,2,8,2,1,7,1,1,4,2,3,2,5,1
651,2,3,1,4,0,2,0,0,5,2,2,2,5,7,0,0,3,2,8,2,1,1,0,0,0,2,3,2,5,3
398,2,0,1,7,4,6,17,4,6,3,6,6,6,0,0,0,3,2,9,2,1,2,1,0,0,2,7,4,5,1
398,2,1,1,4,0,3,0,3,6,3,7,2,6,0,0,0,3,2,8,2,1,1,3,2,5,3,0,0,5,16
1024,0,1,1,4,0,3,10,0,6,2,9,0,5,7,0,0,3,2,8,2,3,2,0,1,4,2,0,2,5,13
1024,0,1,1,4,2,3,9,3,6,3,6,2,5,7,0,0,3,2,8,2,3,2,3,2,5,3,3,2,5,4
1024,0,1,1,4,0,7,7,3,6,3,6,4,5,7,0,0,3,2,8,2,3,2,0,0,3,2,0,2,5,2
1024,0,2,1,4,0,2,0,3,4,3,6,2,5,7,0,0,3,2,8,2,3,2,3,2,5,3,0,2,5,19
414,3,1,1,4,0,1,0,1,0,3,2,6,5,0,0,0,3,2,8,3,1,2,3,2,5,3,0,2,5,1
414,3,1,1,1,0,2,10,3,6,3,6,2,5,0,0,0,3,2,8,3,1,2,0,0,4,1,0,2,5,10
414,3,1,1,4,0,1,10,3,0,3,6,2,6,0,3,0,3,2,8,3,1,2,3,2,5,3,0,2,5,13
223,4,0,1,2,2,2,0,3,6,3,6,2,6,0,0,0,3,2,8,2,2,2,0,1,1,1,0,2,5,12
223,4,1,2,4,0,3,7,3,2,2,6,2,5,0,0,0,3,2,1,2,2,2,0,1,3,1,7,2,5,0
977,6,0,1,4,0,1,8,3,6,2,7,2,5,1,0,3,3,2,2,3,2,3,3,2,5,3,1,2,5,11
977,6,0,1,1,0,1,5,3,6,2,9,0,5,1,0,3,3,2,2,3,2,2,0,0,1,1,7,5,5,16
977,6,1,1,2,2,3,0,3,6,2,2,4,5,1,0,3,3,2,8,3,2,2,2,1,4,1,0,2,0,3
259,5,0,1,1,0,0,0,3,6,2,7,2,5,1,0,0,3,2,8,2,1,2,3,2,5,3,3,2,5,12
259,5,0,1,4,0,3,5,3,6,2,1,2,5,1,0,0,3,2,8,2,1,2,0,0,1,2,3,2,5,11
305,6,1,1,7,4,6,17,4,6,3,14,6,5,1,0,0,3,2,8,2,1,2,0,0,1,2,7,5,5,1
305,6,1,1,4,2,2,7,3,5,2,4,4,6,1,0,0,3,2,8,2,1,2,3,2,5,3,3,2,5,3
1057,3,0,1,0,0,2,0,3,6,2,7,2,5,1,0,0,3,2,2,3,1,2,3,2,5,3,7,5,5,1
1057,3,0,1,4,0,2,0,3,5,3,7,7,5,1,0,0,3,2,8,3,1,2,0,1,1,2,3,2,5,1
1057,3,0,1,4,0,3,0,3,2,2,2,7,5,1,0,0,3,2,8,3,1,2,3,2,5,3,0,2,5,0
50,5,2,1,4,0,0,0,3,2,2,2,4,5,0,0,0,3,2,8,1,1,2,0,1,1,2,3,2,5,17
265,2,0,1,4,0,1,5,3,6,2,7,2,5,1,0,0,3,2,8,2,1,2,1,1,4,2,3,2,5,3
265,2,0,1,4,0,4,7,3,6,2,7,1,5,1,0,0,3,2,8,2,1,2,1,0,4,2,3,2,5,10
124,2,0,1,4,0,3,8,0,1,3,1,2,5,0,0,0,3,2,8,2,1,2,3,2,5,3,0,2,5,3
124,2,2,1,4,0,0,14,3,1,3,7,4,5,0,0,0,3,2,1,2,1,2,0,1,0,1,1,2,5,0
179,3,0,1,0,0,2,7,3,2,3,6,4,5,1,4,0,3,2,1,1,1,2,2,1,0,1,7,2,5,12
381,0,0,1,4,0,2,8,3,2,2,2,2,5,7,0,0,3,2,2,2,1,2,3,2,5,3,7,5,5,1
381,0,1,2,1,2,4,14,3,1,3,6,2,5,7,0,0,3,2,1,2,1,2,0,0,3,2,7,5,5,10
209,0,0,1,7,4,6,5,4,6,2,6,4,7,0,0,3,3,2,8,2,2,7,1,1,3,2,7,5,5,9
209,0,1,1,4,0,3,0,3,1,2,7,4,5,0,0,3,3,2,8,2,2,2,3,2,5,3,3,2,5,9
1029,5,0,1,4,4,6,17,0,6,3,9,2,5,1,0,0,3,2,8,2,2,2,0,0,1,2,0,2,5,10
1029,5,1,1,4,0,0,0,3,1,2,6,2,6,1,0,0,3,2,2,2,2,2,1,1,3,1,7,5,5,10
731,0,3,1,4,2,1,0,3,1,3,9,7,5,1,0,3,0,4,2,1,2,11,1,1,4,2,7,5,5,10
731,0,3,1,7,0,7,16,3,5,2,9,2,5,1,4,3,0,4,8,1,2,2,2,1,0,2,0,2,0,11
1046,6,3,2,4,0,3,17,3,6,2,7,0,5,7,0,0,3,2,8,2,1,2,0,1,0,2,0,2,5,3
1046,6,1,1,4,2,1,14,3,6,2,3,1,5,7,0,0,3,2,8,2,1,2,3,2,5,3,3,2,5,1
985,0,1,1,4,0,2,0,0,6,2,7,4,5,7,0,0,3,2,8,2,1,2,0,1,0,2,0,2,5,0
985,0,0,1,4,0,1,0,3,6,2,7,4,5,7,0,0,3,2,8,2,1,2,3,2,5,3,0,2,5,3
443,6,1,1,4,0,0,0,3,6,2,1,1,6,1,0,0,3,2,8,2,1,2,0,1,1,2,3,2,5,3
443,6,1,1,4,0,2,8,3,6,2,7,4,5,1,0,0,3,2,8,2,1,11,3,2,5,3,3,2,5,10
43,4,1,1,4,0,1,5,3,6,2,7,4,5,1,0,0,3,2,8,2,1,3,0,1,3,2,0,2,5,13
43,4,2,1,1,0,2,5,3,6,2,7,4,5,1,0,0,3,2,8,2,1,2,2,1,4,2,3,2,5,1
360,1,0,1,0,2,2,0,3,4,2,6,2,5,1,5,0,3,2,2,2,1,9,3,2,5,3,7,5,5,1
360,1,0,1,4,0,1,5,3,1,2,7,2,6,1,4,0,3,2,2,2,1,9,0,1,0,2,7,5,5,10
360,5,1,1,4,0,1,5,3,6,2,9,2,5,7,0,0,3,2,1,1,1,7,3,2,5,3,7,5,5,10
448,4,0,1,4,0,1,5,3,2,2,7,4,5,7,0,0,3,2,8,2,3,7,0,1,1,2,3,2,5,17
448,4,0,1,4,0,2,5,3,5,2,7,4,5,7,0,0,3,2,8,2,3,7,2,1,3,2,0,2,3,2
448,4,0,1,4,0,0,0,3,6,3,2,4,5,7,0,0,3,2,8,2,3,3,3,2,5,3,1,2,5,12
448,4,0,1,4,2,1,0,3,0,0,6,4,5,7,1,0,3,2,8,2,3,2,2,0,3,2,0,2,3,11
270,0,0,1,2,2,1,0,3,3,2,12,7,5,7,5,0,3,2,8,2,1,2,3,2,5,3,0,2,5,12
270,0,1,1,7,0,6,10,3,1,2,7,4,5,7,0,0,3,2,8,2,1,2,0,1,3,2,0,2,5,13
516,0,3,1,4,2,0,0,3,0,2,6,4,5,0,0,0,3,2,8,3,1,2,0,1,0,2,0,2,5,13
516,0,2,1,4,4,4,10,3,0,2,9,7,3,0,0,0,3,2,8,3,1,2,0,1,0,2,0,2,5,9
516,0,0,1,2,0,0,10,3,0,2,4,1,5,0,0,0,3,2,8,3,1,2,3,2,5,3,0,2,5,10
114,2,1,1,0,0,0,0,3,1,2,7,4,5,1,2,0,3,2,1,1,1,2,0,1,0,2,1,2,5,9
721,0,1,1,4,0,3,4,3,0,2,9,4,5,7,0,0,0,2,1,2,1,2,3,2,5,3,0,2,5,12
721,0,0,1,2,0,0,0,3,0,2,1,2,5,7,0,0,0,2,8,2,1,2,3,2,5,3,1,2,5,3
708,5,2,1,4,0,1,5,3,5,1,6,7,5,1,0,0,0,2,8,2,1,9,0,1,3,2,3,2,5,10
708,5,0,1,0,1,1,7,3,6,2,5,2,5,1,0,0,0,2,8,2,1,2,0,0,0,2,0,2,5,13
299,5,0,1,2,0,3,8,3,0,2,5,2,5,7,0,0,3,2,8,2,1,3,0,0,0,2,0,2,5,1
299,5,1,1,1,0,2,4,3,0,2,5,4,5,7,0,0,3,2,8,2,1,2,1,0,4,2,3,2,5,10
251,4,2,1,2,0,0,6,0,4,2,5,4,5,7,0,0,3,2,8,1,1,2,2,1,4,2,3,2,2,3
313,1,1,1,2,0,2,8,3,6,2,5,7,3,3,0,0,3,2,8,2,1,3,3,2,5,3,0,2,5,10
313,1,3,1,2,0,1,4,3,6,2,12,7,3,3,0,0,3,2,8,2,1,2,0,1,0,2,0,2,5,12
985,4,1,1,4,0,0,4,3,3,2,5,2,5,7,0,0,3,2,8,2,1,2,3,2,5,3,3,2,5,1
985,4,0,1,0,0,3,0,3,6,2,5,4,5,7,0,0,3,2,8,2,1,12,0,1,1,2,3,2,5,11
567,5,0,1,0,0,1,0,3,6,2,5,2,0,1,3,3,0,4,8,2,3,3,3,2,5,3,0,2,5,12
567,5,0,1,1,0,2,7,3,1,2,5,2,7,1,0,3,0,4,8,2,3,3,0,1,1,2,0,2,5,0
567,5,0,1,1,0,0,7,3,1,2,6,4,7,1,0,3,0,4,8,2,3,2,0,0,3,2,0,2,5,18
172,0,2,1,4,0,6,0,3,1,2,5,4,7,0,0,0,3,2,8,2,1,11,1,1,3,2,0,2,5,4
172,0,0,1,7,4,6,15,3,6,2,5,4,7,0,0,0,3,2,8,2,1,2,3,2,5,3,7,5,5,3
448,5,1,1,1,0,2,7,3,1,2,5,4,5,7,0,0,3,2,8,2,2,2,0,1,1,2,7,2,5,4
448,5,2,1,4,0,1,15,3,6,2,6,4,5,7,0,0,3,2,8,2,2,2,1,0,3,2,0,2,5,3
131,2,2,1,4,0,2,4,3,6,2,1,4,5,0,0,0,3,2,8,2,1,3,1,0,3,2,7,5,5,11
131,2,0,1,2,0,1,0,3,3,2,6,4,5,0,0,0,3,2,8,2,1,2,3,2,5,3,7,5,5,3
260,4,2,1,4,0,0,7,3,1,2,7,2,6,1,0,0,3,2,8,2,1,2,3,2,5,3,7,5,5,1
260,4,2,1,4,0,0,0,3,3,2,9,2,5,1,0,0,3,2,8,2,1,2,0,1,0,2,0,2,5,9
370,6,1,1,4,0,2,0,3,3,2,9,7,5,0,0,0,3,2,2,2,1,2,3,2,5,3,7,5,5,3
370,6,0,1,3,0,7,0,3,6,2,9,4,5,0,0,0,3,2,2,2,1,2,0,0,4,2,7,5,5,1
343,0,1,1,4,0,2,0,3,3,2,7,4,5,3,0,0,3,2,8,2,2,7,3,2,5,3,0,2,5,3
343,0,1,1,4,0,0,5,3,6,2,6,2,5,3,0,0,3,2,8,2,2,2,0,1,1,2,0,2,5,3
343,0,0,1,4,0,1,7,3,6,3,7,2,5,3,0,0,3,2,8,2,2,2,1,0,1,2,0,2,5,3
428,6,0,1,4,0,3,8,3,3,3,7,7,5,1,0,0,3,2,8,2,1,2,2,1,3,1,0,2,6,1
428,6,3,1,4,2,2,8,3,2,3,6,2,5,1,0,0,3,2,2,2,1,2,3,2,5,3,7,5,5,1
180,2,0,1,2,0,0,0,3,4,3,2,7,5,1,0,0,3,2,8,2,2,2,0,1,3,2,0,2,5,3
180,2,1,1,4,0,3,3,3,5,2,7,2,5,1,0,0,3,2,2,2,2,2,1,0,3,2,7,5,5,16
180,2,1,1,4,0,0,0,3,6,3,7,1,5,1,0,0,3,2,2,2,2,2,3,2,5,3,7,5,5,1
369,5,0,1,4,0,1,10,3,6,3,6,0,5,0,0,3,3,2,1,1,1,2,2,1,4,2,7,5,6,10
1004,4,4,1,4,0,3,5,3,6,3,6,1,6,1,4,0,3,2,8,2,1,12,2,0,4,2,7,5,5,13
1004,4,0,1,4,0,1,10,3,6,3,6,4,5,1,5,0,3,2,2,2,1,2,2,1,0,1,7,5,1,1
421,0,1,1,1,0,2,7,3,6,2,6,0,5,1,0,0,2,2,8,1,1,2,0,1,0,2,0,2,5,1
453,1,0,1,7,4,6,5,3,5,3,14,2,5,7,0,0,3,2,8,2,1,2,0,1,4,2,0,2,5,16
453,1,1,1,1,0,0,5,3,4,3,6,4,5,7,0,0,3,2,8,2,1,2,1,1,0,2,0,2,5,13
303,2,0,1,1,0,2,3,3,5,3,7,6,5,7,0,0,3,2,8,1,1,2,1,1,0,2,0,2,5,4
1032,4,0,1,1,0,2,8,3,6,3,7,0,5,7,0,0,3,2,8,2,1,2,1,1,4,2,0,2,5,16
1032,4,1,1,4,0,0,8,0,5,3,7,2,5,7,0,0,3,2,8,2,1,2,3,2,5,3,0,2,5,12
944,5,2,1,4,0,2,5,3,6,3,6,6,5,0,0,0,3,2,2,1,1,2,0,1,0,2,7,5,5,9
167,3,0,1,4,0,2,5,3,6,3,6,6,5,5,0,0,3,2,8,2,2,2,3,2,5,3,0,2,5,13
167,3,0,1,4,0,1,0,3,6,3,6,2,5,5,0,0,3,2,2,2,2,2,0,1,0,2,7,5,5,12
167,3,0,1,4,0,0,7,0,6,2,6,2,5,5,0,0,3,2,8,2,2,2,2,1,3,2,0,2,1,11
500,1,0,1,4,0,2,17,3,1,3,2,4,5,1,0,0,0,2,8,1,1,2,3,2,5,3,0,2,5,1
936,4,0,2,4,0,4,7,0,6,3,6,2,5,7,0,3,0,2,8,2,1,2,3,2,5,3,0,2,5,1
936,4,2,1,4,0,2,0,0,5,3,9,2,5,7,4,3,0,2,2,2,1,9,0,1,0,2,7,5,5,1
506,6,1,1,4,2,2,8,3,6,3,12,2,5,3,0,0,3,7,2,2,1,7,0,1,4,2,7,5,5,4
506,6,1,1,7,2,2,0,3,5,3,6,4,5,3,0,0,3,7,8,2,1,3,3,2,5,3,0,2,5,0
649,0,1,1,4,0,2,9,3,2,3,7,4,5,0,0,3,0,2,8,2,1,2,3,2,5,3,0,2,5,9
649,0,1,1,2,0,1,0,3,6,3,7,0,5,0,0,3,0,2,8,2,1,3,0,0,0,2,0,2,5,2
436,1,0,1,0,0,2,7,0,6,2,7,0,5,1,0,0,0,5,8,2,1,2,2,1,3,2,0,2,5,9
436,1,1,1,4,0,3,9,3,2,2,7,2,5,1,0,0,0,5,8,2,1,2,0,0,1,2,3,2,5,10
102,6,2,1,4,0,4,14,3,5,2,6,0,6,7,0,3,3,2,8,2,1,2,3,2,5,3,3,2,5,13
102,6,1,1,1,0,2,5,3,6,3,6,2,5,7,0,3,3,2,8,2,1,2,3,2,5,3,0,2,5,12
521,4,1,1,1,0,1,5,3,6,3,6,6,6,7,0,3,0,4,2,2,1,2,0,1,0,2,7,5,5,1
521,4,1,1,4,0,1,5,3,6,3,6,6,6,7,4,3,0,4,2,2,1,11,3,2,5,3,7,5,5,13
45,3,2,1,4,0,0,0,3,6,3,6,1,5,7,0,0,3,2,2,2,1,2,3,2,5,3,7,5,5,10
45,3,1,1,4,0,1,5,4,6,3,6,2,5,7,0,0,3,2,8,2,1,11,0,0,0,2,0,2,5,3
48,2,0,1,4,0,1,17,3,6,3,6,6,5,7,5,0,3,2,8,2,1,2,3,2,5,3,7,2,5,10
48,2,1,1,4,0,3,9,3,2,3,7,4,5,7,0,0,3,2,8,2,1,3,0,1,0,2,0,2,5,9
434,0,0,1,2,0,4,0,3,6,2,7,2,5,7,0,0,0,2,8,2,1,2,0,1,1,2,0,2,5,10
434,0,1,1,4,0,1,14,4,1,2,9,2,5,7,0,0,0,2,1,2,1,2,2,1,1,2,7,5,5,9
560,0,2,1,2,0,3,0,3,6,2,7,2,5,7,2,0,0,2,1,1,1,3,1,0,3,2,3,2,5,11
309,4,0,1,4,0,3,5,3,2,2,7,2,5,1,0,0,3,2,8,3,1,2,3,2,5,3,0,2,5,0
309,4,1,2,2,0,2,7,0,6,2,7,2,5,1,0,0,3,2,8,3,1,9,2,0,0,2,0,2,5,10
309,4,4,0,4,0,3,8,3,2,3,7,4,5,1,0,0,3,2,8,3,1,2,3,2,5,3,0,2,5,13
458,6,1,1,4,0,0,17,3,6,3,4,4,5,1,0,0,0,2,8,2,1,2,0,1,0,1,0,2,5,10
458,6,1,1,4,0,1,5,3,2,3,4,4,5,1,0,0,0,2,8,2,1,11,2,0,0,2,0,2,1,11
128,3,0,1,1,0,1,0,3,6,2,2,0,5,2,0,3,3,2,8,2,1,2,2,1,4,1,0,2,5,9
128,3,1,1,1,1,2,10,3,6,2,7,4,5,2,0,3,3,2,8,2,1,2,3,2,5,3,0,2,5,11
270,3,0,1,4,0,2,0,3,3,3,7,4,5,1,0,0,3,2,8,2,1,2,0,1,0,2,0,2,5,10
270,3,1,1,2,2,2,5,3,5,2,6,4,5,1,0,0,3,2,8,2,1,2,0,0,1,2,0,2,5,11
326,2,2,1,4,0,3,9,3,5,2,6,4,5,5,0,3,3,2,8,1,2,7,3,2,5,3,0,2,5,3
326,2,2,1,4,0,4,6,0,4,3,9,2,5,5,0,3,3,2,2,1,2,2,2,1,4,2,7,5,1,7
381,0,0,1,4,1,4,9,3,5,2,4,4,5,1,0,0,0,2,6,4,3,3,0,0,3,2,3,2,5,3
381,0,1,1,4,0,3,5,3,6,2,6,4,5,1,0,0,0,2,8,4,3,2,0,1,3,2,3,2,5,0
381,0,2,1,2,2,2,0,3,6,2,7,4,5,1,0,0,0,2,8,4,3,2,0,1,4,2,0,2,5,12
381,0,1,1,1,2,2,5,3,6,3,7,2,5,1,0,0,0,2,8,4,3,2,0,0,3,2,0,2,5,1
124,3,1,1,4,0,1,14,3,6,2,9,4,5,7,0,3,3,2,8,2,1,2,1,0,1,2,3,2,5,1
124,3,2,1,4,0,1,8,3,6,3,6,2,5,7,0,3,3,2,8,2,1,2,3,2,5,3,3,2,5,10
448,4,1,1,0,0,2,0,1,6,3,9,7,5,7,2,3,0,2,2,1,1,9,0,1,0,2,7,5,5,10
971,4,2,1,4,2,1,0,3,6,3,6,2,5,1,0,0,3,2,2,2,2,2,2,1,3,0,1,2,1,0
971,4,2,1,7,4,6,17,4,6,3,2,2,5,1,0,0,3,2,8,2,2,2,3,2,5,3,7,5,5,1
971,4,0,1,4,0,1,7,1,2,3,9,2,5,1,0,0,3,2,2,2,2,3,0,1,0,2,7,5,5,12
418,5,4,0,4,0,2,0,3,3,3,12,7,5,0,0,3,0,2,8,2,1,2,3,2,5,3,7,5,5,0
418,5,1,1,4,0,1,10,3,2,3,3,7,3,0,0,3,0,2,8,2,1,2,0,1,1,2,0,2,5,12
419,6,1,1,1,0,0,10,3,1,3,7,4,5,7,0,3,2,2,8,3,1,2,0,1,1,2,0,2,5,9
419,6,1,1,2,0,6,0,3,6,3,12,0,5,7,0,3,2,2,8,3,1,4,3,2,5,3,0,2,5,18
419,6,0,1,4,2,0,9,3,3,2,7,7,5,7,0,3,2,2,8,3,1,2,3,2,5,3,0,2,5,10
869,5,2,1,4,0,1,9,3,2,3,4,4,5,7,0,0,0,2,8,2,1,2,3,2,5,3,0,2,5,10
869,5,0,1,4,0,0,5,3,5,2,2,2,5,7,0,0,0,2,1,2,1,9,1,0,0,2,3,2,5,10
653,1,0,1,1,0,3,0,3,6,2,6,2,5,5,2,3,0,2,8,2,1,3,3,2,5,3,3,2,5,0
653,1,0,1,4,0,1,8,3,6,2,7,2,5,5,0,3,0,2,2,2,1,2,0,0,0,2,3,2,5,12
657,5,0,1,4,0,1,8,3,6,2,6,0,5,1,0,3,0,2,8,1,1,2,2,1,3,1,3,2,5,2
408,5,1,1,4,0,1,5,3,6,2,6,0,5,7,0,0,0,2,2,1,1,2,3,2,5,3,7,5,5,16
1045,1,2,1,4,0,1,0,0,6,2,6,0,5,1,0,0,3,2,8,2,1,7,0,1,1,2,3,2,5,13
1045,1,0,1,1,0,1,14,3,6,2,9,0,5,1,0,0,3,2,8,2,1,2,2,0,4,1,3,2,5,0
639,0,2,1,4,0,1,6,3,6,2,6,0,5,5,0,3,0,2,1,2,1,2,2,0,1,2,3,2,4,11
639,0,0,1,1,0,2,17,3,1,3,7,4,5,5,0,3,0,2,8,2,1,2,1,0,1,2,0,2,5,0
317,5,0,1,1,0,1,7,3,1,3,4,1,9,1,0,3,3,4,8,2,1,6,1,0,0,2,7,5,5,10
317,5,2,1,4,0,3,0,3,6,2,7,1,5,1,3,3,3,4,8,2,1,2,2,0,4,1,0,2,5,9
393,6,0,1,4,0,3,0,3,6,2,6,0,5,1,0,3,0,2,8,3,2,2,2,1,3,2,0,2,0,0
393,6,0,1,2,0,3,17,0,5,3,6,2,5,1,0,3,0,2,1,3,2,11,2,0,3,1,3,2,0,13
393,6,0,1,4,0,2,11,0,6,2,14,0,5,1,0,3,0,2,8,3,2,2,2,1,1,2,0,2,5,10
393,6,0,1,4,2,1,0,3,6,3,7,6,5,1,0,3,0,2,8,3,2,2,3,2,5,3,0,2,5,9
340,5,1,1,1,0,0,7,3,5,3,6,0,5,1,0,3,3,3,8,1,1,8,0,1,1,2,7,5,5,10
325,6,0,1,4,0,1,0,3,6,2,6,2,5,7,0,3,0,2,8,1,1,2,2,0,4,2,0,2,5,0
739,4,2,1,4,0,2,7,3,2,3,6,4,5,1,0,3,0,2,2,2,1,5,2,0,3,1,0,2,5,0
739,4,3,1,7,4,6,5,3,6,3,7,4,5,1,0,3,0,2,8,2,1,2,2,0,3,1,0,2,1,11
526,4,2,1,1,2,2,8,3,6,2,7,4,5,7,0,3,0,2,8,4,3,7,0,1,3,2,0,2,5,0
526,4,1,1,2,1,3,10,3,6,2,1,4,5,7,0,3,0,2,8,4,3,2,1,0,3,0,0,2,5,3
526,4,1,1,4,0,3,0,3,6,2,2,4,5,7,0,3,0,2,8,4,3,2,3,2,5,3,3,2,5,3
526,4,1,1,4,0,0,8,2,0,2,1,7,5,7,0,3,0,2,2,4,3,11,3,2,5,3,7,5,5,11
526,4,4,0,2,2,6,0,3,2,2,12,7,5,7,0,3,0,2,8,4,3,2,2,1,4,2,3,2,1,7
526,4,4,0,4,0,1,5,3,6,2,2,0,5,7,0,3,0,2,8,4,3,3,0,1,0,1,0,2,5,10
423,5,2,1,4,0,2,0,3,2,3,6,6,5,7,0,0,0,2,8,3,1,2,3,2,5,3,7,5,5,0
423,5,1,1,4,0,1,5,3,1,3,9,1,3,7,0,0,0,2,8,3,1,3,3,2,5,3,7,5,5,12
423,5,1,1,4,0,3,5,3,6,2,7,1,5,7,0,0,0,2,8,3,1,2,1,0,1,2,0,2,5,10
91,1,1,1,1,0,2,5,3,6,2,7,4,5,7,0,3,3,2,8,1,1,2,3,2,5,3,0,2,5,11
466,5,2,1,4,0,2,10,0,0,2,4,1,5,1,0,3,0,2,8,1,1,11,0,1,4,2,0,2,5,11
752,5,2,1,0,0,0,0,0,0,2,2,7,3,7,0,3,0,4,8,1,1,2,3,2,5,3,3,2,5,12
496,5,0,1,1,0,3,7,1,0,2,6,7,5,1,2,3,0,8,8,3,1,2,3,2,5,3,0,2,5,3
496,5,1,1,1,0,2,7,3,5,2,6,4,5,1,0,3,0,8,8,3,1,2,3,2,5,3,3,2,5,1
496,5,0,1,1,0,1,7,3,6,3,6,0,5,1,0,3,0,8,8,3,1,9,0,1,4,2,0,2,5,0
540,2,1,1,1,0,1,0,3,1,3,7,2,5,1,0,0,2,7,2,2,1,2,3,2,5,3,0,2,5,9
540,2,0,1,4,0,2,7,3,6,3,6,4,5,1,0,0,2,7,2,2,1,2,3,2,5,3,7,5,5,3
95,3,0,1,4,0,0,5,3,6,2,7,0,5,7,0,0,3,2,2,2,1,2,0,1,1,2,7,5,5,4
95,3,3,1,4,0,2,9,3,3,2,4,2,5,7,0,0,3,2,1,2,1,7,2,1,4,2,3,2,5,4
491,3,1,1,4,0,2,5,3,6,2,9,7,5,7,0,3,0,2,8,1,1,1,0,1,4,2,0,2,5,11
972,0,0,1,0,0,2,9,3,6,2,7,2,5,2,3,0,0,0,8,2,1,2,1,1,4,2,0,2,5,0
972,0,0,1,4,0,3,5,3,2,3,7,1,5,2,0,0,0,0,1,2,1,1,3,2,5,3,3,2,5,1
580,4,4,0,1,0,1,7,3,0,2,7,1,5,1,0,0,0,2,8,2,1,2,3,2,5,3,0,2,5,3
580,4,1,1,4,0,2,5,3,6,3,7,4,5,1,0,0,0,2,8,2,1,2,3,2,5,3,0,2,5,10
506,5,2,1,7,4,6,17,4,6,3,7,2,5,7,4,0,0,0,8,1,1,2,0,0,1,2,7,2,5,7
485,1,1,1,4,0,2,11,0,4,2,9,7,3,7,0,3,0,0,8,2,1,2,3,2,5,3,0,2,5,5
485,1,0,1,4,0,6,5,3,6,2,6,2,5,7,0,3,0,0,8,2,1,2,0,1,3,2,3,2,5,1
454,3,0,1,4,0,6,7,3,6,3,6,2,5,0,0,3,0,2,8,1,1,2,2,0,1,2,3,2,5,3
570,0,0,1,4,0,0,7,3,5,2,7,2,5,0,0,3,0,2,2,2,2,2,2,1,3,2,7,2,5,9
570,0,1,1,0,2,2,0,3,3,2,7,1,5,0,0,3,0,2,1,2,2,2,1,0,4,0,3,2,5,18
75,1,2,1,4,0,1,5,3,6,2,6,2,5,7,0,0,3,2,8,2,1,2,0,1,0,0,0,2,5,1
75,1,1,1,4,2,2,8,3,1,3,6,4,5,7,0,0,3,2,8,2,1,3,1,1,0,1,0,2,5,3
972,5,0,1,2,0,1,0,3,6,2,7,2,5,1,0,0,3,2,2,1,1,2,1,1,4,1,7,2,5,12
339,4,0,1,4,0,3,17,3,6,2,7,2,5,7,0,3,3,2,8,2,1,2,3,2,5,3,0,2,5,9
339,4,0,1,4,0,4,7,0,5,3,9,2,5,7,0,3,3,2,8,2,1,2,0,1,1,2,0,2,5,0
1032,2,1,1,4,0,4,0,3,0,2,7,4,5,0,0,3,3,2,8,2,2,2,3,2,5,3,0,2,5,17
1032,2,2,1,7,2,6,14,3,6,2,6,4,5,0,0,3,3,2,8,2,2,2,0,1,4,2,3,2,5,10
428,6,2,1,4,0,1,7,3,1,2,6,4,5,7,0,3,2,4,8,2,1,2,1,0,3,2,0,2,5,3
428,6,1,1,7,4,6,17,4,6,3,7,4,5,7,0,3,2,4,8,2,1,2,3,2,5,3,0,2,5,10
393,1,1,1,1,0,5,12,3,5,3,7,6,5,7,3,0,3,2,8,2,2,2,3,2,5,3,7,2,5,0
393,1,1,1,4,0,3,17,3,3,3,7,4,5,7,0,0,3,2,8,2,2,2,3,2,5,3,0,2,5,11
543,6,0,1,4,2,3,7,3,6,2,6,6,5,7,0,3,0,4,2,2,6,2,0,1,0,2,7,5,5,10
543,6,1,1,4,0,3,5,3,3,2,6,2,5,7,0,3,0,4,2,2,6,2,3,2,5,3,7,5,5,10
543,6,1,1,4,0,3,5,3,6,2,7,2,3,7,4,3,0,4,2,2,6,2,0,1,4,2,7,5,5,0
543,6,1,1,4,2,2,5,3,3,2,2,7,5,7,0,3,0,4,8,2,6,2,2,0,4,2,3,2,0,10
543,6,1,1,4,0,4,14,0,6,2,4,4,5,7,4,3,0,4,1,2,6,2,3,2,5,3,3,2,5,0
543,6,1,1,4,0,1,5,1,1,3,7,4,5,7,0,3,0,4,8,2,6,2,0,1,1,1,0,2,5,10
543,6,1,1,4,0,6,0,3,2,2,7,2,5,7,0,3,0,4,1,2,6,2,1,0,3,2,3,2,5,10
1014,0,0,1,0,0,0,0,3,0,3,6,4,7,1,0,3,3,2,8,2,1,2,3,2,5,3,0,2,5,10
1014,0,0,1,4,0,0,8,3,5,2,7,1,5,1,0,3,3,2,1,2,1,7,0,1,1,2,3,2,5,0
260,6,0,1,4,0,0,15,3,5,2,1,4,3,0,0,3,3,3,8,2,1,2,3,2,5,3,1,2,5,1
260,6,3,2,5,0,2,17,0,5,2,7,2,3,0,0,3,3,3,8,2,1,2,3,2,5,3,0,2,5,9
410,1,1,1,4,0,3,0,0,2,2,2,2,5,7,0,3,0,3,8,2,1,2,0,1,1,2,0,2,5,1
410,1,0,1,4,0,3,17,3,6,3,9,4,5,7,0,3,0,3,8,2,1,11,3,2,5,3,0,2,5,10
76,2,0,1,4,0,2,3,3,2,2,6,2,9,2,0,3,3,2,8,2,1,2,0,1,1,2,0,2,5,16
76,2,1,1,4,0,1,9,3,1,2,7,2,5,2,0,3,3,2,8,2,1,2,0,1,4,1,0,2,5,13
356,0,1,1,4,0,4,8,0,1,3,6,4,5,7,0,3,3,2,8,1,1,2,3,2,5,3,0,2,5,13
718,5,0,1,4,0,0,17,3,6,3,6,7,5,1,0,0,0,2,8,3,2,2,0,1,0,1,3,2,5,1
718,5,0,1,4,0,2,7,3,6,2,7,1,0,1,0,0,0,2,8,3,2,2,0,1,1,2,3,2,5,11
718,5,0,1,4,0,4,5,3,6,2,9,4,5,1,0,0,0,2,8,3,2,2,3,2,5,3,3,2,5,12
718,5,1,1,1,0,2,0,3,6,2,1,1,5,1,0,0,0,2,8,3,2,11,2,0,1,2,0,2,6,0
438,4,2,1,4,0,1,8,3,6,2,2,4,5,1,0,2,0,1,8,2,1,3,3,2,5,3,7,2,5,0
438,4,0,1,4,0,2,5,3,6,2,7,1,5,1,0,2,0,1,6,2,1,2,0,1,3,2,7,2,5,16
52,3,1,1,1,0,2,5,3,6,2,7,4,5,1,0,0,3,2,2,2,1,9,3,2,5,3,3,2,5,10
52,3,2,1,4,0,3,3,3,5,2,7,2,5,1,0,0,3,2,8,2,1,9,0,0,1,2,0,2,5,12
527,5,0,1,4,0,0,11,0,6,2,9,7,5,1,0,0,2,2,8,1,1,7,0,0,0,2,1,2,5,1
1060,6,0,1,2,0,4,11,3,3,2,12,7,5,7,0,3,3,4,8,2,1,7,3,2,5,3,2,2,5,0
1060,6,1,1,1,0,3,0,3,3,2,2,2,5,7,2,3,3,4,1,2,1,7,0,1,0,2,0,2,5,10
666,1,3,1,2,2,0,0,3,3,2,7,7,5,0,0,0,0,2,1,2,1,3,0,1,0,2,0,2,5,3
666,1,1,1,4,0,1,0,3,4,3,7,2,5,0,0,0,0,2,8,2,1,2,2,1,4,2,0,2,6,11
1050,2,0,1,7,0,2,7,3,1,3,6,4,5,3,0,0,3,2,8,3,3,2,0,1,1,2,7,2,5,3
1050,2,0,1,2,2,1,9,3,1,3,6,2,5,3,0,0,3,2,1,3,3,2,0,1,0,2,1,2,5,9
1050,2,0,1,2,0,3,0,3,1,2,7,4,5,3,0,0,3,2,1,3,3,2,0,1,1,2,7,2,5,10
1041,6,1,1,4,0,0,14,3,4,2,3,4,5,1,0,0,3,2,1,2,2,2,0,1,4,2,7,2,5,10
1041,6,2,1,1,0,0,0,3,1,3,7,4,5,1,0,0,3,2,8,2,2,2,1,0,4,2,7,2,5,10
614,0,3,1,2,0,0,0,3,6,3,7,2,5,0,0,0,0,2,2,2,1,2,3,2,5,3,7,5,5,0
614,0,0,1,0,0,2,0,3,6,3,7,4,5,0,0,0,0,2,8,2,1,2,0,1,0,2,0,2,5,0
66,6,1,1,7,4,6,17,4,6,3,7,0,5,1,0,0,3,2,8,1,1,2,1,1,0,2,3,2,5,9
513,4,3,1,4,0,2,17,0,6,2,7,2,6,7,3,3,0,2,2,1,1,9,3,2,5,3,7,5,5,1
969,5,0,1,1,2,2,8,3,3,2,3,2,5,5,0,0,3,2,8,2,2,2,0,1,3,1,0,2,5,12
969,5,1,1,1,0,2,16,4,3,2,7,2,5,5,2,0,3,2,8,2,2,3,3,2,5,3,0,2,5,9
969,5,1,1,2,2,2,8,3,6,2,7,1,5,5,0,0,3,2,8,2,2,2,1,1,4,1,0,2,5,3
890,0,2,1,4,0,2,7,3,1,2,7,2,6,7,0,3,0,2,8,2,1,2,1,0,4,1,0,2,5,3
890,0,1,1,4,2,0,14,3,6,3,6,2,5,7,0,3,0,2,1,2,1,3,3,2,5,3,3,2,5,5
471,2,2,1,4,0,1,8,3,5,3,9,2,5,2,2,0,0,2,6,1,1,2,3,2,5,3,7,5,5,11
746,1,2,1,4,2,2,5,3,1,2,7,2,5,1,0,3,0,2,8,2,2,2,0,1,0,2,7,5,5,12
746,1,0,1,4,2,3,5,3,5,3,9,2,5,1,0,3,0,2,8,2,2,12,1,0,4,2,0,2,5,3
584,0,0,1,2,0,2,0,3,5,3,7,4,5,1,0,0,2,2,8,1,1,3,1,0,0,2,0,2,5,9
1060,6,2,1,2,2,1,0,3,1,3,9,0,5,0,0,0,3,2,2,2,1,3,2,0,3,2,7,5,5,3
1060,6,2,1,4,0,2,8,3,6,3,6,2,5,0,0,0,3,2,8,2,1,2,0,0,1,2,3,2,5,12
417,0,3,1,1,0,1,8,3,2,3,6,2,6,1,0,0,3,2,6,2,1,11,3,2,5,3,7,5,5,1
417,0,1,1,1,0,2,5,3,5,3,6,0,5,1,0,0,3,2,2,2,1,2,0,1,0,2,7,5,5,0
334,6,3,1,4,0,0,9,3,6,3,1,2,5,7,0,3,3,3,8,2,1,2,3,2,5,3,0,2,5,12
334,6,0,1,4,0,2,7,3,6,3,7,2,5,7,0,3,3,3,8,2,1,2,3,2,5,3,0,2,5,3
989,4,1,1,7,4,6,14,3,6,3,7,7,5,7,0,0,3,2,8,1,1,3,3,2,5,3,0,2,5,9
268,6,2,1,1,0,3,0,3,2,3,7,2,5,7,0,0,3,2,8,2,1,2,3,2,5,3,0,2,5,10
521,1,4,1,1,0,4,0,3,6,3,7,0,5,7,0,0,0,2,8,1,1,2,1,1,1,2,0,2,5,0
958,1,4,1,4,0,1,5,3,1,2,7,4,7,7,0,0,3,2,8,1,1,2,1,0,1,2,0,2,5,0
484,1,0,1,1,2,0,14,3,1,2,6,2,5,2,0,3,0,4,1,1,1,2,2,0,4,1,3,2,2,10
948,5,4,1,4,2,2,5,3,3,2,6,2,5,0,0,3,3,2,8,1,1,2,3,2,5,3,0,2,5,0
944,0,1,1,4,0,1,11,3,5,2,6,1,5,0,0,3,3,4,8,2,1,7,0,1,3,1,0,2,5,3
944,0,4,1,4,0,1,0,3,3,2,9,0,5,0,0,3,3,4,2,2,1,2,0,1,0,1,7,5,5,0
1070,4,1,1,2,0,1,0,0,4,2,1,2,5,7,0,3,3,2,8,2,1,2,3,2,5,3,0,2,5,10
1070,4,1,1,4,0,3,0,3,5,2,2,0,5,7,0,3,3,2,8,2,1,2,3,2,5,3,0,2,5,1
1031,4,1,1,4,0,1,17,3,5,2,6,4,5,0,0,3,3,3,8,2,1,2,0,1,1,2,1,2,5,10
1031,4,1,1,4,0,0,5,3,5,2,7,2,5,0,2,3,3,3,2,2,1,2,1,0,0,2,7,5,5,4
334,3,2,1,4,0,1,5,3,6,3,9,7,3,1,0,0,3,2,8,2,1,2,2,1,3,2,0,2,5,10
334,3,1,1,4,0,2,0,3,6,2,12,7,5,1,0,0,3,2,8,2,1,2,3,2,5,3,3,2,5,16
893,0,1,1,4,0,0,14,3,0,2,6,2,5,7,4,0,3,2,8,2,1,2,0,1,3,2,3,2,5,5
893,0,2,1,1,0,0,9,3,3,2,7,7,5,7,0,0,3,2,8,2,1,12,2,0,4,2,1,2,5,11
347,5,1,1,4,0,1,9,3,5,2,7,2,5,7,0,0,3,3,8,2,2,2,0,0,0,1,0,2,5,9
347,5,1,1,4,0,3,0,1,1,3,6,2,7,7,0,0,3,3,8,2,2,2,1,0,4,2,0,2,5,1
738,0,0,1,4,0,4,9,3,6,3,6,2,5,2,0,3,0,4,8,2,1,2,3,2,5,3,1,2,5,0
738,0,4,0,4,0,3,9,3,2,3,7,4,5,2,0,3,0,4,2,2,1,2,0,0,1,2,3,2,5,1
977,4,1,1,1,2,2,5,3,2,2,6,2,5,7,0,0,3,2,8,1,2,2,3,2,5,3,0,2,5,5
977,4,1,1,1,0,3,0,3,1,2,4,2,5,7,0,0,3,2,8,1,2,2,1,1,1,2,0,2,5,12
481,6,0,1,4,0,0,5,3,5,2,6,4,5,7,0,0,0,2,8,2,1,2,3,2,5,3,3,2,5,12
481,6,0,1,7,4,6,17,3,6,3,7,4,5,7,0,0,0,2,8,2,1,2,0,1,1,2,0,2,5,0
231,6,4,0,2,2,2,0,3,3,3,7,2,5,0,0,0,3,2,8,1,1,2,2,1,1,2,0,2,1,1
88,0,1,1,1,0,1,14,3,5,3,6,2,5,7,0,0,3,2,8,1,1,2,3,2,5,3,0,2,5,1
433,0,1,1,7,4,6,17,4,6,3,2,6,5,7,0,0,0,2,8,1,1,2,0,1,1,2,3,2,5,0
227,0,1,1,7,4,6,17,3,6,3,6,7,5,7,0,0,3,2,2,2,1,2,1,1,1,2,1,2,5,0
227,0,1,1,2,2,0,0,3,6,3,9,7,5,7,0,0,3,2,6,2,1,2,0,1,3,2,7,5,5,7
614,3,0,1,4,0,0,14,3,5,2,1,2,5,1,0,0,0,2,8,2,1,9,1,0,1,2,3,2,5,16
614,3,1,1,4,0,0,0,0,2,3,7,7,5,1,0,0,0,2,8,2,1,7,0,1,0,2,0,2,5,0
375,2,4,1,4,0,3,7,3,5,2,2,4,5,1,0,0,0,2,8,1,1,3,3,2,5,3,0,2,5,5
329,0,1,1,4,0,0,7,3,5,2,7,1,5,3,0,0,3,2,8,2,1,2,0,0,1,2,0,2,5,3
329,0,0,1,2,2,3,0,3,3,2,7,2,5,3,0,0,3,2,8,2,1,3,3,2,5,3,0,2,5,9
766,0,1,1,4,0,3,5,3,2,3,2,4,5,7,0,3,0,4,8,1,1,2,3,2,5,3,3,2,5,10
438,5,4,1,4,0,0,5,3,5,3,6,2,6,0,3,0,0,2,8,1,1,2,0,1,1,2,0,2,5,12
321,5,1,1,4,0,0,5,3,5,3,6,0,5,7,0,0,3,2,8,2,1,2,3,2,5,3,0,2,5,17
321,5,4,1,2,0,1,0,1,2,2,2,2,5,7,0,0,3,2,2,2,1,2,0,0,1,2,7,5,5,0
1055,6,2,1,4,0,1,0,1,1,2,7,4,7,1,0,3,3,4,8,2,2,2,1,0,4,2,3,2,5,10
1055,6,0,1,4,0,0,10,3,5,2,7,4,5,1,0,3,3,4,8,2,2,11,0,0,1,2,0,2,5,9
612,0,0,1,1,0,2,10,3,5,2,2,4,5,0,0,0,0,2,8,2,2,2,2,1,1,1,0,2,6,12
612,0,1,1,4,0,2,5,3,2,2,4,2,6,0,0,0,0,2,8,2,2,11,2,1,1,1,0,2,5,12
535,4,1,1,4,0,0,5,3,5,2,6,4,5,0,0,0,0,2,1,1,1,2,3,2,5,3,2,2,5,10
428,4,4,0,1,1,2,9,3,5,2,12,4,5,0,0,0,0,2,1,1,1,3,0,1,1,1,1,2,5,10
958,0,1,1,4,0,1,7,3,5,2,7,4,5,1,0,0,3,2,8,1,1,2,3,2,5,3,0,2,5,16
195,3,1,1,1,0,2,5,3,5,2,2,1,5,0,0,3,3,2,8,2,1,2,0,1,0,2,3,2,5,5
195,3,2,1,4,0,3,0,3,5,2,6,4,5,0,0,3,3,2,8,2,1,3,3,2,5,3,0,2,5,1
757,0,2,1,4,0,3,7,3,5,2,7,7,3,7,0,0,0,2,6,1,1,2,0,1,1,2,7,5,5,0
7,2,0,1,1,2,1,6,3,1,2,7,7,5,1,0,0,0,2,8,2,1,9,2,0,4,1,0,2,1,3
7,2,2,1,1,0,2,0,3,5,3,7,2,5,1,0,0,0,2,8,2,1,2,0,1,0,1,0,2,5,9
360,3,1,1,4,2,0,0,3,1,3,7,1,5,7,0,0,3,2,1,1,1,2,3,2,5,3,3,2,5,9
673,2,1,1,1,0,3,5,3,3,2,2,2,6,7,0,0,0,2,8,1,1,11,0,0,1,2,3,2,5,1
516,0,0,1,4,0,2,0,0,1,2,9,2,5,1,0,0,0,2,8,2,1,2,3,2,5,3,0,2,5,12
516,0,4,1,4,0,1,11,3,1,2,6,2,6,1,3,0,0,2,8,2,1,2,3,2,5,3,0,2,5,2
251,2,1,1,1,0,3,5,3,1,2,7,2,5,7,0,3,3,4,1,1,1,2,3,2,5,3,3,2,5,5
388,0,1,1,4,0,1,11,3,1,2,6,2,6,0,3,0,3,2,8,2,1,2,3,2,5,3,0,2,5,1
388,0,4,1,1,0,3,5,3,1,2,7,2,5,0,0,0,3,2,1,2,1,7,0,0,0,2,3,2,5,3
260,5,0,1,4,0,3,5,3,0,2,2,4,5,7,0,0,3,2,8,3,3,2,1,0,4,2,0,2,5,10
260,5,0,1,4,0,1,5,3,5,2,6,2,5,7,0,0,3,2,8,3,3,3,2,1,4,2,0,2,0,0
260,5,0,1,4,0,3,9,3,5,2,7,2,5,7,0,0,3,2,8,3,3,2,3,2,5,3,0,2,5,10
260,5,1,1,4,0,3,9,3,5,2,7,2,5,7,0,0,3,2,8,3,3,2,0,1,1,1,0,2,5,10
114,6,2,1,4,0,4,14,3,3,3,12,2,5,7,0,0,3,2,8,2,1,2,3,2,5,3,0,2,5,7
114,6,2,1,4,2,3,5,3,5,2,2,0,6,7,0,0,3,2,2,2,1,2,0,1,0,1,7,5,5,16
165,6,1,1,2,1,3,0,3,5,3,12,4,5,7,0,0,3,2,8,2,1,2,3,2,5,3,0,2,5,3
165,6,4,1,4,0,2,8,3,1,2,9,0,5,7,0,0,3,2,8,2,1,9,0,1,3,2,0,2,5,5
731,4,4,0,1,4,6,0,4,6,3,6,2,5,1,0,0,0,2,2,1,1,2,0,0,0,2,7,5,5,9
256,6,1,1,4,0,2,10,3,5,3,6,4,5,7,0,0,3,2,8,2,1,2,0,0,3,2,3,2,5,17
256,6,1,1,4,0,2,11,0,2,2,2,2,5,7,0,0,3,2,8,2,1,3,3,2,5,3,0,2,5,5
583,6,0,1,4,2,4,14,3,1,3,9,4,5,0,0,0,0,2,8,2,1,2,2,0,4,2,0,2,2,1
583,6,1,1,4,0,2,17,3,5,2,6,7,5,0,0,0,0,2,8,2,1,2,2,1,3,2,3,2,5,0
619,4,0,1,1,0,1,5,3,1,2,9,1,5,2,0,0,0,2,1,2,1,2,3,2,5,3,0,2,5,10
619,4,0,1,4,2,1,14,3,1,2,7,2,5,2,0,0,0,2,1,2,1,4,0,1,0,2,1,2,5,10
1060,2,1,1,1,0,1,5,0,1,2,7,2,5,0,0,0,3,2,8,2,1,2,1,0,0,2,0,2,5,12
1060,2,3,1,4,2,1,9,3,5,2,9,2,5,0,0,0,3,2,8,2,1,2,0,1,3,2,0,2,5,9
755,3,3,2,4,0,3,5,3,2,2,4,4,5,1,0,0,0,2,2,2,1,9,3,2,5,3,7,5,5,9
755,3,4,0,4,0,1,7,3,1,2,7,4,3,1,0,0,0,2,8,2,1,3,0,0,4,2,0,2,5,7
999,4,0,1,4,0,0,14,3,0,2,6,4,5,1,0,3,3,4,8,2,1,2,0,1,0,1,0,2,5,0
999,4,1,1,4,0,1,0,1,1,2,7,2,7,1,0,3,3,4,8,2,1,2,0,1,1,2,0,2,5,0
388,4,4,1,4,0,0,11,0,0,3,7,4,5,7,0,0,3,2,8,2,1,2,1,1,0,2,0,2,5,12
388,4,0,1,4,0,2,7,3,5,2,7,2,5,7,0,0,3,2,2,2,1,7,0,0,0,2,7,5,5,1
1016,0,2,1,4,0,2,5,3,1,2,7,0,5,1,0,0,3,2,8,1,1,2,2,0,4,1,0,2,6,1
220,0,1,1,1,2,1,0,3,5,1,6,4,5,1,0,0,3,2,8,2,1,2,2,0,4,2,1,2,6,3
220,0,0,1,1,0,4,11,0,0,2,7,2,5,1,0,0,3,2,2,2,1,2,3,2,5,3,7,5,5,0
681,1,2,1,7,4,6,17,4,6,3,14,7,5,7,0,0,0,2,8,2,1,6,0,1,0,1,0,2,5,1
681,1,1,1,4,0,3,0,1,5,2,7,2,5,7,0,0,0,2,2,2,1,2,3,2,5,3,7,5,5,5
91,6,4,1,2,0,0,8,3,3,3,7,7,3,1,0,0,3,2,8,1,1,2,0,1,0,1,0,2,5,3
655,5,1,1,4,2,2,9,3,5,3,6,4,5,7,0,0,0,2,8,2,1,11,2,1,4,2,0,2,5,10
655,5,1,1,4,0,0,5,3,5,2,6,1,5,7,0,0,0,2,8,2,1,2,0,0,3,2,3,2,5,12
357,5,0,1,4,0,3,5,3,3,2,2,7,5,1,0,0,3,2,8,2,2,2,3,2,5,3,0,2,5,12
357,5,1,1,4,0,4,5,3,6,2,6,0,5,1,0,0,3,2,8,2,2,8,3,2,5,3,1,2,5,12
1014,5,1,1,1,0,1,10,3,3,2,6,7,5,0,0,0,3,2,8,2,1,2,0,0,0,2,0,2,5,0
1014,5,0,1,4,0,2,5,3,5,2,6,2,5,0,0,0,3,2,8,2,1,5,2,1,4,1,7,5,1,9
369,5,4,0,1,0,2,5,3,5,2,6,1,5,1,0,0,3,2,8,1,1,2,3,2,5,3,0,2,5,3
1014,0,1,1,4,2,0,6,3,1,2,9,4,5,7,0,0,3,2,1,1,1,7,0,1,1,2,3,2,5,5
711,2,0,1,4,0,2,5,3,3,2,9,7,5,1,0,3,0,2,2,2,1,2,1,0,1,2,7,5,5,1
711,2,0,1,5,1,6,12,3,2,3,9,4,5,1,0,3,0,2,8,2,1,2,3,2,5,3,3,2,5,12
526,0,0,1,2,0,1,0,3,2,3,6,0,5,0,0,3,0,2,8,2,1,11,2,1,4,2,3,2,5,1
526,0,2,1,4,0,0,5,3,5,2,9,2,3,0,0,3,0,2,2,2,1,2,2,1,3,2,7,5,5,4
521,0,1,1,4,0,2,8,0,5,2,7,2,5,7,0,3,0,4,8,3,2,3,3,2,5,3,0,2,5,9
521,0,1,1,4,0,1,11,0,4,2,7,2,5,7,0,3,0,4,8,3,2,2,0,1,3,2,0,2,5,12
521,0,1,1,4,0,5,14,3,6,3,7,2,9,7,0,3,0,4,1,3,2,3,3,2,5,3,2,2,5,10
129,2,0,1,4,0,3,0,3,5,2,12,0,5,0,0,3,3,2,8,2,1,2,0,1,1,2,3,2,5,3
129,2,3,1,4,0,3,9,3,5,2,12,0,5,0,0,3,3,2,1,2,1,2,2,0,4,1,3,2,6,0
114,1,2,1,4,0,2,0,3,1,2,12,4,5,7,0,0,3,2,8,2,1,11,2,1,4,2,0,2,0,12
114,1,4,1,2,0,1,0,3,5,2,9,1,5,7,0,0,3,2,8,2,1,2,1,0,1,2,1,2,5,12
651,1,1,1,2,2,1,0,3,5,2,7,4,5,7,0,3,0,4,2,2,1,2,2,0,4,2,7,5,5,10
651,1,0,1,4,0,4,5,3,5,2,6,2,5,7,0,3,0,4,8,2,1,2,3,2,5,3,0,2,5,4
1043,1,1,1,4,2,3,0,3,2,2,7,2,5,1,0,0,3,2,8,1,1,9,0,0,3,2,0,2,5,3
39,1,0,1,4,0,3,0,3,3,2,12,4,5,7,0,0,3,2,8,1,1,2,1,0,0,2,0,2,5,3
41,5,1,1,1,0,1,9,3,2,2,7,0,5,1,0,0,3,2,1,1,1,2,3,2,5,3,3,2,5,1
465,5,1,1,4,0,1,15,3,1,2,4,2,5,7,0,3,0,4,2,2,1,2,0,1,0,2,7,2,5,3
465,5,1,1,5,0,3,0,3,1,2,7,2,5,7,0,3,0,4,1,2,1,7,1,0,3,2,2,2,5,0
39,5,1,1,1,0,2,9,3,5,2,6,2,5,7,0,0,3,2,8,1,1,1,3,2,5,3,0,2,5,3
646,6,1,1,4,0,4,14,3,5,2,7,2,5,7,0,0,0,2,8,2,1,2,2,1,3,2,0,2,5,3
646,6,4,0,1,0,4,14,3,5,2,7,2,5,7,0,0,0,2,8,2,1,1,0,1,0,2,0,2,5,5
535,4,1,1,4,0,4,0,1,3,2,5,4,5,0,0,3,0,2,8,2,1,2,3,2,5,3,7,5,5,3
535,4,1,1,4,0,2,5,3,5,2,7,7,5,0,0,3,0,2,8,2,1,2,3,2,5,3,0,2,5,10
715,4,0,1,4,2,2,0,3,3,2,9,2,5,0,0,3,0,4,2,1,1,2,1,0,4,2,0,2,5,3
781,0,1,1,2,2,2,9,3,3,3,6,2,5,0,0,0,0,2,2,1,2,2,0,1,1,2,7,5,5,4
781,0,1,1,4,0,2,0,3,5,3,6,0,5,0,0,0,0,2,8,1,2,2,2,0,4,2,0,2,2,16
157,2,2,1,4,0,1,0,4,1,3,3,1,9,1,0,0,3,2,8,2,1,2,2,1,3,2,0,2,5,10
157,2,0,1,1,0,2,5,3,5,3,4,2,5,1,0,0,3,2,8,2,1,2,0,0,0,2,3,2,5,3
82,3,1,1,4,0,1,0,3,1,2,7,4,5,7,0,0,3,2,8,1,1,2,1,0,0,2,0,2,5,12
511,3,4,1,4,0,4,6,3,6,3,6,4,5,1,0,3,0,2,8,1,1,2,2,0,4,2,0,2,1,12
357,1,3,1,1,0,1,17,3,5,2,6,7,5,2,0,0,3,2,8,2,1,3,2,0,1,2,0,2,1,12
357,1,4,0,4,0,1,0,3,5,3,9,2,5,2,0,0,3,2,8,2,1,2,0,1,4,2,0,2,5,12
944,6,1,1,4,0,1,0,3,5,3,9,6,5,7,0,3,3,4,8,1,1,2,3,2,5,3,0,2,5,10
305,4,1,1,4,0,2,0,3,5,2,12,2,5,0,0,3,3,4,8,1,1,2,2,0,1,1,0,2,5,9
703,4,1,1,4,0,2,11,0,5,2,7,2,5,0,0,0,0,2,8,2,1,2,2,0,4,2,0,2,5,10
703,4,0,2,4,0,6,17,0,5,2,0,4,5,0,0,0,0,2,5,2,1,2,2,0,4,2,7,5,1,0
551,4,0,1,4,2,2,0,3,5,2,6,7,5,7,0,0,0,2,8,1,1,2,2,1,0,1,0,2,6,0
496,3,2,1,4,0,1,0,3,5,2,2,2,5,0,0,3,0,4,2,1,1,2,0,0,1,2,7,5,5,11
377,2,0,1,4,0,4,7,0,5,2,2,2,5,7,0,0,3,2,8,1,1,2,0,1,1,2,0,2,5,9
197,3,0,1,4,0,0,14,3,5,2,9,0,5,7,0,0,3,2,8,2,1,2,0,1,4,2,2,2,5,0
197,3,1,1,4,0,4,5,3,3,2,9,2,5,7,0,0,3,2,8,2,1,2,3,2,5,3,3,2,5,10
123,2,2,1,4,0,3,15,3,5,2,9,0,5,1,0,3,3,2,8,3,1,2,0,1,4,2,0,2,5,12
123,2,4,0,4,0,4,7,3,3,2,9,2,5,1,0,3,3,2,8,3,1,2,3,2,5,3,7,5,5,1
123,2,2,1,4,0,1,9,3,0,2,7,0,5,1,0,3,3,2,8,3,1,2,1,0,1,2,3,2,5,10
360,2,1,1,4,0,0,0,3,5,2,7,2,5,1,0,0,3,2,2,1,1,2,0,1,1,2,7,5,5,10
270,3,3,1,1,0,2,0,3,1,2,9,2,5,0,0,0,3,2,2,1,1,2,2,1,4,2,7,5,5,7
361,1,1,1,4,2,4,10,3,5,2,7,7,5,7,0,0,3,2,8,1,1,2,3,2,5,3,0,5,5,11
62,1,1,1,4,0,4,5,3,5,2,2,4,5,7,0,0,3,2,2,2,6,2,0,1,1,2,7,5,5,0
62,1,1,1,6,0,4,5,3,5,2,7,4,5,7,0,0,3,2,2,2,6,7,1,0,0,2,5,2,5,10
62,1,1,1,4,0,0,4,3,5,2,6,4,5,7,0,0,3,2,8,2,6,2,1,0,1,2,0,2,5,3
62,1,1,1,1,2,2,6,3,1,2,6,2,5,7,0,0,3,2,8,2,6,2,1,1,0,2,0,2,5,10
62,1,1,1,4,0,1,5,3,6,3,9,4,5,7,0,0,3,2,2,2,6,2,3,2,5,3,0,2,5,1
62,1,4,1,4,2,4,14,3,5,3,7,2,5,7,0,0,3,2,8,2,6,11,0,1,3,2,7,5,5,16
110,1,0,1,6,0,2,0,3,3,3,4,4,5,7,0,0,3,2,8,1,1,2,1,1,3,2,0,2,5,3
488,2,1,1,6,0,2,7,3,5,3,6,2,5,0,0,0,0,2,8,3,1,2,2,0,4,2,0,2,5,9
488,2,4,1,4,0,2,7,1,5,3,1,2,5,0,0,0,0,2,8,3,1,2,3,2,5,3,3,2,5,10
488,2,4,0,4,0,1,15,3,0,2,9,2,5,0,0,0,0,2,8,3,1,2,0,1,0,2,0,2,5,16
670,5,0,1,4,0,3,0,3,3,3,9,4,5,1,0,3,0,2,8,2,1,2,3,2,5,3,7,5,5,3
670,5,0,1,4,0,2,3,3,2,3,2,4,3,1,0,3,0,2,1,2,1,2,0,1,0,1,6,2,5,3
47,5,2,1,4,0,3,3,3,2,3,9,4,5,7,0,0,3,2,8,2,1,11,3,2,5,3,0,2,5,9
47,5,1,1,4,0,1,5,3,5,2,14,7,5,7,0,0,3,2,2,2,1,3,0,0,0,2,7,5,5,3
565,0,1,1,4,0,4,5,3,2,2,7,4,5,7,0,0,0,2,8,2,1,2,3,2,5,3,0,2,5,4
565,0,0,1,4,0,4,4,3,5,3,7,3,5,7,0,0,0,2,8,2,1,9,0,1,1,2,2,2,5,0
142,0,1,1,4,2,2,0,3,5,2,2,3,5,7,0,0,3,2,8,2,1,9,1,0,0,2,2,2,5,10
142,0,0,1,4,0,1,15,0,6,2,7,3,5,7,0,0,3,2,8,2,1,7,3,2,5,3,3,2,5,10
223,2,1,1,1,0,4,7,3,5,2,2,3,5,1,0,0,3,2,8,3,2,7,2,1,0,1,0,2,6,1
223,2,2,1,4,0,1,0,3,5,2,2,2,5,1,5,0,3,2,8,3,2,7,2,0,4,2,0,2,5,5
223,2,1,1,4,0,2,0,3,3,2,7,4,5,1,0,0,3,2,8,3,2,3,3,2,5,3,0,2,5,1
958,6,0,1,2,0,3,0,0,2,2,7,4,5,7,0,0,3,2,8,2,1,2,0,0,3,2,7,5,5,0
958,6,4,1,2,0,3,0,3,2,2,12,7,5,7,0,0,3,2,8,2,1,2,2,1,1,1,7,5,5,9
165,5,1,1,4,0,2,11,3,3,2,9,4,5,7,0,0,3,2,2,2,1,2,3,2,5,3,0,2,5,10
165,5,1,1,1,0,0,4,4,0,2,7,2,5,7,0,0,3,2,8,2,1,2,0,1,1,1,2,2,5,1
565,5,1,1,1,0,2,5,3,3,2,6,4,5,0,0,0,0,2,2,2,1,2,0,1,4,2,0,2,5,9
565,5,0,1,4,0,2,5,3,3,2,9,4,5,0,0,0,0,2,8,2,1,2,3,2,5,3,7,5,5,10
739,5,0,1,4,0,0,14,3,3,2,7,1,3,7,0,0,0,2,8,2,1,2,3,2,5,3,0,2,5,4
739,5,1,1,4,2,2,7,3,3,2,9,2,5,7,0,0,0,2,10,2,1,2,0,1,1,2,0,2,5,4
772,5,0,1,2,2,3,0,3,2,2,9,4,5,7,0,0,0,2,1,1,1,2,1,0,3,2,1,2,5,9
448,5,0,1,7,2,4,8,3,6,2,9,2,5,7,0,0,3,2,8,2,1,9,1,0,1,2,7,5,5,9
448,5,0,1,6,2,2,6,3,0,2,7,7,5,7,0,0,3,2,8,2,1,2,1,1,4,2,4,2,5,16
179,6,1,1,0,0,3,0,3,2,2,7,4,5,7,0,0,3,2,8,2,1,3,1,0,4,2,0,2,5,3
179,6,1,1,2,0,4,8,3,2,2,7,1,5,7,0,0,3,2,1,2,1,2,0,0,1,2,3,2,5,0
637,4,4,1,4,0,0,6,3,0,2,3,4,5,7,0,0,0,2,2,3,2,2,3,2,5,3,3,2,5,5
637,4,0,1,4,0,3,14,3,1,2,9,4,5,7,0,0,0,2,10,3,2,3,3,2,5,3,0,2,5,10
637,4,0,1,4,2,3,5,3,2,2,9,1,5,7,0,0,0,2,8,3,2,2,0,1,0,2,7,5,5,9
1050,6,4,1,4,0,3,15,3,2,2,9,4,5,0,0,0,3,2,10,2,1,2,0,1,0,2,0,2,5,0
1050,6,1,2,4,0,5,0,3,0,2,7,2,5,0,0,0,3,2,10,2,1,12,3,2,5,3,0,2,5,1
270,0,0,1,4,0,0,3,3,0,2,6,2,5,7,0,0,3,2,10,2,1,3,3,2,5,3,3,2,5,10
270,0,1,1,3,2,0,0,3,1,2,7,7,5,7,0,0,3,2,8,2,1,3,3,2,5,3,0,2,5,2
704,3,2,1,4,2,4,9,3,5,2,6,0,5,0,0,3,0,3,8,2,1,2,3,2,5,3,7,2,5,1
704,3,1,1,4,2,0,4,3,5,2,9,2,5,0,0,3,0,3,2,2,1,11,0,1,1,2,0,2,5,12
157,4,1,1,4,2,1,8,3,5,2,6,0,1,1,0,0,3,2,2,1,1,2,0,0,3,2,7,5,5,10
982,1,1,1,5,2,2,5,3,6,2,6,0,5,2,0,3,3,4,8,2,1,2,3,2,5,3,0,2,5,18
982,1,3,1,5,2,3,7,1,5,2,7,0,5,2,0,3,3,4,8,2,1,2,0,1,3,1,7,5,5,10
190,1,1,1,4,2,1,0,3,5,2,6,2,5,1,0,0,3,2,8,1,1,3,0,1,4,2,3,3,5,1
311,5,2,1,1,2,3,3,3,5,2,6,6,5,1,0,0,3,2,8,3,1,2,1,1,0,2,0,2,5,10
311,5,2,1,6,2,2,4,0,5,3,6,1,5,1,3,0,3,2,8,3,1,2,1,1,0,2,0,2,5,0
311,5,2,1,7,2,6,3,3,5,3,7,4,5,1,0,0,3,2,6,3,1,2,0,0,1,2,2,2,5,3
102,6,1,1,4,2,2,0,3,5,3,9,6,5,0,0,0,3,2,8,2,1,2,3,2,5,3,7,5,5,1
102,6,1,1,4,2,4,15,3,1,2,9,2,1,0,0,0,3,2,2,2,1,2,3,2,5,3,7,5,5,12
631,6,0,1,4,2,1,15,3,2,3,2,2,5,0,0,0,0,2,1,2,1,7,0,1,3,2,2,2,5,10
631,6,3,1,1,0,1,3,3,2,3,7,2,5,0,0,0,0,2,8,2,1,2,1,0,3,2,0,2,5,11
1019,4,1,1,4,0,1,4,3,5,3,9,2,5,0,0,0,3,2,8,2,1,2,3,2,5,3,0,2,5,11
1019,4,2,1,4,0,1,4,3,1,3,7,4,5,0,0,0,3,2,8,2,1,2,3,2,5,3,7,5,5,12
217,4,0,1,4,0,2,3,3,1,3,9,4,5,7,0,0,3,2,8,2,1,2,1,0,4,2,0,2,5,0
217,4,0,1,4,0,2,16,3,1,3,9,2,5,7,0,0,3,2,8,2,1,2,2,1,4,1,7,5,5,0
339,0,0,1,4,0,3,3,3,2,2,7,2,5,3,1,0,3,2,8,2,1,2,0,0,0,2,0,2,5,10
339,0,0,1,1,0,2,3,4,6,3,7,2,5,3,0,0,3,2,8,2,1,2,3,2,5,3,0,2,5,12
378,0,0,1,4,0,2,10,3,5,2,7,4,5,7,0,0,3,2,2,2,1,2,3,2,5,3,7,5,5,10
378,0,0,1,4,0,3,0,3,5,2,7,0,5,7,0,0,3,2,6,2,1,12,0,1,0,2,7,5,5,10
655,0,2,1,1,2,6,0,3,5,3,9,2,5,1,0,0,0,2,8,1,1,2,3,2,5,3,7,5,5,1
628,2,1,1,4,2,2,8,3,1,3,8,4,5,7,0,0,0,2,1,1,1,2,2,0,4,1,7,5,5,0
593,3,0,2,4,0,2,17,3,6,3,7,7,5,1,0,0,0,2,8,2,2,2,2,0,4,1,2,2,5,10
593,3,0,1,4,0,4,14,3,6,3,6,4,5,1,0,0,0,2,8,2,2,2,0,1,1,0,3,2,5,17
593,3,1,1,7,4,6,17,4,6,3,7,4,5,1,0,0,0,2,1,2,2,2,0,1,1,2,7,5,5,12
982,1,0,1,4,0,2,0,3,5,3,6,4,5,0,0,0,3,2,1,2,2,2,0,1,1,2,4,2,5,9
982,1,1,1,4,0,2,0,3,5,3,6,1,5,0,0,0,3,2,8,2,2,2,3,2,5,3,2,2,5,5
1009,2,1,1,4,0,3,3,3,5,3,6,4,5,7,0,0,3,2,8,2,1,2,0,0,1,2,0,2,5,9
1009,2,4,1,2,0,3,10,3,5,2,7,4,5,7,0,0,3,2,8,2,1,2,0,0,0,2,2,2,5,1
431,0,4,1,4,0,3,10,0,5,3,7,0,5,1,0,0,3,2,8,1,1,2,0,1,0,2,0,2,5,15
405,5,4,1,4,0,3,4,3,5,2,6,3,5,1,0,0,3,2,8,1,1,2,0,1,0,2,2,2,5,5
241,6,0,1,4,0,3,4,3,5,3,9,7,5,7,0,0,3,2,2,2,1,2,2,0,4,2,7,2,1,3
241,6,4,0,4,0,3,8,0,1,3,1,4,5,7,0,0,3,2,8,2,1,2,2,1,4,2,0,2,1,10
672,3,1,1,4,0,2,0,3,0,2,7,7,5,7,0,0,0,2,8,1,1,9,3,2,5,3,0,2,5,12
448,0,4,1,4,0,1,0,3,3,2,9,7,5,7,0,0,3,2,8,1,1,7,0,1,0,2,3,2,5,15
782,6,1,1,4,0,4,0,3,5,2,7,7,5,7,0,0,0,2,8,1,1,3,3,2,5,3,7,5,5,5
578,2,0,1,4,0,4,3,3,5,3,7,7,5,7,0,0,0,2,8,2,1,2,3,2,5,3,7,5,5,1
578,2,4,1,4,0,1,3,3,2,3,7,1,5,7,0,0,0,2,8,2,1,3,1,0,4,2,1,2,5,1
360,6,0,1,1,0,4,0,3,5,2,7,2,5,7,0,0,3,2,8,2,1,2,3,2,5,3,0,2,5,1
360,6,2,1,4,0,4,14,3,1,2,7,7,5,7,0,0,3,2,8,2,1,2,0,0,1,2,2,2,5,1
685,2,0,1,4,0,6,17,3,5,2,12,4,5,0,0,0,0,2,8,2,1,2,1,1,4,2,0,2,5,9
685,2,0,1,7,0,2,7,3,6,2,6,2,5,0,0,0,0,2,8,2,1,2,3,2,5,3,0,2,5,10
360,6,1,1,6,0,4,13,3,5,2,6,2,5,1,0,0,3,2,8,2,2,2,0,1,0,2,0,2,5,15
360,6,1,1,4,0,4,5,3,2,2,6,2,5,1,0,0,3,2,8,2,2,11,1,1,0,2,0,2,5,10
237,4,3,1,4,0,0,8,3,5,2,12,6,5,0,0,0,3,2,8,2,1,2,1,1,0,2,0,2,5,3
237,4,4,1,1,0,3,4,0,6,2,12,4,5,0,0,0,3,2,8,2,1,11,3,2,5,3,0,2,5,10
696,5,0,1,1,0,3,5,3,6,2,6,2,5,1,0,0,0,2,8,1,1,2,0,1,4,2,0,2,5,10
75,4,4,0,1,0,4,6,3,6,2,6,2,5,1,0,0,3,2,2,1,1,3,1,0,1,2,0,2,5,10
450,4,0,1,2,0,1,0,0,3,2,12,2,5,1,0,0,3,2,8,2,1,2,3,2,5,3,7,2,5,1
450,4,2,1,4,0,1,0,3,0,2,14,2,5,1,0,0,3,2,8,2,1,2,0,1,1,1,7,2,5,10
165,0,4,1,0,0,3,0,3,3,2,7,2,5,7,0,0,3,2,8,3,1,3,0,1,0,2,7,2,5,12
165,0,1,1,4,0,1,14,3,4,2,7,4,5,7,0,0,3,2,8,3,1,2,1,1,0,2,7,2,5,0
165,0,4,1,4,0,1,17,3,3,2,7,2,5,7,0,0,3,2,1,3,1,9,0,0,0,2,7,2,5,9
347,0,1,1,2,0,0,11,3,5,2,9,4,5,1,0,0,3,2,8,2,1,2,0,1,0,2,7,2,5,3
347,0,2,1,4,0,2,11,0,0,2,7,4,5,1,0,0,3,2,8,2,1,2,0,0,3,2,7,2,5,0
1004,3,3,1,4,0,4,14,3,0,2,7,4,5,2,0,0,3,2,8,2,1,11,3,2,5,3,7,2,5,11
1004,3,2,1,4,0,4,0,3,6,2,4,4,5,2,0,0,3,2,8,2,1,2,2,1,4,2,0,5,1,10
254,2,0,1,1,0,6,2,3,6,2,1,4,5,1,0,0,3,2,8,2,1,2,2,0,1,2,0,5,5,10
254,2,1,1,4,0,4,0,3,3,2,2,2,5,1,0,0,3,2,8,2,1,2,3,2,5,3,0,2,5,17
63,4,0,1,4,0,0,5,3,6,3,6,2,5,2,0,0,3,2,8,2,2,2,0,0,1,2,0,2,5,10
63,4,1,1,1,0,1,0,3,6,3,7,2,5,2,0,0,3,2,8,2,2,7,0,0,3,2,0,2,5,6
724,0,1,1,2,0,0,10,3,6,3,6,4,5,7,0,0,0,2,1,2,1,2,3,2,5,3,7,2,5,9
724,0,0,1,4,0,2,13,3,6,3,6,2,5,7,0,0,0,2,8,2,1,3,3,2,5,3,0,2,5,11
672,0,0,1,4,0,4,0,3,6,3,7,2,5,7,0,0,0,2,8,2,2,2,0,1,3,2,0,2,5,0
672,0,0,1,2,0,3,10,3,3,3,9,4,5,7,0,0,0,2,8,2,2,2,1,1,4,2,3,2,5,0
672,0,0,1,1,2,2,17,3,3,3,6,7,7,7,0,0,0,2,8,2,2,2,0,1,3,2,0,2,5,7
446,2,0,1,1,0,4,5,3,3,2,9,7,5,2,0,0,3,2,2,2,2,2,3,2,5,3,0,2,5,10
446,2,1,1,4,0,2,5,4,6,3,12,2,5,2,0,0,3,2,8,2,2,2,0,1,1,2,3,2,5,1
29,3,4,0,1,2,2,9,3,3,2,6,2,2,7,0,0,0,2,8,1,1,9,1,0,0,2,7,5,5,1
293,3,1,1,4,0,1,5,3,2,2,7,7,5,7,0,0,3,2,8,1,1,2,0,1,0,2,0,2,5,9
371,1,0,1,4,0,3,5,3,3,2,7,4,5,0,0,0,3,2,8,1,1,2,3,2,5,3,2,2,5,2
195,5,1,1,4,0,2,9,3,3,2,2,7,5,1,0,0,3,2,8,1,1,3,2,1,0,1,0,2,0,0
43,5,2,2,2,0,0,11,3,6,2,6,2,5,0,0,0,3,2,8,2,1,2,3,2,5,3,3,2,5,1
43,5,1,1,1,0,2,0,3,6,2,7,2,5,0,0,0,3,2,8,2,1,2,0,1,1,2,0,2,5,10
708,6,1,1,1,0,1,8,3,6,2,6,2,6,1,0,3,0,4,2,2,2,2,1,1,0,2,0,2,5,1
708,6,2,1,4,0,4,14,3,6,2,6,2,5,1,0,3,0,4,8,2,2,4,3,2,5,3,7,5,5,1
1014,4,0,1,4,0,4,7,3,3,2,6,2,2,0,0,3,3,4,8,2,1,2,0,1,0,2,0,2,5,10
1014,4,1,1,4,0,2,17,3,3,2,2,4,2,0,0,3,3,4,8,2,1,2,3,2,5,3,0,2,5,1
204,1,1,1,4,2,2,0,3,3,2,6,4,1,7,0,0,3,2,8,2,1,2,3,2,5,3,7,5,5,3
204,1,0,1,1,0,0,14,3,2,2,7,0,1,7,0,0,3,2,6,2,1,7,1,0,4,2,7,5,5,3
771,0,0,1,4,0,6,8,3,6,3,7,2,5,7,0,0,0,2,8,2,1,2,1,0,0,2,0,2,5,1
771,0,1,1,1,0,3,5,3,2,2,2,5,7,7,1,0,0,2,8,2,1,2,1,0,4,2,0,2,5,17
343,3,1,1,4,2,0,0,3,0,3,12,4,5,1,0,0,3,2,2,3,1,4,3,2,5,3,7,5,5,1
343,3,1,1,7,4,6,17,4,6,3,2,2,5,1,0,0,3,2,8,3,1,0,0,1,1,2,7,5,5,9
343,3,4,0,4,0,3,5,3,3,3,6,4,5,1,0,0,3,2,8,3,1,9,1,0,0,2,0,2,5,10
57,2,1,1,1,2,1,5,3,1,2,7,7,5,1,0,0,3,2,8,2,1,2,3,2,5,3,0,2,5,17
57,2,1,1,4,0,2,5,3,3,3,2,2,4,1,3,0,3,2,2,2,1,2,3,2,5,3,7,5,5,3
387,5,1,1,4,0,4,8,0,0,2,7,0,5,7,0,0,0,2,2,2,1,2,0,1,1,2,7,5,5,1
387,5,0,1,4,0,2,8,0,3,3,7,0,5,7,0,0,0,2,8,2,1,2,3,2,5,3,0,2,5,2
32,1,1,1,2,0,3,0,1,2,2,6,2,1,0,0,0,0,2,8,2,1,2,0,1,1,2,0,2,5,0
32,1,0,1,4,0,2,7,1,3,2,7,2,5,0,0,0,0,2,2,2,1,2,3,2,5,3,7,5,5,3
124,3,0,1,1,0,0,17,3,1,2,7,2,5,7,0,3,3,5,2,2,1,2,0,1,1,2,0,5,5,10
124,3,1,1,4,0,6,0,0,6,2,9,2,5,7,0,3,3,5,8,2,1,2,3,2,5,3,0,2,5,9
443,4,1,1,1,0,0,6,3,1,2,6,2,5,7,0,0,0,2,8,1,2,1,0,1,0,2,0,2,5,11
443,4,1,1,4,2,0,0,3,1,2,2,1,5,7,0,0,0,2,8,1,2,1,3,2,5,3,0,2,5,9
506,5,1,1,0,2,0,0,3,0,2,14,4,5,0,0,0,0,2,2,1,1,1,0,0,1,2,0,2,5,1
423,5,0,1,4,2,2,9,3,3,3,0,7,3,0,0,0,0,2,8,1,1,3,3,2,5,3,7,5,5,10
496,4,1,1,4,0,2,3,3,3,3,7,2,7,0,0,0,0,2,8,4,2,2,0,0,1,2,0,5,5,6
496,4,0,1,1,0,2,17,3,6,2,7,4,7,0,0,0,0,2,8,4,2,2,1,1,1,2,0,2,5,1
496,4,0,1,2,2,4,0,3,6,2,2,4,5,0,0,0,0,2,6,4,2,12,1,0,3,2,3,2,5,3
496,4,0,1,4,0,3,11,0,0,2,9,4,5,0,0,0,0,2,8,4,2,2,1,0,1,2,1,2,5,4
102,4,0,1,4,0,2,8,3,5,2,7,4,5,0,0,3,3,8,8,1,1,4,1,1,3,2,0,2,5,1
762,0,3,1,4,0,4,5,3,5,2,7,2,5,0,0,0,0,2,1,2,1,2,2,0,3,1,2,2,5,1
762,0,1,1,4,0,3,0,3,5,2,7,0,5,0,0,0,0,2,8,2,1,2,2,0,0,2,3,2,6,3
167,3,0,1,4,0,2,10,3,6,2,1,2,5,7,0,0,3,2,8,2,1,2,3,2,5,3,3,2,5,0
167,3,0,1,4,2,3,0,3,5,2,1,1,5,7,0,0,3,2,8,2,1,2,0,1,4,2,1,2,5,12
685,4,0,1,4,0,2,11,3,6,2,7,2,5,7,0,0,0,2,8,2,1,5,0,1,1,1,3,2,5,3
685,4,1,1,4,0,0,9,1,0,2,6,2,5,7,2,0,0,2,2,2,1,2,3,2,5,3,7,5,5,1
295,4,4,1,4,0,0,0,3,1,2,9,2,5,7,0,0,3,2,8,2,1,2,2,0,4,2,0,2,1,3
295,4,1,1,4,0,0,5,3,1,2,7,2,5,7,0,0,3,2,8,2,1,2,0,1,3,2,0,2,5,5
948,0,4,1,2,0,1,0,4,0,3,9,4,3,1,0,0,3,2,8,2,1,9,0,0,3,2,0,2,5,10
948,0,1,1,2,2,3,8,3,6,2,2,0,5,1,0,0,3,2,8,2,1,2,1,0,4,2,0,2,5,0
753,4,0,1,1,0,1,9,3,1,3,7,1,5,7,0,0,0,2,2,1,1,2,0,1,1,2,7,5,5,12
1039,2,1,1,4,0,3,0,3,2,2,6,2,7,0,0,0,3,2,8,2,1,1,3,2,5,3,0,2,5,9
1039,2,2,1,2,0,1,0,3,1,3,7,4,5,0,0,0,3,2,2,2,1,3,0,1,0,1,7,5,5,9
124,3,1,1,4,1,5,0,3,5,3,1,2,3,1,0,0,3,2,8,1,1,1,0,1,1,0,0,2,5,10
76,2,1,1,4,0,0,14,3,6,2,7,4,5,1,0,0,3,2,6,2,4,5,3,2,5,3,3,2,5,1
76,2,1,1,4,2,2,7,3,0,2,6,2,5,1,1,0,3,2,8,2,4,2,3,2,5,3,0,2,5,1
76,2,1,1,4,0,0,7,0,6,2,9,4,5,1,0,0,3,2,8,2,4,2,0,1,0,2,0,2,5,9
76,2,1,1,4,0,3,7,3,5,2,6,1,5,1,0,0,3,2,8,2,4,2,3,2,5,3,3,2,5,3
76,2,4,1,4,0,0,10,3,6,2,6,2,5,1,0,0,3,2,8,2,4,7,0,1,3,2,0,2,5,5
568,1,1,1,4,0,0,5,3,5,2,2,0,5,2,0,0,3,2,8,2,1,1,0,1,0,2,0,2,5,10
568,1,1,1,4,0,1,9,3,6,2,2,4,5,2,0,0,3,2,1,2,1,2,3,2,5,3,3,2,5,10
309,3,0,1,2,0,0,0,3,6,2,9,4,5,7,0,0,3,2,6,2,1,2,3,2,5,3,7,5,5,12
309,3,4,0,4,0,0,0,3,6,2,7,4,5,7,0,0,3,2,8,2,1,2,3,2,5,3,3,2,5,4
343,4,1,1,1,0,3,14,3,5,3,7,7,5,7,0,0,3,2,6,2,1,7,0,0,3,2,3,2,5,12
343,4,2,1,4,0,3,5,3,6,2,14,4,5,7,0,0,3,2,8,2,1,2,0,1,0,2,3,2,5,12
145,0,1,1,1,0,3,5,3,1,3,9,4,5,7,0,3,3,4,8,1,1,8,0,1,1,2,0,2,5,12
524,0,0,1,4,0,3,5,3,5,3,6,4,5,1,0,0,3,2,8,2,1,5,0,1,0,2,7,5,5,10
524,0,0,1,4,0,0,11,3,5,3,9,4,5,1,0,0,3,2,4,2,1,2,3,2,5,3,4,2,5,9
329,3,1,1,4,0,2,9,3,5,2,7,2,5,1,0,0,3,2,8,1,1,7,3,2,5,3,0,2,5,1
883,5,1,1,2,2,1,7,3,6,2,7,2,5,7,0,0,3,2,2,1,2,2,0,1,3,2,7,5,5,3
883,5,1,1,4,0,1,9,3,6,2,1,2,5,7,0,0,3,2,8,1,2,2,2,1,4,2,3,2,1,0
1022,1,1,1,4,0,2,7,3,2,3,2,1,5,7,0,0,3,2,8,2,3,7,0,1,4,1,3,2,5,10
1022,1,1,2,4,0,2,9,3,6,3,12,2,5,7,0,0,3,2,8,2,3,2,1,0,4,1,0,2,5,1
1022,1,1,1,4,0,1,14,3,1,3,6,4,5,7,0,0,3,2,1,2,3,12,1,1,4,2,7,2,5,5
287,1,0,1,2,0,3,0,3,0,3,7,6,5,2,5,0,3,2,8,2,1,2,1,0,4,1,7,5,5,10
287,1,0,1,1,0,2,5,3,2,3,9,4,5,2,0,0,3,2,8,2,1,2,3,2,5,3,3,2,5,17
80,6,1,1,4,0,3,13,3,3,3,7,4,5,1,0,0,3,2,8,2,1,2,0,0,1,2,0,2,5,10
80,6,1,1,6,0,1,5,3,0,2,7,7,3,1,0,0,3,2,6,2,1,2,3,2,5,3,7,2,5,1
149,6,1,1,4,0,1,5,3,1,3,6,1,3,1,0,3,3,8,2,1,1,1,3,2,5,3,7,2,5,12
124,1,0,1,2,0,1,11,3,6,2,9,2,5,0,0,0,3,2,8,1,1,2,1,0,4,2,3,2,5,1
209,4,0,1,4,0,0,0,3,6,2,7,2,5,0,0,0,3,2,8,2,1,2,2,1,0,2,3,2,6,0
209,4,0,1,2,0,2,0,1,1,3,9,4,5,0,0,0,3,2,2,2,1,2,2,0,4,2,7,2,5,10
209,4,2,1,1,0,1,0,3,6,2,2,2,5,7,0,0,3,2,8,2,1,7,3,2,5,3,0,2,5,11
209,4,0,1,4,0,0,11,0,6,2,9,2,5,7,0,0,3,2,8,2,1,9,0,0,0,2,2,2,5,3
388,6,4,1,1,0,0,4,3,6,2,6,1,5,1,0,0,3,2,8,1,1,2,1,0,0,2,1,2,5,10
633,3,2,1,2,0,5,8,0,4,2,9,2,5,0,0,0,0,2,6,2,1,2,1,0,0,2,0,2,5,3
633,3,1,1,4,2,2,4,3,5,2,7,1,5,0,0,0,0,2,6,2,1,2,0,0,1,2,0,2,5,3
793,3,0,1,4,0,0,8,3,5,3,4,2,5,7,0,0,0,2,1,2,1,2,3,2,5,3,1,2,5,9
793,3,0,1,4,0,1,13,3,5,3,2,2,5,7,0,0,0,2,8,2,1,1,0,1,0,2,0,2,5,16
359,2,2,1,4,0,2,4,3,1,2,9,4,3,7,0,0,3,2,8,1,1,2,3,2,5,3,0,2,5,12
499,6,0,1,7,4,6,17,4,6,3,14,2,5,1,0,0,3,2,8,2,1,2,3,2,5,3,0,2,5,12
499,6,4,1,7,4,6,17,4,6,3,14,2,5,1,0,0,3,2,1,2,1,2,0,1,0,1,0,2,5,0
458,5,0,1,4,0,1,5,3,0,2,6,4,5,5,0,0,3,2,1,2,1,2,0,0,4,2,7,2,5,12
458,5,1,1,4,0,3,7,3,3,2,5,2,7,5,0,0,3,2,8,2,1,2,3,2,5,3,7,2,5,10
149,4,2,1,4,2,3,7,3,3,2,2,2,3,7,0,0,3,2,8,2,1,2,2,0,4,2,7,2,5,9
149,4,4,1,7,4,6,0,3,6,2,6,7,7,7,0,0,3,2,8,2,1,2,0,1,0,2,7,2,5,1
967,5,4,1,1,2,3,7,3,3,3,2,2,3,1,0,0,3,2,2,1,1,2,1,1,0,2,7,2,5,10
413,6,0,1,7,4,6,0,4,6,3,6,7,7,1,0,0,3,2,8,2,1,2,1,0,4,2,7,2,5,16
413,6,2,1,4,2,2,10,0,6,2,6,4,5,1,0,0,3,2,2,2,1,2,2,1,4,2,7,5,1,10
476,2,0,1,4,2,3,5,3,0,2,12,2,5,1,0,0,3,2,8,2,1,7,3,2,5,3,3,5,5,0
476,2,4,1,2,2,3,17,3,4,2,9,2,5,1,0,0,3,2,8,2,1,2,1,1,0,2,3,2,5,5
149,4,1,1,7,4,6,0,3,6,2,6,7,7,7,0,0,3,2,2,1,1,9,2,1,1,1,7,2,6,10
416,4,4,1,1,0,2,17,3,5,2,11,7,5,0,0,0,3,2,8,2,1,2,2,0,4,2,7,5,0,10
416,4,2,1,1,2,3,5,3,5,2,7,2,5,0,0,0,3,2,8,2,1,2,2,1,1,2,0,2,3,1
104,4,0,1,4,2,4,17,3,5,2,9,4,5,7,0,0,3,2,2,2,1,2,0,1,1,1,7,5,5,0
104,4,1,1,4,2,1,5,3,5,2,6,4,5,7,0,0,3,2,2,2,1,2,3,2,5,3,7,5,5,9
633,3,4,1,4,2,1,15,3,5,2,6,4,5,7,0,0,0,2,8,1,1,7,0,1,4,1,7,5,5,10
776,4,1,1,2,2,2,5,3,5,2,9,4,5,1,0,0,0,2,8,2,1,2,2,0,3,1,2,2,0,10
776,4,4,1,4,2,6,5,3,5,2,6,4,5,1,0,0,0,2,8,2,1,9,0,0,0,2,1,2,5,3
236,0,0,1,7,2,4,7,3,5,2,6,4,5,7,0,0,3,2,8,1,1,2,1,0,0,2,3,2,5,9
73,0,2,1,1,2,3,14,3,5,2,6,6,5,7,0,0,3,2,8,2,1,2,1,1,1,2,0,2,5,10
73,0,0,1,1,2,4,14,3,5,2,6,2,5,7,0,0,3,2,8,2,1,2,1,0,0,2,7,5,5,1
600,5,0,1,4,2,2,5,3,5,2,7,4,5,0,0,0,0,2,8,2,1,2,2,0,4,2,2,2,5,3
600,5,3,1,4,2,2,5,3,5,2,7,2,5,0,0,0,0,2,8,2,1,2,2,0,1,2,7,5,6,4
350,1,1,1,7,2,6,7,3,1,3,7,2,5,1,0,0,3,2,8,1,1,1,3,2,5,3,0,2,5,1
326,1,1,1,4,0,0,0,3,1,3,9,1,5,1,0,0,3,2,8,1,1,3,0,1,1,2,0,2,5,3
272,5,0,1,2,2,2,17,3,1,3,12,4,6,0,0,0,3,2,8,3,1,2,1,1,0,2,0,2,5,1
272,5,2,1,4,0,2,15,3,1,3,9,4,6,0,0,0,3,2,8,3,1,9,3,2,5,3,0,2,5,12
272,5,0,1,4,0,2,5,3,1,2,6,2,5,0,0,0,3,2,8,3,1,2,0,1,0,2,0,2,5,1
488,5,1,1,4,0,2,7,3,6,2,2,1,5,0,0,0,3,2,8,2,1,13,3,2,5,3,0,2,5,18
488,5,0,1,4,0,3,0,3,6,2,7,4,5,0,0,0,3,2,8,2,1,2,1,1,0,2,0,2,5,12
659,5,0,1,4,0,2,11,3,1,2,7,1,5,0,0,0,0,2,8,2,1,2,0,1,1,2,0,2,5,2
659,5,4,1,4,0,5,14,3,2,2,7,2,5,0,0,0,0,2,8,2,1,2,3,2,5,3,3,2,5,10
535,6,0,1,0,0,4,0,3,6,2,7,2,5,0,0,0,3,2,8,2,1,2,0,1,4,2,2,2,5,10
535,6,2,1,1,0,2,5,3,6,2,6,4,5,0,0,0,3,2,2,2,1,9,0,1,4,2,0,2,5,3
99,6,2,2,1,0,2,7,3,6,2,6,3,5,0,0,0,3,2,8,2,1,9,0,1,1,2,0,2,5,3
99,6,0,1,4,0,2,10,3,5,2,9,4,5,0,0,0,3,2,1,2,1,2,0,1,3,2,3,2,5,9
516,4,0,1,2,0,2,7,3,5,2,6,1,5,2,0,3,3,4,8,2,1,1,0,1,1,2,0,2,5,10
516,4,4,1,4,0,2,7,3,5,2,9,2,5,2,0,3,3,4,2,2,1,1,1,0,1,2,0,2,5,1
374,4,1,1,4,0,1,12,3,5,2,6,4,5,7,0,3,3,4,8,1,1,2,3,2,5,3,0,2,5,16
29,0,0,1,6,0,2,5,3,5,2,7,2,5,7,0,3,0,4,8,2,1,5,0,1,0,2,2,2,5,10
29,0,4,1,4,0,3,5,3,5,2,6,1,5,7,0,3,0,4,8,2,1,7,3,2,5,3,7,2,5,16
125,2,1,1,4,0,0,8,3,5,2,12,4,5,2,0,0,3,2,8,2,1,2,0,1,0,2,0,2,5,9
125,2,0,1,6,0,4,4,3,6,3,9,1,5,2,0,0,3,2,8,2,1,1,3,2,5,3,0,2,5,10
669,0,0,1,1,0,0,0,3,6,3,6,4,5,7,0,0,0,2,6,2,2,1,0,0,1,2,0,2,5,10
669,0,2,1,4,0,2,0,3,5,2,9,4,5,7,0,0,0,2,2,2,2,7,0,1,3,2,0,2,5,12
206,2,1,1,1,0,3,8,3,3,3,6,4,5,7,0,0,3,2,8,1,1,9,1,0,3,2,0,2,5,12
526,2,3,1,4,0,2,0,3,3,3,9,1,5,1,0,0,3,2,2,2,1,3,3,2,5,3,7,5,5,0
526,2,1,1,1,0,1,7,3,5,2,7,7,5,1,0,0,3,2,8,2,1,2,3,2,5,3,0,2,5,10
393,2,0,1,4,0,1,5,2,5,3,7,2,5,1,0,0,3,2,8,2,2,2,1,0,3,2,0,2,5,5
393,2,1,1,4,0,3,10,3,2,3,6,2,5,1,0,0,3,2,8,2,2,2,1,0,0,2,0,2,5,0
565,3,1,1,4,0,1,8,3,3,2,6,2,5,0,0,0,0,2,8,2,1,2,3,2,5,3,0,2,5,1
565,3,1,1,4,2,4,14,3,1,2,9,2,5,0,0,0,0,2,8,2,1,7,3,2,5,3,3,2,5,4
958,2,0,1,4,0,1,7,3,6,2,7,2,5,0,0,0,3,2,2,2,1,2,0,0,1,2,7,5,5,2
958,2,0,1,4,0,3,8,0,6,2,7,4,5,0,0,0,3,2,8,2,1,2,1,1,4,2,0,2,5,16
755,1,2,1,4,0,1,10,3,6,2,6,2,5,0,0,0,0,2,2,2,1,2,0,0,1,2,3,2,5,1
755,1,3,1,1,0,3,9,3,6,2,6,2,5,0,0,0,0,2,8,2,1,2,0,1,1,2,0,2,5,1
360,1,0,1,1,0,3,5,3,5,2,2,4,5,7,0,0,3,2,8,1,1,1,1,1,0,2,1,2,5,9
960,1,0,1,1,1,3,8,0,5,2,7,1,5,5,2,0,3,2,8,1,2,2,3,2,5,3,0,2,5,9
960,1,0,1,4,0,3,5,3,5,2,6,4,5,5,0,0,3,2,8,1,2,2,0,1,0,2,3,2,5,0
68,4,0,1,4,0,4,8,3,0,3,6,2,5,7,0,3,3,4,8,2,1,2,3,2,5,3,7,5,5,9
68,4,0,1,1,0,2,3,3,4,3,9,2,5,7,0,3,3,4,8,2,1,2,3,2,5,3,0,2,5,10
165,4,1,1,4,0,1,17,4,6,3,7,4,5,1,0,0,3,2,8,1,1,7,1,1,3,2,0,2,5,9
590,6,1,1,4,0,3,7,3,2,3,9,2,5,0,0,0,0,2,8,2,1,3,0,0,1,1,0,2,5,1
590,6,1,1,4,0,4,17,0,6,3,6,2,5,0,0,0,0,2,8,2,1,2,2,0,4,1,7,2,5,0
309,6,1,1,4,2,1,10,3,2,3,6,4,5,0,0,0,3,2,8,2,1,2,3,2,5,3,7,5,5,12
309,6,3,1,4,0,3,13,3,3,3,7,4,5,0,0,0,3,2,8,2,1,2,0,1,0,2,0,2,5,10
975,6,1,1,6,0,1,5,3,0,2,7,7,3,7,0,0,3,2,6,2,1,2,0,0,0,2,7,2,5,12
975,6,3,1,4,0,1,5,3,1,3,6,1,3,7,0,0,3,2,2,2,1,2,1,0,4,2,7,2,5,5
967,5,1,1,2,0,1,11,3,6,2,9,2,5,3,0,0,3,2,8,2,1,2,2,1,1,2,3,2,5,1
967,5,0,1,4,0,0,0,3,6,2,7,2,5,3,0,0,3,2,8,2,1,9,2,1,0,1,3,2,1,10
752,2,4,1,2,0,2,0,1,1,3,9,4,5,0,0,0,0,2,2,1,1,2,2,1,4,2,7,2,1,10
711,4,0,1,1,0,1,0,3,6,2,2,2,5,2,0,0,0,2,8,2,1,4,2,1,0,2,0,2,5,0
711,4,0,1,4,0,0,11,0,6,2,9,2,5,2,0,0,0,2,8,2,1,2,2,1,0,2,2,2,5,1
545,4,1,1,1,0,0,4,3,6,2,6,1,5,7,0,0,3,2,8,2,1,2,2,0,4,2,1,2,1,1
545,4,0,1,2,0,5,8,0,4,2,9,2,5,7,0,0,3,2,6,2,1,2,0,0,0,2,0,2,5,5
175,4,4,1,4,2,2,4,3,5,2,7,1,5,7,0,0,3,2,6,1,1,2,3,2,5,3,0,2,5,9
658,0,1,1,4,0,0,8,3,5,3,4,2,5,1,0,0,0,2,1,2,1,2,3,2,5,3,1,2,5,0
658,0,0,1,4,0,1,13,3,5,3,2,2,5,1,0,0,0,2,8,2,1,3,1,0,0,2,0,2,5,11
195,2,2,1,4,0,2,4,3,1,2,9,4,3,0,0,0,3,2,8,2,1,3,3,2,5,3,0,2,5,10
195,2,0,1,7,4,6,17,4,6,3,14,2,5,0,0,0,3,2,8,2,1,3,0,0,0,1,0,2,5,10
1050,3,1,1,7,4,6,17,4,6,3,14,2,5,7,0,0,3,2,1,1,1,4,3,2,5,3,0,2,5,0
394,1,0,1,4,0,1,5,3,0,2,6,4,5,7,0,0,3,2,1,2,2,2,0,1,3,2,7,2,5,1
394,1,0,1,4,0,3,7,3,3,2,5,2,7,7,0,0,3,2,8,2,2,11,0,0,1,2,7,2,5,3
967,6,4,1,4,2,3,7,3,3,2,2,2,3,7,0,0,3,2,8,1,1,9,3,2,5,3,7,2,5,10
251,6,0,1,7,4,6,0,3,6,2,6,7,7,7,0,0,3,2,8,2,1,1,3,2,5,3,7,2,5,0
251,6,4,1,1,2,3,7,3,3,3,2,2,3,7,0,0,3,2,2,2,1,2,0,1,3,2,7,2,5,9
496,6,1,1,7,4,6,0,4,6,3,6,7,7,7,0,0,3,2,8,1,1,2,0,1,0,2,7,2,5,10
994,6,0,1,4,2,2,10,0,6,2,6,4,5,7,0,0,3,2,2,2,1,2,3,2,5,3,7,5,5,11
994,6,4,1,4,2,3,5,3,0,2,12,2,5,7,0,0,3,2,8,2,1,9,3,2,5,3,3,5,5,0
225,6,0,1,2,2,3,17,3,4,2,9,2,5,1,0,0,3,2,8,2,2,7,0,0,1,2,3,2,5,10
225,6,4,1,7,4,6,0,3,6,2,6,7,7,1,0,0,3,2,2,2,2,3,0,1,1,2,7,2,5,3
260,6,4,1,1,0,2,17,3,5,2,11,7,5,1,0,0,3,2,8,1,1,4,0,0,1,2,7,5,5,12
384,6,1,1,1,2,3,5,3,5,2,7,2,5,1,0,0,3,2,8,2,1,2,2,0,3,1,0,2,5,1
384,6,4,1,4,2,4,17,3,5,2,9,4,5,1,0,0,3,2,2,2,1,2,1,1,0,1,7,5,5,9
544,0,0,1,4,2,1,5,3,5,2,6,4,5,2,0,0,3,2,2,2,1,2,1,1,4,1,7,5,5,12
544,0,0,1,4,2,1,15,3,5,2,6,4,5,2,0,0,3,2,8,2,1,2,1,1,0,1,7,5,5,11
214,4,4,1,2,2,2,5,3,5,2,9,4,5,0,0,0,3,2,8,1,1,2,3,2,5,3,2,2,5,0
526,4,2,1,4,2,6,5,3,5,2,6,4,5,7,0,0,3,2,8,2,1,2,2,1,0,2,1,2,5,0
526,4,4,1,7,2,4,7,3,5,2,6,4,5,7,0,0,3,2,8,2,1,2,0,1,3,2,3,2,5,5
481,4,1,1,1,2,3,14,3,5,2,6,6,5,7,0,0,3,2,8,2,1,2,3,2,5,3,0,2,5,9
481,4,1,1,1,2,4,14,3,5,2,6,2,5,7,0,0,3,2,8,2,1,2,3,2,5,3,7,5,5,1
114,6,1,1,4,2,2,5,3,5,2,7,4,5,7,0,3,3,4,8,3,1,4,3,2,5,3,2,2,5,1
114,6,3,1,4,2,2,5,3,5,2,7,2,5,7,0,3,3,4,8,3,1,3,3,2,5,3,7,5,5,10
114,6,1,1,7,2,6,7,3,1,3,7,2,5,7,0,3,3,4,8,3,1,2,3,2,5,3,0,2,5,9
521,2,1,1,4,0,0,0,3,1,3,9,1,5,7,0,0,3,2,8,2,1,3,0,1,4,2,0,2,5,10
521,2,0,1,2,2,2,17,3,1,3,12,4,6,7,0,0,3,2,8,2,1,2,0,1,0,2,0,2,5,3
67,3,1,1,4,0,2,15,3,1,3,9,4,6,0,0,0,3,2,8,1,1,3,0,0,0,2,0,2,5,11
572,1,1,1,4,0,2,5,3,1,2,6,2,5,1,0,0,3,2,8,1,1,13,3,2,5,3,0,2,5,12
509,1,1,1,4,0,2,7,3,6,2,2,1,5,0,0,0,3,2,8,2,1,2,3,2,5,3,0,2,5,9
509,1,0,1,4,0,3,0,3,6,2,7,4,5,0,0,0,3,2,8,2,1,2,1,0,0,2,0,2,5,1
619,1,1,1,4,0,2,11,3,1,2,7,1,5,1,0,0,3,2,8,1,1,2,0,0,1,2,0,2,5,10
506,6,0,1,4,0,5,14,3,2,2,7,2,5,0,0,0,3,2,8,2,1,2,1,1,3,2,3,2,5,3
506,6,4,1,0,0,4,0,3,6,2,7,2,5,0,0,0,3,2,8,2,1,4,0,1,0,2,2,2,5,0
384,5,1,1,1,0,2,5,3,6,2,6,4,5,7,0,0,3,2,2,2,1,2,3,2,5,3,0,2,5,9
384,5,1,1,1,0,2,7,3,6,2,6,3,5,7,0,0,3,2,8,2,1,3,0,0,3,2,0,2,5,10
453,5,0,1,4,0,2,10,3,5,2,9,4,5,0,0,0,3,2,1,2,1,3,3,2,5,3,3,2,5,1
453,5,0,1,2,0,2,7,3,5,2,6,1,5,0,0,0,3,2,8,2,1,3,2,1,3,1,0,2,6,12
956,6,1,1,4,0,2,7,3,5,2,9,2,5,0,0,0,3,2,2,2,1,2,3,2,5,3,0,2,5,7
956,6,0,1,4,0,1,12,3,5,2,6,4,5,0,0,0,3,2,8,2,1,2,3,2,5,3,0,2,5,10
321,2,4,1,6,0,2,5,3,5,2,7,2,5,1,0,0,3,2,8,1,1,2,0,1,0,2,2,2,5,10
484,2,0,1,4,0,3,5,3,5,2,6,1,5,7,0,0,3,2,8,2,1,2,0,1,0,2,7,2,5,0
484,2,0,1,4,0,0,8,3,5,2,12,4,5,7,0,0,3,2,8,2,1,4,1,1,4,2,0,2,5,12
294,0,0,1,6,0,4,4,3,6,3,9,1,5,0,0,0,3,2,8,1,1,2,0,0,1,2,0,2,5,3
49,0,1,1,1,0,0,0,3,6,3,6,4,5,7,0,0,3,2,6,1,1,2,0,0,1,2,0,2,5,1
448,0,0,1,4,0,2,0,3,5,2,9,4,5,7,0,0,3,2,2,2,1,2,0,1,1,2,0,2,5,10
448,0,4,0,4,0,0,4,3,5,2,6,4,5,7,0,0,3,2,8,2,1,7,3,2,5,3,0,2,5,1
223,0,1,1,1,2,2,6,3,1,2,6,2,5,1,0,0,3,2,8,2,1,3,0,1,0,2,0,2,5,10
223,0,1,1,4,0,1,5,3,6,3,9,4,5,1,0,0,3,2,2,2,1,2,2,0,0,2,0,2,1,5
39,4,0,1,4,2,4,14,3,5,3,7,2,5,1,0,0,3,2,8,2,1,2,0,1,0,2,7,5,5,0
39,4,4,1,6,0,2,0,3,3,3,4,4,5,1,0,0,3,2,8,2,1,7,1,0,0,2,0,2,5,7
985,5,1,1,6,0,2,7,3,5,3,6,2,5,7,0,0,3,2,8,1,1,2,3,2,5,3,0,2,5,14
256,5,1,1,4,0,2,7,1,5,3,1,2,5,7,0,0,3,2,8,2,1,7,3,2,5,3,3,2,5,3
256,5,0,1,4,0,1,15,3,0,2,9,2,5,7,0,0,3,2,8,2,1,4,0,1,0,2,0,2,5,16
132,5,0,1,4,0,3,0,3,3,3,9,4,5,7,0,0,3,2,8,2,1,13,1,0,4,2,7,5,5,10
132,5,0,1,4,0,2,3,3,2,3,2,4,3,7,0,0,3,2,1,2,1,2,1,0,0,2,6,2,5,17
534,5,0,1,4,0,3,3,3,2,3,9,4,5,1,0,0,3,2,8,1,1,2,2,0,1,2,0,2,1,3
532,6,0,1,4,0,1,5,3,5,2,14,7,5,0,0,0,3,2,2,2,1,2,0,1,1,1,7,5,5,11
532,6,0,1,4,0,4,5,3,2,2,7,4,5,0,0,0,3,2,8,2,1,2,3,2,5,3,0,2,5,10
809,4,0,1,4,0,4,4,3,5,3,7,3,5,1,0,0,0,2,8,2,2,2,0,1,4,2,2,2,5,12
809,4,0,1,4,2,2,0,3,5,2,2,3,5,1,0,0,0,2,8,2,2,2,3,2,5,3,2,2,5,7
809,4,4,0,4,0,1,15,0,6,2,7,3,5,1,0,0,0,2,8,2,2,2,2,1,4,2,3,2,1,11
880,3,0,1,1,0,4,7,3,5,2,2,3,5,0,0,0,3,2,8,2,1,2,3,2,5,3,0,2,5,1
880,3,1,1,4,0,1,0,3,5,2,2,2,5,0,5,0,3,2,8,2,1,2,2,1,4,2,0,2,1,9
443,4,0,1,4,0,2,0,3,3,2,7,4,5,0,0,0,3,2,8,1,1,2,2,1,4,2,0,2,5,0
129,2,0,1,2,0,3,0,0,2,2,7,4,5,7,0,0,3,2,8,2,1,2,2,0,4,2,7,5,0,10
129,2,2,1,2,0,3,0,3,2,2,12,7,5,7,0,0,3,2,8,2,1,2,0,0,1,2,7,5,5,3
178,3,1,1,4,0,2,11,3,3,2,9,4,5,1,0,0,3,2,2,2,2,2,0,0,0,2,0,2,5,5
178,3,1,1,1,0,0,4,4,0,2,7,2,5,1,0,0,3,2,8,2,2,2,3,2,5,3,2,2,5,3
178,3,4,0,1,0,2,5,3,3,2,6,4,5,1,0,0,3,2,2,2,2,2,0,1,3,2,0,2,5,3
456,4,1,1,4,0,2,5,3,3,2,9,4,5,7,0,0,3,2,8,2,1,3,1,1,3,2,7,5,5,1
456,4,1,1,4,0,0,14,3,3,2,7,1,3,7,0,0,3,2,8,2,1,2,3,2,5,3,0,2,5,10
646,3,4,1,4,2,2,7,3,3,2,9,2,5,1,0,0,3,2,10,1,1,2,0,0,0,2,0,2,5,3
972,5,0,1,2,2,3,0,3,2,2,9,4,5,0,0,0,3,2,1,2,1,2,2,1,4,2,1,2,5,11
972,5,4,1,7,2,4,8,3,6,2,9,2,5,0,0,0,3,2,8,2,1,13,0,1,4,2,7,5,5,10
448,6,4,1,6,2,2,6,3,0,2,7,7,5,1,0,0,3,2,8,1,1,9,0,1,1,1,4,2,5,9
28,2,0,1,0,0,3,0,3,2,2,7,4,5,0,0,0,0,2,8,1,1,2,1,0,4,1,0,2,5,9
379,3,0,1,2,0,4,8,3,2,2,7,1,5,7,0,0,3,2,1,2,1,2,3,2,5,3,3,2,5,12
379,3,0,1,4,0,0,6,3,0,2,3,4,5,7,0,0,3,2,2,2,1,2,1,1,4,2,3,2,5,10
309,4,1,1,4,0,3,14,3,1,2,9,4,5,1,0,0,3,2,10,1,1,2,0,1,4,1,0,2,5,9
31,2,1,1,4,2,3,5,3,2,2,9,1,5,2,0,0,0,2,8,2,1,2,3,2,5,3,7,5,5,1
31,2,1,1,4,0,3,15,3,2,2,9,4,5,2,0,0,0,2,10,2,1,2,3,2,5,3,0,2,5,9
50,2,4,1,4,0,5,0,3,0,2,7,2,5,1,0,0,3,2,10,1,1,2,0,0,0,2,0,2,5,1
276,3,1,1,4,0,0,3,3,0,2,6,2,5,1,0,0,3,2,10,3,2,2,0,1,0,2,3,2,5,3
276,3,0,1,3,2,0,0,3,1,2,7,7,5,1,0,0,3,2,8,3,2,2,3,2,5,3,0,2,5,1
276,3,3,1,4,2,4,9,3,5,2,6,0,5,1,0,0,3,2,8,3,2,9,2,0,0,2,7,2,3,10
228,1,1,1,4,2,0,4,3,5,2,9,2,5,7,0,0,3,2,2,2,1,13,2,0,1,2,0,2,5,9
228,1,0,1,4,2,1,8,3,5,2,6,0,1,7,0,0,3,2,2,2,1,7,0,1,0,2,7,5,5,3
646,1,4,1,5,2,2,5,3,6,2,6,0,5,0,0,0,3,2,8,2,1,4,3,2,5,3,0,2,5,10
646,1,0,1,5,2,3,7,1,5,2,7,0,5,0,0,0,3,2,8,2,1,2,0,0,1,2,7,5,5,12
112,3,0,1,4,2,1,0,3,5,2,6,2,5,7,0,0,3,2,8,2,1,2,0,1,1,2,3,3,5,1
112,3,0,1,1,2,3,3,3,5,2,6,6,5,7,0,0,3,2,8,2,1,9,3,2,5,3,0,2,5,9
195,6,3,1,6,2,2,4,0,5,3,6,1,5,7,3,0,3,2,8,2,1,4,3,2,5,3,0,2,5,5
195,6,0,1,7,2,6,3,3,5,3,7,4,5,7,0,0,3,2,6,2,1,2,0,0,0,2,2,2,5,1
982,5,0,1,4,2,2,0,3,5,3,9,6,5,0,0,0,3,2,8,1,2,2,3,2,5,3,7,5,5,12
982,5,0,1,4,2,4,15,3,1,2,9,2,1,0,0,0,3,2,2,1,2,4,3,2,5,3,7,5,5,0
953,5,0,1,4,2,1,15,3,2,3,2,2,5,1,0,0,3,2,1,2,1,2,3,2,5,3,2,2,5,3
953,5,1,1,1,0,1,3,3,2,3,7,2,5,1,0,0,3,2,8,2,1,9,0,0,3,2,0,2,5,11
284,6,4,1,4,0,1,4,3,5,3,9,2,5,7,0,0,3,2,8,2,1,2,0,0,1,2,0,2,5,11
284,6,0,1,4,0,1,4,3,1,3,7,4,5,7,0,0,3,2,8,2,1,9,0,1,0,2,7,5,5,1
804,4,1,1,4,0,2,3,3,1,3,9,4,5,7,0,0,0,2,8,2,1,2,0,1,1,2,0,2,5,6
804,4,0,1,4,0,2,16,3,1,3,9,2,5,7,0,0,0,2,8,2,1,3,3,2,5,3,7,5,5,0
417,4,2,2,4,0,3,3,3,2,2,7,2,5,0,1,0,3,2,8,2,4,13,3,2,5,3,0,2,5,0
417,4,2,1,1,0,2,3,4,6,3,7,2,5,0,0,0,3,2,8,2,4,2,0,0,1,2,0,2,5,4
417,4,2,1,4,0,2,10,3,5,2,7,4,5,0,0,0,3,2,2,2,4,2,1,1,4,2,7,5,5,0
417,4,0,1,4,0,3,0,3,5,2,7,0,5,0,0,0,3,2,6,2,4,7,3,2,5,3,7,5,5,5
264,3,2,1,1,2,6,0,3,5,3,9,2,5,7,0,0,3,2,8,1,1,7,3,2,5,3,7,5,5,11
481,4,0,2,4,2,2,8,3,1,3,1,4,5,1,0,0,3,2,1,3,1,7,0,1,0,2,7,5,5,0
481,4,1,1,4,0,2,17,3,6,3,7,7,5,1,0,0,3,2,8,3,1,2,1,0,3,2,2,2,5,9
481,4,1,1,4,0,4,14,3,6,3,6,4,5,1,0,0,3,2,8,3,1,2,3,2,5,3,3,2,5,10
471,4,0,1,7,4,6,17,4,6,3,7,4,5,7,0,0,3,2,1,2,1,2,0,1,1,2,7,5,5,1
471,4,2,1,4,0,2,0,3,5,3,6,4,5,7,0,0,3,2,1,2,1,2,0,1,0,2,4,2,5,12
516,4,1,1,4,0,2,0,3,5,3,6,1,5,1,0,0,3,2,8,2,1,3,0,1,1,2,2,2,5,9
516,4,4,1,4,0,3,3,3,5,3,6,4,5,1,0,0,3,2,8,2,1,2,0,1,3,2,0,2,5,16
597,5,0,1,2,0,3,10,3,5,2,7,4,5,7,0,0,0,2,8,2,1,3,1,0,3,2,2,2,5,0
597,5,1,1,4,0,3,10,0,5,3,7,0,5,7,0,0,0,2,8,2,1,3,1,0,1,2,0,2,5,1
1041,0,1,1,4,0,3,4,3,5,2,6,3,5,7,0,0,3,2,8,2,1,2,1,1,4,2,2,2,5,16
1041,0,1,1,4,0,3,4,3,5,3,9,7,5,7,0,0,3,2,2,2,1,4,1,0,0,2,7,2,5,14
229,5,3,1,4,0,3,8,0,1,3,1,4,5,2,0,0,3,2,8,2,2,2,0,1,1,2,0,2,5,13
229,5,3,1,4,0,2,0,3,0,2,7,7,5,2,0,0,3,2,8,2,2,4,0,0,3,2,0,2,5,12
229,5,3,1,4,0,1,0,3,3,2,9,7,5,2,0,0,3,2,8,2,2,2,0,1,0,2,3,2,5,1
414,6,2,1,4,0,4,0,3,5,2,7,7,5,7,0,0,3,2,8,2,1,7,3,2,5,3,7,5,5,9
414,6,1,1,4,0,4,3,3,5,3,7,7,5,7,0,0,3,2,8,2,1,13,3,2,5,3,7,5,5,0
14,6,0,1,4,0,1,3,3,2,3,7,1,5,0,0,0,0,2,8,2,1,2,3,2,5,3,1,2,5,11
14,6,1,1,1,0,4,0,3,5,2,7,2,5,0,0,0,0,2,8,2,1,2,1,0,4,2,0,2,5,10
114,6,2,2,4,0,4,14,3,1,2,7,7,5,1,0,0,3,2,8,1,1,2,3,2,5,3,2,2,5,12
640,4,2,1,4,0,6,17,3,5,2,12,4,5,0,0,0,3,2,8,2,1,2,0,1,0,2,0,2,5,10
640,4,0,1,7,0,2,7,3,6,2,6,2,5,0,0,0,3,2,8,2,1,2,2,1,4,2,0,2,5,10
685,4,2,2,6,0,4,13,3,5,2,6,2,5,7,0,0,0,2,8,1,1,2,3,2,5,3,0,2,5,9
426,5,3,1,4,0,4,5,3,2,2,6,2,5,1,0,0,3,2,8,2,1,4,0,0,1,2,0,2,5,1
426,5,4,0,4,0,0,8,3,5,2,12,6,5,1,0,0,3,2,8,2,1,2,1,1,3,2,0,2,5,11
621,2,1,1,1,0,3,4,0,6,2,12,4,5,7,0,0,0,2,8,2,1,2,1,0,1,2,0,2,5,9
621,2,2,1,1,0,3,5,3,6,2,6,2,5,7,0,0,0,2,8,2,1,2,1,0,1,2,0,2,5,7
944,1,0,1,1,0,4,6,3,6,2,6,2,5,0,0,0,3,2,2,1,1,2,0,1,1,2,0,2,5,16
251,1,0,1,2,0,1,0,0,3,2,12,2,5,7,0,0,3,2,8,2,1,7,2,0,0,2,7,2,7,14
251,1,1,1,4,0,1,0,3,0,2,14,2,5,7,0,0,3,2,8,2,1,2,3,2,5,3,7,2,5,1
967,6,1,1,0,0,3,0,3,3,2,7,2,5,0,0,0,3,2,8,2,1,2,0,0,0,2,7,2,5,8
967,6,4,1,4,0,1,14,3,4,2,7,4,5,0,0,0,3,2,8,2,1,4,2,0,0,2,7,2,0,13
204,1,1,1,4,0,1,17,3,3,2,7,2,5,7,0,0,3,2,1,2,1,2,2,1,4,2,7,2,5,0
204,1,4,1,2,0,0,11,3,5,2,9,4,5,7,0,0,3,2,8,2,1,2,3,2,5,3,7,2,5,1
486,5,1,1,4,0,2,11,0,0,2,7,4,5,7,0,0,3,2,8,2,1,2,0,0,0,2,7,2,5,11
486,5,1,1,4,0,4,14,3,0,2,7,4,5,7,0,0,3,2,8,2,1,9,2,0,0,2,7,2,1,15
391,5,0,1,4,0,4,0,3,6,2,4,4,5,1,0,0,3,2,8,2,1,2,2,1,4,2,0,5,1,0
391,5,4,1,1,0,6,2,3,6,2,1,4,5,1,0,0,3,2,8,2,1,2,3,2,5,3,0,5,5,12
476,0,0,2,4,0,4,0,3,3,2,2,2,5,7,0,0,3,2,8,2,1,7,0,1,1,2,0,2,5,1
476,0,4,1,4,0,0,5,3,6,3,6,2,5,7,0,0,3,2,8,2,1,4,3,2,5,3,0,2,5,10
535,4,4,1,1,0,1,0,3,6,3,7,2,5,7,0,0,3,2,8,1,1,2,0,0,1,2,0,2,5,11
438,6,4,1,2,0,0,10,3,6,3,6,4,5,1,0,0,3,2,1,1,1,2,3,2,5,3,7,2,5,10
448,6,0,1,4,0,2,13,3,6,3,6,2,5,7,0,0,3,2,8,2,1,3,0,0,0,1,0,2,5,12
448,6,4,2,4,0,4,0,3,6,3,7,2,5,7,0,0,3,2,8,2,1,7,2,0,1,2,0,2,5,13
485,0,0,1,2,0,3,10,3,3,3,9,4,5,7,0,0,3,2,8,2,1,2,0,0,1,2,3,2,5,3
485,0,4,0,1,2,2,17,3,3,3,6,7,7,7,0,0,3,2,8,2,1,2,3,2,5,3,0,2,5,0
1057,0,1,1,1,0,4,5,3,3,2,9,7,5,2,0,0,3,2,2,2,1,3,0,0,0,2,0,2,5,3
1057,0,2,2,4,0,2,5,4,6,3,12,2,5,2,0,0,3,2,8,2,1,2,1,0,4,2,3,2,5,0
422,2,1,1,1,2,2,9,3,3,2,6,2,2,1,0,0,3,2,8,2,1,2,0,0,1,2,7,5,5,12
422,2,3,1,4,0,1,5,3,2,2,7,7,5,1,0,0,3,2,8,2,1,2,1,0,4,2,0,2,5,10
379,3,1,2,4,0,3,5,3,3,2,7,4,5,7,0,0,3,2,8,1,2,2,1,0,4,2,2,2,5,1
379,3,1,1,4,0,2,9,3,3,2,2,7,5,7,0,0,3,2,8,1,2,2,3,2,5,3,0,2,5,1
362,4,1,1,2,0,0,11,3,6,2,6,2,5,7,0,0,3,2,8,1,3,2,3,2,5,3,3,2,5,2
362,4,1,1,1,0,2,0,3,6,2,7,2,5,7,0,0,3,2,8,1,3,13,3,2,5,3,0,2,5,10
362,4,1,1,1,0,1,8,3,6,2,6,2,6,7,0,0,3,2,2,1,3,2,0,1,0,2,0,2,5,1
347,4,0,1,4,0,4,14,3,6,2,6,2,5,0,0,0,3,2,8,1,2,7,1,1,0,2,7,5,5,0
347,4,0,1,4,0,4,7,3,3,2,6,2,2,0,0,0,3,2,8,1,2,2,2,0,4,2,0,2,0,7
502,4,1,1,4,0,2,17,3,3,2,2,4,2,1,0,0,3,2,8,2,1,2,0,0,1,2,0,2,5,13
502,4,0,1,4,2,2,0,3,3,2,6,4,1,1,0,0,3,2,8,2,1,2,3,2,5,3,7,5,5,13
777,4,1,1,1,0,0,14,3,2,2,7,0,1,0,0,0,0,2,6,2,1,2,3,2,5,3,7,5,5,10
777,4,1,1,4,0,6,8,3,6,3,7,2,5,0,0,0,0,2,8,2,1,2,0,1,1,2,0,2,5,12
500,0,1,1,1,0,3,5,3,2,2,2,5,7,1,1,0,3,2,8,2,1,2,1,0,4,2,0,2,5,16
500,0,4,1,4,2,0,0,3,0,3,12,4,5,1,0,0,3,2,2,2,1,4,3,2,5,3,7,5,5,11
280,1,1,1,7,4,6,17,4,6,3,2,2,5,0,0,0,3,2,8,2,1,3,0,1,1,2,7,5,5,10
280,1,4,1,4,0,3,5,3,3,3,6,4,5,0,0,0,3,2,8,2,1,4,2,0,0,1,0,2,0,1
954,0,1,1,1,2,1,5,3,1,2,7,7,5,0,0,0,3,2,8,2,1,2,2,0,4,2,0,2,5,3
954,0,4,1,4,0,2,5,3,3,3,2,2,4,0,3,0,3,2,2,2,1,2,0,1,0,2,7,5,5,1
1061,6,1,1,4,0,4,8,0,0,2,7,0,5,0,0,0,3,2,2,1,1,2,1,1,0,2,7,5,5,16
979,6,1,1,4,0,2,8,0,3,3,7,0,5,1,0,0,3,2,8,1,1,4,0,0,1,2,0,2,5,13
958,6,1,1,2,0,3,0,1,2,2,6,2,1,0,0,3,3,4,8,2,1,2,3,2,5,3,0,2,5,4
958,6,0,1,4,0,2,7,1,3,2,7,2,5,0,0,3,3,4,2,2,1,13,3,2,5,3,7,5,5,2
669,6,1,2,1,0,0,17,3,1,2,7,2,5,7,0,0,0,2,2,2,1,2,0,1,1,2,0,5,5,19
669,6,4,0,4,0,6,0,0,6,2,9,2,5,7,0,0,0,2,8,2,1,2,3,2,5,3,0,2,5,1
972,4,1,1,0,0,0,0,3,3,2,9,6,5,0,0,0,3,2,1,2,1,2,0,1,0,2,4,2,5,10
972,4,1,1,4,0,3,11,3,2,2,6,4,5,0,0,0,3,2,8,2,1,2,0,1,0,2,7,5,5,13
299,4,0,1,4,0,0,5,3,6,2,1,7,9,0,0,0,3,2,8,2,1,3,0,0,0,2,7,5,5,12
299,4,1,1,4,0,2,11,0,6,2,6,7,6,0,2,0,3,2,8,2,1,3,0,0,3,1,7,2,5,0
161,0,0,1,4,0,1,17,3,2,2,4,7,5,7,0,0,3,2,8,1,1,2,1,1,3,2,0,2,5,11
321,0,1,1,7,4,6,17,4,6,3,14,6,9,1,5,0,3,2,8,2,1,2,2,1,4,2,0,2,2,16
321,0,0,1,4,0,1,0,3,6,2,9,4,5,1,5,0,3,2,2,2,1,9,2,1,4,1,7,5,5,3
662,0,2,1,4,0,1,0,0,3,2,9,7,5,7,0,0,0,2,2,1,1,2,3,2,5,3,7,5,5,12
990,2,1,1,4,0,3,5,3,0,2,4,7,5,1,2,0,3,2,8,2,1,2,1,0,1,2,7,5,5,11
990,2,1,1,4,0,0,0,3,1,2,9,4,5,1,0,0,3,2,8,2,1,2,3,2,5,3,7,5,5,1
388,2,0,1,0,2,0,10,3,5,2,9,7,5,0,0,0,3,2,8,1,1,2,0,0,1,2,0,2,5,3
326,3,1,1,0,0,5,0,3,6,2,6,4,5,7,2,0,3,2,8,2,1,2,3,2,5,3,0,2,5,1
326,3,0,1,4,0,0,11,3,1,2,6,0,0,7,0,0,3,2,8,2,1,2,0,1,1,2,0,2,5,1
655,5,1,1,4,0,2,5,3,3,2,6,7,5,0,0,0,0,2,8,2,1,2,2,0,3,1,2,2,1,0
655,5,3,1,4,0,3,0,3,0,2,6,4,0,0,0,0,0,2,8,2,1,2,3,2,5,3,0,2,5,17
234,6,4,1,4,0,3,4,3,6,2,6,1,5,7,0,0,3,2,8,1,1,13,0,1,0,2,7,5,5,3
58,6,1,1,4,2,2,10,3,6,2,6,4,5,7,0,0,3,2,8,1,1,4,2,0,3,2,0,2,6,10
491,4,1,1,1,0,1,10,3,6,2,6,7,5,7,0,0,3,2,8,2,1,1,3,2,5,3,0,2,5,3
491,4,4,1,4,0,1,17,3,3,2,9,7,5,7,0,0,3,2,5,2,1,2,0,1,3,1,5,2,5,0
839,2,1,1,4,0,4,3,3,2,2,9,1,5,1,0,0,0,2,8,2,2,2,1,0,4,2,0,2,5,12
839,2,0,1,4,0,1,5,3,6,2,7,1,5,1,0,0,0,2,2,2,2,2,1,0,4,2,0,2,5,1
237,3,1,1,4,0,1,4,3,2,2,2,4,5,7,0,3,3,4,8,1,1,4,3,2,5,3,0,2,5,10
950,4,2,1,1,0,2,5,3,6,2,1,7,5,7,0,0,3,2,8,2,1,2,0,1,1,2,0,2,5,9
950,4,0,1,4,0,3,9,3,6,3,4,4,5,7,0,0,3,2,8,2,1,3,3,2,5,3,1,2,5,9
761,0,0,1,7,4,6,17,4,6,3,9,7,9,7,1,0,0,2,8,2,1,4,2,0,1,2,0,2,6,10
761,0,4,1,4,0,1,15,3,3,2,9,7,8,7,0,0,0,2,8,2,1,2,3,2,5,3,3,2,5,10
461,0,1,1,4,0,2,17,3,1,2,6,0,5,0,0,0,3,2,8,2,2,2,0,0,1,2,0,2,5,10
461,0,0,1,0,0,1,0,3,1,2,0,4,5,0,0,0,3,2,2,2,2,2,2,1,4,1,0,2,1,11
461,0,0,1,7,4,6,17,4,6,3,13,7,5,0,0,0,3,2,2,2,2,13,3,2,5,3,7,5,5,3
348,4,0,1,7,0,0,5,3,6,2,4,7,5,1,0,0,3,2,8,2,1,2,0,1,1,2,0,2,5,1
348,4,4,1,4,0,1,0,3,6,2,9,3,5,1,0,0,3,2,2,2,1,2,1,0,1,2,7,5,5,0
565,2,0,1,4,0,3,0,0,4,2,9,4,5,1,0,0,3,2,2,2,1,2,0,1,0,2,7,5,5,3
565,2,4,1,4,0,4,5,3,2,2,7,4,5,1,0,0,3,2,8,2,1,2,3,2,5,3,7,2,5,3
506,2,4,2,4,0,1,0,0,6,2,9,7,5,7,0,0,3,2,8,2,1,2,3,2,5,3,0,2,5,10
506,2,0,1,4,0,4,0,3,0,2,10,4,1,7,0,0,3,2,2,2,1,2,0,1,1,2,0,2,5,13
326,6,1,1,2,0,2,0,3,1,2,10,4,1,7,0,0,3,2,8,1,1,2,3,2,5,3,0,2,5,1
228,6,0,1,0,0,0,15,3,6,2,6,0,5,7,0,0,3,2,8,2,1,2,0,1,1,2,0,2,5,1
228,6,0,1,4,0,4,17,3,1,2,9,4,1,7,0,0,3,2,8,2,1,2,3,2,5,3,0,2,5,10
567,5,0,1,7,4,6,17,3,6,3,9,7,5,7,0,0,0,2,8,2,1,2,2,1,4,2,0,2,2,10
567,5,0,1,2,0,4,0,3,6,1,5,7,5,7,0,0,0,2,8,2,1,2,2,1,4,2,1,2,5,17
743,6,1,1,2,0,4,8,3,3,3,9,7,5,7,0,0,0,2,8,2,1,13,3,2,5,3,7,2,5,2
743,6,4,1,7,4,6,17,3,2,0,2,7,5,7,0,0,0,2,1,2,1,2,0,1,0,2,0,2,5,12
321,1,3,1,2,0,1,0,3,6,2,6,4,5,7,0,0,3,2,8,2,1,2,0,1,0,2,7,5,5,11
321,1,4,2,4,0,3,9,3,5,2,6,2,7,7,0,0,3,2,2,2,1,2,1,0,0,2,3,2,5,12
304,5,1,1,4,0,3,10,0,6,2,6,2,0,0,3,0,3,2,8,2,1,2,3,2,5,3,7,5,5,13
304,5,4,1,4,0,2,4,3,1,3,7,4,7,0,0,0,3,2,8,2,1,9,0,1,1,2,3,2,5,13
948,3,2,1,4,0,0,14,3,1,3,7,4,5,7,0,0,3,2,8,2,1,3,1,0,0,2,7,5,5,9
948,3,1,1,5,0,4,12,3,5,2,9,2,5,7,0,0,3,2,8,2,1,2,2,0,1,2,3,2,6,10
81,3,4,1,4,0,4,14,3,6,3,7,2,5,7,0,0,3,2,8,2,1,2,0,0,1,2,7,5,5,9
81,3,1,1,2,0,1,0,3,4,3,7,4,6,7,0,0,3,2,8,2,1,3,1,0,3,2,7,5,5,12
879,0,1,1,4,2,0,0,3,2,3,7,2,5,0,0,3,0,4,8,2,3,2,3,2,5,3,3,2,5,3
879,0,1,1,4,0,2,7,0,2,2,7,4,5,0,0,3,0,4,8,2,3,3,0,1,0,2,1,2,5,10
879,0,1,1,1,0,1,15,3,1,2,7,0,6,0,0,3,0,4,8,2,3,2,3,2,5,3,2,2,5,13
879,0,4,1,1,2,2,0,3,6,2,7,2,5,0,0,3,0,4,2,2,3,2,3,2,5,3,1,2,5,1
966,0,1,1,4,0,3,14,3,1,3,2,2,5,7,0,0,3,2,8,2,1,2,0,1,0,2,7,5,5,10
966,0,4,1,4,0,2,0,3,2,3,7,4,5,7,0,0,3,2,2,2,1,4,3,2,5,3,1,2,5,3
704,3,0,1,2,0,2,9,1,1,3,4,2,5,1,0,0,0,2,8,2,1,4,0,0,0,2,7,5,5,10
704,3,0,1,4,0,2,17,3,6,2,9,0,5,1,0,0,0,2,8,2,1,2,2,1,4,1,1,2,5,12
458,2,0,1,4,0,3,0,0,3,2,7,2,5,1,0,0,3,2,10,2,2,7,3,2,5,3,1,2,5,1
458,2,1,1,4,4,0,5,3,6,2,6,2,5,1,3,0,3,2,1,2,2,2,0,1,1,2,1,2,5,11
458,2,1,1,4,0,1,17,3,6,2,4,5,5,1,0,0,3,2,8,2,2,2,3,2,5,3,0,2,5,12
453,3,1,2,4,0,0,11,3,0,2,4,0,5,0,0,0,3,2,8,1,1,2,1,1,1,2,0,2,5,0
486,4,1,1,7,4,6,17,3,6,2,7,2,5,7,0,0,3,2,8,2,1,2,3,2,5,3,4,2,5,18
486,4,4,1,1,0,2,9,1,3,3,3,2,5,7,0,0,3,2,1,2,1,3,0,1,3,2,0,2,5,4
50,4,1,1,4,0,2,9,3,5,3,6,1,5,0,2,0,3,2,2,2,1,2,2,0,4,2,3,2,5,3
50,4,0,1,4,0,3,0,3,1,2,2,4,5,0,0,0,3,2,10,2,1,2,1,0,3,2,7,5,5,4
443,1,0,1,4,0,1,0,1,2,2,3,4,7,7,0,0,3,2,8,2,1,2,3,2,5,3,7,5,5,3
443,1,1,1,4,2,3,11,3,3,2,6,7,5,7,5,0,3,2,10,2,1,2,3,2,5,3,0,2,5,11
1024,3,1,1,4,0,1,5,3,1,2,7,2,0,7,3,0,3,2,10,2,1,2,2,1,3,0,0,2,1,3
1024,3,4,0,1,1,2,11,3,0,3,6,4,5,7,0,0,3,2,10,2,1,3,0,1,0,2,0,2,5,1
526,5,0,1,1,0,2,17,3,1,3,6,2,7,0,5,0,3,2,8,1,1,2,1,1,4,2,0,2,5,9
106,5,3,1,4,4,2,17,3,6,2,7,0,3,7,0,0,3,2,8,2,1,2,0,1,4,1,7,5,5,3
106,5,4,1,4,0,2,0,3,0,2,6,4,6,7,2,0,3,2,2,2,1,3,1,1,4,1,0,2,5,1
574,5,0,1,1,0,3,0,3,6,2,9,4,5,0,0,0,0,2,2,2,1,3,1,1,4,1,3,2,5,3
574,5,4,1,4,4,4,5,3,5,3,7,2,5,0,0,0,0,2,8,2,1,2,0,1,1,2,3,2,5,3
498,3,3,1,4,0,2,0,3,1,3,6,0,5,1,0,0,3,2,8,2,1,9,3,2,5,3,3,2,5,3
498,3,1,1,1,0,0,10,3,2,3,6,4,7,1,0,0,3,2,8,2,1,9,3,2,5,3,0,2,5,1
435,0,1,1,7,4,6,0,4,6,3,6,7,5,0,0,0,3,2,8,1,1,2,0,1,0,2,2,2,5,1
854,1,4,1,4,0,3,11,3,2,2,7,2,6,7,2,0,0,2,8,1,1,2,0,1,3,1,7,5,5,3
570,5,0,1,2,2,1,5,3,6,2,2,4,5,1,0,0,0,2,6,2,1,2,0,1,3,1,3,2,5,16
570,5,4,1,4,0,0,0,3,5,2,4,4,5,1,0,0,0,2,8,2,1,2,1,1,3,2,2,2,5,1
352,1,2,1,4,0,0,4,3,0,2,6,0,5,7,0,0,3,2,2,1,1,2,1,1,3,1,7,5,5,10
292,1,1,1,0,2,1,10,3,5,2,2,4,5,7,0,0,3,2,1,2,1,2,1,1,1,2,7,5,5,13
292,1,1,2,7,4,6,10,3,6,3,6,4,5,7,0,0,3,2,8,2,1,1,3,2,5,3,0,2,5,1
209,1,0,1,1,2,1,17,3,6,2,6,7,5,7,0,0,3,2,8,1,1,3,0,1,0,2,7,5,5,1
364,5,1,1,4,0,0,3,3,6,3,9,2,5,2,0,0,3,2,8,2,1,4,1,0,3,2,0,2,5,16
364,5,1,1,7,2,2,5,3,2,3,6,2,5,2,0,0,3,2,8,2,1,2,2,1,4,1,0,2,5,13
476,5,1,1,4,0,4,4,3,2,3,9,4,5,1,0,0,3,2,8,3,2,2,2,1,1,2,0,2,5,4
476,5,0,1,4,0,1,5,3,1,3,6,0,5,1,0,0,3,2,8,3,2,2,0,1,3,2,0,2,5,16
476,5,4,0,4,0,2,9,3,1,2,6,0,5,1,0,0,3,2,8,3,2,2,3,2,5,3,3,2,5,12
476,5,0,1,4,0,3,17,4,6,2,7,2,5,0,2,0,3,2,2,2,1,2,0,1,1,2,3,2,5,9
476,5,3,1,1,0,1,15,3,5,2,7,2,5,0,0,0,3,2,6,2,1,2,3,2,5,3,0,2,5,13
721,0,0,2,1,2,3,17,3,3,2,9,2,5,2,0,0,0,2,8,2,1,2,3,2,5,3,0,2,5,12
721,0,4,0,4,0,0,0,3,5,3,2,2,5,2,0,0,0,2,1,2,1,2,0,1,0,2,7,5,5,11
343,6,3,1,4,0,2,17,0,5,2,2,0,5,7,0,3,3,2,8,2,1,2,3,2,5,3,0,2,5,1
343,6,1,1,4,0,1,5,3,1,2,9,0,5,7,4,3,3,2,8,2,1,2,0,0,1,2,0,2,5,1
743,4,0,1,4,0,1,0,3,6,2,6,2,6,1,3,0,0,2,1,2,1,2,3,2,5,3,0,2,5,1
743,4,4,1,4,0,1,0,3,2,2,6,2,6,1,3,0,0,2,1,2,1,2,0,0,4,2,7,2,5,4
967,4,0,1,4,0,1,5,3,1,3,9,2,5,0,0,0,3,2,8,2,1,3,2,1,0,2,7,5,3,0
967,4,0,1,4,0,3,0,3,2,3,2,7,5,0,0,0,3,2,8,2,1,2,3,2,5,3,0,2,5,9
159,2,2,1,4,0,3,0,3,6,3,7,2,5,0,2,0,3,2,8,1,1,3,3,2,5,3,0,2,5,2
180,2,1,1,1,0,2,0,3,6,3,6,2,5,7,0,0,3,2,8,2,1,3,0,1,0,2,3,2,5,9
180,2,1,1,7,0,6,15,3,6,3,7,2,5,7,0,0,3,2,8,2,1,2,0,0,1,2,0,2,5,10
606,1,1,1,7,0,1,17,3,6,3,7,2,5,0,0,0,0,2,2,1,1,2,0,1,3,2,0,2,5,13
711,3,0,1,1,0,2,17,3,6,3,14,6,5,0,0,0,0,2,8,2,1,2,1,1,1,2,0,2,5,12
711,3,3,1,4,0,2,0,0,1,3,9,2,9,0,2,0,0,2,8,2,1,2,0,1,1,1,7,5,5,1
132,1,0,1,4,0,3,8,3,4,3,2,4,5,7,0,0,3,2,8,2,1,2,3,2,5,3,0,2,5,13
132,1,0,1,4,0,2,17,4,6,3,7,4,5,7,0,0,3,2,8,2,1,2,0,1,4,2,0,2,5,10
485,1,1,1,4,0,3,0,3,5,3,7,1,5,1,0,0,3,2,8,2,1,13,3,2,5,3,3,2,5,3
485,1,1,1,1,0,4,9,3,5,2,9,2,5,1,0,0,3,2,8,2,1,4,0,1,3,2,7,2,5,10
958,4,0,1,1,0,2,10,3,5,3,6,1,5,0,0,0,3,2,8,2,1,2,0,1,1,2,7,5,5,9
958,4,0,1,1,0,0,4,3,5,2,4,2,5,0,0,0,3,2,8,2,1,13,0,0,3,2,0,2,5,10
154,5,1,2,1,0,2,14,0,6,2,9,0,5,1,0,0,3,2,8,2,1,5,3,2,5,3,0,2,5,9
154,5,4,0,1,0,2,12,3,6,2,6,5,5,1,0,0,3,2,8,2,1,7,0,1,0,2,0,2,5,11
418,5,0,1,1,0,1,14,3,1,3,7,6,5,7,0,3,3,2,8,1,1,2,1,1,4,2,7,5,5,0
437,5,4,1,1,0,2,0,3,5,3,2,7,5,1,0,0,3,2,8,1,1,4,1,1,0,2,0,2,5,10
801,3,4,0,7,4,2,0,3,3,3,4,6,5,7,2,0,0,2,8,1,1,3,3,2,5,3,3,2,5,13
418,2,4,1,4,0,3,7,3,5,2,1,1,5,7,0,0,3,2,8,2,1,2,0,1,0,2,3,2,5,10
418,2,0,1,4,0,3,15,3,5,2,0,4,5,7,0,0,3,2,8,2,1,4,3,2,5,3,7,5,5,11
428,2,1,1,1,0,4,0,3,5,2,7,2,5,7,0,0,3,2,2,2,1,3,0,0,0,2,7,2,5,9
428,2,0,1,1,0,2,14,3,5,3,7,2,5,7,0,0,3,2,8,2,1,2,3,2,5,3,0,2,5,11
899,2,0,1,1,2,2,0,3,5,2,4,2,9,0,2,0,3,2,8,2,1,2,3,2,5,3,0,2,5,10
899,2,0,1,1,0,1,9,0,1,3,7,2,5,0,0,0,3,2,8,2,1,3,3,2,5,3,7,5,5,11
1061,0,0,1,1,0,3,17,0,6,3,6,7,5,7,0,0,3,2,8,2,1,2,0,1,1,1,0,2,5,3
1061,0,1,1,1,0,1,0,3,5,3,14,7,5,7,0,0,3,2,1,2,1,1,0,1,1,2,3,2,5,7
740,4,0,1,4,0,3,5,3,6,3,6,2,5,7,0,0,0,2,8,1,1,2,3,2,5,3,3,2,5,3
178,4,0,1,4,0,4,0,3,6,3,6,4,5,0,0,0,3,2,8,2,1,2,0,0,0,2,3,2,5,0
178,4,1,1,4,0,1,11,1,5,3,7,7,5,0,0,0,3,2,8,2,1,3,0,0,1,2,7,5,5,12
842,3,3,1,1,0,2,5,0,1,3,7,7,5,7,0,0,0,2,8,2,2,2,3,2,5,3,3,2,5,1
842,3,3,1,1,0,2,11,3,5,2,7,4,5,7,0,0,0,2,8,2,2,2,3,2,5,3,3,2,5,1
842,3,4,1,1,0,0,17,3,3,3,7,7,5,7,4,0,0,2,8,2,2,2,0,0,1,2,0,1,5,10
846,0,4,1,1,0,6,17,4,6,3,9,4,5,7,0,0,3,2,8,1,1,2,3,2,5,3,0,2,5,10
280,5,4,1,4,0,0,0,3,1,2,2,4,5,0,0,0,3,2,8,1,1,2,0,1,0,2,3,2,5,0
705,6,0,1,7,0,2,0,3,1,3,6,0,5,7,0,0,0,2,1,3,1,3,1,0,0,2,3,2,5,1
705,6,1,1,1,2,0,5,3,1,3,2,7,5,7,0,0,0,2,8,3,1,2,3,2,5,3,0,2,5,12
705,6,4,1,4,0,2,0,3,1,3,7,2,5,7,0,0,0,2,8,3,1,2,3,2,5,3,0,2,5,0
994,6,4,1,4,0,1,10,3,6,3,14,7,5,7,0,3,3,4,8,1,1,3,0,1,1,2,7,5,5,12
203,4,1,1,4,0,1,0,3,0,3,12,7,3,7,0,0,3,2,8,2,1,3,1,1,0,2,0,2,5,9
203,4,0,1,4,0,2,11,3,2,3,6,2,6,7,2,0,3,2,2,2,1,2,3,2,5,3,0,2,5,18
483,1,0,1,4,2,4,5,3,4,3,7,7,3,7,0,3,3,4,8,1,1,2,0,1,0,0,4,2,5,10
990,3,2,1,2,0,4,0,3,5,3,6,4,5,7,0,0,3,2,8,1,1,2,3,2,5,3,1,2,5,10
102,2,1,1,4,0,6,4,3,6,3,7,4,5,0,0,0,3,2,8,2,1,2,0,0,0,2,0,2,5,10
102,2,1,1,4,0,4,10,3,1,3,7,2,5,0,0,0,3,2,8,2,1,2,0,1,1,1,2,2,5,0
466,0,0,1,4,0,1,10,3,6,3,6,4,5,0,0,0,3,2,8,1,1,2,3,2,5,3,7,2,5,12
230,0,4,1,4,0,1,17,3,6,2,7,0,5,0,0,0,3,2,8,1,1,2,0,1,4,2,7,5,5,2
313,5,1,1,4,0,2,3,3,6,3,2,7,5,7,0,0,3,2,8,2,1,2,1,1,4,2,7,5,5,16
313,5,4,1,1,0,2,5,3,6,2,6,2,5,7,0,0,3,2,2,2,1,2,0,1,4,2,1,5,5,13
1071,6,1,1,7,2,2,4,3,3,2,6,2,5,1,0,0,3,2,8,2,1,2,2,1,0,1,0,5,6,0
1071,6,0,1,4,0,2,5,3,1,3,7,4,7,1,0,0,3,2,8,2,1,4,3,2,5,3,0,5,5,11
388,6,2,1,4,2,2,9,3,1,3,9,4,5,1,0,0,3,2,8,3,1,2,0,1,1,1,0,5,5,0
388,6,0,1,3,0,1,17,3,5,2,9,4,5,1,0,0,3,2,8,3,1,7,2,1,4,1,3,2,6,10
388,6,4,0,4,0,2,15,3,2,1,14,2,5,1,0,0,3,2,6,3,1,2,0,1,1,2,0,2,5,9
9,1,1,1,4,0,4,17,3,5,1,7,7,5,0,0,0,0,2,8,2,2,7,0,1,0,2,2,2,5,0
9,1,1,1,4,0,0,0,3,5,2,6,6,3,0,0,0,0,2,8,2,2,2,0,1,4,1,7,5,5,13
9,1,0,1,1,0,1,17,0,5,2,12,0,5,0,2,0,0,2,2,2,2,7,1,1,4,1,0,2,5,10
612,3,1,1,1,0,1,5,3,5,2,7,2,3,7,0,0,0,2,8,1,1,13,0,1,4,1,3,2,5,9
521,0,1,1,1,0,2,0,3,2,2,7,2,8,7,5,0,3,2,8,2,1,2,1,0,1,2,3,2,5,10
521,0,4,1,4,0,2,0,0,5,2,2,2,5,7,0,0,3,2,8,2,1,7,3,2,5,3,3,2,5,0
695,1,1,1,7,4,6,5,4,6,3,6,6,6,2,0,0,0,2,2,2,1,4,0,1,1,2,7,4,5,0
695,1,0,1,4,0,3,0,3,6,3,7,2,6,2,0,0,0,2,2,2,1,2,0,1,1,0,0,0,5,11
709,6,0,1,4,0,3,0,0,6,2,9,0,5,7,0,0,0,2,8,2,1,2,3,2,5,3,0,2,5,0
709,6,1,1,4,2,3,0,3,6,3,6,2,5,7,0,0,0,2,8,2,1,2,0,1,4,2,3,2,5,3
39,0,0,1,4,0,7,15,3,6,3,6,4,5,1,0,0,3,2,2,2,1,3,0,1,3,2,0,2,5,3
39,0,4,1,4,0,2,17,3,4,3,6,2,5,1,0,0,3,2,2,2,1,2,0,0,0,2,0,2,5,11
352,4,0,1,4,0,1,17,1,0,3,2,6,5,7,0,0,3,2,8,2,1,2,0,1,1,1,0,2,5,7
352,4,1,1,1,0,2,0,3,6,3,6,2,5,7,0,0,3,2,8,2,1,2,3,2,5,3,0,2,5,10
535,1,2,1,4,0,1,8,3,0,3,6,2,6,0,3,0,3,2,8,2,1,2,3,2,5,3,0,2,5,0
535,1,1,1,2,2,2,17,3,6,3,6,2,6,0,0,0,3,2,2,2,1,4,0,1,4,2,0,2,5,12
448,5,1,1,4,0,3,0,3,2,2,6,2,5,7,0,0,3,2,8,3,1,13,2,0,4,2,7,2,0,10
448,5,0,1,4,0,1,9,3,6,2,7,2,5,7,0,0,3,2,8,3,1,2,2,0,0,1,1,2,5,11
448,5,4,1,1,0,1,10,3,6,2,9,0,5,7,0,0,3,2,8,3,1,9,0,1,1,2,7,5,5,11
254,5,1,1,2,2,3,4,3,6,2,2,4,5,2,0,0,3,2,6,1,1,2,1,0,0,2,0,2,5,12
550,6,1,1,1,0,0,14,3,6,2,7,2,5,7,0,0,3,2,8,2,1,3,1,0,0,2,3,2,5,3
550,6,1,1,4,0,3,12,3,6,2,1,2,5,7,0,0,3,2,8,2,1,3,3,2,5,3,3,2,5,1
369,0,0,1,7,4,6,14,4,6,3,14,6,5,7,0,0,3,2,1,2,1,2,3,2,5,3,7,5,5,0
369,0,1,1,4,2,2,0,3,5,2,4,4,6,7,0,0,3,2,8,2,1,4,0,1,0,2,3,2,5,9
627,0,1,1,0,0,2,0,3,6,2,7,2,5,1,0,0,0,2,8,3,1,2,0,1,4,2,7,5,5,3
627,0,0,1,4,0,2,7,3,5,3,7,7,5,1,0,0,0,2,8,3,1,2,3,2,5,3,3,2,5,4
627,0,0,1,4,0,3,15,3,2,2,2,7,5,1,0,0,0,2,8,3,1,2,1,0,3,1,0,2,5,4
574,2,1,1,4,0,0,0,3,2,2,2,4,5,1,0,0,0,2,2,1,1,2,0,0,0,1,3,2,5,11
591,3,3,1,4,0,1,14,3,6,2,7,2,5,7,0,0,0,2,8,2,1,2,1,1,4,2,3,2,5,0
591,3,1,1,4,0,4,0,3,6,2,7,1,5,7,0,0,0,2,8,2,1,2,2,0,3,2,3,2,6,1
699,2,4,1,4,0,3,9,0,1,3,1,2,5,7,0,0,0,2,8,2,1,2,2,0,3,2,0,2,6,3
699,2,1,1,4,0,0,17,3,1,3,7,4,5,7,0,0,0,2,8,2,1,2,0,1,0,2,1,2,5,10
129,3,1,1,0,0,2,0,3,2,3,6,4,5,7,4,0,3,2,2,2,1,4,0,0,3,2,7,2,5,7
129,3,0,1,4,0,2,5,3,2,2,2,2,5,7,0,0,3,2,8,2,1,2,1,1,3,2,7,5,5,5
1004,6,0,1,1,2,4,17,3,1,3,6,2,5,1,0,0,3,2,2,2,1,5,0,1,0,2,7,5,5,1
1004,6,4,1,7,4,6,11,4,6,2,6,4,7,1,0,0,3,2,8,2,1,2,3,2,5,3,7,5,5,3
248,1,1,1,4,0,3,17,3,1,2,7,4,5,7,0,3,3,4,6,2,1,2,3,2,5,3,3,2,5,9
248,1,0,1,4,4,6,9,0,6,3,9,2,5,7,0,3,3,4,8,2,1,2,3,2,5,3,0,2,5,18
368,1,0,1,4,0,0,9,3,1,2,6,2,6,7,0,3,3,4,8,1,1,10,3,2,5,3,7,5,5,1
68,6,1,1,4,2,1,0,3,1,3,9,7,5,0,0,0,3,2,8,2,1,2,0,0,4,2,7,5,5,3
68,6,1,1,7,0,7,0,3,5,2,9,2,5,0,0,0,3,2,8,2,1,2,0,1,1,2,0,2,5,12
423,5,0,1,4,0,3,11,3,6,2,7,0,5,7,0,0,3,2,8,2,1,2,1,1,1,2,0,2,5,9
423,5,0,1,4,2,1,5,3,6,2,3,1,5,7,0,0,3,2,1,2,1,2,1,1,1,2,3,2,5,0
91,6,2,1,4,0,2,11,0,6,2,7,4,5,0,2,0,3,2,6,2,1,9,3,2,5,3,0,2,5,17
91,6,1,1,4,0,1,17,3,6,2,7,4,5,0,0,0,3,2,8,2,1,2,0,1,0,2,0,2,5,10
486,6,1,1,4,0,0,17,3,6,2,1,1,6,7,5,0,3,2,6,2,1,2,1,1,4,2,3,2,5,3
486,6,1,1,4,0,2,0,3,6,2,7,4,5,7,5,0,3,2,8,2,1,3,0,1,0,1,3,2,5,10
329,5,1,1,4,0,1,0,3,6,2,7,4,5,1,0,0,3,2,8,2,1,2,1,1,0,1,0,2,5,0
329,5,0,1,1,0,2,5,3,6,2,7,4,5,1,2,0,3,2,8,2,1,3,3,2,5,3,3,2,5,11
535,4,2,1,0,2,2,0,3,4,2,6,2,5,1,0,0,3,2,4,2,1,2,0,1,4,2,7,5,5,10
535,4,4,0,4,0,1,10,3,1,2,7,2,6,1,0,0,3,2,8,2,1,2,3,2,5,3,7,5,5,10
986,4,0,1,4,0,1,0,3,6,2,9,2,5,7,2,3,3,4,2,2,1,2,0,1,4,2,7,5,5,0
986,4,0,1,4,0,1,11,3,2,2,7,4,5,7,0,3,3,4,8,2,1,2,3,2,5,3,3,2,5,10
994,4,0,1,4,0,2,5,3,5,2,7,4,5,0,0,0,3,2,8,2,1,10,1,0,3,2,0,2,5,0
994,4,0,1,4,0,0,0,3,6,3,2,4,5,0,0,0,3,2,8,2,1,2,2,0,4,2,1,2,0,10
497,3,0,1,4,2,1,4,3,0,0,6,4,5,7,0,0,3,2,1,2,1,2,0,1,1,1,0,2,5,10
497,3,2,1,2,2,1,10,3,3,2,12,7,5,7,0,0,3,2,8,2,1,2,3,2,5,3,0,2,5,10
516,2,1,1,7,0,6,10,3,1,2,7,4,5,7,0,0,3,2,8,2,1,2,0,1,4,2,0,2,5,0
516,2,0,1,4,2,0,17,3,0,2,6,4,5,7,0,0,3,2,8,2,1,2,1,1,4,2,0,2,5,1
838,3,4,1,4,4,4,3,3,0,2,9,7,3,0,0,0,0,2,6,2,3,2,3,2,5,3,0,2,5,9
838,3,4,1,2,0,0,5,3,0,2,4,1,5,0,0,0,0,2,2,2,3,8,1,1,0,2,0,2,5,1
838,3,4,1,0,0,0,4,3,1,2,7,4,5,0,0,0,0,2,8,2,3,9,3,2,5,3,1,2,5,10
838,3,1,1,4,0,3,5,3,0,2,9,4,5,0,0,0,0,2,8,2,3,1,3,2,5,3,0,2,5,16
182,2,1,1,2,0,0,9,3,0,2,1,2,5,1,0,0,3,2,2,1,1,3,3,2,5,3,1,2,5,13
1041,0,1,1,4,0,1,17,3,5,1,6,7,5,7,1,0,3,2,8,1,1,3,0,0,0,2,3,2,5,13
273,3,0,1,0,1,1,15,3,6,2,5,2,5,1,0,0,3,2,8,2,1,2,1,1,4,2,0,2,5,1
273,3,4,1,2,0,3,17,3,0,2,5,2,5,1,0,0,3,2,8,2,1,9,1,0,4,2,0,2,5,11
282,1,1,1,1,0,2,0,3,0,2,5,4,5,0,0,0,3,2,6,2,4,2,1,1,4,2,3,2,5,12
282,1,1,1,2,0,0,17,0,4,2,5,4,5,0,0,0,3,2,6,2,4,2,0,0,0,2,3,2,5,0
282,1,2,1,2,0,2,5,3,6,2,5,7,3,0,0,0,3,2,1,2,4,10,3,2,5,3,0,2,5,0
282,1,2,1,2,0,1,0,3,6,2,12,7,3,0,0,0,3,2,8,2,4,2,3,2,5,3,0,2,5,16
1004,6,0,1,4,0,0,0,3,3,2,5,2,5,7,0,0,3,2,8,2,1,2,0,0,0,2,3,2,5,10
1004,6,4,1,0,0,3,5,3,6,2,5,4,5,7,0,0,3,2,8,2,1,10,3,2,5,3,3,2,5,12
509,5,0,1,0,0,1,0,3,6,2,5,2,0,0,0,0,3,2,1,2,1,8,0,0,0,2,0,2,5,1
509,5,0,1,1,0,2,0,3,1,2,5,2,7,0,0,0,3,2,1,2,1,2,1,0,1,2,0,2,5,0
82,4,0,1,1,0,0,0,3,1,2,6,4,7,7,0,0,3,2,8,2,1,3,3,2,5,3,0,2,5,10
82,4,4,1,4,0,6,15,3,1,2,5,4,7,7,0,0,3,2,8,2,1,1,0,0,1,2,0,2,5,3
443,6,1,1,7,4,6,17,3,6,2,5,4,7,2,0,0,3,2,8,2,1,2,0,0,4,2,7,5,5,11
443,6,1,1,1,0,2,17,3,1,2,5,4,5,2,0,0,3,2,2,2,1,2,3,2,5,3,7,2,5,3
1041,6,1,1,4,0,1,0,3,6,2,6,4,5,7,0,0,3,2,8,2,1,9,0,1,0,1,0,2,5,9
1041,6,1,1,4,0,2,8,3,6,2,1,4,5,7,0,0,3,2,2,2,1,3,3,2,5,3,7,5,5,10
91,6,1,1,2,0,1,17,3,3,2,6,4,5,7,0,0,3,2,8,2,1,2,3,2,5,3,7,5,5,10
91,6,0,1,4,0,0,0,3,1,2,7,2,6,7,0,0,3,2,8,2,1,3,1,0,4,2,7,5,5,10
119,5,0,1,4,0,0,9,3,3,2,9,2,5,7,0,0,3,2,2,2,1,2,1,0,4,2,0,2,5,0
119,5,4,1,4,0,2,10,3,3,2,9,7,5,7,3,0,3,2,8,2,1,13,3,2,5,3,7,5,5,0
165,5,1,1,3,0,7,4,3,6,2,9,4,5,7,0,0,3,2,8,2,1,2,2,0,0,2,7,5,1,9
165,5,4,1,4,0,2,14,3,3,2,7,4,5,7,0,0,3,2,2,2,1,13,2,1,4,2,0,2,5,1
511,4,1,1,4,0,0,12,3,6,2,6,2,5,1,0,0,0,2,2,2,1,2,1,0,3,2,0,2,5,12
511,4,1,1,4,0,1,14,3,6,3,7,2,5,1,0,0,0,2,8,2,1,13,0,0,1,2,0,2,5,9
388,2,1,1,4,0,3,0,3,3,3,7,7,5,1,0,0,3,2,8,2,1,2,1,1,3,2,0,2,5,3
388,2,0,1,4,2,2,0,3,2,3,6,2,5,1,0,0,3,2,8,2,1,2,2,1,3,1,7,5,6,3
687,2,1,1,2,0,0,7,3,4,3,2,7,5,0,0,0,0,2,8,2,1,2,3,2,5,3,0,2,5,5
687,2,0,1,4,0,3,15,3,5,2,7,2,5,0,0,0,0,2,8,2,1,2,0,0,0,2,7,5,5,11
685,2,1,1,4,0,0,0,3,6,3,7,1,5,7,0,0,0,2,8,1,1,2,3,2,5,3,7,5,5,12
1007,5,2,1,4,0,1,14,3,6,3,6,0,5,7,0,0,3,2,8,1,1,4,0,0,3,2,7,5,5,3
407,5,0,1,4,0,3,0,3,6,3,6,1,6,7,0,0,3,2,8,2,1,4,1,1,3,2,7,5,5,9
407,5,4,1,4,0,1,9,3,6,3,6,4,5,7,0,0,3,2,8,2,1,2,0,1,1,1,7,5,5,3
334,4,1,1,1,0,2,17,3,6,2,6,0,5,0,0,0,3,2,8,2,1,2,1,0,0,1,0,2,5,12
334,4,0,1,7,4,6,0,3,5,3,14,2,5,0,0,0,3,2,8,2,1,1,0,1,0,1,0,2,5,1
532,4,0,1,1,0,0,5,3,4,3,6,4,5,0,3,0,0,2,8,2,1,2,1,0,4,0,0,2,5,0
532,4,0,2,1,0,2,17,3,5,3,7,6,5,0,0,0,0,2,8,2,1,2,3,2,5,3,0,2,5,12
418,4,4,1,1,0,2,11,3,6,3,7,0,5,1,0,0,3,2,8,2,1,2,0,0,1,2,0,2,5,3
418,4,2,1,4,0,0,17,0,5,3,7,2,5,1,0,0,3,2,8,2,1,2,3,2,5,3,0,2,5,9
408,0,2,1,4,0,2,9,3,6,3,6,6,5,7,0,0,0,2,8,2,1,2,3,2,5,3,7,5,5,10
408,0,0,1,4,0,2,9,3,6,3,6,6,5,7,2,0,0,2,8,2,1,1,0,1,1,2,0,2,5,0
970,1,1,1,4,0,1,0,3,6,3,6,2,5,1,0,0,3,2,8,2,1,2,2,0,3,0,7,5,1,0
970,1,1,1,4,0,0,17,0,6,2,6,2,5,1,0,0,3,2,2,2,1,2,0,0,1,2,0,2,5,10
398,1,1,1,4,0,2,0,3,1,3,2,4,5,7,5,0,3,2,8,2,1,4,1,0,4,2,0,2,5,0
398,1,1,1,4,0,4,5,0,6,3,6,2,5,7,3,0,3,2,1,2,1,2,2,1,4,2,0,2,0,3
948,1,0,1,4,0,2,9,0,5,3,9,2,5,0,0,0,3,2,8,2,1,2,0,0,0,2,7,5,5,0
948,1,4,1,4,2,2,4,3,6,3,12,2,5,0,5,0,3,2,2,2,1,2,3,2,5,3,7,5,5,10
852,5,3,1,7,2,2,0,3,5,3,6,4,5,0,0,0,0,2,8,2,1,2,3,2,5,3,0,2,5,1
852,5,1,1,4,0,2,0,3,2,3,7,4,5,0,2,0,0,2,8,2,1,2,0,1,3,1,0,2,5,10
269,5,1,1,2,0,1,0,3,6,3,7,0,5,7,0,0,3,2,8,2,1,7,2,1,3,2,0,2,6,4
269,5,1,1,0,0,2,1,0,6,2,7,0,5,7,0,0,3,2,8,2,1,4,3,2,5,3,0,2,5,10
491,5,0,1,4,0,3,9,3,2,2,7,2,5,2,0,0,3,2,8,2,1,2,3,2,5,3,3,2,5,16
491,5,4,1,4,0,4,4,3,5,2,6,0,6,2,0,0,3,2,6,2,1,2,0,1,0,0,3,2,5,5
958,5,1,1,1,0,2,0,3,6,3,6,2,5,0,0,0,3,2,2,2,1,2,0,1,4,1,0,2,5,11
958,5,0,1,1,0,1,11,3,6,3,6,6,6,0,2,0,3,2,8,2,1,2,3,2,5,3,4,2,5,9
985,6,0,1,4,0,1,5,3,6,3,6,6,6,1,0,0,3,2,2,2,1,2,3,2,5,3,7,5,5,1
985,6,1,1,4,0,0,11,3,6,3,6,1,5,1,0,0,3,2,8,2,1,2,3,2,5,3,7,5,5,0
334,6,0,1,4,0,1,17,4,6,3,6,2,5,7,0,0,3,2,8,1,1,2,0,1,0,2,7,2,5,1
405,6,2,1,4,0,1,17,3,6,3,6,6,5,0,0,0,3,2,8,2,1,2,3,2,5,3,0,2,5,5
405,6,1,1,4,0,3,0,3,2,3,7,4,5,0,0,0,3,2,8,2,1,2,0,1,1,2,0,2,5,12
779,6,0,1,2,0,4,0,3,6,2,7,2,5,7,0,0,0,2,8,1,1,3,3,2,5,3,7,5,5,12
280,6,1,1,4,0,1,5,4,1,2,9,2,5,7,0,0,3,2,2,1,1,3,2,1,3,2,7,5,1,0
977,0,1,1,2,0,3,0,3,6,2,7,2,5,7,0,0,3,2,8,2,1,9,2,0,3,2,7,5,1,1
977,0,0,1,4,0,3,10,3,2,2,7,2,5,7,0,0,3,2,2,2,1,4,2,1,4,2,7,5,0,1
678,6,2,1,2,0,2,0,0,6,2,7,2,5,0,0,3,0,4,8,2,2,4,0,1,0,2,0,2,5,0
678,6,2,1,4,0,3,11,3,2,3,7,4,5,0,0,3,0,4,8,2,2,2,1,1,0,2,0,2,5,0
678,6,4,1,4,0,0,5,3,6,3,4,4,5,0,2,3,0,4,8,2,2,2,3,2,5,3,0,2,5,7
545,2,0,1,4,0,1,0,3,2,3,4,4,5,0,0,0,0,2,8,2,1,4,0,0,0,1,2,2,5,16
545,2,4,1,1,0,1,4,3,6,2,2,0,5,0,0,0,0,2,8,2,1,4,3,2,5,3,0,2,5,0
137,3,0,1,1,1,2,10,3,6,2,7,4,5,7,0,0,3,2,8,2,1,2,0,1,1,2,7,5,5,5
137,3,2,1,4,0,2,10,3,3,3,7,4,5,7,0,0,3,2,8,2,1,7,0,1,3,2,0,2,5,3
543,0,0,1,2,2,2,17,3,5,2,6,4,5,1,4,0,0,2,8,1,1,4,3,2,5,3,0,2,5,9
928,0,0,1,4,0,3,3,3,5,2,6,4,5,0,3,0,3,2,8,2,1,9,3,2,5,3,5,2,5,10
928,0,1,1,4,0,4,5,0,4,3,9,2,5,0,3,0,3,2,8,2,1,2,0,1,4,2,0,2,5,12
280,0,4,1,4,1,4,4,3,5,2,4,4,5,1,0,0,3,2,8,2,1,2,3,2,5,3,0,2,5,17
280,0,1,1,4,0,3,5,3,6,2,6,4,5,1,0,0,3,2,6,2,1,2,0,1,4,1,0,2,5,0
963,1,0,1,2,2,2,9,3,6,2,7,4,5,0,2,0,3,2,2,2,1,2,0,1,0,2,0,2,5,10
963,1,0,1,1,2,2,17,3,6,3,7,2,5,0,0,0,3,2,8,2,1,2,0,1,0,2,1,2,5,9
228,1,1,1,4,0,1,15,3,6,2,9,4,5,7,0,0,3,2,8,2,1,2,3,2,5,3,0,2,5,12
228,1,2,1,4,0,1,17,3,6,3,6,2,5,7,0,0,3,2,2,2,1,2,0,1,4,2,3,2,5,12
172,2,1,1,0,0,2,0,1,6,3,9,7,5,7,0,0,3,2,8,1,1,2,2,0,1,2,0,2,6,10
109,0,4,1,4,2,1,17,3,6,3,6,2,5,0,2,0,3,2,8,1,1,2,3,2,5,3,0,2,5,10
499,6,1,1,7,4,6,5,4,6,3,2,2,5,7,0,0,0,2,8,1,1,4,0,1,4,2,7,5,5,16
675,6,1,1,4,0,1,0,1,2,3,9,2,5,0,0,0,0,2,6,2,1,2,3,2,5,3,0,2,5,5
675,6,0,1,4,0,2,0,3,3,3,12,7,5,0,0,0,0,2,6,2,1,2,0,0,0,2,7,5,5,1
328,6,1,1,4,0,1,5,3,2,3,3,7,3,7,0,3,3,4,1,3,1,3,0,1,3,2,7,5,5,0
328,6,1,1,1,0,0,0,3,1,3,7,4,5,7,0,3,3,4,8,3,1,2,3,2,5,3,7,2,5,3
328,6,2,1,2,0,6,0,3,6,3,12,0,5,7,0,3,3,4,8,3,1,3,0,1,3,1,0,2,5,9
165,6,1,1,4,2,0,0,3,3,2,7,7,5,1,0,0,3,2,8,2,1,4,0,1,4,2,0,2,5,9
165,6,4,1,4,0,1,15,3,2,3,4,4,5,1,0,0,3,2,1,2,1,2,3,2,5,3,0,2,5,1
448,5,1,1,4,0,0,17,3,5,2,2,2,5,1,0,0,3,2,1,2,1,7,0,1,0,2,0,2,5,12
448,5,4,1,1,0,3,17,3,6,2,6,2,5,1,0,0,3,2,8,2,1,2,3,2,5,3,0,2,5,2
834,3,1,1,4,0,1,0,3,6,2,7,2,5,0,2,0,0,2,8,2,1,4,2,1,4,1,0,2,5,5
834,3,1,1,4,0,1,8,3,6,2,6,0,5,0,0,0,0,2,8,2,1,4,2,1,4,2,1,2,6,1
73,3,2,1,4,0,1,17,3,6,2,6,0,5,7,0,0,3,2,2,2,1,4,3,2,5,3,7,2,5,3
73,3,1,1,4,0,1,0,0,6,2,6,0,5,7,0,0,3,2,8,2,1,8,0,1,1,2,0,2,5,10
517,4,1,1,1,0,1,9,3,6,2,9,0,5,0,0,0,0,2,2,2,1,4,0,0,0,2,7,5,5,0
517,4,0,1,4,0,1,10,3,6,2,6,0,5,0,2,0,0,2,8,2,1,4,1,0,4,2,3,2,5,10
718,4,0,1,1,0,2,4,3,1,3,7,4,5,1,0,0,0,2,8,1,1,4,1,0,4,2,7,5,5,10
656,1,1,1,1,0,1,14,3,1,3,4,1,9,0,0,0,0,2,2,2,1,2,0,0,3,2,3,2,5,7
656,1,0,1,4,0,3,0,3,6,2,7,1,5,0,0,0,0,2,8,2,1,2,1,1,3,2,7,5,5,16
9,0,1,1,4,0,3,11,3,6,2,6,0,5,1,0,3,0,4,8,1,1,2,1,1,1,2,3,2,5,3
796,2,1,1,2,0,3,5,0,5,3,6,2,5,7,0,0,0,2,2,1,1,2,3,2,5,3,7,5,5,5
290,2,2,1,4,0,2,11,0,6,2,14,0,5,0,0,0,3,2,2,2,1,2,3,2,5,3,7,5,5,9
290,2,1,1,4,2,1,17,3,6,3,7,6,5,0,0,0,3,2,8,2,1,2,3,2,5,3,3,2,5,17
326,1,0,1,1,0,0,17,3,5,3,6,0,5,1,0,0,3,2,8,3,1,2,0,1,4,2,1,2,5,5
326,1,0,1,4,0,1,0,3,6,2,6,2,5,1,4,0,3,2,8,3,1,2,0,1,0,1,2,2,5,1
326,1,2,1,4,0,2,0,3,2,3,6,4,5,1,0,0,3,2,8,3,1,2,3,2,5,3,1,2,5,0
560,2,0,1,7,4,6,5,3,6,3,7,4,5,0,0,0,0,2,8,2,1,2,3,2,5,3,7,5,5,10
560,2,0,1,1,2,2,0,3,6,2,7,4,5,0,0,0,0,2,8,2,1,2,0,1,1,2,1,2,5,10
917,0,0,1,2,1,3,10,3,6,2,1,4,5,7,0,0,3,2,8,2,1,7,3,2,5,3,7,5,5,12
917,0,4,1,4,0,3,0,3,6,2,2,4,5,7,0,0,3,2,8,2,1,2,0,1,1,2,1,2,5,9
124,5,4,1,4,0,0,11,2,0,2,1,7,5,7,0,0,3,2,8,1,1,4,2,1,3,2,1,2,5,9
738,6,2,1,2,2,6,5,3,2,2,12,7,5,7,0,0,0,2,8,1,1,13,1,0,0,2,1,2,5,7
565,5,0,1,4,0,1,0,3,6,2,2,0,5,7,2,0,0,2,8,2,1,1,3,2,5,3,0,2,5,0
565,5,4,0,4,0,2,4,3,2,3,6,6,5,7,0,0,0,2,8,2,1,2,0,0,1,2,0,2,5,0
146,5,1,1,4,0,1,10,3,1,3,9,1,3,1,0,0,3,2,8,2,1,2,1,1,4,2,4,2,5,12
146,5,1,1,4,0,3,10,3,6,2,7,1,5,1,0,0,3,2,8,2,1,2,0,0,3,2,0,2,5,1
739,0,0,1,1,0,2,17,3,6,2,7,4,5,7,0,0,0,2,8,2,1,2,3,2,5,3,3,2,5,1
739,0,4,1,4,0,2,3,0,0,2,4,1,5,7,0,0,0,2,8,2,1,9,0,0,4,2,7,5,5,3
360,3,0,1,0,0,0,5,0,0,2,2,7,3,7,0,0,3,2,8,3,1,0,2,1,4,2,7,5,6,0
360,3,4,1,1,0,3,4,1,0,2,6,7,5,7,0,0,3,2,8,3,1,0,3,2,5,3,0,2,5,1
360,3,4,0,1,0,2,5,3,5,2,6,4,5,7,0,0,3,2,2,3,1,0,0,1,4,2,0,2,5,5
666,3,1,1,1,0,1,9,3,6,3,6,0,5,7,0,0,0,2,8,1,1,0,3,2,5,3,0,2,5,3
1014,3,2,1,1,0,1,17,3,1,3,7,2,5,0,0,0,3,2,1,2,1,4,0,1,0,2,0,2,5,10
1014,3,0,1,4,0,2,15,3,6,3,6,4,5,0,0,0,3,2,8,2,1,0,3,2,5,3,7,5,5,12
701,0,0,1,4,0,0,17,3,6,2,7,0,5,7,0,0,0,2,2,2,2,9,3,2,5,3,0,2,5,12
701,0,0,1,4,0,2,0,3,3,2,4,2,5,7,0,0,0,2,8,2,2,0,0,0,0,2,3,2,5,12
701,0,0,1,4,0,2,17,3,6,2,9,7,5,7,0,0,0,2,8,2,2,0,2,0,3,2,3,2,5,0
120,0,1,1,0,0,2,5,3,6,2,7,2,5,0,0,0,3,2,8,2,1,0,3,2,5,3,3,2,5,9
120,0,0,1,4,0,3,0,3,2,3,7,1,5,0,2,0,3,2,8,2,1,0,0,1,3,2,0,2,5,3
265,0,0,1,1,0,1,0,3,0,2,7,1,5,7,0,0,3,2,8,1,1,0,1,1,1,2,2,2,5,5
388,6,4,1,4,0,2,5,3,6,3,7,4,5,7,5,0,3,2,6,1,1,4,0,0,3,2,7,5,5,1
686,2,0,1,7,4,6,0,4,6,3,7,2,5,0,0,3,0,2,2,2,1,2,1,1,3,2,3,2,5,12
686,2,4,1,4,0,2,0,0,4,2,9,7,3,0,0,3,0,2,8,2,1,2,0,1,1,2,2,2,5,1
307,1,1,1,4,0,6,0,3,6,2,6,2,5,1,0,0,3,2,8,2,1,4,1,0,3,2,7,5,5,4
307,1,1,1,4,0,6,15,3,6,3,6,2,5,1,0,0,3,2,2,2,1,2,1,1,3,2,7,5,5,9
1050,1,1,1,4,0,0,17,3,5,2,7,2,5,7,0,0,3,2,8,1,1,2,3,2,5,3,0,2,5,12
463,6,1,1,0,2,2,17,3,3,2,7,1,5,0,0,0,0,2,8,2,1,2,0,1,1,2,7,5,5,10
463,6,0,1,4,0,1,0,3,6,2,6,2,5,0,0,0,0,2,8,2,1,2,0,1,4,2,0,2,5,3
550,4,4,1,4,2,2,8,3,1,3,6,4,5,7,0,3,0,4,8,1,1,2,3,2,5,3,0,2,5,0
74,0,1,1,2,0,1,17,3,6,2,7,2,5,0,0,0,3,2,8,1,1,7,3,2,5,3,0,2,5,12
680,0,1,1,4,0,3,0,3,6,2,7,2,5,7,3,0,0,2,8,2,1,3,0,1,1,1,0,2,5,12
680,0,0,1,4,0,4,9,0,5,3,9,2,5,7,0,0,0,2,1,2,1,5,2,0,1,1,3,2,5,10
672,3,1,1,4,0,4,10,3,0,2,7,4,5,0,0,0,0,5,8,2,1,2,0,1,1,2,3,2,5,4
672,3,4,0,7,2,6,4,3,6,2,6,4,5,0,0,0,0,5,2,2,1,2,0,1,3,2,0,2,5,3
691,2,3,1,4,0,1,14,3,1,2,6,4,5,0,0,0,0,2,8,2,2,2,1,0,3,2,0,2,5,3
691,2,0,1,7,4,6,12,4,6,3,7,4,5,0,0,0,0,2,8,2,2,2,3,2,5,3,7,5,5,1
413,6,4,1,1,0,5,14,3,5,3,7,6,5,1,0,0,3,2,8,1,1,2,0,0,0,2,0,2,5,3
152,1,0,1,4,0,3,0,3,3,3,7,4,5,7,0,0,3,2,8,2,1,2,2,0,1,2,0,2,6,0
152,1,1,1,4,2,3,0,3,6,2,6,6,5,7,0,0,3,2,8,2,1,2,0,1,0,1,0,2,5,3
453,6,2,1,4,0,3,7,3,3,2,6,2,5,0,0,0,0,2,8,2,1,2,3,2,5,3,7,2,5,3
453,6,1,1,4,0,3,15,3,6,2,7,2,3,0,0,0,0,2,8,2,1,2,3,2,5,3,7,5,5,5
1065,5,1,1,4,2,2,0,3,3,2,2,7,5,0,0,0,3,2,8,2,1,2,0,1,1,2,0,2,5,3
1065,5,1,1,4,0,4,14,0,6,2,4,4,5,0,0,0,3,2,8,2,1,2,2,1,4,0,0,2,1,10
379,6,1,1,4,0,1,0,1,1,3,7,4,5,7,0,0,3,2,2,2,1,4,0,1,4,2,3,2,5,3
379,6,0,1,4,0,6,9,3,2,2,7,2,5,7,0,0,3,2,8,2,1,2,3,2,5,3,0,2,5,4
798,4,4,0,0,0,0,17,3,0,3,6,4,7,7,0,0,0,2,2,1,1,3,3,2,5,3,0,2,5,16
476,6,0,1,4,0,0,0,3,5,2,7,1,5,7,0,3,0,4,8,2,1,4,0,1,0,2,0,2,5,10
476,6,4,2,4,0,0,5,3,5,2,1,4,3,7,0,3,0,4,8,2,1,2,1,0,0,2,7,5,5,3
141,3,0,1,5,0,2,17,0,5,2,7,2,3,1,4,0,3,2,10,1,1,2,0,1,0,2,0,2,5,12
566,4,0,1,4,0,3,11,0,2,2,2,2,5,1,0,3,0,4,1,2,1,2,3,2,5,3,0,2,5,12
566,4,4,1,4,0,3,17,3,6,3,9,4,5,1,0,3,0,4,8,2,1,2,0,1,1,2,3,2,5,12
337,4,4,1,4,0,2,9,3,2,2,6,2,9,0,0,0,3,2,8,2,1,2,3,2,5,3,7,2,5,12
337,4,4,1,4,0,1,9,3,1,2,7,2,5,0,0,0,3,2,8,2,1,2,2,1,3,2,7,5,5,10
299,0,2,1,4,0,4,0,0,1,3,6,4,5,7,0,0,3,2,1,1,1,2,2,1,4,2,0,2,1,9
82,2,1,1,4,0,0,17,3,6,3,6,7,5,7,0,3,3,8,2,1,1,2,2,0,4,2,0,2,6,10
527,2,1,1,4,0,2,0,3,6,2,7,1,0,1,0,3,0,2,10,1,1,2,3,2,5,3,0,2,5,0
408,2,0,1,4,0,4,5,3,6,2,9,4,5,7,4,0,0,2,8,2,1,4,0,1,0,1,7,5,5,0
408,2,1,1,1,0,2,9,3,6,2,1,1,5,7,0,0,0,2,10,2,1,7,2,1,4,2,0,2,1,11
1069,2,1,1,4,0,1,4,3,6,2,2,4,5,7,0,0,3,2,10,1,1,4,0,0,4,2,3,2,5,9
1032,0,1,1,4,0,2,0,3,6,2,7,1,5,1,0,3,3,4,10,2,1,4,0,0,0,2,3,2,5,0
1032,0,1,1,1,0,2,0,3,6,2,7,4,5,1,0,3,3,4,8,2,1,7,2,1,3,2,7,5,2,10
485,1,2,1,4,0,3,0,3,5,2,7,2,5,0,0,0,0,2,8,2,2,2,2,0,1,2,7,2,2,12
485,1,0,1,4,0,0,1,0,6,2,9,7,5,0,0,0,0,2,2,2,2,2,3,2,5,3,0,2,5,1
485,1,0,1,2,0,4,9,3,3,2,12,7,5,0,0,0,0,2,2,2,2,2,0,1,0,2,0,2,5,10
190,1,1,1,1,0,3,4,3,3,2,2,2,5,7,0,0,3,2,8,1,1,2,2,1,3,1,7,5,1,10
476,5,0,1,2,2,0,17,3,3,2,7,7,5,7,5,0,0,2,8,2,1,9,1,0,1,2,0,2,5,7
476,5,0,1,4,0,1,17,3,4,3,7,2,5,7,4,0,0,2,8,2,1,2,1,0,1,2,3,2,5,11
114,5,1,1,7,0,2,0,3,1,3,6,4,5,7,0,0,3,2,8,1,1,2,3,2,5,3,3,2,5,0
64,6,1,1,2,2,1,4,3,1,3,6,2,5,7,0,0,3,2,8,1,1,2,2,1,3,2,3,2,5,10
512,4,1,1,2,0,3,5,3,1,2,7,4,5,3,0,0,0,2,6,2,1,2,0,1,1,2,7,5,5,3
512,4,1,1,4,0,0,8,3,4,2,3,4,5,3,0,0,0,2,8,2,1,2,3,2,5,3,3,2,5,10
511,3,0,1,1,0,0,4,3,1,3,7,4,5,7,1,0,0,2,2,1,1,3,3,2,5,3,3,2,5,1
1035,0,2,1,2,0,0,14,3,6,3,7,2,5,7,5,0,3,2,1,2,1,2,0,0,3,2,0,1,5,16
1035,0,1,1,0,0,2,7,3,6,3,7,4,5,7,0,0,3,2,8,2,1,2,3,2,5,3,0,2,5,3
209,0,0,1,7,4,6,7,4,6,3,7,0,5,0,0,3,3,8,8,1,1,9,3,2,5,3,3,2,5,9
12,3,4,1,4,0,2,4,0,6,2,7,2,6,1,0,0,0,2,8,1,1,2,0,1,0,1,3,2,5,10
223,1,4,1,1,2,2,17,3,3,2,3,2,5,0,0,0,3,2,8,2,3,2,3,2,5,3,0,2,5,16
223,1,4,1,1,0,2,0,4,3,2,7,2,5,0,2,0,3,2,8,2,3,2,0,1,0,2,0,2,5,3
223,1,3,1,2,2,2,5,3,6,2,7,1,5,0,0,0,3,2,8,2,3,2,1,0,0,2,7,5,5,3
355,1,1,1,4,0,2,7,3,1,2,7,2,6,7,0,0,0,2,8,2,1,2,2,0,4,2,0,2,5,9
355,1,0,1,4,2,0,5,3,6,3,6,2,5,7,0,0,0,2,2,2,1,2,0,1,0,2,0,2,5,3
430,4,4,0,4,0,1,0,3,5,3,9,2,5,1,0,0,0,2,6,2,1,3,0,1,3,2,4,2,5,4
430,4,1,1,4,2,2,8,3,1,2,7,2,5,1,0,0,0,2,8,2,1,2,3,2,5,3,1,2,5,0
458,1,1,1,4,2,3,5,3,5,3,9,2,5,7,0,0,0,2,1,2,1,2,0,0,1,2,0,2,5,10
458,1,4,1,2,0,2,10,3,5,3,7,4,5,7,0,0,0,2,8,2,1,2,2,1,3,1,2,2,5,10
864,6,0,1,2,2,1,3,3,1,3,9,0,5,7,0,3,0,3,8,2,2,2,0,1,0,2,7,2,5,1
864,6,0,1,4,0,2,0,3,6,3,6,2,5,7,0,3,0,3,1,2,2,3,0,0,0,2,7,5,5,5
471,6,1,1,1,0,1,0,3,2,3,6,2,6,7,0,3,0,2,1,1,1,2,2,0,3,1,7,5,1,1
944,0,0,1,1,0,2,7,3,5,3,6,0,5,1,0,0,3,2,8,2,1,4,2,0,3,2,1,5,6,0
944,0,4,1,4,0,0,17,3,6,3,1,2,5,1,3,0,3,2,8,2,1,4,0,1,0,2,0,5,5,9
526,5,0,1,4,0,2,3,3,6,3,7,2,5,0,0,0,0,2,8,2,1,2,0,1,1,2,0,5,5,10
526,5,4,1,7,4,6,9,3,6,3,7,7,5,0,0,0,0,2,8,2,1,2,2,0,3,1,0,5,5,1
352,4,1,1,1,0,3,9,3,2,3,7,2,5,7,0,0,3,2,8,1,2,2,2,1,3,2,3,2,5,9
352,4,1,1,1,0,4,7,3,6,3,7,0,5,7,0,0,3,2,2,1,2,2,1,0,3,2,0,2,5,10
899,5,1,1,4,0,1,7,3,1,2,7,4,7,0,0,3,0,4,8,2,1,4,3,2,5,3,2,2,5,4
899,5,1,1,1,2,0,7,3,1,2,6,2,5,0,0,3,0,4,8,2,1,2,2,1,0,2,7,5,1,4
627,1,4,1,4,2,2,9,3,3,2,6,2,5,7,0,3,0,2,8,1,1,1,3,2,5,3,0,2,5,9
756,4,4,0,4,0,1,5,3,5,2,6,1,5,0,0,0,0,2,8,2,1,2,0,1,3,2,3,2,5,9
756,4,0,1,4,0,1,7,3,3,2,9,0,5,0,0,0,0,2,8,2,1,2,2,1,1,1,3,2,5,16
369,3,4,0,2,0,1,9,0,4,2,1,2,5,7,0,0,3,2,8,1,1,2,3,2,5,3,3,2,5,3
348,2,1,1,4,0,3,7,3,5,2,2,0,5,7,0,0,0,2,8,2,1,2,0,1,1,2,7,4,5,0
348,2,1,1,4,0,1,4,3,5,2,6,4,5,7,0,0,0,2,8,2,1,2,3,2,5,3,0,0,5,5
1062,2,4,1,4,0,0,7,3,5,2,7,2,5,1,0,0,3,2,8,1,1,2,0,1,1,2,0,2,5,10
712,2,1,1,4,0,1,7,3,6,3,9,7,3,7,0,0,2,2,8,2,1,3,3,2,5,3,3,2,5,9
712,2,1,1,4,0,2,7,3,6,2,12,7,5,7,0,0,2,2,8,2,1,2,0,0,0,2,0,2,5,0
95,0,2,1,4,0,0,8,3,0,2,6,2,5,7,0,0,3,2,8,2,1,4,0,0,1,2,0,2,5,1
95,0,0,1,1,0,0,0,3,3,2,7,7,5,7,0,0,3,2,8,2,1,2,1,1,4,2,0,2,5,10
309,4,4,1,4,0,1,7,3,5,2,7,2,5,7,0,0,3,2,8,2,1,2,3,2,5,3,0,2,5,2
309,4,0,1,4,0,3,5,1,1,3,6,2,7,7,0,0,3,2,8,2,1,2,0,1,0,1,0,2,5,1
530,1,4,1,4,0,4,10,3,6,3,6,2,5,1,0,0,0,2,2,2,1,2,3,2,5,3,0,2,5,12
530,1,0,1,4,0,3,0,3,2,3,7,4,5,1,0,0,0,2,8,2,1,13,3,2,5,3,7,2,5,10
739,5,1,1,1,2,2,8,3,2,2,6,2,5,0,0,0,0,2,8,2,1,3,0,1,3,2,1,2,5,18
739,5,0,1,1,0,3,5,3,1,2,4,2,5,0,0,0,0,2,8,2,1,13,3,2,5,3,7,5,5,10
718,0,3,1,4,0,0,9,3,5,2,6,4,5,0,0,0,0,2,8,2,1,2,3,2,5,3,0,2,5,1
718,0,4,1,7,4,6,7,3,6,3,7,4,5,0,2,0,0,2,1,2,1,2,0,0,1,2,3,2,5,10
577,4,1,1,2,2,2,5,3,3,3,7,2,5,0,0,0,2,2,8,2,1,13,0,0,4,2,3,2,5,0
577,4,1,1,1,0,1,8,3,5,3,6,2,5,0,5,0,2,2,8,2,1,2,0,1,0,2,7,5,5,3
467,3,2,1,7,4,6,7,3,3,2,9,6,5,0,5,3,0,4,8,2,1,2,0,0,1,2,3,2,5,1
467,3,0,1,7,4,6,5,3,2,2,6,4,5,0,0,3,0,4,8,2,1,2,1,1,1,2,4,2,5,12
821,0,1,1,2,2,0,12,3,6,2,1,7,9,1,2,0,0,2,8,2,1,2,2,1,3,1,7,5,6,10
821,0,1,1,4,0,0,0,0,6,2,6,7,6,1,0,0,0,2,8,2,1,2,1,0,4,2,7,5,5,11
791,2,1,1,4,0,0,0,3,2,2,4,7,5,7,0,3,0,3,8,1,1,2,3,2,5,3,7,2,5,11
994,3,1,1,4,0,3,14,4,6,3,14,6,9,0,2,3,3,2,8,1,1,2,0,0,3,2,0,2,5,12
944,5,0,1,4,0,0,7,3,6,2,9,4,5,0,0,0,3,2,1,2,1,4,0,1,1,2,0,2,5,0
944,5,4,1,2,2,3,5,0,3,2,9,7,5,0,0,0,3,2,8,2,1,2,3,2,5,3,7,5,5,0
369,1,0,1,4,0,3,5,3,0,2,4,7,5,7,0,3,0,4,8,2,1,2,0,0,1,2,7,5,5,10
369,1,1,1,4,0,0,3,3,1,2,9,4,5,7,0,3,0,4,8,2,1,2,0,1,3,1,7,5,5,12
1024,5,1,1,4,0,0,14,3,5,2,9,7,5,0,0,0,3,2,8,1,1,2,0,0,0,2,7,5,5,10
345,5,2,1,2,0,1,9,3,6,2,6,4,5,0,0,0,3,2,2,1,1,2,0,1,1,2,0,2,5,10
867,4,1,1,4,0,1,0,3,1,2,6,0,0,3,0,0,0,2,8,2,2,2,2,0,4,1,0,2,5,1
867,4,0,1,4,0,0,9,3,3,2,6,7,5,3,0,0,0,2,8,2,2,3,2,1,3,2,0,2,5,0
659,4,3,1,1,0,2,5,3,0,2,6,4,0,0,0,3,0,4,8,2,1,2,3,2,5,3,2,2,5,10
659,4,1,1,4,0,2,0,3,6,2,6,1,5,0,0,3,0,4,8,2,1,2,0,1,3,2,0,2,5,17
646,4,1,1,4,0,0,5,3,6,2,6,4,5,7,0,3,0,4,8,1,1,2,0,1,1,1,7,5,5,12
36,0,1,1,1,1,2,5,3,6,2,6,7,5,7,0,0,0,2,8,2,1,2,3,2,5,3,0,2,5,9
36,0,1,1,4,0,1,8,3,3,2,9,7,5,7,1,0,0,2,8,2,1,2,3,2,5,3,0,2,5,5
802,3,4,1,1,0,2,7,3,2,2,9,1,5,0,0,0,0,2,2,3,5,2,0,0,1,2,5,2,5,9
802,3,2,1,4,0,3,0,3,6,2,7,1,5,0,0,0,0,2,8,3,5,2,1,0,3,2,0,2,5,1
802,3,2,1,4,0,3,0,3,2,2,2,4,5,0,0,0,0,2,8,3,5,2,1,0,4,2,0,2,5,15
802,3,2,1,1,2,1,4,3,6,2,1,7,5,0,0,0,0,2,8,3,5,2,0,1,1,1,0,2,5,5
802,3,2,1,1,0,2,1,3,6,3,4,4,5,0,0,0,0,2,8,3,5,2,0,0,0,2,0,2,5,3
802,3,4,0,4,2,0,0,4,6,3,9,7,9,0,0,0,0,2,6,3,5,2,2,1,4,2,1,2,5,10
299,2,1,1,1,0,3,5,3,3,2,9,7,8,7,0,0,3,2,8,2,1,2,2,1,1,1,0,2,6,12
299,2,0,1,4,0,2,4,3,1,2,6,0,5,7,0,0,3,2,8,2,1,4,0,1,1,2,3,2,5,15
379,2,0,1,4,0,1,4,3,1,2,0,4,5,1,0,0,0,2,2,2,1,2,0,0,1,2,0,2,5,5
379,2,4,1,1,0,3,0,4,6,3,13,7,5,1,0,0,0,2,8,2,1,2,3,2,5,3,0,2,5,1
98,3,0,1,4,0,1,17,3,6,2,4,7,5,1,0,0,3,2,8,2,1,2,0,1,3,2,7,5,5,1
98,3,1,1,1,0,3,0,3,6,2,9,3,5,1,0,0,3,2,8,2,1,2,1,0,4,2,0,2,5,1
555,3,2,1,4,0,3,10,0,4,2,9,4,5,0,0,3,1,4,2,2,1,2,0,0,1,2,7,5,5,1
555,3,3,1,4,0,1,9,3,2,2,7,4,5,0,0,3,1,4,2,2,1,2,3,2,5,3,7,5,5,9
428,1,0,1,4,0,3,7,0,6,2,9,7,5,7,0,3,0,8,8,2,1,2,0,0,1,2,7,2,5,10
428,1,4,1,4,0,3,0,3,0,2,10,4,1,7,0,3,0,8,8,2,1,4,2,0,3,0,0,2,5,15
819,2,0,1,4,0,4,0,3,1,2,10,4,1,1,0,0,0,2,2,2,1,2,3,2,5,3,0,2,5,10
819,2,4,1,4,2,3,10,3,6,2,6,0,5,1,0,0,0,2,2,2,1,2,0,1,4,1,0,2,5,3
398,5,2,1,2,1,3,10,3,1,2,9,4,1,7,0,3,0,2,8,1,1,2,3,2,5,3,0,2,5,10
990,5,1,1,4,0,2,0,3,6,3,9,7,5,7,3,0,3,2,8,2,1,2,0,1,0,2,0,2,5,10
990,5,4,1,1,4,6,7,3,6,1,5,7,5,7,0,0,3,2,8,2,1,2,2,1,1,2,0,2,1,10
448,6,1,1,4,0,2,8,3,3,3,9,7,5,7,0,0,0,2,2,1,1,2,2,0,1,1,1,2,5,1
691,4,4,0,4,0,2,5,3,2,0,2,7,5,7,0,0,0,2,8,1,1,2,3,2,5,3,7,2,5,10
592,0,3,1,4,2,4,0,3,6,2,6,4,5,0,0,0,0,2,3,2,1,2,0,0,3,2,0,2,5,12
592,0,4,1,4,0,2,0,3,5,2,6,2,7,0,0,0,0,2,8,2,1,2,1,0,0,2,7,5,5,0
162,3,3,1,1,0,1,5,0,6,2,6,2,0,0,0,0,3,2,2,1,2,3,1,0,1,2,3,2,5,9
162,3,3,1,4,2,1,17,3,1,3,7,4,7,0,0,0,3,2,8,1,2,2,3,2,5,3,7,5,5,3
662,3,3,1,1,0,1,7,3,1,3,7,4,5,7,0,0,0,2,8,2,1,2,0,0,1,2,3,2,5,0
662,3,4,0,4,2,1,0,3,5,2,9,2,5,7,0,0,0,2,8,2,1,2,1,0,4,2,7,5,5,11
476,5,2,1,4,0,3,0,3,6,3,7,2,5,7,0,0,0,2,8,2,1,2,1,0,4,2,3,2,5,10
476,5,4,1,4,0,1,0,3,4,3,7,4,6,7,0,0,0,2,8,2,1,3,3,2,5,3,7,5,5,10
615,2,4,1,4,0,0,0,3,2,3,7,2,5,0,0,0,0,2,3,4,1,2,0,1,3,2,7,5,5,17
615,2,0,1,4,0,1,5,0,2,2,7,4,5,0,0,0,0,2,3,4,1,4,1,0,3,2,3,2,5,10
615,2,0,1,4,0,0,7,3,1,2,7,0,6,0,0,0,0,2,0,4,1,4,3,2,5,3,1,2,5,6
615,2,4,1,4,0,2,8,3,6,2,7,2,5,0,3,0,0,2,0,4,1,2,2,1,4,2,2,2,6,9
43,1,2,1,4,0,2,14,3,1,3,2,2,5,1,0,0,3,2,0,1,1,2,2,1,3,2,1,2,5,11
689,1,1,1,1,2,1,7,3,2,3,7,4,5,7,0,0,0,2,0,1,1,2,3,2,5,3,7,5,5,0
468,6,1,1,1,0,4,8,1,1,3,4,2,5,1,0,0,0,2,0,1,2,2,3,2,5,3,1,2,5,0
468,6,1,1,7,4,6,14,3,6,2,9,0,5,1,0,0,0,2,0,1,2,4,0,0,0,2,7,5,5,7
944,4,0,1,4,0,3,5,0,3,2,7,2,5,1,2,0,3,2,0,1,1,2,0,1,4,2,1,2,5,10
448,2,1,1,2,0,0,0,3,6,2,6,2,5,7,0,0,0,2,0,4,1,1,1,1,4,1,1,2,5,1
448,2,1,1,4,2,2,17,3,6,2,4,5,5,7,0,0,0,2,0,4,1,2,3,2,5,3,1,2,5,1
448,2,0,1,4,0,0,0,3,0,2,4,0,5,7,5,0,0,2,0,4,1,2,3,2,5,3,0,2,5,9
448,2,4,1,4,0,3,0,3,6,2,7,2,5,7,3,0,0,2,0,4,1,2,0,1,1,2,0,2,5,2
361,3,2,1,4,0,4,16,1,3,3,3,2,5,7,0,3,0,4,0,3,3,2,1,0,1,2,4,2,5,0
361,3,2,1,1,0,1,17,3,5,3,6,1,5,7,5,3,0,4,5,3,3,2,3,2,5,3,0,2,5,1
361,3,0,1,4,0,2,14,3,1,2,2,4,5,7,0,3,0,4,6,3,3,2,2,0,1,2,3,2,5,10
361,3,0,1,1,0,2,0,1,2,2,3,4,7,7,2,3,0,4,0,3,3,3,2,1,0,2,7,5,5,1
280,2,0,1,4,2,0,0,3,3,2,6,7,5,7,0,0,3,2,6,2,1,2,3,2,5,3,7,5,5,1
280,2,3,1,4,0,2,0,3,1,2,7,2,0,7,0,0,3,2,0,2,1,4,0,1,1,2,0,2,5,10
1039,0,1,1,5,1,6,8,3,0,3,6,4,5,2,0,0,3,2,0,1,1,2,3,2,5,3,0,2,5,1
972,0,1,1,2,0,1,5,3,1,3,6,2,7,7,0,0,3,2,8,1,1,2,0,1,1,2,0,2,5,3
792,0,1,1,4,0,0,5,3,6,2,7,0,3,0,0,0,0,2,4,2,1,2,3,2,5,3,0,2,5,3
792,0,1,1,4,0,2,0,3,0,2,6,4,6,0,2,0,0,2,3,2,1,2,0,1,1,1,7,5,5,1
2,0,1,1,4,0,1,5,3,6,2,9,4,5,7,0,0,0,2,3,2,1,13,3,2,5,3,0,2,5,17
2,0,2,1,4,0,5,5,3,5,3,7,2,5,7,0,0,0,2,6,2,1,3,0,1,4,2,3,2,5,1
326,3,0,1,4,0,3,5,3,1,3,6,0,5,7,0,0,3,2,0,2,1,13,3,2,5,3,3,2,5,9
326,3,4,1,4,0,3,5,3,2,3,6,4,7,7,0,0,3,2,0,2,1,2,1,1,0,2,3,2,5,10
132,4,0,1,4,0,2,0,4,6,3,6,7,5,7,0,0,3,2,4,2,1,2,2,1,0,2,0,2,5,17
132,4,4,1,2,0,1,0,3,2,2,7,2,6,7,0,0,3,2,3,2,1,13,2,1,4,1,2,2,5,3
753,2,0,1,2,2,1,0,3,6,2,2,4,5,1,0,0,0,2,0,1,1,2,3,2,5,3,7,5,5,1
583,1,0,1,4,0,4,10,3,5,2,4,4,5,1,0,0,0,2,0,1,1,2,0,1,1,1,3,2,5,2
486,5,1,1,4,2,3,0,3,0,2,6,0,5,2,0,0,0,2,1,2,1,2,3,2,5,3,2,2,5,0
486,5,4,1,4,0,3,10,3,5,2,2,4,5,2,0,0,0,2,8,2,1,2,1,1,1,1,7,5,5,3
526,4,2,1,1,0,1,10,3,6,3,6,4,5,0,0,0,0,2,8,2,1,2,3,2,5,3,7,5,5,10
526,4,4,1,4,0,1,0,3,6,2,6,7,5,0,2,0,0,2,1,2,1,2,0,1,1,1,0,2,5,9
418,6,2,1,5,0,3,4,3,6,3,9,2,5,1,0,0,0,2,8,2,1,2,3,2,5,3,7,5,5,11
418,6,0,1,1,0,2,0,3,2,3,6,2,5,1,0,0,0,2,2,2,1,4,0,1,1,1,0,2,5,9
132,6,0,1,4,0,4,5,3,2,3,9,4,5,7,0,0,3,2,8,2,1,2,2,1,4,2,0,2,1,1
132,6,0,1,1,0,4,7,3,1,3,6,0,5,7,0,0,3,2,8,2,1,2,0,1,1,1,0,2,5,10
289,4,1,1,4,0,4,8,3,1,2,6,0,5,7,4,0,3,2,8,1,1,2,3,2,5,3,0,2,5,6
669,0,3,1,4,0,2,4,4,6,2,7,2,5,1,3,0,0,2,6,2,1,2,3,2,5,3,3,2,5,1
669,0,1,1,4,2,2,6,3,5,2,7,2,5,1,3,0,0,2,8,2,1,2,0,1,0,1,3,2,5,3
448,3,2,1,2,2,2,8,3,3,2,9,2,5,7,0,0,0,2,8,2,1,2,0,0,3,2,0,2,5,4
448,3,4,1,4,0,2,4,3,5,3,2,2,5,7,0,0,0,2,8,2,1,3,0,1,1,2,0,2,5,1
37,1,0,1,4,0,1,4,0,5,2,2,0,5,0,2,0,0,2,1,2,1,2,0,0,1,2,7,5,5,1
37,1,1,1,1,0,2,0,3,1,2,9,0,5,0,0,0,0,2,8,2,1,2,0,0,1,2,0,2,5,3
418,1,0,1,4,0,1,0,3,6,2,6,2,6,7,0,3,0,3,2,2,1,2,1,1,4,2,0,2,5,0
418,1,4,1,4,0,4,7,3,2,2,6,2,6,7,0,3,0,3,8,2,1,2,1,0,4,0,0,2,5,12
270,5,0,1,1,0,1,7,3,1,3,9,2,5,7,0,0,3,2,6,2,1,2,1,0,4,2,4,2,5,3
270,5,3,1,4,0,1,0,3,2,3,2,7,5,7,2,0,3,2,8,2,1,2,0,1,4,2,7,5,5,1
605,6,0,1,4,0,1,15,3,6,3,7,2,5,0,0,3,0,3,8,2,1,2,3,2,5,3,7,5,5,3
605,6,0,1,4,0,2,7,3,6,3,6,2,5,0,0,3,0,3,8,2,1,1,3,2,5,3,7,2,5,5
237,3,0,1,4,0,2,15,3,6,3,7,2,5,0,0,0,3,2,8,3,1,2,0,0,0,2,0,2,5,10
237,3,1,1,4,0,6,4,3,6,3,7,2,5,0,0,0,3,2,8,3,1,2,3,2,5,3,0,2,5,0
237,3,1,1,4,2,2,0,3,6,3,14,6,5,0,0,0,3,2,2,3,1,9,0,1,1,2,7,5,5,12
379,3,1,1,4,0,1,7,0,1,3,9,2,9,1,0,0,3,2,8,1,1,3,3,2,5,3,7,5,5,9
114,6,2,1,4,0,4,0,3,4,3,2,4,5,0,0,0,3,2,8,2,1,2,3,2,5,3,7,5,5,9
114,6,4,1,4,0,0,0,4,6,3,7,4,5,0,0,0,3,2,2,2,1,3,0,1,3,1,7,5,5,10
360,4,3,1,4,0,4,0,3,5,3,7,1,5,0,0,0,3,2,2,2,1,2,1,0,3,2,0,2,5,1
360,4,1,1,4,0,3,0,3,5,2,9,2,5,0,0,0,3,2,8,2,1,13,3,2,5,3,0,2,5,1
183,5,1,1,4,0,4,5,3,5,3,6,1,5,0,2,0,3,2,8,2,1,2,0,1,0,2,0,2,5,9
183,5,4,1,4,0,1,7,3,5,2,4,2,5,0,0,0,3,2,8,2,1,13,1,0,0,2,2,2,5,3
862,1,1,1,4,0,0,8,0,6,2,9,0,5,0,0,0,0,2,8,1,1,2,3,2,5,3,0,2,5,5
68,6,4,0,1,0,2,8,3,6,2,6,5,5,7,0,0,3,2,2,1,1,13,0,0,0,2,7,5,5,10
68,5,4,1,4,2,4,0,3,1,3,7,6,5,0,0,0,3,2,8,2,2,2,0,1,3,2,0,2,5,10
68,5,0,1,4,0,4,3,3,5,3,2,7,5,0,2,0,3,2,8,2,2,2,2,1,4,1,0,2,1,12
1009,0,2,1,6,0,4,0,3,3,3,4,6,5,7,0,0,3,2,8,2,1,2,3,2,5,3,5,2,5,4
1009,0,1,1,4,0,0,10,3,5,2,1,1,5,7,0,0,3,2,8,2,1,2,0,1,1,2,0,2,5,12
631,1,0,1,1,2,2,5,3,5,2,0,4,5,0,0,0,0,2,8,2,2,2,1,0,1,2,0,2,5,12
631,1,0,1,4,0,1,10,3,5,2,7,2,5,0,0,0,0,2,8,2,2,4,3,2,5,3,0,2,5,12
631,1,4,1,4,2,4,7,3,5,3,7,2,5,0,0,0,0,2,2,2,2,4,0,1,0,2,0,2,5,10
173,0,0,1,6,0,2,5,3,5,2,4,2,9,1,0,0,3,2,8,1,1,2,3,2,5,3,1,2,5,9
43,4,1,1,6,0,2,5,0,1,3,7,2,5,7,0,0,3,2,1,2,1,2,0,1,0,2,0,2,5,1
43,4,1,1,4,0,2,3,0,6,3,6,7,5,7,0,0,3,2,2,2,1,1,2,0,0,2,3,2,5,3
1,1,1,1,4,0,1,8,3,5,3,14,7,5,7,4,0,0,2,2,2,1,2,3,2,5,3,0,2,5,0
1,1,4,1,4,0,3,8,3,6,3,6,2,5,7,0,0,0,2,8,2,1,2,1,1,1,2,0,2,5,10
443,1,3,1,4,0,2,5,3,6,3,6,4,5,7,0,0,0,2,6,2,1,2,1,0,3,2,7,5,5,1
443,1,0,1,4,0,3,5,1,5,3,7,7,5,7,0,0,0,2,8,2,1,2,0,1,0,2,0,2,5,5
762,2,1,1,4,0,1,0,0,1,3,7,7,5,7,0,0,0,2,8,1,1,2,0,0,0,2,7,5,5,10
360,0,2,1,4,0,4,7,3,5,2,7,4,5,7,0,0,3,2,8,1,1,1,1,1,4,2,7,5,5,17
944,3,4,0,4,0,4,17,3,3,3,7,7,5,7,0,0,3,2,8,1,1,2,2,0,0,2,7,2,5,10
906,0,0,1,4,2,2,7,4,6,3,9,4,5,7,0,0,0,2,8,2,1,2,3,2,5,3,0,2,5,1
906,0,1,1,4,0,1,0,3,1,2,2,4,5,7,2,0,0,2,8,2,1,4,0,1,1,1,0,2,5,12
436,5,0,1,1,0,4,8,3,1,3,6,0,5,1,0,0,0,2,8,2,1,2,2,1,3,2,0,2,6,1
436,5,0,1,4,0,1,0,3,1,3,2,7,5,1,0,0,0,2,8,2,1,2,0,0,0,2,0,2,5,0
106,3,1,1,4,0,2,9,3,1,3,7,2,5,7,0,0,3,2,2,1,1,2,3,2,5,3,0,2,5,10
409,4,0,1,2,0,3,0,3,6,3,14,7,5,7,0,0,3,2,8,2,1,2,0,0,0,2,0,2,5,11
409,4,1,1,2,0,3,7,3,0,3,12,7,3,7,0,0,3,2,8,2,1,2,0,0,0,2,1,2,5,3
296,5,0,1,4,0,2,9,3,2,3,6,2,6,7,0,0,3,2,8,2,1,7,0,1,1,2,7,2,5,10
296,5,4,0,1,0,0,14,3,4,3,7,7,3,7,0,0,3,2,8,2,1,4,0,0,1,2,0,2,5,3
295,4,4,1,1,0,2,5,3,5,3,6,4,5,7,0,0,3,2,1,2,1,2,3,2,5,3,7,5,5,3
295,4,4,1,4,0,2,5,3,6,3,7,4,5,7,0,0,3,2,8,2,1,2,0,1,1,2,3,2,5,9
753,6,4,0,4,0,0,5,3,1,3,7,2,5,0,0,0,0,2,8,2,1,2,3,2,5,3,7,5,5,16
753,6,0,1,4,2,2,0,3,6,3,6,4,5,0,0,0,0,2,8,2,1,2,0,1,1,2,3,2,5,12
492,6,0,1,2,2,3,5,3,6,2,7,0,5,0,0,0,0,2,8,2,1,2,1,0,0,2,7,5,5,12
492,6,1,1,7,2,4,17,3,6,3,2,7,5,0,0,0,0,2,8,2,1,2,0,1,0,2,3,2,5,0
939,1,1,1,6,2,2,9,3,6,2,6,2,5,1,0,0,3,2,8,2,1,2,2,1,4,2,7,5,6,12
939,1,1,1,0,0,3,0,3,3,2,6,2,5,1,0,0,3,2,2,2,1,2,1,0,0,2,7,5,5,10
413,1,1,1,2,0,4,14,3,1,3,7,4,7,7,2,3,0,4,8,1,2,2,3,2,5,3,3,2,5,9
413,1,1,1,4,0,0,0,3,1,3,9,4,5,7,0,3,0,4,8,1,2,3,3,2,5,3,1,2,5,1
573,0,1,1,4,0,3,5,3,5,2,9,4,5,7,5,0,0,2,8,2,1,3,0,1,4,1,2,2,5,10
573,0,0,1,4,2,3,7,3,2,1,14,2,5,7,0,0,0,2,8,2,1,9,3,2,5,3,1,2,5,16
790,3,4,0,4,0,3,8,3,5,1,7,7,5,7,0,0,0,2,8,1,1,4,0,1,1,2,7,5,5,10
129,0,0,1,4,0,5,17,3,5,2,6,6,3,0,0,0,3,2,8,1,1,4,0,0,0,2,1,2,5,0
469,6,4,0,4,0,0,5,0,5,2,12,0,5,7,0,0,0,2,8,1,1,2,3,2,5,3,7,5,5,5
398,1,0,1,3,2,0,0,3,5,2,7,2,3,1,0,0,0,2,8,2,1,2,2,1,0,2,1,2,6,10
398,1,1,1,4,2,4,10,3,2,2,7,2,8,1,0,0,0,2,6,2,1,4,2,1,3,2,1,2,6,10
149,0,0,1,4,2,0,0,0,5,2,2,2,5,7,0,0,3,2,8,2,1,4,2,0,3,1,1,2,6,1
149,0,4,0,4,2,1,5,4,6,3,6,6,6,7,0,0,3,2,8,2,1,2,2,0,4,1,0,2,5,0
143,4,2,1,5,2,2,9,3,6,3,7,2,6,0,0,3,3,2,8,1,1,7,0,1,0,2,0,2,5,9
766,4,1,1,5,2,3,6,0,6,2,9,0,5,5,3,0,0,2,2,1,1,4,1,1,0,2,4,2,5,10
1002,4,0,1,4,2,1,9,3,6,3,6,2,5,7,0,0,3,2,8,2,1,9,1,0,4,2,0,2,5,10
1002,4,1,1,1,2,3,5,3,6,3,6,4,5,7,0,0,3,2,8,2,1,2,0,0,1,2,3,2,5,3
1021,5,0,1,6,2,2,0,3,4,3,6,2,5,1,0,0,3,2,8,2,1,2,3,2,5,3,7,5,5,9
1021,5,0,1,7,2,6,5,1,0,3,2,6,5,1,0,0,3,2,2,2,1,2,0,1,1,1,7,5,5,10
212,4,0,1,4,2,2,14,3,6,3,6,2,5,7,0,0,3,2,8,2,1,2,0,1,0,2,0,2,5,1
212,4,0,1,4,2,4,8,3,0,3,6,2,6,7,0,0,3,2,8,2,1,2,3,2,5,3,0,2,5,3
994,4,0,1,4,2,1,0,3,6,3,6,2,6,7,0,0,3,2,8,2,1,2,2,1,4,1,0,2,6,4
994,4,1,1,1,0,1,0,3,2,2,6,2,5,7,0,0,3,2,8,2,1,2,3,2,5,3,0,2,5,1
522,0,1,1,4,0,1,17,3,6,2,7,2,5,7,0,0,0,2,2,2,1,2,0,1,1,2,7,5,5,3
522,0,1,1,4,0,1,7,3,6,2,9,0,5,7,0,0,0,2,8,2,1,2,0,0,3,2,0,2,5,1
732,6,4,0,4,0,2,0,3,6,2,2,4,5,0,0,0,0,2,8,2,1,4,0,0,3,2,3,2,5,12
732,6,1,1,4,0,2,10,3,6,2,7,2,5,0,0,0,0,2,8,2,1,2,2,0,4,2,3,2,5,1
60,6,1,1,4,0,3,10,3,6,2,1,2,5,0,0,0,3,7,8,2,1,2,3,2,5,3,3,2,5,18
60,6,0,1,1,0,2,0,4,6,3,14,6,5,0,0,0,3,7,8,2,1,3,0,1,1,2,0,2,5,12
1014,5,1,1,4,0,2,9,3,5,2,4,4,6,7,0,0,3,2,1,2,1,2,0,0,1,2,2,2,5,2
1014,5,1,1,4,0,3,9,3,6,2,7,2,5,7,0,0,3,2,8,2,1,3,1,0,0,2,7,5,5,10
591,0,1,1,1,2,6,5,3,5,3,7,7,5,7,0,3,0,2,8,2,1,4,1,0,1,1,3,2,5,10
591,0,0,1,4,2,2,0,3,2,2,2,7,5,7,4,3,0,2,2,2,1,2,3,2,5,3,2,2,5,3
443,6,0,1,4,0,2,8,3,2,2,2,4,5,7,0,0,0,2,8,2,1,7,1,0,1,2,7,5,5,3
443,6,0,1,4,0,4,8,3,6,2,7,2,5,7,0,0,0,2,8,2,1,2,0,0,1,2,7,5,5,9
632,2,4,0,7,4,6,5,3,6,2,7,1,5,7,0,0,0,2,1,2,1,4,0,1,0,2,0,2,5,10
632,2,0,1,4,0,2,0,0,1,3,1,2,5,7,0,0,0,2,8,2,1,4,3,2,5,3,7,5,5,1
965,6,0,1,4,0,2,14,3,1,3,7,4,5,7,0,0,3,2,8,2,1,4,3,2,5,3,0,2,5,16
965,6,2,1,4,0,3,6,3,2,3,6,4,5,7,0,0,3,2,1,2,1,8,0,1,1,2,0,2,5,10
955,6,0,1,2,0,3,17,3,2,2,2,2,5,0,0,0,3,7,1,2,1,4,1,1,3,2,0,2,5,16
955,6,1,1,4,0,3,7,3,1,3,6,2,5,0,4,0,3,7,1,2,1,4,3,2,5,3,0,2,5,9
939,5,1,1,4,0,3,0,4,6,2,6,4,7,1,0,0,3,2,2,3,1,4,3,2,5,3,3,2,5,10
939,5,2,1,4,0,3,0,3,1,2,7,4,5,1,0,0,3,2,8,3,1,2,0,0,0,2,3,2,5,10
939,5,0,1,4,0,3,17,0,6,3,9,2,5,1,0,0,3,2,8,3,1,2,3,2,5,3,0,2,5,12
471,5,0,1,4,0,2,11,3,1,2,6,2,6,0,0,0,0,2,8,2,1,2,0,1,1,2,0,2,5,12
471,5,4,0,4,0,1,0,3,1,3,9,7,5,0,0,0,0,2,8,2,1,2,3,2,5,3,7,5,5,0
591,0,4,0,4,0,4,7,3,5,2,9,2,5,5,0,0,0,2,8,1,1,2,0,1,0,1,0,2,5,10
265,4,1,1,4,0,4,0,3,6,2,7,0,5,0,0,0,3,2,8,1,1,2,0,1,0,1,0,2,5,5
890,0,1,1,4,0,1,7,3,6,2,3,1,5,7,0,0,0,2,1,2,1,2,3,2,5,3,0,2,5,0
890,0,4,0,1,0,4,5,0,6,2,7,4,5,7,5,0,0,2,2,2,1,2,0,1,0,2,7,2,5,1
219,4,2,1,4,0,4,8,3,6,2,7,4,5,7,4,0,3,2,8,2,1,2,3,2,5,3,7,5,5,4
219,4,0,1,4,0,6,10,3,6,2,1,1,6,7,0,0,3,2,8,2,1,2,0,1,1,2,0,2,5,2
317,4,0,1,7,0,2,0,3,6,2,7,4,5,0,0,0,3,2,8,1,1,2,3,2,5,3,0,2,5,16
69,5,0,1,6,0,4,8,3,6,2,7,4,5,1,0,0,3,2,8,1,2,7,2,0,0,2,3,2,5,1
69,5,0,1,4,0,4,0,3,6,2,7,4,5,1,0,0,3,2,9,1,2,2,2,1,1,2,0,2,5,1
244,2,0,1,4,0,0,5,3,4,2,6,2,5,7,1,0,3,2,8,1,1,4,3,2,5,3,0,2,5,9
217,1,0,1,1,0,3,0,3,1,2,7,2,6,7,5,0,3,2,8,2,1,13,0,1,1,1,0,2,5,9
217,1,0,1,1,0,3,5,3,6,2,9,2,5,7,0,0,3,2,8,2,1,1,0,1,4,2,7,5,5,0
180,2,0,1,1,0,4,5,3,2,2,7,4,5,0,0,0,3,2,8,1,2,2,0,1,4,2,0,2,5,9
180,2,0,1,2,0,1,5,3,5,2,7,4,5,0,0,0,3,2,8,1,2,2,3,2,5,3,0,2,5,10
1050,0,1,1,4,0,1,10,3,6,3,2,4,5,5,0,0,3,2,8,2,1,2,0,0,4,2,3,2,5,9
1050,0,0,1,0,0,3,0,3,0,0,6,4,5,5,2,0,3,2,8,2,1,2,1,0,3,2,7,2,5,1
473,5,4,0,4,0,1,7,3,3,2,12,7,5,7,0,3,0,2,8,1,1,9,0,1,0,2,7,5,5,0
1004,5,4,0,4,0,1,7,3,1,2,7,4,5,7,0,0,3,2,8,1,1,0,3,2,5,3,0,2,5,12
352,5,4,0,2,0,0,7,3,0,2,6,4,5,7,0,0,3,2,1,1,1,0,0,1,1,2,0,2,5,10
755,4,2,1,4,0,2,0,3,0,2,9,7,3,7,0,0,0,2,2,1,1,0,3,2,5,3,0,2,5,12
725,2,1,1,4,0,4,7,3,0,2,4,1,5,0,0,0,0,2,2,1,1,0,0,1,3,2,7,5,5,5
583,6,1,1,4,0,4,5,3,1,2,7,4,5,5,0,0,0,2,8,2,1,4,3,2,5,3,0,2,5,1
583,6,0,1,1,0,6,9,3,0,2,9,4,5,5,0,0,0,2,8,2,1,0,0,1,1,2,3,2,5,10
695,2,0,1,4,0,4,5,3,0,2,1,2,5,7,0,3,0,4,8,1,1,9,0,0,1,2,3,2,5,10
443,4,4,0,4,0,0,9,3,5,1,6,7,5,0,0,0,3,2,8,1,1,0,1,1,0,2,7,5,5,0
129,2,1,1,1,0,1,5,3,6,2,5,2,5,7,0,0,3,7,8,2,1,0,0,1,4,2,7,2,5,1
129,2,0,1,2,0,0,7,3,0,2,5,2,5,7,0,0,3,7,2,2,1,0,1,0,4,2,0,2,5,1
1004,5,0,1,4,0,2,5,3,0,2,5,4,5,7,3,0,3,2,8,2,1,0,2,1,4,2,0,2,6,5
1004,5,0,1,4,0,4,17,0,4,2,5,4,5,7,0,0,3,2,8,2,1,0,2,1,4,2,7,5,0,9
39,5,0,1,2,0,3,11,3,6,2,5,7,3,1,0,0,3,2,8,2,1,4,2,0,0,2,0,2,5,0
39,5,0,1,1,2,2,5,3,6,2,12,7,3,1,0,0,3,2,8,2,1,2,3,2,5,3,3,2,5,11
542,4,0,1,1,0,4,7,3,3,2,5,2,5,0,0,0,0,2,8,2,1,2,0,1,1,2,3,2,5,10
542,4,4,1,4,0,2,7,3,6,2,5,4,5,0,0,0,0,2,8,2,1,4,1,0,1,2,3,2,5,10
106,0,1,1,1,2,2,0,3,6,2,5,2,0,7,0,0,3,2,1,2,1,2,3,2,5,3,7,5,5,0
106,0,4,2,4,0,1,5,3,1,2,5,2,7,7,0,0,3,2,1,2,1,2,0,0,1,1,3,2,5,1
91,6,1,1,4,0,3,8,3,1,2,6,4,7,7,0,0,3,2,2,1,1,2,2,0,4,1,3,2,1,3
868,1,1,1,4,0,2,0,3,1,2,5,4,7,1,0,3,3,4,1,1,1,2,3,2,5,3,0,1,5,10
464,5,2,1,2,0,0,17,3,6,2,5,4,7,7,0,0,3,2,8,2,1,2,0,0,1,2,0,2,5,0
464,5,0,1,1,0,2,7,3,1,2,5,4,5,7,0,0,3,2,8,2,1,7,3,2,5,3,3,2,5,9
917,2,1,1,1,0,1,0,3,6,2,6,4,5,7,0,0,3,2,8,2,1,3,0,1,4,2,3,2,5,10
917,2,4,0,4,0,4,14,3,6,2,1,4,5,7,0,0,3,2,2,2,1,5,2,0,0,0,0,2,6,11
309,4,0,1,4,0,4,7,3,3,2,6,4,5,7,0,0,3,2,2,2,1,2,3,2,5,3,0,2,5,0
309,4,4,0,4,0,2,17,3,1,2,7,2,6,7,0,0,3,2,8,2,1,2,3,2,5,3,7,5,5,10
994,1,1,2,4,2,2,12,3,3,2,9,2,5,7,0,0,3,2,8,1,1,2,0,1,1,1,0,2,5,3
987,4,0,2,1,0,0,17,3,3,2,9,7,5,1,0,0,3,2,8,1,2,2,3,2,5,3,0,2,5,12
987,4,0,1,4,0,6,7,3,6,2,9,4,5,1,0,0,3,2,8,1,2,2,0,1,1,2,4,2,5,1
448,5,0,1,1,0,3,5,3,3,2,7,4,5,7,0,0,3,2,8,2,1,2,3,2,5,3,1,2,5,9
448,5,1,1,4,2,0,5,3,6,2,6,2,5,7,0,0,3,2,8,2,1,2,0,0,0,2,0,2,5,12
217,5,1,1,7,4,6,5,3,6,3,7,2,5,7,0,0,3,2,8,1,1,7,3,2,5,3,2,2,5,11
799,0,2,1,4,0,3,14,3,3,3,7,7,5,1,4,0,0,2,8,1,1,2,0,0,1,1,7,2,5,0
888,3,2,1,1,2,1,5,3,2,3,6,2,5,7,5,0,3,2,8,2,2,2,1,1,4,2,7,5,5,0
888,3,0,1,4,0,2,0,3,4,3,2,7,5,7,0,0,3,2,2,2,2,4,0,1,1,2,7,5,5,5
129,3,1,1,4,0,4,0,3,5,2,7,2,5,1,0,3,3,8,2,1,1,0,0,0,0,2,1,5,5,9
1024,4,1,1,4,0,2,8,3,6,3,7,1,5,7,0,0,3,2,1,2,1,9,0,1,1,2,0,5,5,1
1024,4,4,0,2,0,3,15,3,6,3,6,0,5,7,0,0,3,2,8,2,1,2,1,1,1,2,0,5,5,1
752,4,1,1,4,0,2,17,3,6,3,6,1,6,7,0,0,0,2,8,2,1,2,1,0,1,2,0,5,5,10
752,4,1,1,1,0,0,0,3,6,3,6,4,5,7,0,0,0,2,8,2,1,2,0,1,0,2,3,2,5,9
1062,4,2,1,4,0,6,17,3,6,2,6,0,5,7,0,3,3,2,8,2,1,2,0,1,4,2,0,2,5,10
1062,4,2,1,1,0,0,3,3,5,3,14,2,5,7,0,3,3,2,8,2,1,2,0,0,0,2,2,2,5,3
1030,4,1,1,4,2,0,9,3,4,3,6,4,5,7,0,3,3,4,8,1,1,2,3,2,5,3,7,5,5,11
1032,5,1,1,0,2,0,8,3,5,3,7,6,5,0,0,0,3,2,8,2,1,2,0,0,1,2,0,2,5,12
1032,5,4,0,4,2,2,17,3,6,3,7,0,5,0,0,0,3,2,8,2,1,2,3,2,5,3,3,2,5,9
880,2,0,1,4,0,2,7,0,5,3,7,2,5,0,0,0,3,2,8,2,1,1,0,1,3,2,3,2,5,1
880,2,4,0,1,0,2,5,3,6,3,6,6,5,0,4,0,3,2,1,2,1,1,1,0,3,2,3,2,5,10
249,0,1,1,2,2,4,0,3,6,3,6,6,5,7,0,0,3,2,1,2,1,1,0,0,4,2,7,4,5,3
249,0,0,1,4,0,3,8,3,6,3,6,2,5,7,0,0,3,2,8,2,1,3,1,0,4,2,0,0,5,0
42,4,0,1,4,0,2,5,0,6,2,6,2,5,7,0,0,3,2,8,2,1,2,2,1,4,1,0,2,6,9
42,4,1,1,4,0,4,5,3,1,3,2,4,5,7,0,0,3,2,8,2,1,2,0,1,0,2,3,2,5,10
334,4,4,0,4,0,3,3,0,6,3,6,2,5,7,0,0,3,2,8,1,1,12,0,1,0,2,0,2,5,9
1057,5,1,1,4,0,2,11,0,5,3,9,2,5,7,0,0,3,2,8,2,1,2,0,0,1,2,0,2,5,16
1057,5,1,1,4,2,3,11,3,6,3,12,2,5,7,0,0,3,2,8,2,1,4,0,0,0,2,0,2,5,0
472,6,2,1,4,0,2,0,3,5,3,6,4,5,7,0,0,3,2,8,2,1,2,3,2,5,3,0,2,5,1
472,6,3,1,4,0,0,0,3,2,3,7,4,5,7,0,0,3,2,8,2,1,2,0,0,1,2,0,2,5,16
518,4,2,1,4,0,0,0,3,6,3,7,0,5,7,4,0,3,2,8,2,1,2,1,0,0,2,0,2,5,14
518,4,0,1,4,0,0,7,0,6,2,7,0,5,7,0,0,3,2,8,2,1,2,3,2,5,3,7,2,5,13
1024,6,1,1,2,0,1,9,3,2,2,7,2,5,7,0,0,3,2,8,2,1,5,0,0,0,2,1,2,5,12
1024,6,0,1,2,2,3,0,3,5,2,6,0,6,7,5,0,3,2,8,2,1,2,2,0,0,2,7,5,6,1
1019,6,1,1,1,0,1,14,3,6,3,6,2,5,7,0,0,3,2,8,2,1,2,3,2,5,3,0,2,5,9
1019,6,1,1,4,0,3,0,3,6,3,6,6,6,7,0,0,3,2,8,2,1,2,0,1,1,1,3,2,5,0
511,6,0,1,2,0,1,0,3,6,3,6,6,6,7,0,0,3,2,8,2,1,9,3,2,5,3,3,2,5,11
511,6,0,1,4,1,5,0,3,6,3,6,1,5,7,2,0,3,2,8,2,1,2,3,2,5,3,7,5,5,10
680,1,2,1,4,0,0,17,4,6,3,6,2,5,7,0,0,0,2,8,1,1,2,0,1,0,2,3,2,5,12
721,4,1,1,4,2,2,17,3,6,3,6,6,5,7,0,0,0,2,8,1,1,1,0,1,0,2,7,5,5,10
483,5,0,1,4,0,0,8,3,2,3,7,4,5,1,0,0,3,2,8,2,1,3,0,0,1,2,3,2,5,10
483,5,4,1,4,0,3,16,3,6,2,7,2,5,1,0,0,3,2,8,2,1,1,1,0,1,2,0,2,5,9
237,6,1,1,4,0,0,8,4,1,2,9,2,5,7,0,0,3,7,8,2,1,5,0,1,1,1,3,2,5,1
237,6,1,1,4,0,0,7,3,6,2,7,2,5,7,0,0,3,7,2,2,1,2,3,2,5,3,3,2,5,11
383,6,1,1,4,0,1,14,3,2,2,7,2,5,7,0,0,3,2,2,1,1,2,3,2,5,3,3,2,5,9
724,0,1,1,2,0,0,8,0,6,2,7,2,5,1,0,0,0,2,8,1,1,2,1,1,1,2,0,2,5,7
71,6,1,1,4,0,0,5,3,2,3,7,4,5,1,0,0,3,2,8,3,3,7,1,0,4,2,1,2,5,16
71,6,1,1,1,0,3,5,3,6,3,4,4,5,1,0,0,3,2,8,3,3,1,3,2,5,3,7,2,5,14
71,6,1,1,4,0,3,0,3,2,3,4,4,5,1,0,0,3,2,8,3,3,2,0,1,1,2,7,5,5,1
71,6,0,1,1,0,3,0,3,6,2,2,0,5,1,0,0,3,2,2,3,3,2,3,2,5,3,7,5,5,8
71,6,1,1,4,0,3,8,3,6,2,7,4,5,1,0,0,3,2,8,3,3,2,0,0,3,2,7,5,5,13
71,6,1,1,4,0,0,8,3,3,3,7,4,5,1,0,0,3,2,2,3,3,7,2,0,3,2,3,2,1,0
149,6,1,1,4,0,2,5,3,5,2,6,4,5,1,0,0,3,2,2,1,1,2,3,2,5,3,0,2,5,1
43,6,1,1,2,2,1,9,3,5,2,6,4,5,7,0,0,3,2,1,1,1,8,0,1,1,2,7,5,5,11
967,5,0,1,4,0,1,7,0,4,3,9,2,5,7,0,0,3,2,8,2,1,5,3,2,5,3,7,5,5,15
967,5,2,1,4,0,2,14,3,5,2,4,4,5,7,2,0,3,2,2,2,1,2,0,0,3,2,0,2,5,0
492,5,0,1,4,0,2,0,3,6,2,6,4,5,1,0,0,3,2,8,2,1,7,2,0,3,1,0,2,5,12
492,5,2,1,4,0,1,0,3,6,2,7,4,5,1,0,0,3,2,8,2,1,2,3,2,5,3,3,2,5,1
297,6,0,1,2,0,3,5,3,6,3,7,2,5,7,0,0,3,2,8,1,1,2,0,1,3,2,0,2,5,10
456,0,4,0,1,0,2,14,3,6,2,9,4,5,1,0,0,3,2,8,2,1,7,3,2,5,3,0,2,5,11
456,0,4,1,4,0,3,5,3,6,3,6,2,5,1,0,0,3,2,8,2,1,2,0,1,1,2,3,2,5,10
418,0,1,1,6,0,1,11,1,6,3,9,7,5,7,0,0,3,2,8,2,1,12,3,2,5,3,3,2,5,12
418,0,1,1,4,0,1,0,3,6,3,6,2,5,7,0,0,3,2,2,2,1,2,0,0,1,2,0,2,5,13
128,4,1,1,2,0,1,0,4,6,3,2,2,5,7,0,0,3,2,8,2,1,2,0,1,1,2,3,2,5,3
128,4,0,1,4,0,0,0,1,2,3,9,2,5,7,0,0,3,2,2,2,1,2,3,2,5,3,4,2,5,0
578,0,1,1,2,0,2,17,3,3,3,12,7,5,7,0,0,3,2,8,2,1,2,2,0,3,1,7,5,1,3
578,0,1,1,1,0,1,5,3,2,3,3,7,3,7,2,0,3,2,8,2,1,1,2,1,4,2,7,5,0,0
416,4,2,1,4,0,0,5,3,1,3,7,4,5,7,0,0,3,2,8,2,1,2,2,0,0,2,7,2,5,12
416,4,0,1,1,0,0,0,3,6,3,12,0,5,7,0,0,3,2,2,2,1,2,0,0,1,2,0,2,5,10
517,6,1,1,2,0,5,14,3,3,2,7,7,5,7,0,0,3,2,2,2,1,2,1,0,4,2,0,2,5,1
517,6,4,0,4,2,2,9,3,2,3,4,4,5,7,0,0,3,2,8,2,1,7,1,0,4,2,7,5,5,1
662,4,1,1,4,0,0,9,3,5,2,2,2,5,7,0,0,3,2,8,2,1,9,0,0,0,2,7,5,5,2
662,4,1,1,4,0,1,0,3,6,2,6,2,5,7,0,0,3,2,8,2,1,2,1,0,0,2,7,5,5,10
530,4,1,1,4,0,2,9,3,6,2,7,2,5,7,0,0,3,2,8,2,1,2,1,1,4,2,7,5,5,1
530,4,0,1,7,4,6,9,3,6,2,6,0,5,7,0,0,3,2,8,2,1,2,0,1,1,2,0,2,5,0
317,3,0,1,7,4,6,5,3,6,2,6,0,5,1,3,0,3,2,8,2,1,2,2,1,4,2,0,2,6,7
317,3,0,1,4,0,1,0,0,6,2,6,0,5,1,0,0,3,2,8,2,1,1,2,0,4,1,0,2,1,13
333,1,1,1,4,0,3,5,3,6,2,9,0,5,0,0,0,3,2,2,2,4,2,0,0,1,2,2,2,5,13
333,1,1,1,4,2,3,17,3,6,2,6,0,5,0,0,0,3,2,2,2,4,2,1,0,4,2,0,2,5,10
333,1,1,1,7,4,6,0,3,1,3,7,4,5,0,0,0,3,2,2,2,4,2,1,0,4,2,7,5,5,12
333,1,1,1,1,2,3,14,3,1,3,4,1,9,0,0,0,3,2,8,2,4,2,1,1,4,2,0,2,5,16
155,0,1,1,7,4,6,17,3,6,2,7,1,5,0,0,0,3,2,8,2,1,2,1,1,4,2,0,2,5,11
155,0,0,1,4,2,2,17,3,6,2,6,0,5,0,0,0,3,2,8,2,1,2,0,1,0,2,5,2,5,10
882,0,0,1,4,2,3,0,0,5,3,6,2,5,0,0,3,3,4,8,1,2,2,3,2,5,3,0,2,5,1
882,0,0,1,2,2,3,14,0,6,2,14,0,5,0,0,3,3,4,1,1,2,2,0,1,0,2,0,2,5,3
82,5,0,1,7,4,6,0,3,6,3,7,6,5,7,0,0,3,2,1,2,1,2,3,2,5,3,0,2,5,1
82,5,4,0,1,0,2,7,3,5,3,6,0,5,7,0,0,3,2,8,2,1,2,0,1,1,1,0,2,5,16
555,1,1,1,1,2,3,7,3,6,2,6,2,5,7,0,0,3,2,8,2,1,7,3,2,5,3,1,2,5,13
555,1,1,1,4,2,4,0,3,2,3,6,4,5,7,0,0,3,2,8,2,1,2,0,1,1,2,0,2,5,4
423,1,1,1,4,2,1,5,3,6,3,7,4,5,1,0,0,3,2,8,1,1,9,3,2,5,3,3,2,5,2
152,5,0,1,4,2,1,5,3,6,2,7,4,5,0,0,0,3,2,8,2,1,2,1,1,3,2,0,2,5,19
152,5,4,1,2,2,2,5,3,6,2,1,4,5,0,0,0,3,2,8,2,1,2,0,1,0,2,0,2,5,1
999,1,4,0,4,2,6,0,3,6,2,2,4,5,0,0,0,3,2,8,1,1,2,1,0,4,1,7,5,5,10
994,1,0,1,7,2,4,0,2,0,2,1,7,5,7,0,3,3,3,8,2,1,2,3,2,5,3,0,2,5,13
994,1,0,1,1,2,3,10,3,2,2,12,7,5,7,0,3,3,3,8,2,1,7,0,1,3,2,7,5,5,12
1032,6,0,1,1,2,4,10,3,6,2,2,0,5,7,0,0,3,2,8,1,1,2,3,2,5,3,7,5,5,0
943,4,1,1,4,2,2,5,3,2,3,6,6,5,7,2,0,3,2,2,1,1,9,0,1,3,2,7,2,5,11
464,6,0,1,4,2,2,5,3,1,3,9,1,3,7,0,0,3,2,6,2,1,2,3,2,5,3,0,2,5,16
464,6,2,1,7,2,6,9,3,6,2,7,1,5,7,0,0,3,2,8,2,1,2,0,1,3,2,0,2,5,3
1004,1,4,0,4,0,0,7,3,6,2,7,4,5,7,0,0,3,2,8,1,1,2,1,1,3,2,0,2,5,12
944,1,3,1,2,2,2,5,0,0,2,4,1,5,1,0,0,3,2,8,2,1,2,0,1,4,2,0,2,5,11
944,1,4,0,4,0,2,0,0,0,2,2,7,3,1,0,0,3,2,8,2,1,2,1,0,1,2,0,2,5,1
265,2,1,1,4,0,2,7,1,0,2,6,7,5,7,0,0,3,2,8,2,1,1,3,2,5,3,0,2,5,3
265,2,4,0,4,0,2,6,3,5,2,6,4,5,7,0,0,3,2,2,2,1,3,0,1,0,2,1,2,5,1
669,0,1,1,4,0,3,0,3,6,3,6,0,5,7,3,0,0,2,2,2,1,2,1,0,4,2,7,2,5,1
669,0,0,1,4,0,2,0,3,1,3,7,2,5,7,0,0,0,2,8,2,1,9,0,1,4,1,0,2,5,0
708,6,0,1,4,0,5,5,3,6,3,6,4,5,0,0,0,0,2,2,2,1,2,3,2,5,3,7,5,5,17
708,6,1,1,0,0,4,0,3,6,2,7,0,5,0,0,0,0,2,8,2,1,13,0,0,3,1,3,2,5,3
158,5,0,1,1,0,2,11,3,3,2,4,2,5,7,4,0,3,2,8,1,1,2,3,2,5,3,7,5,5,10
711,4,1,1,1,0,2,5,3,6,2,9,7,5,7,0,0,0,2,8,1,1,2,0,1,4,2,3,2,5,3
339,2,1,1,4,0,2,11,3,6,2,7,2,5,7,0,0,3,2,8,2,1,2,3,2,5,3,7,5,5,0
339,2,4,0,2,0,2,5,3,2,3,7,1,5,7,0,0,3,2,8,2,1,2,0,1,1,2,3,2,5,12
58,6,1,1,4,0,2,5,3,0,2,7,1,5,1,0,0,3,2,8,2,1,9,0,1,1,2,7,5,5,1
58,6,1,1,4,0,1,5,3,6,3,7,4,5,1,0,0,3,2,1,2,1,9,1,1,3,2,7,5,5,10
165,6,3,1,6,0,2,9,3,3,2,9,6,5,7,0,0,3,2,8,1,1,2,1,0,0,2,3,2,5,9
593,2,1,1,4,0,3,9,3,2,2,6,4,5,0,0,0,2,7,2,1,1,1,3,2,5,3,1,2,5,9
1050,1,4,0,4,0,0,14,3,6,2,1,7,9,7,0,0,3,2,8,1,1,1,3,2,5,3,2,2,5,10
329,2,4,1,6,0,4,5,0,6,2,6,7,6,7,0,0,3,2,2,1,1,2,0,1,1,2,1,2,5,10
997,2,0,1,1,0,0,0,3,2,2,4,7,5,0,0,0,3,2,8,3,1,5,3,2,5,3,7,5,5,10
997,2,1,1,4,0,2,8,4,6,3,14,6,9,0,0,0,3,2,8,3,1,7,1,0,1,2,1,2,5,11
997,2,1,1,1,0,3,0,3,6,2,9,4,5,0,0,0,3,2,1,3,1,2,0,0,1,2,7,5,5,3
1019,5,0,1,4,0,2,10,0,3,2,9,7,5,7,0,0,3,2,8,1,1,1,0,0,0,2,1,2,5,1
64,2,4,1,1,0,1,11,3,0,2,4,7,5,1,0,0,3,2,8,1,1,1,3,2,5,3,1,2,5,0
496,6,0,1,4,0,1,14,3,1,2,9,4,5,7,3,0,3,7,8,2,1,7,0,0,1,1,1,2,5,3
496,6,2,1,4,0,3,17,3,5,2,9,7,5,7,0,0,3,7,8,2,1,9,3,2,5,3,0,2,5,3
360,5,4,1,4,0,1,5,3,6,2,6,4,5,1,0,0,3,2,1,1,1,3,0,0,0,2,0,2,5,10
468,2,0,1,4,2,4,14,3,1,2,6,0,0,7,0,0,3,2,8,2,2,2,3,2,5,3,4,2,5,13
468,2,1,1,4,0,1,5,3,3,2,6,7,5,7,4,0,3,2,8,2,2,2,0,0,1,2,0,2,5,1
321,0,0,1,4,0,3,9,3,0,2,6,4,0,7,0,0,3,2,8,2,1,2,3,2,5,3,3,2,5,1
321,0,1,1,4,0,1,5,3,6,2,6,1,5,7,4,0,3,2,8,2,1,2,0,1,0,2,7,5,5,10
892,0,1,1,1,0,3,7,3,6,2,6,4,5,7,0,0,3,2,2,2,1,7,3,2,5,3,7,5,5,10
892,0,0,1,1,0,3,14,3,6,2,6,7,5,7,0,0,3,2,8,2,1,2,2,0,3,1,0,2,6,17
953,1,0,1,1,1,3,0,3,3,2,9,7,5,0,0,0,3,2,8,2,1,2,3,2,5,3,0,2,5,2
953,1,1,1,4,0,3,11,3,2,2,9,1,5,0,0,0,3,2,8,2,1,2,0,1,0,2,0,2,5,12
453,0,1,1,4,0,4,7,3,6,2,7,1,5,7,0,0,3,2,8,1,1,2,3,2,5,3,0,2,5,11
466,0,1,1,1,0,2,5,3,2,2,2,4,5,1,0,0,3,2,2,2,1,1,0,1,3,2,7,5,5,12
466,0,4,1,4,0,1,0,3,6,2,1,7,5,1,0,0,3,2,8,2,1,2,2,0,3,1,0,2,0,13
921,6,4,0,4,0,3,11,3,6,3,4,4,5,7,0,0,3,2,8,1,1,2,3,2,5,3,3,2,5,13
638,0,0,1,4,0,4,17,4,6,3,9,7,9,7,0,0,3,2,8,2,1,2,0,0,1,2,3,2,5,9
638,0,2,1,4,2,1,0,3,3,2,9,7,8,7,0,0,3,2,8,2,1,2,0,0,0,2,3,2,5,10
972,4,0,1,4,0,3,8,3,1,2,6,0,5,0,0,0,3,2,8,2,1,7,0,0,1,2,0,2,5,9
972,4,0,1,6,0,1,9,3,1,2,0,4,5,0,0,0,3,2,8,2,1,3,0,0,0,2,2,2,5,12
418,3,1,1,4,0,1,5,4,6,3,13,7,5,0,0,0,3,2,8,1,2,2,1,1,4,2,7,5,5,3
418,3,1,1,2,0,1,5,3,6,2,4,7,5,0,0,0,3,2,8,1,2,2,0,1,4,2,3,2,5,10
1009,3,0,1,4,0,0,5,3,6,2,9,3,5,7,0,0,3,2,8,1,1,2,1,1,4,2,2,2,5,13
1012,6,2,1,2,0,2,10,0,4,2,9,4,5,7,0,0,3,2,8,1,1,2,0,0,4,2,7,5,5,1
1064,5,0,1,1,0,1,5,3,2,2,7,4,5,5,0,0,3,2,8,2,1,2,3,2,5,3,7,5,5,10
1064,5,1,1,4,0,0,5,0,6,2,9,7,5,5,0,0,3,2,2,2,1,2,0,0,1,1,0,2,5,3
165,1,1,1,1,0,0,6,3,0,2,10,4,1,7,0,0,3,2,2,3,1,9,3,2,5,3,7,5,5,10
165,1,4,1,2,0,5,5,3,1,2,10,4,1,7,0,0,3,2,2,3,1,2,3,2,5,3,0,2,5,12
165,1,0,1,4,2,2,12,3,6,2,6,0,5,7,0,0,3,2,1,3,1,4,0,1,1,2,0,2,5,1
1002,5,0,1,4,0,0,0,3,1,2,9,4,1,0,2,0,3,2,8,1,1,2,3,2,5,3,0,2,5,11
64,1,1,1,4,0,1,5,3,6,3,9,7,5,1,0,0,3,2,8,2,1,2,1,0,4,2,0,2,5,12
64,1,4,1,4,0,2,8,3,6,1,5,7,5,1,0,0,3,2,1,2,1,2,3,2,5,3,3,2,5,0
480,2,1,1,7,4,6,11,3,3,3,9,7,5,7,0,0,3,2,8,1,2,2,0,1,0,1,3,2,5,18
480,2,1,1,7,4,6,14,3,2,0,2,7,5,7,0,0,3,2,8,1,2,2,2,0,4,2,0,2,5,4
953,6,1,1,4,0,1,0,3,6,2,6,4,5,0,0,0,3,2,8,2,1,3,3,2,5,3,0,2,5,3
953,6,4,1,4,0,3,9,3,5,2,6,2,7,0,0,0,3,2,8,2,1,3,0,0,0,2,7,5,5,4
941,5,1,1,4,2,3,0,0,6,2,6,2,0,7,0,0,3,2,8,2,1,3,1,1,4,2,0,2,5,3
941,5,1,1,7,4,6,0,3,1,3,7,4,7,7,0,0,3,2,8,2,1,4,1,1,4,2,0,2,5,11
43,1,1,1,1,2,3,0,3,1,3,7,4,5,7,0,0,3,2,2,1,1,2,3,2,5,3,0,2,5,3
285,1,1,1,7,4,6,5,3,5,2,9,2,5,1,0,0,3,2,1,1,1,11,0,1,1,2,7,2,5,1
519,6,1,1,4,2,2,0,3,6,3,7,2,5,1,3,0,3,2,8,2,1,9,3,2,5,3,7,5,5,9
519,6,0,1,4,2,3,0,3,4,3,7,4,6,1,0,0,3,2,8,2,1,1,3,2,5,3,0,2,5,3
1011,6,0,1,2,2,3,9,3,2,3,7,2,5,7,2,0,3,2,2,2,1,2,0,1,0,2,0,2,5,1
1011,6,2,1,7,4,6,15,0,2,2,7,4,5,7,0,0,3,2,8,2,1,2,2,1,3,0,3,2,1,3
1019,1,1,1,1,0,2,0,3,1,2,7,0,6,1,0,0,3,2,8,2,1,2,3,2,5,3,0,2,5,3
1019,1,4,1,1,2,3,9,3,6,2,7,2,5,1,0,0,3,2,8,2,1,9,0,1,0,2,0,2,5,3
209,1,0,1,4,2,4,14,3,1,3,2,2,5,0,2,0,3,2,8,2,1,7,1,1,3,2,0,2,5,1
209,1,1,1,4,2,1,14,3,2,3,7,4,5,0,0,0,3,2,8,2,1,3,3,2,5,3,4,2,5,1
985,6,1,1,4,2,1,0,1,1,3,4,2,5,7,0,0,3,2,8,2,1,4,3,2,5,3,7,5,5,3
985,6,1,1,2,2,2,5,3,6,2,9,0,5,7,0,0,3,2,8,2,1,2,0,0,1,2,7,5,5,16
224,3,0,1,4,2,6,0,0,3,2,7,2,5,7,0,0,3,2,8,2,1,2,2,0,3,2,7,2,5,1
224,3,0,1,7,2,4,9,3,6,2,6,2,5,7,0,0,3,2,2,2,1,2,3,2,5,3,0,2,5,10
506,5,0,1,1,2,3,0,3,6,2,4,5,5,0,0,0,3,2,2,1,1,2,0,1,4,2,0,2,5,13
615,0,0,1,1,2,4,0,3,0,2,4,0,5,7,0,0,0,2,2,1,1,2,3,2,5,3,7,5,5,1
1014,5,0,1,4,2,2,5,3,6,2,7,2,5,7,0,0,3,2,8,2,1,2,0,1,0,2,7,5,5,1
1014,5,1,1,4,2,2,0,1,3,3,3,2,5,7,0,0,3,2,1,2,1,2,0,0,0,2,7,5,5,16
1023,1,1,1,7,2,6,6,3,5,3,6,1,5,5,0,0,3,2,8,2,1,2,1,0,4,2,7,5,5,13
1023,1,0,1,4,0,0,17,3,1,2,2,4,5,5,0,0,3,2,1,2,1,2,0,0,0,2,0,2,5,4
985,1,0,1,2,2,2,0,1,2,2,3,4,7,7,0,0,3,2,8,2,1,4,3,2,5,3,0,2,5,16
985,1,0,1,4,0,2,0,3,3,2,6,7,5,7,0,0,3,2,1,2,1,3,0,0,0,1,0,2,5,12
632,3,3,1,4,0,2,0,3,1,2,7,2,0,7,0,0,3,2,8,2,2,2,0,0,1,2,2,2,5,9
632,3,1,1,4,0,2,11,3,0,3,6,4,5,7,0,0,3,2,8,2,2,3,0,0,3,2,0,2,5,13
419,0,1,1,4,0,3,17,3,1,3,6,2,7,1,0,0,3,2,8,2,1,2,0,0,3,2,7,5,5,12
419,0,1,1,4,0,2,0,3,6,2,7,0,3,1,0,0,3,2,8,2,1,3,3,2,5,3,0,2,5,11
983,5,1,1,4,0,5,0,3,0,2,6,4,6,7,0,0,3,2,8,2,3,13,3,2,5,3,0,2,5,1
983,5,0,1,0,0,4,7,3,6,2,9,4,5,7,0,0,3,2,8,2,3,2,0,1,3,2,5,2,5,1
983,5,0,1,1,0,2,14,3,5,3,7,2,5,7,0,0,3,2,8,2,3,2,0,1,1,2,0,2,5,1
468,1,0,1,1,0,2,5,3,1,3,6,0,5,4,2,0,3,2,8,2,1,2,3,2,5,3,0,2,5,4
468,1,4,0,4,0,2,15,3,2,3,6,4,7,4,0,0,3,2,8,2,1,2,0,1,1,2,0,2,5,0
929,5,4,1,2,0,2,7,4,6,3,6,7,5,0,0,0,3,2,8,2,1,4,1,0,4,2,0,2,5,9
929,5,4,0,4,0,2,9,3,2,2,7,2,6,0,4,0,3,2,8,2,1,2,3,2,5,3,1,2,5,2
522,6,0,1,4,0,1,0,3,6,2,2,4,5,1,0,0,3,2,8,2,4,3,3,2,5,3,0,2,5,9
522,6,0,1,6,0,2,0,3,5,2,4,4,5,1,0,0,3,2,6,2,4,3,0,0,4,2,3,2,5,10
522,6,0,1,4,0,3,10,3,0,2,6,0,5,1,0,0,3,2,2,2,4,3,3,2,5,3,0,2,5,13
522,6,0,1,4,0,0,5,3,5,2,2,4,5,1,0,0,3,2,8,2,4,2,0,1,1,2,0,2,5,12
522,6,0,1,6,0,4,5,3,6,3,6,4,5,1,0,0,3,2,8,2,4,2,1,0,1,2,7,5,5,1
26,0,4,1,1,0,0,4,3,6,2,6,7,5,7,0,0,0,2,8,2,1,2,2,1,4,2,0,2,5,13
26,0,1,1,4,0,2,6,3,6,3,9,2,5,7,0,0,0,2,1,2,1,2,3,2,5,3,7,5,5,10
1004,1,1,1,4,0,0,5,3,2,3,6,2,5,7,0,0,3,2,1,2,1,4,0,0,0,2,7,5,5,3
1004,1,0,1,1,2,2,14,3,2,3,9,4,5,7,0,0,3,2,8,2,1,2,0,0,1,0,7,2,5,10
917,3,2,1,4,0,1,0,3,1,3,6,0,5,0,0,0,3,2,8,2,2,2,3,2,5,3,0,2,5,9
917,3,1,1,4,2,4,7,3,1,2,6,0,5,0,0,0,3,2,1,2,2,2,0,1,1,1,0,2,5,10
374,6,1,1,6,0,2,7,4,6,2,7,2,5,7,0,0,3,2,1,2,1,7,2,1,1,1,0,2,1,9
374,6,0,1,6,0,2,15,3,5,2,7,2,5,7,0,0,3,2,1,2,1,3,3,2,5,3,0,2,5,11
999,6,0,1,4,0,2,0,3,3,2,9,2,5,7,0,0,3,2,8,2,1,2,0,1,1,2,0,2,5,0
999,6,1,0,4,0,1,3,3,5,3,2,2,5,7,0,0,3,2,2,2,1,2,2,0,0,2,0,2,1,10
1057,1,1,1,4,0,3,3,0,5,2,2,0,5,0,0,0,3,2,8,1,1,7,3,2,5,3,1,2,5,13
763,5,4,0,4,0,2,5,3,1,2,9,0,5,7,0,0,0,2,8,1,1,2,1,1,0,2,7,2,5,10
141,2,1,1,4,0,3,5,3,6,2,6,2,6,7,0,0,3,2,2,2,1,7,1,0,0,2,0,2,5,11
141,2,4,0,4,0,1,4,3,2,2,6,2,6,7,0,0,3,2,8,2,1,4,2,1,0,2,7,5,5,9
800,5,4,1,4,0,4,0,3,1,3,9,2,5,7,0,0,0,2,8,2,1,13,3,2,5,3,3,2,5,11
800,5,4,0,4,0,4,15,3,2,3,2,7,5,7,3,0,0,2,8,2,1,2,0,1,3,1,7,5,5,10
516,0,0,1,4,2,2,7,3,6,3,7,2,5,7,0,0,3,2,8,2,1,2,3,2,5,3,3,2,5,11
516,0,4,0,4,0,1,0,3,6,3,6,2,5,7,0,0,3,2,1,2,1,2,0,1,1,1,7,5,5,3
526,5,0,1,1,0,4,0,3,6,3,7,2,5,7,0,0,3,2,6,2,1,2,3,2,5,3,3,2,5,7
526,5,4,1,4,0,1,0,3,6,3,7,2,5,7,0,0,3,2,8,2,1,2,0,0,1,2,7,5,5,3
99,6,0,1,4,0,2,0,3,6,3,14,6,5,7,0,0,3,2,8,2,1,2,0,1,0,2,7,5,5,0
99,6,0,1,2,0,3,11,0,1,3,9,2,9,7,0,0,3,2,8,2,1,2,3,2,5,3,3,2,5,12
463,1,4,0,2,0,3,4,3,4,3,2,4,5,7,0,0,3,2,2,2,1,2,3,2,5,3,1,2,5,1
463,1,1,1,4,0,2,5,4,6,3,7,4,5,7,0,0,3,2,8,2,1,2,0,0,1,1,2,2,5,1
210,0,4,1,1,0,0,5,3,5,3,7,1,5,7,0,0,3,2,6,2,1,2,3,2,5,3,1,2,5,10
210,0,1,1,1,0,2,14,3,5,2,9,2,5,7,0,0,3,2,2,2,1,2,0,1,1,2,7,5,5,10
934,4,1,1,4,0,2,7,3,5,3,6,1,5,7,0,0,3,2,8,2,1,2,3,2,5,3,1,2,5,0
934,4,0,1,4,0,0,0,3,5,2,4,2,5,7,0,0,3,2,8,2,1,2,0,1,1,2,7,5,5,1
724,5,1,1,4,2,2,8,0,6,2,9,0,5,0,0,0,0,2,8,2,1,2,3,2,5,3,1,2,5,12
724,5,1,1,2,2,3,6,3,6,2,6,5,5,0,0,0,0,2,8,2,1,2,0,1,1,2,1,2,5,0
1060,0,4,1,7,2,4,0,3,1,3,7,6,5,7,0,0,3,2,8,1,1,3,3,2,5,3,1,2,5,12
388,0,0,1,6,2,2,8,3,5,3,2,7,5,7,0,0,3,2,8,1,1,2,0,1,1,2,0,2,5,9
996,3,0,1,0,0,3,6,3,3,3,4,6,5,0,0,0,3,2,1,1,3,2,2,0,3,1,0,2,1,18
996,3,0,1,2,0,4,14,3,5,2,1,1,5,0,3,0,3,2,8,1,3,2,0,1,0,2,4,2,5,10
996,3,0,1,4,0,0,5,3,5,2,0,4,5,0,0,0,3,2,8,1,3,13,3,2,5,3,0,2,5,10
481,1,0,1,4,0,3,15,3,5,2,7,2,5,7,3,0,3,2,2,1,1,9,3,2,5,3,3,2,5,10
560,4,1,1,4,2,3,0,3,5,3,7,2,5,7,0,0,3,2,8,2,1,2,0,1,1,2,7,5,5,0
560,4,1,1,4,0,3,3,3,5,2,4,2,9,7,0,0,3,2,8,2,1,2,3,2,5,3,7,5,5,12
979,1,0,1,4,0,5,0,0,1,3,7,2,5,7,0,0,3,2,8,2,1,2,3,2,5,3,0,2,5,9
979,1,4,0,4,0,0,9,0,6,3,6,7,5,7,0,0,3,2,2,2,1,2,0,0,1,2,0,2,5,16
112,0,0,1,3,2,0,4,3,5,3,14,7,5,7,0,0,3,2,8,2,1,2,3,2,5,3,0,2,5,0
112,0,4,0,4,2,4,8,3,6,3,6,2,5,7,0,0,3,2,8,2,1,2,0,0,1,2,0,2,5,1
126,4,1,1,4,2,0,5,3,6,3,6,4,5,7,0,0,3,2,8,2,1,2,2,0,4,2,7,5,5,16
126,4,1,1,4,2,1,7,1,5,3,7,7,5,7,0,0,3,2,8,2,1,2,2,1,4,2,0,2,5,14
309,4,1,1,5,2,2,0,0,1,3,7,7,5,7,0,0,3,2,8,2,1,2,3,2,5,3,3,2,5,13
309,4,1,1,5,2,3,3,3,5,2,7,4,5,7,0,0,3,2,8,2,1,9,0,1,1,2,3,2,5,12
388,5,0,1,4,2,1,4,3,3,3,7,7,5,7,0,0,3,2,8,1,1,13,0,0,3,2,3,2,5,1
543,1,0,1,1,2,3,3,4,6,3,9,4,5,0,0,0,3,2,2,2,1,7,0,0,1,2,0,2,5,9
543,1,0,1,6,2,2,0,3,1,2,2,4,5,0,0,0,3,2,8,2,1,4,3,2,5,3,2,2,5,0
117,1,0,1,7,2,6,15,3,1,3,6,0,5,1,0,0,3,2,8,2,1,2,0,1,3,2,7,5,5,11
117,1,0,1,4,2,2,15,3,1,3,2,7,5,1,0,0,3,2,8,2,1,2,2,1,4,2,3,2,3,10
697,5,0,1,4,2,4,3,3,1,3,7,2,5,7,0,0,0,2,8,2,1,9,0,1,3,2,2,2,5,12
697,5,1,1,4,2,1,4,3,6,3,14,7,5,7,0,0,0,2,8,2,1,4,2,1,0,1,7,5,0,10
1001,4,1,1,1,0,1,4,3,0,3,12,7,3,7,0,0,3,2,8,1,1,2,3,2,5,3,7,5,5,10
269,6,1,1,4,0,1,3,3,2,3,6,2,6,7,0,0,3,2,8,1,1,2,3,2,5,3,0,2,5,9
610,2,0,1,4,0,1,16,3,4,3,7,7,3,7,0,0,0,2,2,3,2,4,0,1,1,2,7,5,5,1
610,2,4,0,4,0,2,3,3,5,3,6,4,5,7,0,0,0,2,6,3,2,2,3,2,5,3,0,2,5,11
610,2,1,1,4,0,2,3,3,6,3,7,4,5,7,0,0,0,2,8,3,2,9,3,2,5,3,0,2,5,9
587,3,1,1,4,0,3,10,3,1,3,7,2,5,1,0,0,3,2,8,2,2,2,0,1,0,2,0,2,5,7
587,3,1,1,1,0,2,0,3,6,3,6,4,5,1,0,0,3,2,8,2,2,9,0,1,3,2,0,2,5,16
924,4,1,1,4,0,2,0,3,6,2,7,0,5,0,0,0,3,2,8,2,1,2,3,2,5,3,3,2,5,14
924,4,1,1,4,0,3,8,3,6,3,2,7,5,0,0,0,3,2,8,2,1,3,3,2,5,3,3,2,5,1
1064,0,1,1,1,2,6,17,3,6,2,6,2,5,7,0,0,3,2,8,2,1,13,0,1,0,2,0,2,5,8
1064,0,0,1,4,2,2,14,3,3,2,6,2,5,7,0,0,3,2,8,2,1,2,0,1,0,1,0,2,5,13
403,0,2,1,4,0,2,17,3,1,3,7,4,7,7,0,0,3,2,8,1,1,2,2,1,4,2,7,5,6,0
591,0,1,1,4,0,4,0,3,1,3,9,4,5,7,0,0,0,2,2,1,1,7,3,2,5,3,0,2,5,1
535,0,1,1,7,4,6,0,3,5,2,9,4,5,5,0,0,3,2,8,2,1,7,0,1,0,2,0,2,5,11
535,0,1,1,4,0,2,3,3,2,1,14,2,5,5,0,0,3,2,8,2,1,7,3,2,5,3,0,2,5,15
1057,4,0,1,4,0,2,10,3,5,1,7,7,5,1,0,0,3,7,8,2,1,2,0,1,0,2,7,2,5,0
1057,4,4,0,4,0,3,10,3,5,2,6,6,3,1,0,0,3,7,8,2,1,2,0,1,0,1,7,5,5,12
364,2,1,1,2,0,3,4,0,5,2,12,0,5,1,0,0,3,2,1,2,1,2,3,2,5,3,0,2,5,1
364,2,0,1,4,0,3,4,3,5,2,7,2,3,1,0,0,3,2,1,2,1,2,3,2,5,3,0,2,5,10
1069,6,0,1,4,0,3,8,3,2,2,7,2,8,1,0,0,3,2,8,2,1,3,1,0,0,2,3,2,5,11
1069,6,0,1,4,0,3,0,0,5,2,2,2,5,1,0,0,3,2,8,2,1,2,1,0,4,2,0,2,5,10
243,2,1,1,4,0,3,0,4,6,3,6,6,6,7,0,0,3,2,8,1,1,3,3,2,5,3,0,2,5,12
637,2,4,0,4,0,2,0,3,6,3,7,2,6,7,0,0,0,2,6,1,1,3,2,0,4,2,0,2,5,13
152,6,0,1,4,0,1,3,0,6,2,9,0,5,7,0,0,3,2,8,1,2,2,2,0,4,2,7,5,0,3
152,6,0,1,4,0,4,3,3,6,3,6,2,5,7,0,0,3,2,8,1,2,4,3,2,5,3,0,2,5,0
408,0,1,1,4,0,4,0,3,6,3,6,4,5,7,0,0,3,2,1,1,1,2,0,1,4,2,0,2,5,3
563,6,1,1,4,0,1,14,3,4,3,6,2,5,7,0,0,3,2,8,2,1,4,3,2,5,3,3,2,5,0
563,6,0,1,1,0,4,17,1,0,3,2,6,5,7,0,0,3,2,8,2,1,2,1,0,3,2,7,2,5,12
885,5,0,1,4,0,4,7,3,6,3,6,2,5,7,0,0,3,2,8,2,1,7,1,0,1,2,7,5,5,10
885,5,1,1,4,0,6,13,3,0,3,6,2,6,7,0,0,3,2,1,2,1,13,1,0,3,2,0,2,5,1
428,3,1,1,7,0,2,5,3,6,3,6,2,6,1,0,0,3,2,8,1,1,2,3,2,5,3,0,2,5,1
428,4,2,1,6,0,4,8,3,2,2,6,2,5,0,0,0,3,2,1,2,1,2,3,2,5,3,0,2,5,2
428,4,2,1,4,0,4,4,3,6,2,7,2,5,0,0,0,3,2,8,2,1,2,0,0,3,2,7,5,5,10
434,1,1,1,4,0,0,5,3,6,2,9,0,5,7,0,0,3,2,8,1,2,2,3,2,5,3,0,2,5,1
434,1,1,1,1,0,3,6,3,6,2,2,4,5,7,0,0,3,2,8,1,2,2,3,2,5,3,3,2,5,0
141,4,1,1,1,0,3,0,3,6,2,7,2,5,1,0,0,3,2,8,1,1,2,2,1,3,2,3,2,5,7
443,5,0,1,1,0,4,0,3,6,2,1,2,5,0,0,0,3,2,8,2,1,4,2,1,3,1,7,5,5,13
443,5,1,1,2,0,1,0,4,6,3,14,6,5,0,0,0,3,2,2,2,1,2,2,1,0,2,7,2,5,13
571,4,0,1,4,0,1,14,3,5,2,4,4,6,7,0,0,3,2,8,1,2,2,1,0,4,2,0,2,5,10
571,4,0,1,0,0,3,17,3,6,2,7,2,5,7,0,0,3,2,8,1,2,2,3,2,5,3,0,2,5,12
992,6,0,1,4,0,1,11,3,5,3,7,7,5,1,0,0,3,2,2,1,1,2,3,2,5,3,7,5,5,16
781,5,1,1,4,0,1,11,3,2,2,2,7,5,7,0,0,0,2,8,1,1,7,3,2,5,3,0,2,5,11
637,0,2,1,2,0,0,14,3,2,2,2,4,5,7,0,0,3,2,8,2,1,2,0,1,0,2,3,2,5,10
637,0,1,1,4,0,2,0,3,6,2,7,2,5,7,0,0,3,2,8,2,1,2,0,0,0,2,3,2,5,1
718,1,2,1,4,0,4,2,3,6,2,7,1,5,7,0,0,0,2,8,2,1,4,3,2,5,3,3,2,5,3
718,1,1,1,4,0,4,0,0,1,3,1,2,5,7,0,0,0,2,1,2,1,2,2,0,1,1,7,5,5,1
815,2,2,1,1,0,6,5,3,1,3,7,4,5,0,0,3,0,4,1,2,3,2,3,2,5,3,3,2,5,16
815,2,2,1,4,0,4,0,3,2,3,6,4,5,0,0,3,0,4,8,2,3,2,0,1,0,2,3,2,5,13
815,2,2,1,4,0,0,10,3,2,2,2,2,5,0,0,3,0,4,8,2,3,9,3,2,5,3,0,1,5,4
815,2,3,1,1,0,1,13,3,1,3,6,2,5,0,0,3,0,4,2,2,3,2,0,1,1,2,0,2,5,2
969,3,1,1,2,0,0,0,4,6,2,6,4,7,7,0,0,3,2,8,2,1,2,2,0,0,2,3,2,1,19
969,3,1,1,4,0,2,10,3,1,2,7,4,5,7,0,0,3,2,8,2,1,7,3,2,5,3,3,2,5,1
1004,2,0,1,4,0,4,17,0,6,3,9,2,5,0,0,0,3,2,8,2,1,4,0,1,0,2,0,2,5,10
1004,2,0,1,2,0,3,5,3,1,2,6,2,6,0,0,0,3,2,8,2,1,2,0,1,0,2,0,2,5,13
204,1,2,1,1,2,2,5,3,1,3,9,7,5,7,0,0,3,2,2,1,1,2,0,1,0,2,7,5,5,12
280,2,2,1,1,0,4,9,3,5,2,9,2,5,7,0,0,3,2,8,2,1,3,0,0,1,2,0,2,5,0
280,2,0,1,4,0,2,5,3,6,2,7,0,5,7,0,0,3,2,8,2,1,7,0,1,3,1,0,2,5,11
113,4,2,1,1,2,2,5,3,6,2,3,1,5,7,0,0,3,2,2,2,1,2,3,2,5,3,4,2,5,16
113,4,1,1,4,0,1,9,0,6,2,7,4,5,7,0,0,3,2,8,2,1,2,2,1,4,2,1,2,5,3
7,2,0,1,4,0,3,11,3,6,2,7,4,5,7,0,0,0,2,2,2,1,3,3,2,5,3,0,2,5,12
7,2,1,1,4,0,2,0,3,6,2,1,1,6,7,0,0,0,2,8,2,1,2,0,1,0,1,2,2,5,11
891,6,1,1,2,0,0,8,3,6,2,7,4,5,7,0,0,3,2,8,1,1,2,0,1,1,2,7,2,5,1
383,6,0,1,4,0,3,14,3,6,2,7,4,5,7,0,0,3,2,8,2,1,2,0,0,3,2,7,5,5,3
383,6,1,1,1,2,1,7,3,6,2,7,4,5,7,0,0,3,2,8,2,1,2,3,2,5,3,7,5,5,1
994,0,0,1,4,0,2,17,3,4,2,6,2,5,0,0,0,3,2,8,3,1,2,0,0,1,2,1,5,5,1
994,0,1,1,4,0,4,0,3,1,2,7,2,6,0,0,0,3,2,8,3,1,2,0,1,1,2,0,5,5,0
994,0,1,1,4,0,2,14,3,6,2,9,2,5,0,0,0,3,2,8,3,1,13,0,0,1,2,0,5,5,17
766,6,4,0,2,0,3,8,3,2,2,7,4,5,7,0,0,0,2,8,1,1,2,3,2,5,3,0,5,5,3
86,3,0,1,4,0,2,5,3,5,2,7,4,5,0,0,0,3,2,1,1,1,7,0,1,1,2,3,2,5,10
946,1,2,1,1,0,0,0,3,6,3,2,4,5,0,0,0,3,2,2,2,1,2,1,0,0,2,0,2,5,3
946,1,1,1,4,0,6,17,3,0,0,6,4,5,0,0,0,3,2,8,2,1,2,1,1,4,2,2,2,5,0
1014,1,4,0,0,0,0,5,3,3,2,12,7,5,7,0,0,3,2,8,1,1,2,1,1,0,2,7,5,5,12
1024,5,1,1,4,0,3,5,3,1,2,7,4,5,7,0,3,3,4,2,2,1,2,1,1,0,2,0,2,5,1
1024,5,1,1,4,0,0,5,3,0,2,6,4,5,7,0,3,3,4,8,2,1,2,1,1,4,2,3,2,5,10
1024,1,1,1,4,0,2,8,3,0,2,9,7,3,7,0,0,3,2,8,1,2,2,0,1,0,2,3,2,5,9
1024,1,1,1,4,0,1,8,3,0,2,4,1,5,7,0,0,3,2,1,1,2,4,3,2,5,3,3,2,5,9
64,6,1,1,7,4,6,0,3,1,2,7,4,5,7,0,0,3,2,8,2,1,3,3,2,5,3,7,4,5,10
64,6,2,1,4,0,1,7,3,0,2,9,4,5,7,0,0,3,2,1,2,1,4,0,0,4,2,0,0,5,10
1011,4,0,1,4,0,1,17,3,0,2,1,2,5,7,0,3,3,4,8,2,1,2,3,2,5,3,0,2,5,10
1011,4,4,1,4,0,3,0,3,5,1,6,7,5,7,0,3,3,4,8,2,1,2,0,1,0,2,3,2,5,11
845,5,1,1,4,0,0,6,3,6,2,5,2,5,0,0,0,0,2,2,2,1,2,3,2,5,3,0,2,5,3
845,5,0,1,0,2,0,0,3,0,2,5,2,5,0,0,0,0,2,8,2,1,4,0,1,1,2,0,2,5,1
972,4,1,1,0,0,5,0,3,0,2,5,4,5,7,0,0,3,2,8,2,1,2,2,0,4,2,0,2,1,0
972,4,1,1,4,0,0,9,0,4,2,5,4,5,7,0,0,3,2,8,2,1,13,3,2,5,3,0,2,5,3
1041,2,2,1,4,0,2,3,3,6,2,5,7,3,1,0,0,3,2,1,1,1,2,0,1,0,2,0,2,5,3
521,4,2,1,4,0,3,17,3,6,2,12,7,3,0,0,0,3,2,2,1,1,2,1,1,0,2,0,2,5,10
521,5,1,1,4,0,3,0,3,3,2,5,2,5,7,0,0,3,2,1,1,2,2,3,2,5,3,7,2,5,13
521,5,1,1,4,2,2,11,3,6,2,5,4,5,7,5,0,3,2,8,1,2,2,0,1,3,2,1,2,5,1
220,1,1,1,1,0,1,8,3,6,2,5,2,0,7,0,0,3,2,8,1,1,3,3,2,5,3,7,5,5,1
669,1,0,1,4,0,1,5,3,1,2,5,2,7,1,0,3,0,4,8,2,1,3,3,2,5,3,0,2,5,10
669,1,1,1,4,0,4,0,3,1,2,6,4,7,1,0,3,0,4,8,2,1,2,0,1,3,2,3,2,5,10
270,3,1,1,4,0,1,10,3,1,2,5,4,7,7,0,0,3,2,8,1,1,2,1,0,1,2,3,2,5,17
412,5,2,1,4,0,1,0,3,6,2,5,4,7,7,0,0,3,2,2,1,1,9,3,2,5,3,7,5,5,2
398,4,4,0,1,0,2,11,3,1,2,5,4,5,5,0,0,3,2,2,2,1,2,0,0,1,2,3,2,5,12
398,4,1,1,4,0,3,9,3,6,2,6,4,5,5,0,0,3,2,8,2,1,2,0,0,4,2,7,5,5,11
413,5,4,1,7,4,6,0,3,6,2,1,4,5,7,0,0,3,2,8,1,1,2,3,2,5,3,3,2,5,12
360,0,4,0,4,0,1,5,3,3,2,6,4,5,7,0,0,3,2,8,2,1,2,0,1,0,2,0,2,5,13
360,0,1,1,4,0,2,0,3,1,2,7,2,6,7,0,0,3,2,8,2,1,2,0,0,0,2,3,2,5,13
418,3,0,1,0,0,1,8,3,3,2,9,2,5,5,0,0,3,2,8,1,1,2,0,0,0,2,3,2,5,9
887,5,1,1,7,4,6,9,3,3,2,9,7,5,7,0,0,0,2,8,2,1,2,0,1,1,2,3,2,5,10
887,5,1,1,7,0,0,0,3,6,2,9,4,5,7,0,0,0,2,8,2,1,2,0,1,3,2,0,2,5,9
403,6,4,0,4,0,1,0,3,3,2,7,4,5,7,0,0,3,2,8,2,1,13,1,0,4,2,1,2,5,12
403,6,0,1,4,0,3,0,3,6,2,6,2,5,7,0,0,3,2,8,2,1,4,3,2,5,3,7,2,5,3
0,3,4,0,4,0,4,14,3,6,3,7,2,5,1,0,0,0,2,8,2,1,1,0,1,1,2,7,5,5,10
0,3,1,1,4,0,1,7,3,3,3,7,7,5,1,0,0,0,2,5,2,1,2,2,0,3,2,7,5,5,13
994,1,1,1,4,0,4,7,3,2,3,6,2,5,7,0,0,3,2,8,2,1,2,3,2,5,3,7,5,5,1
994,1,4,0,2,0,2,7,3,4,3,2,7,5,7,0,0,3,2,2,2,1,2,0,0,1,2,3,2,5,10
1036,6,0,1,0,0,0,10,3,5,2,7,2,5,0,0,0,3,2,8,2,1,4,1,1,4,2,0,2,5,3
1036,6,4,0,4,0,4,5,3,6,3,7,1,5,0,0,0,3,2,8,2,1,2,0,1,3,2,7,5,5,10
461,1,1,1,7,4,6,9,3,6,3,6,0,5,0,0,0,3,2,8,2,1,3,3,2,5,3,7,5,5,12
461,1,1,1,2,0,4,0,3,6,3,6,1,6,0,0,0,3,2,8,2,1,4,2,0,1,1,0,2,3,1
295,6,4,1,2,0,4,0,3,6,3,6,4,5,7,0,0,3,2,8,1,1,2,0,1,3,2,0,2,5,11
149,5,0,1,7,4,6,14,3,6,2,6,0,5,7,0,0,3,2,8,2,1,2,0,0,0,2,3,2,5,12
149,5,1,1,2,0,1,5,3,5,3,14,2,5,7,0,0,3,2,2,2,1,2,2,0,4,1,0,2,1,0
881,2,1,1,4,0,3,5,3,4,3,6,4,5,7,0,0,0,2,2,2,1,13,3,2,5,3,0,2,5,18
881,2,0,1,4,0,3,5,3,5,3,7,6,5,7,0,0,0,2,8,2,1,2,0,0,3,2,3,2,5,4
715,4,0,1,4,0,2,11,3,6,3,7,0,5,7,3,0,0,2,2,2,1,2,3,2,5,3,3,2,5,3
715,4,1,1,4,0,0,9,0,5,3,7,2,5,7,0,0,0,2,2,2,1,2,0,1,1,2,0,2,5,4
521,4,1,1,5,0,4,7,3,6,3,6,6,5,7,0,0,0,2,8,1,1,2,3,2,5,3,3,2,5,3
382,2,1,1,4,0,4,9,3,6,3,6,6,5,1,0,0,3,2,8,1,1,2,0,1,0,2,7,5,5,11
91,1,4,0,2,0,1,7,3,6,3,6,2,5,1,0,0,3,2,2,1,1,2,2,1,3,1,7,5,6,3
443,1,1,1,4,2,0,9,0,6,2,6,2,5,7,0,3,0,4,8,1,1,2,0,1,3,1,7,5,5,1
724,1,3,1,4,0,2,14,3,1,3,2,4,5,1,0,3,0,4,8,2,1,2,2,0,1,2,3,2,5,9
724,1,0,1,1,0,1,0,0,6,3,6,2,5,1,0,3,0,4,8,2,1,2,2,1,0,2,0,2,6,3
19,5,0,1,1,2,2,5,0,5,3,9,2,5,0,0,0,0,2,8,1,1,2,2,0,0,2,1,2,1,1
1064,0,4,1,4,0,3,13,3,6,3,12,2,5,0,0,0,3,2,8,1,1,2,2,0,4,2,0,2,5,3
47,5,0,1,4,0,2,5,3,5,3,6,4,5,1,1,0,3,2,8,2,1,13,0,1,1,1,0,2,5,3
47,5,1,1,2,0,2,5,3,2,3,7,4,5,1,0,0,3,2,1,2,1,2,3,2,5,3,0,2,5,3
74,5,1,1,4,0,2,11,3,6,3,7,0,5,7,0,3,3,2,8,1,1,2,0,1,1,2,0,2,5,1
384,5,1,1,4,0,3,0,0,6,2,7,0,5,0,0,0,0,2,2,2,1,2,3,2,5,3,0,2,5,1
384,5,1,1,4,4,0,0,3,2,2,7,2,5,0,0,0,0,2,8,2,1,2,3,2,5,3,0,2,5,3
690,5,0,1,4,0,1,0,3,5,2,6,0,6,0,0,0,0,2,8,1,1,9,0,1,1,2,1,2,5,16
923,6,1,1,4,0,0,11,3,6,3,6,2,5,7,0,0,0,2,8,2,1,3,0,0,3,2,0,2,5,1
923,6,1,1,7,4,6,4,3,6,3,6,6,6,7,0,0,0,2,8,2,1,2,3,2,5,3,1,2,5,10
149,6,4,2,1,0,2,8,3,6,3,6,6,6,7,0,0,3,2,8,1,1,2,3,2,5,3,3,2,5,13
114,6,1,1,4,0,2,4,3,6,3,6,1,5,0,0,0,3,2,8,1,1,3,0,1,3,2,0,2,5,1
939,6,0,1,4,0,3,8,4,6,3,6,2,5,7,0,0,3,2,8,3,2,2,0,1,1,2,0,2,5,1
939,6,0,1,4,0,1,13,3,6,3,6,6,5,7,0,0,3,2,8,3,2,3,0,1,1,2,3,2,5,16
939,6,0,1,4,2,3,4,3,2,3,7,4,5,7,0,0,3,2,8,3,2,2,0,1,0,2,3,2,5,13
448,6,1,1,4,0,1,17,3,6,2,7,2,5,0,0,0,0,2,2,2,1,2,3,2,5,3,0,2,5,4
448,6,1,1,1,1,2,17,4,1,2,9,2,5,0,0,0,0,2,8,2,1,2,0,1,1,2,0,2,5,16
285,5,0,1,1,0,2,5,3,6,2,7,2,5,7,0,3,3,4,2,2,1,4,2,1,0,2,3,2,5,12
285,5,2,1,4,4,2,7,3,2,2,7,2,5,7,0,3,3,4,8,2,1,4,3,2,5,3,3,2,5,9
249,4,0,1,4,0,2,7,0,6,2,7,2,5,0,0,0,3,2,8,1,1,2,0,1,0,2,0,2,5,13
91,4,1,1,1,0,3,0,3,2,3,7,4,5,1,0,3,3,2,10,2,1,7,2,1,0,2,0,2,5,12
91,4,1,1,4,4,4,7,3,6,3,4,4,5,1,0,3,3,2,1,2,1,2,2,0,3,2,0,2,6,11
316,4,0,1,4,0,2,0,3,2,3,4,4,5,1,0,0,3,2,8,1,1,2,1,1,3,2,0,2,5,1
669,3,1,1,1,0,0,10,3,6,2,2,0,5,7,0,0,0,2,8,2,1,2,3,2,5,3,7,5,5,1
669,3,1,1,7,4,6,5,3,6,2,7,4,5,7,0,0,0,2,8,2,1,2,0,1,1,2,7,2,5,1
535,3,0,1,4,0,3,0,3,3,3,7,4,5,3,0,0,3,2,1,2,1,3,0,1,0,2,0,2,5,4
535,3,0,1,2,2,1,11,3,5,2,6,4,5,3,0,0,3,2,2,2,1,2,3,2,5,3,7,5,5,0
574,3,0,1,4,0,0,5,3,5,2,6,4,5,7,0,3,0,2,10,2,2,2,2,1,1,2,7,5,3,9
574,3,0,1,4,0,0,11,0,4,3,9,2,5,7,0,3,0,2,8,2,2,2,0,1,1,2,7,5,5,2
811,2,0,1,0,2,1,17,3,5,2,4,4,5,7,0,0,0,2,10,1,1,2,3,2,5,3,0,2,5,9
388,3,0,1,7,4,6,17,3,6,2,6,4,5,7,0,0,0,2,10,1,1,2,2,1,3,1,7,5,5,10
739,2,0,1,1,2,1,0,3,6,2,7,4,5,7,0,3,0,4,10,2,1,3,2,0,1,2,7,5,5,13
739,2,0,1,4,0,0,0,3,6,3,7,2,5,7,0,3,0,4,8,2,1,2,0,1,1,2,0,2,5,12
985,4,4,1,7,2,2,5,3,6,2,9,4,5,7,0,3,3,4,8,1,1,2,3,2,5,3,0,2,5,1
908,0,0,1,4,0,4,0,3,6,3,6,2,5,7,0,3,0,2,2,2,1,3,0,1,3,2,0,2,5,13
908,0,1,1,4,0,1,10,1,6,3,9,7,5,7,0,3,0,2,2,2,1,3,0,0,0,2,0,2,5,10
974,0,1,1,4,0,2,0,3,6,3,6,2,5,0,0,0,3,2,8,2,1,2,0,1,0,2,7,5,5,3
974,0,1,1,4,0,3,11,4,6,3,2,2,5,0,0,0,3,2,8,2,1,9,0,1,1,2,0,2,5,10
953,1,1,1,1,0,1,5,1,2,3,9,2,5,7,0,0,3,2,8,2,1,9,2,0,1,2,7,5,5,9
953,1,1,1,1,2,3,0,3,3,3,12,7,5,7,0,0,3,2,8,2,1,2,2,0,0,2,7,5,5,10
1004,1,4,1,4,0,0,4,3,2,3,3,7,3,1,0,3,3,2,8,1,1,2,1,1,4,2,7,5,5,9
569,1,1,1,4,0,2,10,3,1,3,7,4,5,1,0,3,0,2,6,1,1,2,3,2,5,3,7,5,5,11
101,5,2,1,4,0,1,10,3,6,3,12,0,5,7,0,0,3,2,8,2,1,2,1,0,1,2,7,5,5,0
101,5,1,1,4,0,1,17,3,3,2,7,7,5,7,0,0,3,2,2,2,1,2,2,0,4,2,0,2,5,10
528,5,1,1,4,0,1,3,3,2,3,4,4,5,7,0,0,0,2,1,1,1,2,0,1,0,2,0,2,5,13
731,5,0,1,4,0,1,5,3,5,2,2,2,5,7,0,3,0,2,8,2,1,1,3,2,5,3,0,2,5,10
731,5,0,1,4,0,3,4,3,6,2,6,2,5,7,0,3,0,2,8,2,1,3,2,0,3,2,0,2,5,11
64,0,4,1,4,0,3,5,3,6,2,7,2,5,1,0,0,3,2,8,1,1,4,1,1,1,2,0,2,5,9
222,6,1,1,1,0,2,9,3,6,2,6,0,5,7,0,0,3,2,8,1,1,2,0,0,0,1,0,2,5,11
558,6,2,1,7,0,6,17,3,6,2,6,0,5,1,0,0,0,2,8,2,1,2,3,2,5,3,7,5,5,10
558,6,2,1,7,0,1,15,0,6,2,6,0,5,1,0,0,0,2,8,2,1,2,0,1,1,2,0,2,5,11
747,6,4,1,1,0,2,17,3,6,2,9,0,5,7,0,3,0,2,8,2,1,2,0,1,1,2,7,5,5,3
747,6,4,0,4,0,2,0,3,6,2,6,0,5,7,0,3,0,2,2,2,1,2,3,2,5,3,0,2,5,7
716,4,1,1,4,0,3,17,3,1,3,7,4,5,7,0,0,0,2,6,1,2,2,0,1,0,2,0,2,5,3
716,4,1,1,4,0,2,5,3,1,3,4,1,9,7,0,0,0,2,8,1,2,2,0,1,0,2,0,2,5,0
223,0,0,1,4,0,3,0,3,6,2,7,1,5,7,0,0,3,2,1,2,1,2,1,1,0,2,7,5,5,12
223,0,4,1,1,0,4,0,3,6,2,6,0,5,7,0,0,3,2,8,2,1,2,3,2,5,3,7,5,5,1
712,0,0,1,1,0,2,5,0,5,3,6,2,5,0,0,0,0,2,8,2,1,2,2,1,0,2,0,2,6,1
712,0,0,1,1,0,0,0,0,6,2,14,0,5,0,0,0,0,2,1,2,1,2,3,2,5,3,0,2,5,10
469,0,1,1,1,0,2,0,3,6,3,7,6,5,1,0,0,3,2,1,1,1,2,0,1,1,2,0,2,5,10
14,2,2,1,1,0,2,0,3,5,3,6,0,5,0,0,3,0,4,8,1,1,3,3,2,5,3,0,2,5,0
728,0,1,1,1,0,1,15,3,6,2,6,2,5,7,0,3,0,4,8,2,4,2,2,0,0,1,3,2,5,1
728,0,1,1,1,0,2,17,3,2,3,6,4,5,7,0,3,0,4,8,2,4,3,3,2,5,3,3,2,5,12
728,0,0,1,7,4,2,17,3,6,3,7,4,5,7,0,3,0,4,8,2,4,3,0,1,1,2,0,2,5,0
728,0,0,1,4,0,3,0,3,6,2,7,4,5,7,0,3,0,4,8,2,4,2,0,1,0,2,7,5,5,12
157,2,4,1,4,0,3,8,3,6,2,1,4,5,7,0,0,3,2,2,2,1,2,3,2,5,3,7,5,5,9
157,2,0,1,1,0,4,17,3,6,2,2,4,5,7,0,0,3,2,8,2,1,2,0,1,0,2,7,5,5,18
462,2,1,1,1,0,2,0,2,0,2,1,7,5,1,1,0,0,2,8,1,1,2,3,2,5,3,0,2,5,10
496,2,1,1,1,2,2,9,3,2,2,12,7,5,1,0,0,0,2,8,2,1,2,3,2,5,3,7,2,5,10
496,2,4,1,1,0,1,10,3,6,2,2,0,5,1,0,0,0,2,8,2,1,2,0,1,4,2,0,2,5,10
728,2,1,1,1,0,3,4,3,2,3,6,6,5,1,0,0,0,2,8,1,1,13,1,0,4,2,0,2,5,0
25,3,1,1,1,0,1,14,3,1,3,9,1,3,0,0,0,0,2,8,2,2,4,3,2,5,3,7,5,5,12
25,3,0,1,4,0,3,12,3,6,2,7,1,5,0,3,0,0,2,8,2,2,2,3,2,5,3,3,2,5,2
785,3,0,1,4,0,4,14,3,6,2,7,4,5,7,0,0,0,2,8,3,4,13,0,1,1,2,0,2,5,16
785,3,0,1,4,0,1,0,0,0,2,4,1,5,7,0,0,0,2,8,3,4,5,3,2,5,3,0,2,5,13
785,3,0,1,1,0,2,0,0,0,2,2,7,3,7,0,0,0,2,8,3,4,7,0,1,0,2,0,2,5,0
785,3,0,1,1,0,2,7,1,0,2,6,7,5,7,0,0,0,2,8,3,4,2,1,0,0,2,0,2,5,11
953,4,2,1,1,0,0,15,3,5,2,6,4,5,1,0,0,3,2,8,2,1,4,3,2,5,3,0,2,5,0
953,4,4,1,1,0,6,0,3,6,3,6,0,5,1,0,0,3,2,8,2,1,3,0,1,0,2,0,2,5,10
23,0,1,1,4,0,0,14,3,1,3,7,2,5,1,0,0,0,2,8,2,1,2,0,1,3,2,0,2,5,9
23,0,1,2,7,0,2,0,3,6,3,6,4,5,1,0,0,0,2,8,2,1,4,3,2,5,3,0,2,5,0
565,1,0,1,1,2,0,9,3,6,2,7,0,5,3,0,0,0,2,2,2,1,3,2,1,1,1,0,2,5,13
565,1,1,1,4,0,2,17,3,3,2,4,2,5,3,0,0,0,2,8,2,1,2,3,2,5,3,0,2,5,10
274,1,2,1,4,0,1,0,3,6,2,9,7,5,0,0,0,3,2,8,1,1,2,0,1,1,2,7,5,5,9
486,1,1,1,4,0,1,5,3,6,2,7,2,5,0,0,0,0,2,8,2,1,3,0,1,0,2,3,2,5,10
486,1,1,1,4,0,2,17,3,2,3,7,1,5,0,0,0,0,2,8,2,1,2,0,1,1,2,3,2,5,0
42,0,0,1,4,2,4,11,3,0,2,7,1,5,0,0,0,3,2,1,2,3,1,3,2,5,3,0,2,5,0
42,0,0,1,2,0,4,17,3,6,3,7,4,5,0,0,0,3,2,8,2,3,2,0,1,0,2,0,2,5,11
42,0,0,1,4,0,6,9,4,6,3,7,2,5,0,0,0,3,2,8,2,3,2,2,0,0,2,3,2,5,0
42,0,4,1,4,0,4,9,0,4,2,9,7,3,0,0,0,3,2,8,2,3,3,2,1,2,2,3,2,0,3
268,5,2,1,4,0,1,0,3,6,2,6,2,5,0,0,0,3,2,8,1,1,2,0,1,0,2,7,5,5,3
934,5,1,1,4,0,1,17,3,6,3,6,2,5,1,0,0,3,2,8,1,1,2,3,2,5,3,1,2,5,11
775,5,1,1,4,0,2,0,3,5,2,7,2,5,0,0,0,0,2,8,1,1,2,0,0,0,2,7,5,5,7
631,6,1,1,1,0,2,5,3,3,2,7,1,5,7,2,0,0,2,8,1,1,2,3,2,5,3,7,5,5,10
568,6,2,1,7,2,2,9,3,6,2,6,2,5,0,0,0,0,2,8,2,1,2,0,1,1,2,7,5,5,0
568,6,0,1,4,0,2,4,3,1,3,6,4,5,0,0,0,0,2,1,2,1,3,3,2,5,3,0,2,5,12
545,6,1,1,4,2,2,0,3,6,2,7,2,5,1,0,0,0,2,8,1,1,2,0,1,1,2,0,2,5,10
374,4,4,0,3,0,1,0,3,6,2,7,2,5,1,0,0,3,2,8,1,1,2,3,2,5,3,0,2,5,11
561,4,0,1,4,0,2,0,0,5,3,9,2,5,7,0,3,0,2,8,2,1,3,0,1,4,2,0,2,5,11
561,4,0,1,4,0,4,1,3,0,2,7,4,5,7,0,3,0,2,8,2,1,3,0,0,3,2,0,2,5,12
439,4,3,1,4,0,0,9,3,6,2,6,4,5,7,0,3,0,4,2,2,1,2,3,2,5,3,3,2,5,3
439,4,1,1,1,0,1,4,3,1,2,6,4,5,7,0,3,0,4,8,2,1,2,3,2,5,3,3,2,5,1
1027,4,0,1,1,0,1,17,4,6,3,7,4,5,1,0,0,3,2,8,1,1,2,0,1,0,2,3,2,5,0
1056,4,1,1,1,0,2,17,3,5,3,7,6,5,0,1,0,3,2,8,1,1,2,2,1,0,2,3,2,4,9
149,4,4,1,4,0,2,0,3,3,3,7,4,5,7,0,0,3,2,8,2,1,2,0,1,0,2,7,5,5,3
149,4,1,1,7,4,6,4,3,6,2,6,6,5,7,0,0,3,2,8,2,1,2,2,1,3,2,3,2,3,4
856,0,1,1,4,0,3,5,3,3,2,6,2,5,0,0,3,0,4,8,2,1,2,3,2,5,3,3,2,5,4
856,0,2,1,4,0,3,8,3,6,2,7,2,3,0,0,3,0,4,8,2,1,2,0,1,1,2,3,2,5,11
165,2,1,1,4,2,3,4,3,3,2,2,7,5,0,0,3,3,4,2,2,2,2,2,0,0,2,0,2,5,0
165,2,0,1,4,0,7,14,0,6,2,4,4,5,0,0,3,3,4,8,2,2,2,0,1,1,2,7,5,5,1
165,2,0,1,4,0,2,7,1,1,3,7,4,5,0,0,3,3,4,8,2,2,4,3,2,5,3,0,2,5,3
132,0,2,1,4,0,1,7,3,2,2,7,2,5,7,0,0,3,2,8,2,1,2,3,2,5,3,0,2,5,10
132,0,0,1,1,0,2,4,3,0,3,6,4,7,7,0,0,3,2,8,2,1,7,0,1,1,2,3,2,5,7
325,0,0,1,4,0,1,17,3,5,2,7,1,5,0,0,0,3,2,6,1,2,2,0,1,0,2,0,2,5,5
325,0,0,1,2,2,2,0,3,5,2,1,4,3,0,0,0,3,2,8,1,2,7,1,0,0,2,0,2,5,1
617,2,1,1,4,0,3,5,0,5,2,7,2,3,0,0,0,0,2,8,1,1,2,0,1,1,2,7,5,5,3
676,0,2,1,4,0,1,7,0,2,2,2,2,5,0,0,0,0,2,2,1,1,7,3,2,5,3,0,2,5,9
349,2,1,1,1,0,1,5,3,6,3,9,4,5,0,0,0,3,2,8,2,3,13,0,1,0,1,0,2,5,18
349,2,1,1,2,2,3,0,3,2,2,6,2,9,0,0,0,3,2,8,2,3,2,1,1,1,2,0,2,5,1
349,2,1,1,1,0,0,8,3,1,2,7,2,5,0,0,0,3,2,8,2,3,7,2,1,1,2,0,2,5,3
349,2,0,1,4,0,3,5,0,1,3,6,4,5,0,0,0,3,2,2,2,3,4,0,1,4,1,0,2,5,12
619,2,2,1,7,4,6,10,3,6,3,6,7,5,7,0,3,0,2,2,2,1,2,3,2,5,3,3,2,5,9
619,2,0,1,4,2,2,3,3,6,2,7,1,0,7,5,3,0,2,8,2,1,2,2,0,0,2,7,5,5,0
769,3,1,1,0,0,2,0,3,6,2,9,4,5,0,0,0,0,2,8,2,1,2,2,0,1,2,3,2,0,9
769,3,2,1,4,0,2,0,3,6,2,1,1,5,0,0,0,0,2,2,2,1,3,0,1,1,2,0,2,5,16
967,6,4,1,4,0,3,7,3,6,2,2,4,5,1,0,0,3,2,2,1,1,2,3,2,5,3,7,5,5,0
448,0,2,1,4,0,0,17,3,6,2,7,1,5,0,0,0,0,2,8,2,1,2,0,1,0,2,7,5,5,1
448,0,4,1,4,0,1,3,3,6,2,7,4,5,0,0,0,0,2,8,2,1,2,0,0,3,2,0,2,5,16
114,1,0,1,4,0,4,9,3,5,2,7,2,5,7,0,0,3,2,8,2,1,2,1,0,3,2,0,2,5,14
114,1,1,1,4,0,3,9,0,6,2,9,7,5,7,0,0,3,2,2,2,1,4,0,0,0,2,0,2,5,13
180,1,1,1,4,0,0,7,3,3,2,12,7,5,7,0,0,3,2,8,2,1,13,3,2,5,3,3,2,5,12
180,1,1,1,0,0,2,7,3,3,2,2,2,5,7,0,0,3,2,8,2,1,2,0,1,3,2,0,2,5,1
321,1,0,1,4,0,2,7,3,3,2,7,7,5,0,0,0,3,2,8,1,1,9,3,2,5,3,3,2,5,9
526,1,1,1,1,2,4,9,3,4,3,7,2,5,7,0,0,0,2,6,1,1,2,3,2,5,3,0,2,5,0
762,1,1,1,7,4,6,5,3,1,3,6,4,5,7,0,0,0,2,8,2,1,3,1,0,3,2,0,2,5,11
762,1,4,0,4,0,3,7,3,1,3,6,2,5,7,0,0,0,2,8,2,1,3,0,1,4,1,7,5,5,10
578,1,0,1,4,4,6,9,3,1,2,7,4,5,1,0,0,0,2,1,2,1,2,1,0,0,2,7,5,5,12
578,1,4,1,4,0,0,7,3,4,2,3,4,5,1,0,0,0,2,8,2,1,4,0,1,1,2,3,2,5,10
715,0,0,1,4,2,1,4,3,1,3,7,4,5,1,0,0,0,2,8,2,1,2,1,0,0,2,0,2,5,10
715,0,4,1,7,0,7,7,3,6,3,7,2,5,1,0,0,0,2,8,2,1,2,1,0,0,2,0,2,5,9
499,5,4,1,4,0,3,7,3,6,3,7,4,5,0,0,0,0,2,8,2,1,2,1,0,0,2,3,2,5,1
499,5,1,1,4,2,1,7,4,6,3,7,0,5,0,0,0,0,2,2,2,1,2,1,1,1,2,0,2,5,11
934,5,0,1,4,0,2,8,0,6,2,7,2,6,1,0,3,3,2,8,1,1,2,0,1,2,2,0,2,5,9
935,6,1,1,4,0,1,0,3,3,2,3,2,5,0,0,3,3,2,8,2,1,2,2,0,3,2,7,2,5,7
935,6,1,1,4,0,0,7,4,3,2,7,2,5,0,0,3,3,2,8,2,1,2,0,1,1,2,0,2,5,16
1059,6,2,1,4,0,2,5,3,6,2,7,1,5,1,0,0,3,2,8,1,1,2,3,2,5,3,3,2,5,14
1068,6,1,1,4,0,1,10,3,1,2,7,2,6,1,0,0,3,2,2,2,1,4,3,2,5,3,3,2,5,1
1068,6,1,1,1,0,2,0,3,6,3,6,2,5,1,0,0,3,2,8,2,1,2,3,2,5,3,7,2,5,8
50,0,2,1,0,2,2,8,3,5,3,9,2,5,0,0,0,3,2,2,3,1,5,0,1,0,2,3,2,5,13
50,0,4,1,4,0,1,5,3,1,2,7,2,5,0,0,0,3,2,8,3,1,2,3,2,5,3,0,2,5,0
50,0,4,0,4,0,1,9,3,5,3,9,2,5,0,0,0,3,2,6,3,1,2,0,1,1,2,0,2,5,1
237,6,0,1,4,0,1,7,3,5,3,7,4,5,1,0,0,3,2,8,1,1,2,3,2,5,3,7,2,5,11
1009,1,1,1,4,0,2,5,3,1,3,9,0,5,7,0,3,3,2,8,2,1,10,0,1,0,2,0,2,5,15
1009,1,4,1,4,0,0,8,3,6,3,6,2,5,7,0,3,3,2,8,2,1,2,3,2,5,3,0,2,5,0
1019,0,1,1,4,2,1,7,3,2,3,6,2,6,0,0,0,3,2,8,1,1,2,0,1,0,2,0,2,5,12
468,4,1,1,2,2,1,5,3,5,3,6,0,5,1,0,0,0,2,8,2,1,2,1,0,0,2,3,2,5,1
468,4,1,1,7,0,6,12,3,6,3,1,2,5,1,0,0,0,2,1,2,1,2,0,1,3,2,0,2,5,10
270,0,2,1,4,2,0,0,3,6,3,7,2,5,1,0,0,3,2,6,1,1,9,3,2,5,3,0,2,5,11
574,0,1,1,4,4,4,0,3,6,3,7,7,5,0,0,0,0,2,8,2,1,2,0,0,0,2,7,2,5,10
574,0,2,1,2,0,0,14,3,2,3,7,2,5,0,0,0,0,2,6,2,1,2,3,2,5,3,0,2,5,12
904,2,1,1,0,0,0,7,3,6,3,7,0,5,7,0,3,0,2,8,2,1,3,3,2,5,3,7,5,5,13
904,2,0,1,4,0,3,5,3,1,2,7,4,7,7,0,3,0,2,8,2,1,2,0,1,1,2,7,5,5,3
93,2,0,1,2,0,0,5,3,1,2,6,2,5,0,0,0,3,2,8,2,1,3,0,1,1,2,7,5,5,0
93,2,1,2,4,0,1,3,3,3,2,6,2,5,0,0,0,3,2,4,2,1,2,3,2,5,3,3,2,5,3
609,3,4,1,0,1,1,14,3,5,2,6,1,5,7,0,0,0,2,8,2,1,2,0,1,0,2,3,2,5,0
609,3,0,1,2,0,3,9,3,3,2,9,0,5,7,0,0,0,2,2,2,1,2,3,2,5,3,0,2,5,12
967,3,1,1,1,0,2,0,0,4,2,1,2,5,0,0,0,3,2,8,2,1,2,0,1,0,2,3,2,5,10
967,3,0,1,2,0,0,9,3,5,2,2,0,5,0,0,0,3,2,8,2,1,10,3,2,5,3,0,2,5,1
1009,5,4,1,2,0,2,5,3,5,2,6,4,5,7,0,0,3,2,8,1,1,2,0,0,0,2,3,2,5,1
926,1,0,1,2,0,1,0,3,5,2,7,2,5,1,0,3,3,2,1,2,1,2,0,1,1,1,1,2,5,2
926,1,1,1,4,0,0,5,3,6,3,9,7,3,1,0,3,3,2,8,2,1,2,3,2,5,3,0,2,5,10
448,1,0,1,0,0,3,5,3,6,2,12,7,5,0,0,0,0,2,8,2,1,2,3,2,5,3,0,2,5,1
448,1,4,1,0,0,1,8,3,0,2,6,2,5,0,0,0,0,2,8,2,1,2,0,1,0,2,0,2,5,0
953,1,0,1,1,0,2,7,3,3,2,7,7,5,0,0,0,3,2,6,2,1,2,0,1,0,2,0,2,5,7
953,1,0,1,1,0,0,0,3,5,2,7,2,5,0,0,0,3,2,2,2,1,8,3,2,5,3,0,2,5,13
972,4,1,1,4,0,6,0,1,1,3,6,2,7,7,0,0,3,2,8,2,1,9,0,0,1,1,0,2,5,13
972,4,4,1,7,4,6,4,3,6,3,6,2,5,7,0,0,3,2,8,2,1,1,3,2,5,3,3,2,5,10
457,6,1,1,1,0,2,1,3,2,3,7,4,5,7,0,0,0,2,2,2,1,3,0,1,1,2,3,2,5,12
457,6,4,0,4,0,1,0,3,2,2,6,2,5,7,0,0,0,2,8,2,1,3,3,2,5,3,3,2,5,16
947,5,1,1,4,0,2,5,3,1,2,4,2,5,1,0,0,3,2,8,2,2,2,0,1,1,1,0,2,5,11
947,5,0,1,2,0,1,4,3,5,2,6,4,5,1,0,0,3,2,8,2,2,9,1,1,1,2,7,2,5,10
947,5,0,1,4,0,0,4,3,6,3,7,4,5,1,0,0,3,2,6,2,2,2,3,2,5,3,7,2,5,1
17,4,0,1,4,0,0,0,3,3,3,7,2,5,1,0,0,0,2,6,3,1,2,0,0,4,2,3,2,5,3
17,4,4,0,4,0,2,17,3,5,3,6,2,5,1,0,0,0,2,1,3,1,10,2,1,0,2,0,2,5,1
17,4,4,0,3,0,7,0,4,6,3,2,6,5,1,0,0,0,2,8,3,1,2,3,2,5,3,1,2,5,16
106,6,1,1,4,0,2,10,3,6,3,6,7,5,0,0,0,3,2,8,2,1,2,3,2,5,3,2,2,5,13
106,6,0,1,4,0,0,9,3,6,3,9,7,5,0,0,0,3,2,8,2,1,10,0,1,3,2,0,2,5,4
653,5,4,1,4,0,1,7,3,5,2,1,2,5,1,0,0,0,2,1,2,1,8,3,2,5,3,0,2,5,2
653,5,4,1,4,0,3,0,0,2,3,7,7,5,1,0,0,0,2,1,2,1,2,0,1,1,2,0,2,5,19
418,5,1,1,4,2,2,0,3,5,2,2,4,5,7,0,0,3,2,8,2,1,3,3,2,5,3,7,2,5,1
418,5,4,1,2,0,0,10,3,5,2,7,1,5,7,0,0,3,2,8,2,1,1,0,1,4,2,1,2,5,10
743,3,4,1,4,0,3,10,3,3,2,7,2,5,1,0,0,0,2,8,1,1,2,3,2,5,3,7,2,5,13
491,6,4,1,4,0,0,0,3,2,3,2,4,5,0,0,0,0,2,2,1,1,2,0,1,3,2,7,2,5,12
168,5,1,1,4,0,1,7,3,5,3,6,2,6,7,0,0,3,2,8,1,1,9,3,2,5,3,7,2,5,0
994,4,3,1,4,0,3,8,3,5,3,6,0,5,1,0,0,3,2,2,1,2,3,0,1,0,2,7,5,5,11
994,4,3,1,4,0,1,5,1,2,2,2,2,5,1,0,0,3,2,8,1,2,2,3,2,5,3,0,2,5,16
70,4,1,1,1,0,2,0,1,1,2,7,4,7,0,2,0,3,2,8,1,1,3,0,1,0,2,3,2,5,3
270,4,0,1,7,4,6,0,3,5,2,7,4,5,7,0,0,3,2,2,1,1,2,3,2,5,3,7,5,5,12
413,4,1,1,1,0,0,5,3,5,2,2,4,5,7,0,0,3,2,8,1,1,13,0,1,0,2,0,2,5,11
463,4,1,1,1,0,2,17,3,2,2,4,2,6,7,0,0,0,2,8,1,1,2,2,1,3,1,0,2,5,1
768,2,0,1,1,0,2,7,3,5,2,6,4,5,1,0,0,0,2,2,2,1,13,2,1,3,1,0,2,1,3
768,2,0,1,4,0,0,0,3,5,2,12,4,5,1,0,0,0,2,2,2,1,2,0,0,0,2,0,2,5,1
712,2,3,1,4,0,2,0,3,5,2,7,4,5,7,0,0,0,2,8,2,1,13,1,1,0,2,3,2,5,1
712,2,4,1,4,0,2,0,3,5,2,2,1,5,7,0,0,0,2,8,2,1,2,3,2,5,3,7,5,5,0
64,0,0,1,4,0,1,0,3,5,2,6,4,5,1,0,3,3,2,8,1,1,2,0,1,0,2,7,5,5,17
589,2,0,1,4,0,0,5,3,5,2,7,7,3,0,0,3,0,2,8,2,1,2,0,1,1,2,0,2,5,3
589,2,0,1,4,0,2,7,3,1,2,7,7,5,0,0,3,0,2,8,2,1,2,0,0,1,2,0,2,5,10
309,3,0,1,4,0,4,8,3,5,3,7,2,5,7,0,0,3,2,8,2,1,2,3,2,5,3,7,5,5,3
309,3,0,1,4,0,2,14,3,1,3,7,1,5,7,0,0,3,2,8,2,1,4,2,1,1,1,3,2,5,0
550,0,1,1,4,2,2,7,3,3,2,2,2,6,1,0,0,0,2,8,2,1,4,2,1,4,2,7,5,5,12
550,0,0,1,7,2,2,8,0,1,2,9,2,5,1,0,0,0,2,8,2,1,2,0,0,0,2,7,5,5,1
472,0,4,1,4,0,2,14,3,1,2,6,2,6,5,0,3,0,4,8,2,1,2,3,2,5,3,0,2,5,10
472,0,4,1,2,0,1,5,3,1,2,7,2,5,5,0,3,0,4,8,2,1,1,1,1,1,2,0,2,5,9
925,0,2,1,0,0,2,0,3,1,2,6,2,6,1,0,0,3,2,8,2,1,2,2,0,3,1,0,2,5,9
925,0,4,1,4,0,3,17,3,1,2,7,2,5,1,0,0,3,2,8,2,1,2,2,0,0,2,0,2,1,10
302,5,0,1,4,0,4,0,3,0,2,2,4,5,7,0,0,3,2,8,1,1,2,0,1,0,2,0,2,5,10
175,1,1,1,1,0,2,0,3,5,2,6,2,5,0,0,3,3,2,8,3,1,2,3,2,5,3,0,2,5,10
175,1,1,1,1,0,1,16,3,5,2,7,2,5,0,0,3,3,2,8,3,1,2,0,1,0,2,3,2,5,11
175,1,0,1,4,0,1,17,3,5,2,7,2,5,0,0,3,3,2,8,3,1,1,3,2,5,3,0,2,5,3
492,5,4,1,4,0,0,14,3,3,3,12,2,5,7,0,0,0,2,8,2,1,2,3,2,5,3,0,2,5,1
492,5,2,1,4,0,1,0,3,5,2,2,0,6,7,0,0,0,2,2,2,1,2,0,1,0,2,7,5,5,0
160,5,2,1,4,0,1,0,3,5,3,12,4,5,7,0,0,3,2,8,1,1,4,0,1,1,2,0,2,5,3
348,5,0,1,4,0,3,0,3,1,2,9,0,5,0,0,0,3,2,1,1,1,2,0,1,1,2,0,2,5,3
572,5,4,1,2,0,4,8,4,6,3,6,2,5,1,0,0,0,2,8,1,1,2,0,1,4,2,1,2,5,10
1050,6,0,1,4,0,1,5,3,5,3,6,4,5,0,0,0,3,2,2,2,1,2,3,2,5,3,7,5,5,13
1050,6,1,1,2,0,3,5,0,2,2,2,2,5,0,0,0,3,2,8,2,1,2,2,1,1,2,0,2,6,1
435,6,4,1,4,0,3,0,3,1,3,9,4,5,1,0,0,0,2,8,1,1,2,2,1,1,2,3,2,3,1
280,0,1,1,2,0,2,5,3,5,2,6,7,5,1,0,0,3,2,8,2,1,7,0,1,0,2,3,2,5,10
280,0,4,1,4,0,3,5,3,1,2,9,1,5,1,0,0,3,2,8,2,1,4,3,2,5,3,1,2,5,10
1004,4,1,1,4,0,0,5,3,1,2,7,2,5,7,0,0,3,2,8,2,1,2,1,0,3,2,0,2,5,17
1004,4,1,1,4,0,1,5,0,1,2,7,2,5,7,0,0,3,2,6,2,1,2,3,2,5,3,0,2,5,2
154,4,1,1,1,0,1,0,3,5,2,9,2,5,3,0,3,3,2,2,1,2,2,3,2,5,3,1,2,5,12
154,4,1,1,1,1,2,0,3,2,2,4,4,5,3,0,3,3,2,8,1,2,2,0,1,1,2,3,2,5,11
647,4,0,1,4,0,2,0,3,1,2,7,4,3,1,0,0,0,2,2,1,1,2,3,2,5,3,0,2,5,12
787,0,1,1,2,2,2,10,3,0,2,6,4,5,1,0,3,0,4,8,1,1,2,0,1,4,2,0,2,5,13
246,2,1,1,4,0,3,0,1,1,2,7,2,7,1,0,0,3,2,8,1,1,2,3,2,5,3,3,2,5,13
16,3,1,1,4,0,4,10,0,0,3,7,4,5,0,0,0,0,2,8,2,2,2,0,1,0,2,0,2,5,9
16,3,0,1,4,1,4,10,3,5,2,7,2,5,0,0,0,0,2,8,2,2,2,3,2,5,3,0,2,5,10
16,3,0,1,4,0,3,0,3,1,2,7,0,5,0,0,0,0,2,8,2,2,3,0,1,0,2,0,2,5,9
218,3,0,1,2,2,2,4,3,5,1,6,4,5,1,0,3,3,2,2,2,3,3,0,1,1,2,3,2,5,12
218,3,0,1,1,2,2,0,0,0,2,7,2,5,1,0,3,3,2,8,2,3,9,3,2,5,3,1,2,5,3
218,3,2,1,4,0,1,5,4,6,3,14,7,5,1,0,3,3,2,2,2,3,4,0,1,0,2,7,5,5,10
286,3,1,1,4,0,1,7,1,5,2,7,2,5,0,0,3,3,4,8,2,1,4,0,1,0,2,3,2,5,13
286,3,0,1,0,0,2,8,3,3,3,7,7,3,0,0,3,3,4,8,2,1,2,2,1,1,2,0,2,6,1
149,4,0,1,4,2,1,4,3,5,3,6,4,5,1,0,0,3,2,8,2,2,2,3,2,5,3,0,2,5,10
149,4,0,1,7,4,6,6,3,5,2,6,1,5,1,0,0,3,2,8,2,2,4,0,1,0,2,0,2,5,3
149,4,4,1,4,0,1,8,3,3,2,2,7,5,1,0,0,3,2,8,2,2,4,0,1,1,2,0,2,5,10
526,5,0,1,4,0,2,4,3,6,2,6,0,5,1,0,0,0,2,8,1,1,2,2,1,0,2,3,2,1,12
909,6,4,1,4,0,1,4,3,3,2,6,7,5,1,0,3,0,4,8,2,1,7,2,0,4,2,0,2,0,1
909,6,0,1,1,0,0,0,3,5,2,6,2,5,1,0,3,0,4,8,2,1,4,0,1,0,2,0,2,5,11
578,2,4,1,2,0,6,0,3,5,2,6,1,5,0,0,0,0,2,8,1,1,9,1,0,3,2,7,5,5,12
141,6,2,1,4,2,0,7,3,1,2,9,4,5,3,0,0,3,2,8,2,1,2,3,2,5,3,3,2,5,0
141,6,1,1,4,0,1,7,3,3,2,9,7,5,3,0,0,3,2,8,2,1,2,1,0,3,2,0,2,5,18
172,6,0,1,4,0,0,0,3,2,3,9,4,5,3,0,0,3,2,6,2,1,2,0,1,1,2,0,2,5,4
172,6,0,1,1,0,3,15,3,2,3,6,0,5,3,0,0,3,2,2,2,1,2,0,1,3,2,0,2,5,3
388,0,1,1,4,0,1,7,3,5,2,9,2,3,1,0,0,3,2,8,1,2,2,0,1,0,2,2,2,5,4
388,0,1,1,4,0,1,15,0,5,2,7,2,5,1,0,0,3,2,8,1,2,2,3,2,5,3,1,2,5,3
476,5,3,1,4,0,1,4,0,4,2,7,2,5,1,0,0,0,2,2,2,1,2,3,2,5,3,0,2,5,11
476,5,4,1,4,0,1,0,3,6,3,7,2,9,1,0,0,0,2,8,2,1,2,0,1,0,2,3,2,5,3
578,2,4,1,1,0,1,7,3,5,2,12,0,5,3,0,0,0,2,8,1,1,2,0,1,0,2,0,2,5,1
874,0,1,1,4,0,1,0,3,5,2,12,0,5,1,0,0,0,2,8,1,1,4,3,2,5,3,7,5,5,9
685,4,4,1,1,0,2,0,3,1,2,12,4,5,7,0,0,0,2,6,1,1,2,0,1,1,2,0,2,5,3
972,4,0,1,1,0,1,0,3,5,2,9,1,5,1,0,0,3,2,6,3,1,2,3,2,5,3,0,2,5,1
972,4,4,0,4,0,3,0,3,5,2,7,4,5,1,0,0,3,2,1,3,1,3,3,2,5,3,3,2,5,3
972,4,4,0,4,0,3,5,3,5,2,6,2,5,1,0,0,3,2,8,3,1,2,3,2,5,3,3,2,5,3
832,6,4,1,2,0,3,7,3,2,2,7,2,5,1,0,0,0,2,8,1,1,3,0,1,1,2,0,2,5,3
843,2,1,1,4,0,2,8,3,3,2,12,4,5,1,0,0,0,2,8,2,4,4,1,0,0,2,0,2,5,1
843,2,1,1,4,2,1,8,3,2,2,7,0,5,1,0,0,0,2,1,2,4,2,3,2,5,3,3,2,5,1
843,2,1,1,1,0,0,0,3,1,2,4,2,5,1,0,0,0,2,1,2,4,7,3,2,5,3,0,2,5,3
843,2,1,1,4,0,1,3,3,1,2,7,2,5,1,0,0,0,2,8,2,4,2,0,1,0,2,3,2,5,16
909,2,1,1,4,0,2,0,3,5,2,6,2,5,7,0,0,3,2,8,2,1,4,0,1,0,2,0,2,5,1
909,2,1,1,7,4,6,10,3,5,2,7,2,5,7,0,0,3,2,8,2,1,4,3,2,5,3,0,2,5,10
632,3,0,1,1,2,2,5,3,5,2,7,2,5,7,0,0,0,2,2,1,1,4,2,1,1,2,0,2,1,13
583,0,1,1,2,1,3,10,1,3,2,5,4,5,1,0,0,0,2,8,1,1,8,2,1,1,2,0,2,1,1
111,0,1,1,4,0,3,7,3,5,2,7,7,5,7,0,0,3,2,2,2,1,4,2,0,1,2,0,2,5,1
111,0,0,1,4,0,0,5,3,3,2,9,2,5,7,0,0,3,2,8,2,1,4,2,0,0,2,7,5,5,16
190,0,1,1,2,2,6,5,3,3,3,6,2,5,1,0,0,3,2,8,1,1,4,3,2,5,3,0,2,5,13
360,0,1,1,4,0,1,3,3,5,3,6,0,5,1,0,0,3,2,2,1,1,2,0,1,0,2,0,2,5,4
538,0,1,1,4,0,2,8,4,1,3,3,1,9,7,0,0,0,2,8,2,1,2,0,1,0,2,7,5,5,16
538,0,2,1,4,0,1,8,3,5,3,4,2,5,7,0,0,0,2,8,2,1,2,3,2,5,3,3,2,5,12
948,4,0,2,4,0,3,5,3,1,2,7,4,5,0,0,3,3,2,2,2,1,2,2,0,1,2,0,2,5,9
948,4,1,1,1,0,2,5,3,6,3,6,4,5,0,5,3,3,2,2,2,1,2,0,1,4,1,0,2,5,13
636,1,4,1,4,0,2,0,3,5,2,6,7,5,7,0,0,0,2,8,2,1,2,3,2,5,3,3,2,5,12
636,1,0,1,0,0,0,7,3,5,3,9,2,5,7,0,0,0,2,8,2,1,2,0,1,0,2,0,2,5,11
133,1,1,1,1,0,3,17,3,5,3,9,6,5,7,0,0,3,2,8,2,1,2,3,2,5,3,1,2,5,1
133,1,1,1,1,0,2,7,3,5,2,12,2,5,7,0,0,3,2,8,2,1,2,3,2,5,3,0,2,5,1
122,1,0,1,1,0,1,0,0,5,2,7,2,5,7,0,3,3,2,8,2,1,2,0,1,1,2,0,2,5,1
122,1,0,1,1,0,1,8,0,5,2,0,4,5,7,0,3,3,2,8,2,1,2,3,2,5,3,7,5,5,4
500,1,0,1,4,0,2,0,3,5,2,6,7,5,7,0,0,0,2,8,2,1,7,0,1,1,2,0,2,5,0
500,1,0,1,4,0,0,9,3,5,2,2,2,5,7,0,0,0,2,8,2,1,2,3,2,5,3,0,2,5,9
384,1,1,1,4,0,2,0,0,5,2,2,2,5,0,0,0,3,2,8,1,1,4,0,1,1,2,0,2,5,2
379,1,1,1,4,0,2,7,3,5,2,9,0,5,7,0,0,3,2,8,1,1,13,2,0,4,2,0,2,2,9
463,1,0,1,0,0,2,9,3,3,2,9,2,5,0,0,0,0,2,8,2,1,1,0,1,1,2,7,5,5,10
463,1,1,1,4,0,3,14,3,5,2,9,0,5,0,0,0,0,2,8,2,1,2,3,2,5,3,0,2,5,13
356,1,2,1,1,0,1,5,3,3,2,9,2,5,0,0,0,3,2,8,1,1,2,0,0,1,2,1,2,5,12
433,5,4,0,4,0,2,5,3,0,2,7,0,5,1,0,0,0,2,8,1,1,2,2,1,1,2,7,5,3,1
948,5,0,1,7,4,6,5,3,5,2,7,2,5,7,0,0,3,2,8,2,1,2,1,1,4,2,0,2,5,13
948,5,1,1,4,0,2,0,3,1,2,9,2,5,7,0,0,3,2,8,2,1,9,1,0,4,2,7,5,5,10
83,5,1,1,4,0,6,5,3,5,2,7,7,5,0,0,0,3,2,8,1,1,0,1,0,1,2,0,2,5,3
963,6,0,1,4,0,6,17,3,5,2,2,4,5,0,0,3,3,4,8,2,1,0,3,2,5,3,0,2,5,10
963,6,1,1,4,0,0,9,3,5,2,7,4,5,0,0,3,3,4,2,2,1,0,3,2,5,3,3,2,5,9
698,6,4,0,0,2,2,0,3,5,2,6,4,5,7,0,0,0,2,8,1,1,0,0,0,1,2,0,2,5,10
535,1,4,1,4,0,1,14,3,1,2,6,2,5,0,0,0,0,2,1,2,1,4,0,1,0,2,1,2,5,9
535,1,1,1,4,2,2,0,3,6,3,9,4,5,0,0,0,0,2,8,2,1,0,3,2,5,3,0,2,5,11
200,2,1,1,2,0,1,5,3,5,3,7,2,5,1,0,0,3,2,2,1,1,9,0,1,1,2,7,5,5,0
662,3,1,1,4,0,3,7,3,3,3,4,4,5,7,0,0,0,2,8,1,1,0,3,2,5,3,0,2,5,10
442,5,4,0,4,0,4,8,3,5,3,6,2,5,0,0,0,3,2,8,1,1,0,1,0,3,2,3,2,5,13
1009,4,0,1,4,0,4,17,1,5,3,1,2,5,1,0,0,3,2,8,2,1,0,3,2,5,3,7,5,5,10
1009,4,1,1,7,2,6,5,3,0,2,9,2,5,1,0,0,3,2,8,2,1,0,0,1,0,2,3,2,5,11
486,4,0,1,4,0,1,0,3,3,3,9,4,5,0,0,0,3,2,8,1,1,0,1,1,3,2,3,2,5,9
5,0,2,1,7,4,6,10,3,2,3,2,4,3,7,3,3,0,2,6,2,2,4,0,1,1,2,7,5,5,11
5,0,2,1,1,0,5,0,3,2,3,9,4,5,7,0,3,0,2,2,2,2,2,2,1,1,2,0,2,5,10
5,0,1,1,4,0,3,5,3,5,2,14,7,5,7,0,3,0,2,8,2,2,2,0,1,1,2,0,2,5,11
731,4,0,1,4,2,3,9,3,2,2,7,4,5,0,0,0,0,2,8,2,1,4,0,0,1,2,2,2,5,3
731,4,0,1,4,0,3,6,3,5,3,7,3,5,0,0,0,0,2,2,2,1,2,2,0,1,2,3,2,5,7
374,0,1,1,4,0,3,9,3,5,2,2,3,5,0,0,0,3,2,8,2,2,2,3,2,5,3,3,2,5,3
374,0,1,1,4,2,2,5,0,6,2,7,3,5,0,0,0,3,2,8,2,2,2,0,0,0,2,0,2,5,0
374,0,1,1,4,0,4,0,3,5,2,2,3,5,0,0,0,3,2,8,2,2,2,3,2,5,3,1,2,5,12
471,0,1,1,4,0,1,5,3,5,2,2,2,5,0,0,0,0,2,8,2,1,2,0,1,1,2,7,5,5,1
471,0,1,1,4,0,6,14,3,3,2,7,4,5,0,0,0,0,2,8,2,1,7,2,1,3,2,0,2,5,1
335,0,1,1,0,0,0,8,0,2,2,7,4,5,1,1,0,3,2,8,1,1,3,2,1,0,2,0,2,1,10
545,0,1,1,4,0,0,0,3,2,2,12,7,5,7,0,0,0,2,1,1,1,5,3,2,5,3,0,2,5,10
1050,2,1,1,4,0,0,0,3,3,2,9,4,5,1,0,0,3,2,8,2,2,2,0,1,0,2,3,2,5,0
1050,2,1,1,5,0,2,17,4,0,2,7,2,5,1,0,0,3,2,2,2,2,2,3,2,5,3,7,2,5,1
265,2,2,1,4,0,3,7,3,3,2,6,4,5,1,0,0,3,2,8,1,1,2,0,1,0,2,2,2,5,12
598,3,4,1,4,0,3,0,3,3,2,9,4,5,1,0,0,0,2,8,1,3,2,1,1,3,2,0,2,5,0
598,3,4,1,4,0,2,10,3,3,2,7,1,3,1,0,0,0,2,8,1,3,2,3,2,5,3,0,2,5,12
598,3,4,1,4,0,1,10,3,3,2,9,2,5,1,0,0,0,2,8,1,3,2,0,1,1,2,0,2,5,9
676,2,1,1,4,0,4,0,3,2,2,9,4,5,1,0,0,0,2,8,2,1,2,3,2,5,3,7,5,5,18
676,2,0,1,4,0,0,9,3,6,2,9,2,5,1,0,0,0,2,8,2,1,2,1,0,0,2,0,2,5,10
634,4,1,1,4,0,2,9,3,0,2,7,7,5,0,0,0,0,2,8,2,1,2,2,0,0,2,0,2,1,10
634,4,4,1,4,0,4,5,3,2,2,7,4,5,0,0,0,0,2,8,2,1,2,0,1,0,2,7,5,5,10
162,1,1,1,1,0,2,0,3,2,2,7,1,5,7,0,0,3,2,8,2,1,2,3,2,5,3,0,2,5,0
162,1,0,1,4,0,1,8,3,0,2,3,4,5,7,0,0,3,2,2,2,1,4,0,1,0,2,0,2,5,12
48,1,4,1,4,0,2,8,3,1,2,9,4,5,7,0,0,3,2,8,2,1,2,3,2,5,3,3,2,5,2
48,1,1,1,1,0,2,5,3,2,2,9,1,5,7,0,0,3,2,2,2,1,3,0,1,3,2,0,2,5,16
994,1,0,1,4,0,3,0,3,2,2,9,4,5,7,0,0,3,2,8,2,1,4,3,2,5,3,0,2,5,13
994,1,0,1,4,0,0,14,3,0,2,7,2,5,7,0,0,3,2,8,2,1,2,2,0,4,2,0,2,5,0
955,1,1,1,2,0,4,6,3,0,2,6,2,5,1,0,0,3,2,10,2,1,2,0,1,0,2,0,2,5,11
955,1,1,1,1,0,3,17,3,1,2,7,7,5,1,0,0,3,2,1,2,1,2,3,2,5,3,0,2,5,0
929,5,1,1,2,2,0,7,3,5,2,6,0,5,5,0,0,3,2,8,2,1,2,0,0,0,2,0,2,5,10
929,5,0,1,4,0,1,0,3,5,2,9,2,5,5,0,0,3,2,8,2,1,2,3,2,5,3,0,2,5,9
260,5,1,1,7,0,2,0,3,5,2,6,0,1,0,0,0,3,2,8,1,1,2,2,0,3,2,7,5,2,0
91,5,0,1,2,2,1,17,3,6,2,6,0,5,7,0,0,3,2,1,2,1,2,2,1,1,2,0,2,3,13
91,5,1,1,2,0,3,11,1,5,2,7,0,5,7,0,0,3,2,2,2,1,2,3,2,5,3,7,5,5,10
416,6,1,1,4,0,0,0,3,5,2,6,2,5,7,0,0,3,2,10,1,1,2,3,2,5,3,0,2,5,9
708,4,1,1,1,0,0,7,3,5,2,6,6,5,7,0,0,0,2,8,1,1,4,0,1,1,2,2,2,5,10
211,4,1,1,2,0,0,0,0,5,3,6,1,5,7,0,0,3,2,10,2,1,7,2,1,4,2,3,2,1,0
211,4,0,1,0,0,2,7,3,5,3,7,4,5,7,0,0,3,2,10,2,1,4,0,1,1,2,0,2,5,0
572,4,0,1,7,4,6,5,3,5,3,9,6,5,0,0,0,0,2,10,1,1,4,3,2,5,3,7,5,5,11
429,4,1,1,4,0,2,8,3,1,2,9,2,1,0,0,0,3,2,8,2,1,7,2,0,3,2,3,2,1,0
429,4,0,1,1,2,2,10,3,2,3,2,2,5,0,0,0,3,2,8,2,1,2,3,2,5,3,7,5,5,3
953,6,0,1,1,0,2,0,3,2,3,7,2,5,0,0,0,3,2,2,2,1,2,0,1,0,2,7,5,5,3
953,6,4,1,2,2,2,8,3,5,3,9,2,5,0,0,0,3,2,2,2,1,2,3,2,5,3,0,5,5,11
958,5,0,1,4,0,2,0,3,1,3,7,4,5,1,0,3,3,4,8,1,1,2,0,1,4,2,7,5,5,7
958,4,0,1,4,2,0,5,3,1,3,9,4,5,7,0,0,3,2,8,2,1,9,1,0,3,2,5,2,5,10
958,4,4,1,4,0,1,0,3,1,3,9,2,5,7,0,0,3,2,8,2,1,2,2,0,3,2,0,2,5,0
438,6,4,1,4,2,2,5,3,2,2,7,2,5,1,0,0,3,2,8,1,1,2,1,0,0,2,0,2,5,12
60,2,1,1,4,2,3,5,4,6,3,7,2,5,1,0,0,3,2,8,2,1,2,3,2,5,3,0,2,5,10
60,2,0,1,2,0,2,5,3,5,2,7,4,5,1,0,0,3,2,6,2,1,2,3,2,5,3,7,5,5,11
906,1,1,1,2,2,1,10,3,5,2,7,0,5,7,0,0,3,2,8,2,1,2,0,0,1,2,0,2,5,11
906,1,0,1,4,0,2,0,3,5,3,9,2,5,7,0,0,3,2,2,2,1,3,3,2,5,3,0,2,5,12
996,0,1,1,1,0,1,7,3,1,3,1,4,5,1,0,0,3,2,1,1,1,2,3,2,5,3,3,2,5,3
183,0,3,1,1,0,2,7,3,6,3,7,7,5,5,0,0,3,3,8,1,1,2,1,0,2,2,0,2,5,1
198,0,0,1,4,0,0,7,3,6,3,6,4,5,1,0,0,3,2,8,2,1,9,0,1,0,2,7,5,5,0
198,0,1,1,4,0,2,0,4,6,3,7,4,5,1,0,0,3,2,8,2,1,2,3,2,5,3,6,2,5,9
578,0,1,1,7,4,6,7,3,5,3,6,4,5,0,0,0,0,2,8,2,1,2,0,0,3,2,0,2,5,3
578,0,1,1,1,0,3,5,3,5,3,6,1,5,0,0,0,0,2,8,2,1,2,3,2,5,3,7,5,5,4
1013,2,4,1,1,0,4,9,3,5,3,6,4,5,1,0,0,3,2,8,2,1,2,0,0,0,2,0,2,5,4
1013,2,1,1,4,0,1,5,3,5,2,7,4,5,1,0,0,3,2,8,2,1,2,3,2,5,3,2,2,5,11
158,2,1,1,1,2,0,9,0,5,3,7,0,5,0,0,0,3,2,2,1,1,2,1,0,1,2,2,2,5,0
578,2,2,1,4,2,2,5,3,5,2,6,3,5,1,0,0,0,2,6,3,1,3,0,1,0,2,3,2,5,1
578,2,4,1,4,0,1,7,3,5,3,9,7,5,1,0,0,0,2,8,3,1,2,3,2,5,3,0,2,5,3
578,2,1,1,4,0,1,5,0,1,3,1,4,5,1,0,0,0,2,1,3,1,2,3,2,5,3,0,2,5,10
820,3,0,1,2,0,1,17,3,0,2,7,7,5,0,0,0,0,2,8,2,1,2,0,1,0,2,0,2,5,7
820,3,4,1,4,0,3,11,3,3,2,9,7,5,0,0,0,0,2,8,2,1,2,1,1,1,2,7,5,5,5
599,3,0,1,4,0,1,5,3,5,2,7,7,5,0,0,0,0,2,1,2,2,3,0,1,3,2,7,5,5,1
599,3,0,1,4,0,0,7,3,5,3,7,7,5,0,0,0,0,2,1,2,2,2,1,0,0,2,0,2,5,3
599,3,1,1,4,0,1,7,3,2,3,7,1,5,0,0,0,0,2,8,2,2,4,0,1,4,2,2,2,5,9
438,1,1,1,4,0,2,0,3,5,2,7,2,5,7,0,0,3,2,8,1,1,4,3,2,5,3,0,2,5,18
175,4,0,1,4,0,0,5,3,1,2,7,7,5,7,0,0,3,2,8,2,1,2,0,1,0,2,7,5,5,1
175,4,4,1,1,0,0,8,3,5,2,12,4,5,7,0,0,3,2,8,2,1,2,0,1,1,2,0,2,5,3
273,1,0,1,4,0,1,0,3,6,2,6,2,5,0,0,0,3,2,8,2,1,2,3,2,5,3,0,2,5,12
273,1,3,1,4,0,3,17,3,5,2,6,2,5,0,0,0,3,2,2,2,1,2,0,1,1,2,1,2,5,9
20,5,1,1,4,0,4,7,3,2,2,6,2,5,7,0,0,0,2,8,2,1,4,3,2,5,3,7,5,5,0
20,5,1,1,4,0,3,0,3,5,2,12,6,5,7,1,0,0,2,8,2,1,2,0,1,0,2,4,2,5,17
1037,1,1,1,1,2,2,14,0,6,2,12,4,5,1,0,0,3,2,8,1,1,1,3,2,5,3,0,2,5,10
748,5,0,1,1,0,3,7,3,6,2,6,2,5,7,0,0,0,2,8,2,1,2,0,1,4,2,3,2,5,3
748,5,4,1,4,0,0,17,3,6,2,6,2,5,7,0,0,0,2,8,2,1,2,2,1,3,1,3,2,5,10
927,5,1,1,7,4,6,12,0,3,2,12,2,5,0,0,0,3,2,8,2,1,2,0,1,0,2,0,2,5,0
927,5,1,2,2,2,2,17,3,0,2,14,2,5,0,3,0,3,2,8,2,1,2,2,1,1,1,7,5,5,11
1067,5,0,1,1,0,1,7,3,3,2,7,2,5,0,0,0,3,2,8,3,1,2,3,2,5,3,0,2,5,10
1067,5,3,1,7,4,6,5,3,4,2,7,4,5,0,0,0,3,2,8,3,1,2,0,0,0,2,0,2,5,10
1067,5,4,0,7,4,6,5,3,3,2,7,2,5,0,0,0,3,2,8,3,1,3,2,1,2,2,3,2,2,0
1034,6,2,1,2,2,0,5,3,5,2,9,4,5,0,0,0,3,2,8,1,1,2,3,2,5,3,0,2,5,10
332,6,1,1,4,0,0,14,0,0,2,7,4,5,1,0,0,3,2,8,1,1,4,0,1,1,2,7,2,5,0
448,6,2,1,4,0,0,5,3,0,2,7,4,5,7,0,0,3,2,8,1,1,2,3,2,5,3,0,2,5,10
491,6,0,1,4,0,3,0,3,6,2,4,4,5,7,0,0,0,2,8,2,1,2,0,1,4,2,7,5,5,10
491,6,0,1,4,0,0,0,3,6,2,1,4,5,7,0,0,0,2,8,2,1,2,3,2,5,3,0,2,5,10
516,6,0,1,2,2,3,8,3,3,2,2,2,5,0,0,0,0,2,2,2,1,2,0,1,4,2,7,5,5,0
516,6,0,1,4,0,3,15,3,6,3,6,2,5,0,0,0,0,2,8,2,1,13,3,2,5,3,3,3,5,1
175,0,1,1,4,0,0,17,3,6,3,7,2,5,1,0,0,3,2,8,1,1,3,0,0,0,2,0,2,5,9
967,0,2,1,4,0,0,0,3,6,3,6,4,5,1,0,0,3,2,8,2,1,13,2,0,0,1,0,2,6,1
967,0,0,1,2,0,1,17,3,6,3,6,2,5,1,0,0,3,2,8,2,1,2,0,1,0,2,2,2,5,10
233,4,1,1,4,0,1,3,3,6,3,7,2,5,1,2,0,3,2,1,1,1,2,3,2,5,3,7,5,5,16
348,4,0,1,4,0,0,9,3,3,3,9,4,5,1,0,0,3,2,8,2,2,13,3,2,5,3,7,5,5,13
348,4,1,1,1,0,2,8,3,3,3,6,7,7,1,5,0,3,2,8,2,2,2,1,0,0,2,2,2,5,13
86,4,1,1,4,0,2,17,3,3,2,9,7,5,7,5,0,3,2,8,1,1,2,2,0,1,2,0,2,6,1
68,0,1,1,4,0,0,7,4,6,3,12,2,5,7,0,0,3,2,8,2,1,2,3,2,5,3,0,2,5,11
68,0,1,1,1,1,2,5,3,3,2,6,2,2,7,2,0,3,2,8,2,1,2,0,0,0,2,7,5,5,12
53,0,0,1,4,0,1,0,3,2,2,7,7,5,7,0,0,3,2,8,1,1,2,0,1,3,2,0,2,5,0
114,0,1,1,1,0,2,8,3,3,2,7,4,5,1,0,0,3,2,8,3,1,2,3,2,5,3,7,5,5,0
114,0,1,1,4,0,3,5,3,3,2,2,7,5,1,2,0,3,2,8,3,1,2,1,0,3,2,0,2,5,16
114,0,4,0,4,0,3,5,3,6,2,6,2,5,1,0,0,3,2,1,3,1,4,0,1,0,2,0,2,5,10
348,0,0,1,1,2,1,3,3,6,2,7,2,5,1,0,0,3,2,8,1,1,2,0,1,0,2,7,5,5,12
260,0,4,1,1,0,2,11,3,6,2,6,2,6,3,0,0,3,2,8,1,1,2,2,1,1,1,7,5,5,1
433,0,4,1,4,2,0,11,3,6,2,6,2,5,7,0,0,3,2,8,1,1,2,0,0,0,2,7,5,5,0
914,2,1,1,1,0,3,0,3,3,2,6,2,2,7,0,0,3,2,8,2,1,2,3,2,5,3,7,5,5,10
914,2,1,1,4,0,2,0,3,3,2,2,4,2,7,0,0,3,2,2,2,1,2,2,1,1,2,2,2,1,3
1006,2,2,1,4,0,1,0,3,3,2,6,4,1,1,0,0,3,2,8,2,1,2,3,2,5,3,3,2,5,11
1006,2,1,1,1,0,3,7,3,2,2,7,0,1,1,0,0,3,2,8,2,1,3,0,1,2,2,7,5,5,3
301,2,2,1,4,0,1,9,3,6,3,7,2,5,0,0,0,3,2,8,2,1,2,0,1,0,1,4,2,5,9
301,2,0,1,1,0,3,0,3,2,2,2,5,7,0,0,0,3,2,8,2,1,2,0,1,2,2,2,2,5,10
614,3,0,1,4,0,3,14,3,0,3,12,4,5,7,0,0,0,2,8,2,1,2,2,1,3,2,0,2,5,10
614,3,4,1,4,0,1,0,4,6,3,2,2,5,7,0,0,0,2,8,2,1,2,3,2,5,3,2,2,5,10
777,2,0,1,4,0,3,0,3,3,3,6,4,5,1,1,0,0,2,8,2,1,2,0,1,2,2,0,2,5,0
777,2,0,1,4,0,3,0,3,1,2,7,7,5,1,0,0,0,2,2,2,1,2,3,2,5,3,2,2,5,0
152,3,2,1,4,0,4,17,3,3,3,2,2,4,7,0,0,3,2,8,2,2,2,0,1,0,2,7,2,5,9
152,3,4,1,4,2,3,17,0,0,2,7,0,5,7,0,0,3,2,8,2,2,2,2,0,1,1,0,2,5,1
550,3,4,1,2,1,3,8,0,3,3,7,0,5,0,0,0,0,2,8,1,1,2,3,2,5,3,0,2,5,12
693,0,4,0,4,0,2,16,1,2,2,6,2,1,0,0,0,0,2,8,2,1,2,0,1,2,2,3,2,5,9
693,0,0,1,1,4,6,8,1,3,2,7,2,5,0,0,0,0,2,6,2,1,2,3,2,5,3,7,5,5,3
443,1,1,1,4,0,2,7,3,1,2,7,2,5,0,0,0,3,2,8,1,1,2,0,1,1,2,7,5,5,3
739,1,1,1,4,0,2,14,0,6,2,9,2,5,1,0,3,0,3,8,1,1,4,3,2,5,3,1,2,5,5
433,2,0,1,4,2,4,8,3,1,2,6,2,5,0,0,0,3,2,2,2,1,2,0,1,4,2,0,2,5,11
433,2,4,1,4,0,2,5,3,1,2,2,1,5,0,0,0,3,2,8,2,1,2,3,2,5,3,2,2,5,12
144,5,1,1,1,0,1,5,3,0,2,14,4,5,1,0,0,3,2,8,1,1,2,3,2,5,3,0,2,5,3
431,5,0,1,4,2,1,0,3,3,3,0,7,3,7,0,3,3,4,8,1,2,2,0,1,0,2,0,2,5,9
431,5,0,1,1,0,1,0,3,3,3,7,2,7,7,0,3,3,4,2,1,2,2,1,0,1,2,0,2,5,3
520,3,1,1,4,2,1,8,3,6,2,7,4,7,7,0,0,0,2,2,2,1,2,2,0,0,2,0,2,6,12
520,3,4,1,4,0,3,8,3,6,2,2,4,5,7,0,0,0,2,8,2,1,2,3,2,5,3,0,2,5,1
486,6,1,1,4,0,1,5,0,0,2,9,4,5,5,0,0,3,2,8,2,1,4,0,1,0,2,0,2,5,0
486,6,4,1,4,0,0,9,3,5,2,7,4,5,5,0,0,3,2,2,2,1,2,2,0,1,2,0,2,5,12
331,5,4,1,4,0,1,7,3,5,2,7,2,5,0,0,0,3,2,2,1,1,2,0,0,0,2,0,2,5,3
698,6,0,1,4,0,0,14,3,5,2,7,0,5,1,0,0,0,2,8,2,1,2,3,2,5,3,7,2,5,9
698,6,4,0,4,0,2,0,3,6,2,1,2,5,1,3,0,0,2,1,2,1,2,3,2,5,3,7,2,5,10
157,6,1,1,4,0,2,0,3,5,2,1,1,5,7,0,0,3,2,8,1,1,2,0,1,1,2,7,2,5,0
91,4,0,1,1,2,1,5,3,6,2,7,2,5,1,0,3,3,4,8,1,1,2,3,2,5,3,7,2,5,0
965,4,1,1,1,0,4,14,1,0,2,6,2,5,0,0,3,3,4,8,2,1,2,0,1,0,2,7,2,5,10
965,4,1,1,7,4,6,5,3,1,2,9,2,5,0,0,3,3,4,8,2,1,2,3,2,5,3,7,2,5,0
21,0,2,1,4,0,3,11,3,1,2,7,2,5,0,0,0,0,2,8,2,1,2,0,1,0,2,7,2,5,3
21,0,0,1,2,0,0,0,4,0,3,9,4,3,0,0,0,0,2,2,2,1,3,1,0,0,2,7,2,5,0
346,4,1,1,4,2,2,0,3,6,2,2,0,5,7,0,0,3,2,2,1,1,2,0,1,0,2,0,5,5,10
655,0,4,0,4,0,0,0,3,1,3,7,1,5,1,0,0,0,2,8,1,1,2,3,2,5,3,0,5,5,1
654,0,2,1,4,0,3,17,3,2,2,6,2,7,5,0,0,0,2,8,1,1,2,1,0,3,2,0,2,5,10
1037,0,1,1,4,0,4,5,3,1,3,7,4,5,1,0,0,3,2,8,2,1,2,2,0,3,2,0,2,5,4
1037,0,1,1,1,0,1,5,3,5,3,1,2,3,1,0,0,3,2,8,2,1,3,0,1,0,2,0,2,5,10
180,2,2,1,4,0,2,0,3,6,2,7,4,5,0,0,0,3,2,8,1,1,2,3,2,5,3,7,2,5,16
299,2,2,1,1,0,2,14,3,0,2,6,2,5,0,0,0,3,2,8,4,2,4,3,2,5,3,0,2,5,5
299,2,2,1,4,2,0,9,0,6,2,9,4,5,0,0,0,3,2,8,4,2,4,0,0,1,2,0,2,5,11
299,2,2,1,4,0,2,9,3,5,2,6,1,5,0,3,0,3,2,8,4,2,2,0,1,0,1,3,2,5,9
299,2,1,1,5,1,6,0,3,6,2,6,2,5,0,0,0,3,2,8,4,2,2,3,2,5,3,0,2,5,1
330,2,0,1,2,0,1,9,3,5,2,2,0,5,7,0,0,3,2,8,2,2,2,2,0,4,2,0,2,5,0
330,2,2,1,4,0,0,9,3,6,2,2,4,5,7,0,0,3,2,5,2,2,2,1,0,1,2,3,2,5,1
374,3,0,1,4,0,2,5,3,6,2,9,4,5,1,0,3,3,2,8,2,1,4,3,2,5,3,7,5,5,5
374,3,0,1,4,0,1,0,3,6,2,7,4,5,1,2,3,3,2,2,2,1,2,3,2,5,3,0,2,5,12
806,3,0,1,4,0,5,5,3,5,3,7,7,5,0,0,3,0,2,8,2,1,1,0,1,0,2,2,2,5,12
806,3,4,1,4,0,3,17,3,6,2,14,4,5,0,0,3,0,2,8,2,1,2,0,1,0,2,0,2,5,0
477,1,0,1,4,0,3,0,3,1,3,9,4,5,7,5,0,3,2,8,2,1,2,0,1,0,2,3,2,5,1
477,1,4,0,4,0,2,14,3,5,3,6,4,5,7,3,0,3,2,8,2,1,2,3,2,5,3,0,2,5,1
788,5,1,1,2,0,1,17,3,5,3,9,4,5,1,0,3,0,0,8,1,1,2,0,1,0,2,0,2,5,0
381,1,1,1,2,2,1,17,3,5,2,7,2,5,0,5,0,3,2,8,1,1,2,1,0,4,2,7,5,5,0
204,6,4,1,4,0,4,0,3,6,2,7,2,5,1,0,0,3,2,2,1,1,2,3,2,5,3,0,2,5,7
1038,5,1,1,4,2,3,14,3,6,2,1,2,5,1,2,0,3,2,2,1,1,3,0,1,0,2,0,2,5,16
174,5,0,1,4,0,3,0,3,2,3,2,1,5,1,0,0,3,2,8,1,1,2,3,2,5,3,7,5,5,0
68,5,1,1,1,0,1,7,3,6,3,12,2,5,7,0,0,3,2,2,1,1,4,2,0,1,1,7,5,0,5
273,5,4,0,4,0,1,7,3,1,3,6,4,5,7,0,0,3,2,2,1,1,2,3,2,5,3,0,2,5,3
853,6,1,1,5,0,3,0,3,0,3,7,6,5,1,0,0,0,2,8,2,1,2,0,1,3,2,0,2,5,9
853,6,1,1,1,0,2,5,3,2,3,9,4,5,1,0,0,0,2,8,2,1,2,1,0,0,2,7,5,5,10
323,6,4,0,4,0,4,5,3,3,3,7,4,5,0,2,0,3,2,2,1,1,2,1,0,0,2,7,5,5,12
334,6,1,1,1,0,4,5,3,0,2,7,7,3,7,0,0,3,2,8,2,2,13,3,2,5,3,0,2,5,17
334,6,1,1,4,0,4,0,3,1,3,6,1,3,7,0,0,3,2,8,2,2,3,3,2,5,3,0,2,5,0
334,6,4,1,4,0,2,0,3,6,2,9,2,5,7,0,0,3,2,8,2,2,13,0,1,1,2,7,5,5,10
530,4,1,1,4,2,2,10,3,6,2,7,2,5,0,0,0,3,2,8,1,1,2,2,0,0,2,7,5,0,9
808,2,4,1,2,2,2,10,1,1,3,9,4,5,0,0,0,0,2,8,1,1,2,0,0,0,2,0,2,5,12
591,2,4,0,4,0,2,5,3,6,2,2,2,5,1,0,0,0,2,8,1,1,13,3,2,5,3,0,2,5,12
772,4,1,1,4,0,1,5,0,6,2,9,2,5,1,0,3,0,2,1,2,1,2,2,0,1,2,7,5,5,10
772,4,4,1,1,0,2,9,3,6,2,6,1,5,1,0,3,0,2,8,2,1,2,0,1,0,2,0,5,5,10
831,2,1,1,4,0,1,7,0,4,2,9,2,5,7,0,0,0,2,2,1,1,2,3,2,5,3,0,2,5,16
114,2,1,1,4,0,4,5,3,5,2,7,1,5,0,0,0,3,2,8,2,1,2,0,1,0,2,0,2,5,5
114,2,2,1,1,0,1,0,3,5,3,4,2,5,0,0,0,3,2,8,2,1,2,2,0,1,2,0,2,0,1
758,2,0,1,4,0,1,7,3,5,3,2,2,5,1,2,0,0,2,8,2,1,2,3,2,5,3,0,2,5,0
758,2,0,1,4,0,1,6,3,1,2,9,4,3,1,0,0,0,2,8,2,1,2,0,1,1,2,7,5,5,3
802,3,4,1,4,0,2,0,4,6,3,14,2,5,1,0,0,0,2,8,1,1,4,2,1,1,2,0,5,3,9
280,5,2,1,4,0,2,0,4,6,3,14,2,5,0,0,0,3,2,8,2,1,2,3,2,5,3,0,2,5,9
280,5,4,0,4,0,6,5,3,0,2,6,4,5,0,0,0,3,2,8,2,1,2,0,1,0,2,3,2,5,1
280,4,4,0,4,2,2,0,3,3,2,5,2,7,7,4,0,3,2,8,1,1,2,0,1,4,2,1,2,5,12
114,4,1,1,4,0,1,11,3,3,2,2,2,3,1,3,0,3,2,8,1,1,2,3,2,5,3,0,2,5,2
109,0,1,1,4,0,4,5,3,6,2,6,7,7,7,3,0,3,2,2,2,1,2,0,1,0,2,2,2,5,5
109,0,4,1,4,0,0,11,3,3,3,2,2,3,7,0,0,3,2,8,2,1,2,3,2,5,3,3,2,5,1
712,2,1,1,4,0,4,5,4,6,3,6,7,7,7,0,0,0,2,2,2,1,3,0,0,0,2,3,2,5,3
712,2,4,1,4,0,3,5,0,6,2,6,4,5,7,2,0,0,2,8,2,1,2,3,2,5,3,1,2,5,10
334,6,3,1,4,0,4,5,3,0,2,12,2,5,7,0,0,3,2,8,2,1,2,0,0,0,2,3,2,5,0
334,6,3,1,4,0,1,9,3,4,2,9,2,5,7,0,0,3,2,10,2,1,2,0,1,4,1,7,5,5,10
1071,5,1,1,4,0,0,9,3,6,2,6,7,7,7,0,0,3,2,1,2,1,2,3,2,5,3,0,2,5,10
1071,5,4,1,1,0,2,14,3,5,2,11,7,5,7,0,0,3,2,8,2,1,2,0,1,0,2,0,2,5,7
488,5,1,1,4,2,4,5,3,5,2,7,2,5,7,2,0,3,2,8,1,1,2,2,0,1,1,0,2,5,16
424,5,1,1,4,0,4,0,3,5,2,9,4,5,7,0,0,3,2,8,2,1,2,0,1,0,2,0,2,5,3
424,5,0,1,6,0,4,8,3,5,2,6,4,5,7,0,0,3,2,1,2,1,1,3,2,5,3,7,5,5,5
990,5,0,1,4,0,0,0,3,5,2,6,4,5,7,0,0,3,2,2,1,1,2,3,2,5,3,0,2,5,9
755,6,4,1,1,2,2,10,3,5,2,9,4,5,1,0,0,0,2,10,1,1,2,0,1,0,2,7,5,5,17
902,4,1,1,4,0,1,11,3,5,2,6,4,5,7,0,0,3,2,8,2,1,9,3,2,5,3,0,2,5,5
902,4,4,1,4,2,4,14,3,5,2,6,4,5,7,0,0,3,2,10,2,1,3,0,1,0,2,3,2,5,1
132,1,0,1,6,0,2,17,3,5,2,6,6,5,0,0,0,3,2,10,2,1,2,0,0,3,2,0,2,5,0
132,1,4,1,6,0,2,5,3,5,2,6,2,5,0,0,0,3,2,10,2,1,3,1,0,3,2,0,2,5,10
1057,5,4,1,4,0,2,14,3,5,2,7,4,5,7,0,0,3,2,8,1,1,2,1,1,4,2,3,2,5,10
1028,4,1,1,4,0,1,5,3,5,2,7,2,5,7,0,0,3,2,8,2,1,13,0,1,0,2,0,2,5,12
1028,4,0,1,4,0,3,9,3,1,3,7,2,5,7,2,0,3,2,2,2,1,2,2,0,1,2,0,2,2,9
1057,0,1,1,4,0,2,5,3,1,3,9,1,5,0,0,0,3,2,2,2,1,13,3,2,5,3,3,2,5,9
1057,0,0,1,4,0,3,7,3,1,3,12,4,6,0,0,0,3,2,8,2,1,2,0,0,1,2,7,5,5,7
736,4,3,1,4,0,1,14,3,1,3,9,4,6,7,0,0,0,2,8,1,1,13,3,2,5,3,3,2,5,0
635,4,0,1,4,0,4,0,3,1,2,6,2,5,0,0,0,0,2,8,2,1,2,0,1,0,2,3,2,5,0
635,4,1,1,4,0,4,11,3,6,2,2,1,5,0,2,0,0,2,8,2,1,2,3,2,5,3,3,2,5,12
619,0,1,1,4,2,2,7,3,6,2,7,4,5,0,0,0,0,2,8,2,1,2,0,1,1,2,0,2,5,1
619,0,1,1,4,0,1,5,3,1,2,7,1,5,0,0,0,0,2,6,2,1,2,3,2,5,3,7,5,5,1
209,3,0,1,1,0,4,0,3,2,2,7,2,5,0,0,0,3,2,8,2,1,2,3,2,5,3,4,2,5,3
209,3,4,1,4,0,1,11,3,6,2,7,2,5,0,0,0,3,2,2,2,1,4,0,1,1,2,0,2,5,0
738,2,1,1,4,0,2,17,3,6,2,6,4,5,0,0,0,0,2,1,2,2,4,0,1,1,2,7,5,5,1
738,2,1,1,2,0,3,0,3,6,2,6,3,5,0,0,0,0,2,8,2,2,2,3,2,5,3,3,2,5,5
738,2,2,1,2,0,3,8,3,5,2,9,4,5,0,0,0,0,2,8,2,2,2,0,1,4,2,3,2,5,3
436,3,1,1,4,0,2,9,3,5,2,6,1,5,0,0,0,3,2,8,2,2,1,1,1,4,2,0,2,5,10
436,3,1,1,1,0,0,5,3,5,2,9,2,5,0,4,0,3,2,8,2,2,2,3,2,5,3,7,2,5,12
1019,0,0,1,1,0,2,5,3,5,2,6,4,5,1,0,0,3,2,8,2,1,2,3,2,5,3,7,5,5,12
1019,0,4,1,4,0,2,5,3,5,2,7,2,5,1,0,0,3,2,8,2,1,2,0,1,1,1,3,2,5,12
39,0,0,1,4,0,0,10,3,5,2,6,1,5,0,0,0,3,2,8,2,1,2,3,2,5,3,0,2,5,0
39,0,4,1,4,2,2,5,3,5,2,12,4,5,0,0,0,3,2,2,2,1,2,0,1,1,2,7,2,5,9
1019,2,0,1,2,2,3,5,3,6,3,9,1,5,0,0,0,3,2,6,2,1,1,2,1,0,2,7,2,5,3
1019,2,4,1,7,2,4,6,3,6,3,6,4,5,0,0,0,3,2,8,2,1,2,3,2,5,3,3,2,5,5
433,4,4,1,6,2,2,5,3,5,2,9,4,5,0,0,0,3,2,1,1,1,2,0,1,0,2,3,2,5,1
608,5,4,1,0,0,3,12,3,3,3,6,4,5,3,2,0,0,2,8,1,1,4,2,1,1,1,7,2,6,12
348,1,2,1,2,0,4,0,3,3,3,9,1,5,7,0,0,3,2,8,3,1,2,0,1,4,2,0,2,5,1
348,1,0,1,4,0,0,5,3,5,2,7,7,5,7,0,0,3,2,1,3,1,2,3,2,5,3,2,2,5,4
348,1,1,1,4,0,3,8,2,5,3,7,2,5,7,0,0,3,2,1,3,1,2,0,1,1,2,1,2,5,9
95,1,1,1,4,2,3,11,3,2,3,6,2,5,0,0,0,3,2,8,1,1,2,3,2,5,3,0,2,5,12
1032,1,2,1,4,0,3,14,3,3,2,6,2,5,7,0,0,3,2,8,2,1,2,2,1,1,2,0,2,5,10
1032,1,1,1,4,0,5,0,3,1,2,9,2,5,7,0,0,3,2,8,2,1,7,0,1,0,2,1,2,5,3
1050,5,4,0,4,0,0,9,3,6,2,7,2,5,7,0,0,3,2,8,1,1,4,3,2,5,3,0,2,5,0
626,5,4,0,3,2,0,0,0,6,2,7,4,5,7,0,0,0,2,8,2,1,2,0,1,1,2,0,2,5,12
626,5,4,1,4,2,4,0,3,6,2,6,2,5,7,0,0,0,2,2,2,1,2,3,2,5,3,0,2,5,12
529,5,1,1,4,2,0,0,3,6,2,6,2,5,0,0,0,3,2,8,1,1,2,0,1,1,2,0,2,5,10
278,5,2,1,4,2,1,5,3,5,2,2,4,5,0,0,0,3,2,8,1,1,2,3,2,5,3,7,2,5,4
228,5,1,1,5,2,2,0,0,5,2,7,1,5,1,0,0,3,2,8,2,1,2,3,2,5,3,7,2,5,3
228,5,4,1,5,2,3,0,3,5,2,6,4,5,1,0,0,3,2,8,2,1,2,0,1,1,2,7,2,5,3
360,5,4,0,4,2,1,9,3,0,3,6,2,5,7,0,0,3,2,8,2,1,2,3,2,5,3,7,2,5,1
360,5,1,1,1,2,3,15,3,4,3,9,2,5,7,0,0,3,2,8,2,1,2,0,1,2,2,7,2,5,3
252,5,4,1,6,2,2,0,4,6,3,7,4,5,7,2,0,3,2,8,1,1,2,0,0,0,2,7,2,5,0
552,5,2,1,7,2,6,9,3,2,3,9,2,5,7,0,0,0,2,8,1,1,3,3,2,5,3,7,5,5,3
216,6,1,1,4,2,2,14,0,6,3,6,2,5,1,5,0,3,2,8,1,1,3,2,1,0,2,3,5,5,3
972,6,1,1,4,2,4,14,3,2,3,6,4,5,0,0,0,3,2,8,1,2,9,2,0,4,2,3,2,5,5
972,6,1,1,4,2,1,0,3,3,3,7,4,5,0,0,0,3,2,8,1,2,4,0,1,0,2,7,2,5,3
209,6,0,1,1,0,1,5,3,0,2,7,7,3,0,0,0,3,2,8,2,2,4,3,2,5,3,7,5,5,10
209,6,0,1,4,0,1,0,3,1,3,6,1,3,0,0,0,3,2,8,2,2,2,0,1,0,2,0,2,5,3
739,6,1,1,4,0,1,9,3,6,2,9,2,5,0,0,0,0,2,8,1,1,2,3,2,5,3,7,5,5,4
737,6,1,1,4,0,2,0,3,6,2,7,2,5,0,0,0,0,2,8,2,2,4,3,2,5,3,7,5,5,16
737,6,1,1,4,0,2,0,1,1,3,9,4,5,0,0,0,0,2,2,2,2,4,0,0,3,2,7,5,5,10
737,6,4,1,4,0,3,5,3,6,2,2,2,5,0,0,0,0,2,8,2,2,2,3,2,5,3,2,2,5,3
433,1,1,1,1,0,2,0,0,6,2,9,2,5,5,0,0,0,2,8,1,1,7,0,1,4,2,1,2,5,12
64,2,1,1,4,0,2,6,3,6,2,6,1,5,1,3,3,3,4,8,2,2,4,2,0,4,2,3,2,5,12
550,3,0,1,4,0,3,17,0,4,2,9,2,5,1,0,0,3,2,8,1,1,9,2,0,2,2,0,2,5,12
397,0,4,1,1,2,6,0,3,5,2,7,1,5,3,0,0,3,2,1,2,1,2,1,1,4,2,7,5,5,12
397,0,0,1,4,2,2,0,3,5,3,4,2,5,3,0,0,3,2,8,2,1,2,1,0,4,2,2,2,5,10
402,3,1,1,4,0,2,0,3,5,3,2,2,5,7,0,0,3,2,8,2,1,2,1,1,4,2,7,5,5,9
402,3,1,1,4,0,4,11,3,1,2,9,4,3,7,0,0,3,2,8,2,1,2,0,1,0,2,0,2,5,10
379,4,2,1,7,4,6,17,4,6,3,14,2,5,1,0,0,3,2,8,1,1,2,2,1,3,2,0,2,1,0
525,6,3,1,4,0,2,0,4,6,3,14,2,5,7,0,0,3,2,8,2,1,2,3,2,5,3,0,2,5,0
525,6,1,1,4,0,2,0,3,0,2,6,4,5,7,0,0,3,2,8,2,1,2,0,1,0,2,0,2,5,11
984,0,0,1,4,0,3,7,3,3,2,5,2,7,7,0,0,3,2,8,2,1,2,3,2,5,3,0,2,5,9
984,0,2,1,2,0,3,14,3,3,2,2,2,3,7,0,0,3,2,8,2,1,2,0,1,1,2,0,2,5,0
1051,1,2,1,4,0,3,5,3,6,2,6,7,7,0,0,0,3,2,1,1,1,4,3,2,5,3,0,2,5,10
388,0,1,1,4,0,3,15,3,3,3,2,2,3,7,0,0,3,2,8,1,1,2,0,1,2,2,0,2,5,12
669,4,0,1,4,0,3,7,4,6,3,6,7,7,1,0,0,2,7,8,2,1,2,0,1,1,2,3,2,5,1
669,4,4,1,4,0,3,9,0,6,2,6,4,5,1,0,0,2,7,8,2,1,3,3,2,5,3,2,2,5,10
476,0,4,0,4,0,2,0,3,0,2,12,2,5,1,0,0,3,2,8,1,1,2,0,1,1,2,0,2,5,10
630,1,3,1,4,0,1,0,3,4,2,9,2,5,7,0,3,3,4,2,2,1,3,3,2,5,3,0,2,5,7
630,1,1,1,4,0,4,10,3,6,2,6,7,7,7,0,3,3,4,8,2,1,4,2,0,3,1,3,2,5,11
851,2,0,1,4,0,4,5,3,5,2,11,7,5,1,4,0,0,2,8,2,1,2,2,0,0,2,0,2,5,0
851,2,4,1,4,0,1,5,3,5,2,7,2,5,1,0,0,0,2,8,2,1,7,3,2,5,3,0,2,5,10
979,4,0,1,1,0,4,4,3,5,2,9,4,5,1,0,0,3,2,8,1,1,2,0,1,0,2,0,2,5,3
1060,4,4,0,4,0,4,6,3,5,2,6,4,5,4,0,0,3,2,8,2,1,4,0,0,1,2,2,2,5,10
1060,4,0,1,4,0,6,5,3,5,2,6,4,5,4,0,0,3,2,8,2,1,4,3,2,5,3,7,2,5,1
218,4,2,1,7,0,2,14,3,5,2,9,4,5,1,0,0,3,7,8,1,1,4,0,0,1,2,0,2,5,16
177,2,0,1,6,0,4,0,3,5,2,6,4,5,1,0,0,3,2,2,1,1,8,3,2,5,3,0,2,5,3
132,0,0,1,4,0,4,7,3,5,2,6,4,5,1,0,0,3,2,8,1,1,4,0,1,0,2,0,2,5,9
299,0,1,1,4,0,0,7,3,5,2,6,6,5,3,4,0,3,7,8,2,3,4,3,2,5,3,0,2,5,10
299,0,0,1,1,0,3,15,3,5,2,6,2,5,3,0,0,3,7,8,2,3,4,2,0,3,2,0,2,5,16
299,0,0,1,1,0,3,0,3,5,2,7,4,5,3,0,0,3,7,8,2,3,2,3,2,5,3,7,5,5,3
299,0,0,1,1,0,4,3,3,5,2,7,2,5,3,0,0,3,7,6,2,3,2,1,0,4,2,0,2,5,3
374,6,4,1,2,0,1,3,3,1,3,7,2,5,0,0,0,3,2,8,2,1,2,2,1,2,1,0,2,5,9
374,6,2,1,4,0,1,5,3,1,3,9,1,5,0,0,0,3,2,8,2,1,2,3,2,5,3,0,2,5,3
779,2,4,1,0,0,3,5,3,1,3,12,4,6,1,0,3,0,2,2,2,1,2,1,0,0,1,0,2,5,4
779,2,0,1,4,0,1,4,3,1,3,9,4,6,1,0,3,0,2,8,2,1,2,2,1,1,2,3,2,5,0
326,5,4,1,4,0,1,0,3,1,2,6,2,5,1,0,0,3,2,8,2,1,2,3,2,5,3,7,5,5,10
326,5,1,1,2,0,0,15,3,6,2,2,1,5,1,5,0,3,2,8,2,1,2,0,1,0,2,0,2,5,10
301,5,1,1,4,0,2,7,3,6,2,7,4,5,7,4,0,3,2,2,2,1,2,3,2,5,3,3,2,5,1
301,5,3,1,4,0,4,0,3,1,2,7,1,5,7,0,0,3,2,2,2,1,2,0,1,4,2,0,2,5,5
570,5,2,1,4,0,4,0,3,2,2,7,2,5,1,0,0,1,2,8,2,1,2,2,1,1,2,1,2,5,1
570,5,1,1,1,0,6,0,3,6,2,7,2,5,1,0,0,1,2,8,2,1,7,2,0,3,1,0,2,5,0
453,2,1,1,4,0,4,0,3,6,2,6,4,5,0,0,0,3,2,2,2,8,2,0,1,1,2,3,2,5,9
453,2,1,1,4,0,0,11,3,6,2,6,3,5,0,1,0,3,2,2,2,8,4,3,2,5,3,7,5,5,10
453,2,1,1,1,0,1,4,3,5,2,9,4,5,0,5,0,3,2,8,2,8,13,0,1,1,2,0,2,5,1
453,2,1,1,2,0,0,5,3,5,2,6,1,5,0,0,0,3,2,8,2,8,1,0,1,0,2,0,2,5,9
453,2,1,1,4,0,2,5,3,5,2,9,2,5,0,0,0,3,2,8,2,8,2,2,0,4,2,0,2,5,10
453,2,0,1,4,0,4,14,3,5,2,6,4,5,0,0,0,3,2,2,2,8,2,3,2,5,3,7,2,5,4
453,2,0,1,2,0,3,7,3,5,2,7,2,5,0,0,0,3,2,8,2,8,2,0,1,0,2,7,5,5,4
453,2,0,1,1,2,2,0,3,5,2,6,1,5,0,2,0,3,2,8,2,8,2,0,1,0,2,0,2,5,9
299,4,4,0,1,0,4,8,3,5,2,12,4,5,5,0,0,3,2,8,2,1,9,3,2,5,3,7,2,5,9
299,4,0,1,4,0,2,6,3,6,3,9,1,5,5,0,0,3,2,6,2,1,0,3,2,5,3,7,2,5,16
398,5,1,1,1,2,2,0,3,6,3,6,4,5,5,0,3,3,4,8,1,1,0,0,1,0,2,3,2,5,3
539,4,0,2,4,0,1,8,3,5,2,9,4,5,1,0,0,3,2,8,1,1,0,1,0,3,2,3,2,5,0
652,4,0,1,4,0,3,6,3,5,2,6,4,5,1,0,0,0,2,1,1,1,0,0,1,0,1,7,2,5,5
584,4,1,1,4,0,2,14,3,1,2,6,2,5,3,0,0,0,2,8,2,1,4,3,2,5,3,0,2,5,10
584,4,0,1,2,0,0,5,3,6,3,9,4,5,3,0,0,0,2,8,2,1,0,0,1,0,2,2,2,5,9
353,4,1,1,1,0,2,15,3,5,3,7,2,5,1,0,0,3,3,8,1,1,9,3,2,5,3,1,2,5,0
388,0,4,0,1,0,1,0,3,3,3,4,4,5,7,0,0,3,2,8,2,1,0,3,2,5,3,0,2,5,1
388,0,1,1,4,0,4,3,3,5,3,6,2,5,7,0,0,3,2,2,2,1,0,0,1,0,2,0,2,5,10
286,4,4,1,4,0,4,0,1,5,3,1,2,5,0,0,0,3,2,8,2,1,0,2,0,1,2,1,2,5,2
286,4,2,1,4,0,2,9,3,0,2,9,2,5,0,3,0,3,2,8,2,1,0,3,2,5,3,0,2,5,1
241,4,2,1,4,2,2,4,3,3,3,9,4,5,1,0,0,3,2,8,2,2,0,0,1,0,2,0,2,5,12
241,4,0,1,1,0,0,8,3,2,3,2,4,3,1,0,0,3,2,8,2,2,4,0,1,0,2,0,2,5,10
437,1,1,1,4,0,6,5,3,2,3,9,4,5,1,0,0,3,2,2,1,1,2,3,2,5,3,0,2,5,18
73,3,1,1,1,0,3,7,3,5,2,14,7,5,1,0,0,3,2,8,2,2,2,0,1,1,2,7,2,5,10
73,3,1,1,4,2,0,0,3,2,2,7,4,5,1,0,0,3,2,2,2,2,4,3,2,5,3,7,2,5,1
770,2,1,1,7,4,6,3,3,5,3,7,3,5,7,0,0,0,2,8,2,1,2,0,1,4,2,7,2,5,10
770,2,0,1,4,0,3,4,3,5,2,2,3,5,7,0,0,0,2,6,2,1,2,3,2,5,3,7,2,5,0
916,6,2,1,1,2,1,3,0,6,2,7,3,5,7,0,0,0,2,8,1,1,2,0,0,1,2,7,2,5,3
388,4,2,1,4,0,2,0,3,5,2,2,3,5,1,0,0,3,2,8,3,1,2,3,2,5,3,7,2,5,1
388,4,0,1,4,0,4,15,3,5,2,2,2,5,1,0,0,3,2,8,3,1,2,0,1,3,2,7,5,5,12
388,4,1,1,4,0,2,15,3,3,2,7,4,5,1,0,0,3,2,8,3,1,7,3,2,5,3,3,5,5,10
95,2,1,1,2,0,3,3,0,2,2,7,4,5,7,0,0,3,2,8,1,1,3,3,2,5,3,3,2,5,11
1012,6,0,1,4,0,2,4,3,2,2,12,7,5,5,0,3,3,4,1,2,1,5,0,1,1,2,7,2,5,11
1012,6,0,1,1,0,0,4,3,3,2,9,4,5,5,0,3,3,4,6,2,1,2,0,1,1,2,7,5,5,12
1011,5,1,1,4,0,6,3,4,0,2,7,2,5,0,0,3,3,4,8,2,3,2,1,1,0,2,0,2,5,0
1011,5,1,1,1,0,0,16,3,3,2,6,4,5,0,0,3,3,4,6,2,3,2,1,0,0,2,7,5,5,0
1011,5,1,1,4,2,0,3,3,3,2,9,4,5,0,0,3,3,4,8,2,3,7,3,2,5,3,7,5,5,10
724,1,0,1,0,2,0,3,3,3,2,7,1,3,1,0,0,0,2,8,2,1,2,0,1,1,2,7,5,5,12
724,1,4,0,4,2,2,10,3,3,2,9,2,5,1,0,0,0,2,8,2,1,2,3,2,5,3,2,2,5,10
309,1,4,0,4,0,2,0,3,2,2,9,4,5,7,0,0,3,2,4,1,1,4,3,2,5,3,1,2,5,10
138,2,2,1,1,0,2,0,3,6,2,9,2,5,7,0,0,3,2,8,2,1,0,0,1,0,2,3,2,5,1
138,2,0,1,2,2,4,8,3,0,2,7,7,5,7,4,0,3,2,2,2,1,9,3,2,5,3,0,2,5,0
135,2,0,1,4,0,3,17,3,2,2,7,4,5,1,5,0,3,2,8,2,1,2,1,0,1,2,7,5,5,10
135,2,0,1,4,0,2,14,3,2,2,7,1,5,1,0,0,3,2,8,2,1,2,1,1,4,2,2,2,5,17
669,1,0,1,4,0,4,17,3,0,2,3,4,5,0,0,0,0,2,8,2,1,2,2,1,0,1,7,5,5,12
669,1,4,1,4,0,3,0,3,1,2,9,4,5,0,0,0,0,2,1,2,1,2,0,1,1,2,0,2,5,9
273,6,1,1,4,0,2,0,3,2,2,9,1,5,1,0,0,3,2,8,1,2,2,3,2,5,3,0,2,5,5
273,6,1,1,4,2,3,3,3,2,2,9,4,5,1,0,0,3,2,8,1,2,2,3,2,5,3,0,2,5,9
994,6,1,1,4,0,2,10,3,0,2,7,2,5,3,0,3,3,4,8,2,1,2,0,1,0,2,0,2,5,1
994,6,0,1,4,0,0,10,3,0,2,6,2,5,3,0,3,3,4,6,2,1,2,0,1,0,2,0,2,5,15
287,2,0,1,4,0,0,4,3,1,2,7,7,5,3,0,0,3,2,2,2,1,1,3,2,5,3,0,2,5,5
287,2,0,1,4,0,0,4,3,5,2,6,0,5,3,0,0,3,2,8,2,1,1,0,1,1,2,0,2,5,3
353,1,0,1,2,0,1,8,3,5,2,9,2,5,7,0,0,3,2,8,1,2,1,3,2,5,3,0,2,5,10
353,1,0,1,2,2,3,0,3,5,2,6,0,1,7,0,0,3,2,2,1,2,3,2,1,0,2,3,2,1,12
175,2,2,1,1,0,1,0,3,6,2,6,0,5,0,0,0,3,2,8,1,1,2,0,1,4,2,2,2,5,15
92,6,2,1,4,0,3,0,1,5,2,7,0,5,7,4,3,3,4,8,2,1,2,3,2,5,3,0,2,5,5
92,6,2,1,2,0,1,3,3,5,2,6,2,5,7,0,3,3,4,8,2,1,12,0,1,0,2,0,2,5,1
459,6,0,1,4,1,5,3,3,5,2,6,6,5,0,0,3,1,2,6,2,1,2,3,2,5,3,3,2,5,1
459,6,2,1,4,0,0,0,0,5,3,6,1,5,0,0,3,1,2,6,2,1,4,0,1,4,2,0,2,5,1
413,4,0,1,4,2,2,14,3,5,3,7,4,5,7,0,0,3,2,1,1,1,2,3,2,5,3,0,2,5,1
64,2,0,1,4,0,0,17,3,5,3,9,6,5,0,0,3,3,4,8,1,1,2,2,1,3,2,0,2,5,9
496,6,3,1,4,0,3,7,3,1,2,9,2,1,7,0,0,3,2,8,2,2,2,0,1,2,2,2,2,5,10
496,6,3,1,4,0,0,13,3,2,3,2,2,5,7,0,0,3,2,8,2,2,2,0,1,0,2,7,2,5,15
440,1,1,1,4,0,0,5,3,2,3,7,2,5,5,0,0,0,2,1,1,1,5,3,2,5,3,0,2,5,10
378,0,1,1,4,0,1,8,3,5,3,9,2,5,5,0,0,3,2,1,1,1,2,2,0,3,2,0,2,6,3
657,3,3,1,2,0,0,4,3,1,3,7,4,5,7,4,3,0,4,8,2,1,2,3,2,5,3,0,2,5,10
657,3,0,1,4,0,0,5,3,1,3,9,4,5,7,0,3,0,4,8,2,1,2,0,0,1,1,0,2,5,10
736,6,0,1,1,0,3,6,3,1,3,9,2,5,1,0,0,0,2,8,1,3,9,0,1,0,2,0,2,5,10
736,6,0,1,4,0,3,0,3,2,2,7,2,5,1,5,0,0,2,2,1,3,2,3,2,5,3,0,2,5,1
736,6,0,1,1,0,3,0,4,6,3,7,2,5,1,0,0,0,2,8,1,3,2,0,1,1,2,0,2,5,10
874,6,1,1,4,0,3,0,3,5,2,7,4,5,1,0,3,0,4,2,2,1,1,0,1,1,2,7,5,5,12
874,6,4,0,4,0,0,14,3,5,2,7,0,5,1,0,3,0,4,8,2,1,3,0,1,0,2,0,2,5,0
1043,1,2,1,4,0,2,17,3,5,3,9,2,5,1,2,0,3,2,8,2,1,1,3,2,5,3,0,2,5,9
1043,1,0,1,2,2,1,11,3,1,3,1,4,5,1,0,0,3,2,2,2,1,5,0,1,0,2,3,2,5,3
1047,6,4,1,4,0,1,11,3,6,3,7,7,5,7,0,3,3,4,8,2,1,2,3,2,5,3,0,2,5,0
1047,6,1,2,4,0,2,14,3,6,3,6,4,5,7,0,3,3,4,8,2,1,2,0,0,0,2,7,5,5,11
232,3,1,1,4,0,2,0,4,6,3,7,4,5,7,0,0,3,2,2,3,2,2,3,2,5,3,6,2,5,10
232,3,2,1,4,0,1,2,3,5,3,6,4,5,7,0,0,3,2,2,3,2,7,0,1,4,2,0,2,5,10
232,3,1,1,2,0,3,0,3,5,3,6,1,5,7,0,0,3,2,8,3,2,1,3,2,5,3,7,5,5,17
848,2,0,1,1,0,2,5,3,5,3,6,4,5,0,0,0,0,2,8,2,2,2,0,1,0,2,0,2,5,10
848,2,2,1,4,0,3,0,3,5,2,7,4,5,0,0,0,0,2,8,2,2,2,3,2,5,3,2,2,5,6
803,4,0,1,6,0,1,10,0,5,3,7,0,5,7,0,0,0,2,8,1,2,2,3,2,5,3,2,2,5,9
803,4,0,1,4,0,1,13,3,5,2,6,3,5,7,0,0,0,2,8,1,2,7,0,1,0,2,3,2,5,11
535,5,4,0,2,0,1,0,3,5,3,9,7,5,1,0,3,0,3,8,2,1,2,2,1,4,2,0,2,5,0
535,5,3,1,4,0,0,10,0,1,3,1,4,5,1,0,3,0,3,8,2,1,8,0,1,1,2,0,2,5,0
231,0,2,1,2,0,2,17,3,0,2,7,7,5,1,0,0,3,2,8,1,1,5,3,2,5,3,0,2,5,7
961,4,0,1,1,0,1,5,3,3,2,9,7,5,0,0,3,3,4,8,2,3,2,1,0,0,2,7,5,5,10
961,4,0,1,4,0,0,5,3,5,2,7,7,5,0,0,3,3,4,8,2,3,7,3,2,5,3,7,5,5,1
961,4,2,1,1,0,0,9,3,5,3,7,7,5,0,0,3,3,4,8,2,3,2,0,1,4,2,0,2,5,1
630,5,1,1,2,0,5,5,3,2,3,7,1,5,1,0,3,0,4,8,1,1,2,3,2,5,3,2,2,5,9
387,5,2,1,4,2,2,5,3,5,2,7,2,5,1,2,3,3,4,8,3,1,7,0,1,0,2,0,2,5,2
387,5,3,1,4,0,0,9,3,1,2,7,7,5,1,0,3,3,4,8,3,1,2,3,2,5,3,7,5,5,0
387,5,4,1,4,0,1,11,3,5,2,12,4,5,1,0,3,3,4,8,3,1,12,0,1,1,2,0,2,5,1
36,2,0,1,4,0,2,0,3,6,2,6,2,5,7,0,0,0,2,8,1,3,2,3,2,5,3,0,2,5,10
36,2,0,1,7,4,6,8,3,5,2,6,2,5,7,0,0,0,2,8,1,3,2,0,1,0,2,1,2,5,1
36,2,0,1,7,4,6,14,3,2,2,6,2,5,7,0,0,0,2,8,1,3,2,0,0,1,2,7,5,5,1
506,1,0,1,4,0,1,7,3,5,2,12,6,5,1,0,0,0,2,2,2,2,2,3,2,5,3,4,2,5,10
506,1,0,1,4,0,3,17,0,6,2,12,4,5,1,0,0,0,2,8,2,2,1,0,1,0,2,0,2,5,1
506,1,1,1,4,2,3,0,3,6,2,6,2,5,1,0,0,0,2,1,2,2,2,2,1,1,2,3,2,6,3
982,5,1,1,7,4,6,14,3,6,2,6,2,5,1,0,0,3,2,8,2,1,2,2,1,0,2,3,2,5,3
982,5,1,1,1,2,3,8,0,3,2,12,2,5,1,0,0,3,2,2,2,1,2,0,1,2,2,0,2,5,1
502,1,0,2,7,4,6,5,3,0,2,14,2,5,0,2,0,0,2,8,2,3,7,3,2,5,3,7,5,5,17
502,1,0,1,4,2,2,0,3,3,2,7,2,5,0,0,0,0,2,8,2,3,9,3,2,5,3,0,2,5,1
502,1,1,1,4,2,3,17,3,4,2,7,4,5,0,0,0,0,2,8,2,3,2,0,0,0,1,0,2,5,9
7,2,0,1,2,2,3,5,3,3,2,7,2,5,1,0,0,0,2,8,3,3,2,3,2,5,3,3,2,5,10
7,2,0,1,7,4,6,5,3,5,2,9,4,5,1,0,0,0,2,8,3,3,2,0,1,0,2,0,2,5,17
7,2,1,1,1,0,2,5,0,0,2,7,4,5,1,0,0,0,2,6,3,3,2,3,2,5,3,7,2,5,3
7,2,2,1,1,2,3,8,3,0,2,7,4,5,1,0,0,0,2,2,3,3,1,0,1,1,2,0,2,5,1
7,2,2,1,4,2,4,8,3,6,2,4,4,5,1,0,0,0,2,8,3,3,2,2,1,4,2,7,5,5,2
7,2,4,1,4,2,1,0,3,6,2,1,4,5,1,0,0,0,2,2,3,3,2,0,1,0,2,0,2,5,0
980,6,1,1,4,2,1,7,3,3,2,2,2,5,7,3,3,3,5,8,2,2,2,3,2,5,3,7,5,5,3
980,6,1,1,2,2,2,17,3,6,3,6,2,5,7,0,3,3,5,8,2,2,2,0,1,4,2,3,3,5,10
980,6,1,1,4,2,6,0,3,6,3,7,2,5,7,0,3,3,5,8,2,2,2,1,0,0,2,0,2,5,9
464,1,0,1,7,2,4,6,3,6,3,6,4,5,7,0,3,0,5,8,2,1,2,3,2,5,3,0,2,5,11
464,1,1,1,1,2,3,0,3,6,3,6,2,5,7,0,3,0,5,8,2,1,2,1,1,0,1,2,2,5,9
806,2,4,0,1,2,4,0,3,6,3,7,2,5,1,0,0,0,2,2,1,2,2,2,1,3,2,7,5,5,1
806,2,4,0,4,2,2,9,3,3,3,9,4,5,1,0,0,0,2,8,1,2,2,0,1,0,2,7,5,5,10
195,2,1,1,4,2,2,3,3,3,3,6,7,7,7,0,3,3,2,2,3,5,2,3,2,5,3,2,2,5,6
195,2,1,1,7,2,6,17,3,3,2,9,7,5,7,0,3,3,2,8,3,5,7,3,2,5,3,0,2,5,1
195,2,1,1,4,0,0,0,4,6,3,12,2,5,7,0,3,3,2,8,3,5,2,2,0,1,2,0,2,5,3
195,2,1,1,2,2,2,11,3,3,2,6,2,2,7,0,3,3,2,8,3,5,9,3,2,5,3,7,5,5,4
195,2,1,1,4,0,2,8,3,2,2,7,7,5,7,0,3,3,2,8,3,5,2,0,1,0,1,0,2,5,1
195,2,1,1,4,0,2,5,3,3,2,7,4,5,7,0,3,3,2,8,3,5,2,0,1,0,2,7,5,5,1
195,2,2,1,4,0,2,0,3,3,2,2,7,5,7,0,3,3,2,8,3,5,2,0,0,3,2,0,2,5,3
731,2,0,1,4,0,3,10,3,6,2,6,2,5,1,0,0,0,2,8,2,1,2,0,1,1,2,0,2,5,0
731,2,4,1,4,0,2,0,3,6,2,7,2,5,1,0,0,0,2,8,2,1,7,3,2,5,3,7,5,5,12
453,2,1,1,4,0,5,11,3,6,2,6,2,6,7,0,0,0,2,8,3,2,2,1,0,1,2,7,5,5,3
453,2,1,1,0,0,4,9,3,6,2,6,2,5,7,0,0,0,2,8,3,2,9,2,0,1,2,7,5,5,1
453,2,4,0,1,0,2,0,3,3,2,6,2,2,7,0,0,0,2,8,3,2,2,3,2,5,3,7,5,5,3
141,4,0,1,1,0,2,5,3,3,2,2,4,2,1,0,0,3,2,6,2,1,2,0,1,2,2,2,2,5,5
141,4,4,0,4,0,2,0,3,3,2,6,4,1,1,0,0,3,2,2,2,1,2,3,2,5,3,3,2,5,10
1032,6,4,1,2,0,2,8,3,2,2,7,0,1,1,2,0,3,2,8,1,1,2,0,1,0,2,7,5,5,0
393,0,0,1,4,0,2,9,3,6,3,7,2,5,7,0,0,3,2,8,1,1,2,3,2,5,3,4,2,5,12
717,5,1,1,4,0,1,0,3,2,2,2,5,7,1,0,3,0,2,2,2,1,1,0,1,0,2,2,2,5,9
717,5,0,1,6,0,2,0,3,0,3,12,4,5,1,0,3,0,2,8,2,1,3,3,2,5,3,0,2,5,9
918,4,1,1,4,0,3,0,4,6,3,2,2,5,5,0,3,0,4,8,1,1,2,0,1,1,2,2,2,5,10
729,2,1,1,4,0,0,14,3,3,3,6,4,5,7,0,3,0,2,8,2,1,9,1,1,0,2,0,2,5,1
729,2,3,1,6,0,4,7,3,1,2,7,7,5,7,0,3,0,2,6,2,1,2,3,2,5,3,2,2,5,1
990,4,3,2,1,0,0,7,3,3,3,2,2,4,7,0,3,3,8,6,2,1,13,2,0,0,2,7,2,5,9
990,4,3,1,4,0,2,7,0,0,2,7,0,5,7,3,3,3,8,1,2,1,2,0,1,1,2,0,2,5,3
716,6,4,0,1,0,3,10,0,3,3,7,0,5,7,0,3,0,8,8,2,1,2,3,2,5,3,0,2,5,5
716,6,0,1,4,0,2,5,1,2,2,6,2,1,7,0,3,0,8,8,2,1,2,3,2,5,3,3,2,5,10
438,4,3,1,1,0,1,9,1,3,2,7,2,5,1,0,3,0,2,8,2,1,2,0,0,0,2,7,5,5,10
438,4,2,1,4,0,1,0,3,1,2,7,2,5,1,4,3,0,2,1,2,1,9,3,2,5,3,7,5,5,12
299,2,4,1,4,0,3,0,0,6,2,9,2,5,7,0,3,3,2,1,2,1,9,0,1,1,2,1,2,5,4
299,2,0,1,4,0,1,14,3,1,2,6,2,5,7,0,3,3,2,8,2,1,2,0,1,0,2,0,2,5,12
39,5,0,1,4,2,4,5,3,1,2,2,1,5,7,0,3,3,2,8,2,1,1,3,2,5,3,2,2,5,12
39,5,4,1,4,0,1,5,3,0,2,14,4,5,7,0,3,3,2,8,2,1,1,0,1,0,2,0,2,5,12
145,2,1,1,4,0,3,5,3,3,3,0,7,3,7,0,0,3,2,2,2,1,2,3,2,5,3,0,2,5,10
145,2,1,1,4,0,1,11,3,3,2,9,6,5,7,0,0,3,2,8,2,1,5,0,1,3,2,0,2,5,9
388,1,1,1,1,0,3,9,3,2,2,6,4,5,4,0,3,0,3,2,1,1,7,3,2,5,3,0,2,5,1
669,2,4,0,1,0,3,7,3,6,2,1,7,9,0,0,0,0,2,8,2,1,2,0,1,1,1,0,2,5,3
669,2,1,1,1,1,3,9,0,6,2,6,7,6,0,0,0,0,2,8,2,1,1,3,2,5,3,0,2,5,0
91,3,4,1,4,0,3,7,3,2,2,4,7,5,1,0,3,3,2,2,2,1,1,3,2,5,3,0,2,5,10
91,3,0,1,4,0,4,9,4,6,3,14,6,9,1,0,3,3,2,8,2,1,7,0,1,1,2,0,2,5,1
82,0,2,1,1,0,2,14,3,6,2,9,4,5,1,0,0,3,7,8,1,1,9,3,2,5,3,7,2,5,5
309,2,0,1,4,0,1,0,0,3,2,9,7,5,7,0,3,3,4,2,2,1,3,0,1,1,2,7,2,5,10
309,2,1,1,4,0,3,5,3,0,2,4,7,5,7,0,3,3,4,2,2,1,2,3,2,5,3,7,2,5,17
453,2,2,1,4,0,4,13,3,1,2,9,4,5,7,3,3,0,2,8,2,1,2,1,1,0,2,7,2,5,10
453,2,0,1,4,2,1,5,3,5,2,9,7,5,7,0,3,0,2,8,2,1,2,0,1,1,2,7,2,5,1
481,2,0,1,4,0,3,5,3,6,2,6,4,5,1,0,3,0,3,8,2,1,2,3,2,5,3,7,2,5,12
481,2,3,1,6,0,1,11,3,1,2,6,0,0,1,0,3,0,3,8,2,1,7,3,2,5,3,7,2,5,1
195,4,4,1,4,0,1,0,3,3,2,6,7,5,1,4,0,3,2,8,1,1,2,2,1,1,2,7,2,6,0
516,3,4,0,2,0,1,0,3,0,2,6,4,0,1,0,0,0,0,8,1,1,2,0,1,4,2,0,5,5,10
618,1,3,1,4,0,0,0,3,6,2,6,1,5,7,4,3,0,0,8,2,1,2,3,2,5,3,0,5,5,11
618,1,4,1,2,0,2,11,3,6,2,6,4,5,7,0,3,0,0,8,2,1,2,3,2,5,3,0,2,5,3
102,1,4,1,1,0,1,4,3,6,2,6,7,5,1,0,0,3,7,8,1,1,1,0,1,1,2,0,2,5,10
374,5,1,1,4,0,0,8,3,3,2,9,7,5,1,0,0,3,2,8,2,2,2,3,2,5,3,0,2,5,3
374,5,1,1,1,0,0,4,3,2,2,9,1,5,1,0,0,3,2,8,2,2,2,0,1,0,2,7,2,5,3
374,5,4,1,2,0,5,8,3,6,2,7,1,5,1,0,0,3,2,8,2,2,2,0,0,0,2,0,2,5,9
90,0,2,1,4,2,2,13,3,2,2,2,4,5,1,0,0,3,2,8,1,1,2,3,2,5,3,0,2,5,16
333,6,2,1,4,0,0,4,3,6,2,1,7,5,0,0,0,3,2,8,1,1,7,1,0,1,2,3,2,5,12
352,6,4,2,4,0,1,17,3,6,3,4,4,5,3,0,0,3,2,8,2,2,3,3,2,5,3,0,2,5,12
352,6,1,1,4,0,2,17,4,6,3,9,7,9,3,0,0,3,2,8,2,2,2,2,0,3,2,0,2,5,0
352,6,1,1,7,4,6,5,3,3,2,9,7,8,3,0,0,3,2,8,2,2,2,3,2,5,3,3,2,5,12
1015,0,1,1,7,4,6,7,3,1,2,6,0,5,7,0,3,3,2,8,2,1,2,0,1,1,2,7,5,5,10
1015,0,3,1,4,0,1,7,3,1,2,0,4,5,7,0,3,3,2,2,2,1,2,3,2,5,3,0,2,5,9
1017,1,0,1,4,0,3,0,4,6,3,13,7,5,7,0,3,3,2,8,2,1,2,0,1,0,2,2,2,5,1
1017,1,0,1,4,2,3,7,3,6,2,4,7,5,7,0,3,3,2,1,2,1,2,0,0,3,2,0,2,5,10
428,4,1,1,7,4,6,0,3,6,2,9,3,5,3,0,3,0,3,8,2,1,9,3,2,5,3,3,2,5,16
428,4,3,1,1,2,3,10,0,4,2,9,4,5,3,0,3,0,3,2,2,1,2,3,2,5,3,0,2,5,10
486,3,4,0,7,4,6,5,3,2,2,7,4,5,1,0,0,3,7,8,2,1,4,0,1,1,1,0,2,5,0
486,3,1,1,4,2,2,17,0,6,2,9,7,5,1,0,0,3,7,8,2,1,2,3,2,5,3,7,5,5,5
880,5,0,1,4,2,3,0,3,0,2,10,4,1,5,0,0,0,2,8,2,1,2,0,1,0,2,0,2,5,10
880,5,0,1,2,2,3,17,3,1,2,10,4,1,5,0,0,0,2,8,2,1,2,0,1,3,2,0,2,5,10
328,1,0,1,7,4,6,5,3,6,2,6,0,5,7,0,0,3,2,8,1,1,2,3,2,5,3,7,5,5,1
1027,4,0,1,1,0,2,17,3,1,2,9,4,1,1,2,2,3,1,6,1,1,2,3,2,5,3,7,5,5,0
836,2,4,1,1,2,3,5,3,6,3,9,7,5,1,0,3,0,3,2,2,1,3,0,0,0,2,0,2,5,9
836,2,0,1,4,2,4,15,3,6,1,5,7,5,1,0,3,0,3,8,2,1,3,3,2,5,3,0,2,5,10
112,5,0,1,4,2,1,5,3,3,3,9,7,5,7,0,0,3,2,8,1,1,3,0,1,0,2,7,5,5,10
1042,5,2,1,4,2,1,5,3,2,0,2,7,5,0,0,3,3,2,2,2,1,4,0,1,0,2,7,5,5,3
1042,5,0,1,2,2,2,7,3,6,2,6,4,5,0,0,3,3,2,8,2,1,2,3,2,5,3,0,2,5,9
906,1,0,1,4,2,6,14,3,5,2,6,2,7,1,0,0,3,3,8,2,1,11,3,2,5,3,0,2,5,10
906,1,0,1,7,2,4,14,0,6,2,6,2,0,1,0,0,3,3,8,2,1,9,0,1,0,2,7,5,5,1
476,1,4,1,1,2,3,5,3,1,3,7,4,7,7,0,0,0,2,8,2,1,1,0,1,2,2,7,5,5,3
476,1,0,1,1,2,4,5,3,1,3,7,4,5,7,0,0,0,2,8,2,1,2,1,1,0,2,0,2,5,4
982,0,4,1,4,2,2,7,3,5,2,9,2,5,1,0,3,3,2,8,2,2,2,1,1,4,2,0,2,5,1
982,0,3,1,4,2,2,0,3,6,3,7,2,5,1,3,3,3,2,1,2,2,2,3,2,5,3,7,5,5,3
982,0,3,1,7,2,6,17,3,4,3,7,4,6,1,0,3,3,2,8,2,2,9,1,0,3,2,0,5,5,1
39,1,1,1,4,0,0,15,3,2,3,7,2,5,3,2,0,3,2,2,1,1,7,2,0,0,2,0,2,6,12
403,2,2,1,2,2,2,5,0,2,2,7,4,5,7,0,0,0,2,8,2,1,3,0,1,0,2,0,2,5,1
403,2,0,1,4,0,2,7,3,1,2,7,0,6,7,0,0,0,2,8,2,1,4,3,2,5,3,0,2,5,18
895,3,1,1,4,0,2,0,3,6,2,7,2,5,7,0,3,0,5,8,1,2,2,0,1,1,2,0,2,5,12
895,3,1,1,4,0,2,11,3,1,3,2,2,5,7,2,3,0,5,8,1,2,2,1,0,4,2,7,5,5,2
940,1,1,1,4,0,3,14,3,2,3,7,4,5,3,0,3,0,2,8,1,1,2,0,0,3,2,4,2,5,10
165,6,0,1,4,0,2,0,1,1,3,4,2,5,3,0,0,3,7,8,1,1,2,1,0,0,2,7,5,5,10
280,6,1,1,4,0,5,5,3,6,2,9,0,5,0,0,0,3,2,8,2,1,2,0,1,0,2,7,5,5,3
280,6,2,1,0,0,4,7,0,3,2,7,2,5,0,0,0,3,2,8,2,1,2,3,2,5,3,7,2,5,3
374,5,4,1,1,0,2,10,3,6,2,6,2,5,7,0,0,3,3,8,1,1,2,0,1,0,2,0,2,5,9
160,3,1,1,1,0,2,7,3,6,2,4,5,5,1,0,3,3,3,2,2,1,2,3,2,5,3,0,2,5,10
160,3,4,0,4,0,2,7,3,0,2,4,0,5,1,0,3,3,3,8,2,1,2,0,1,0,2,7,5,5,1
64,5,4,1,2,0,2,12,3,6,2,7,2,5,7,0,0,3,2,2,1,1,4,3,2,5,3,7,5,5,16
651,0,4,1,4,0,2,5,1,3,3,3,2,5,7,0,0,0,2,8,2,2,3,3,2,5,3,7,5,5,10
651,0,1,1,4,0,1,5,3,5,3,6,1,5,7,0,0,0,2,8,2,2,2,0,1,1,2,7,5,5,16
651,0,1,1,6,0,2,8,3,1,2,2,4,5,7,0,0,0,2,10,2,2,3,3,2,5,3,0,2,5,9
275,0,4,1,4,0,3,4,1,2,2,3,4,7,7,0,3,3,4,1,1,1,2,0,1,1,2,0,2,5,10
95,6,1,1,4,0,0,0,3,3,2,6,7,5,1,0,0,3,2,8,1,2,3,3,2,5,3,0,2,5,10
95,6,1,1,6,0,4,0,3,1,2,7,2,0,1,0,0,3,2,8,1,2,13,0,1,0,2,2,2,5,12
326,2,4,0,1,0,0,8,3,0,3,6,4,5,1,0,0,3,2,8,1,1,2,0,1,0,2,0,2,5,12
535,0,0,1,4,0,2,0,3,1,3,6,2,7,1,0,0,3,2,1,1,1,2,3,2,5,3,7,5,5,0
1016,0,0,1,4,0,0,7,3,6,2,7,0,3,1,0,3,3,2,2,2,1,2,0,1,1,1,0,2,5,10
1016,0,1,1,1,2,2,5,3,0,2,6,4,6,1,0,3,3,2,10,2,1,2,3,2,5,3,0,2,5,5
141,6,4,0,4,0,1,10,3,6,2,9,4,5,7,0,0,3,2,8,1,1,4,3,2,5,3,5,2,5,0
995,1,1,1,4,2,4,8,3,5,3,7,2,5,7,0,0,3,2,10,2,1,2,0,1,1,2,0,2,5,1
995,1,3,1,6,0,2,14,3,1,3,6,0,5,7,2,0,3,2,10,2,1,3,3,2,5,3,0,2,5,4
732,5,3,1,6,0,2,7,3,2,3,6,4,7,7,0,0,0,2,10,2,1,3,0,0,0,2,0,2,5,2
732,5,1,1,4,0,2,8,4,6,3,6,7,5,7,0,0,0,2,8,2,1,3,3,2,5,3,0,2,5,16
496,2,0,1,4,0,1,10,3,2,2,7,2,6,1,4,3,0,4,8,1,1,2,0,1,0,2,1,2,5,1
54,5,0,1,4,0,3,9,3,6,2,2,4,5,7,0,3,3,2,2,2,2,2,0,1,1,2,0,2,5,1
54,5,1,1,4,0,2,5,3,5,2,4,4,5,7,0,3,3,2,2,2,2,2,1,0,3,2,3,2,5,9
501,6,0,1,4,0,3,8,3,0,2,6,0,5,7,0,0,3,2,8,1,1,2,0,1,0,2,0,2,5,9
165,0,4,1,4,0,1,5,3,5,2,2,4,5,1,0,3,3,4,8,2,1,4,3,2,5,3,0,2,5,0
165,0,2,1,4,0,4,8,3,6,3,6,4,5,1,0,3,3,4,8,2,1,2,3,2,5,3,7,5,5,9
321,1,1,1,4,0,4,3,3,6,2,6,7,5,3,0,0,3,7,8,1,1,2,0,1,0,2,0,2,5,10
378,1,1,1,4,2,2,17,3,6,3,9,2,5,0,0,0,3,2,8,2,2,2,3,2,5,3,7,5,5,9
378,1,1,1,4,0,1,7,3,2,3,6,2,5,0,0,0,3,2,6,2,2,7,0,0,0,2,7,5,5,1
378,1,1,1,1,0,4,17,3,2,3,9,4,5,0,0,0,3,2,8,2,2,3,3,2,5,3,7,2,5,0
433,5,2,1,4,0,1,10,3,1,3,6,0,5,7,0,0,3,2,2,2,1,2,0,0,3,1,0,2,5,12
433,5,0,1,4,0,2,13,3,1,2,6,0,5,7,0,0,3,2,1,2,1,2,3,2,5,3,0,2,5,10
506,6,1,1,2,0,3,5,4,6,2,7,2,5,7,0,3,0,2,8,1,1,7,0,1,0,2,0,2,5,12
476,5,4,1,2,0,3,5,3,5,2,7,2,5,7,0,0,0,2,8,3,1,2,3,2,5,3,0,2,5,5
476,5,1,1,4,0,2,11,3,3,2,9,2,5,7,0,0,0,2,8,3,1,7,0,1,1,2,0,2,5,1
476,5,4,1,1,0,0,0,3,5,3,2,2,5,7,0,0,0,2,8,3,1,4,3,2,5,3,0,2,5,10
1004,1,4,1,1,0,2,0,0,5,2,2,0,5,1,0,0,3,2,8,2,1,13,0,1,1,2,1,2,5,10
1004,1,4,0,4,0,2,0,3,1,2,9,0,5,1,0,0,3,2,8,2,1,2,0,1,0,2,7,2,5,0
565,1,4,1,4,0,0,11,3,6,2,6,2,6,1,0,3,0,4,8,2,1,2,3,2,5,3,0,2,5,1
565,1,1,1,4,2,2,4,3,2,2,6,2,6,1,0,3,0,4,2,2,1,2,3,2,5,3,7,5,5,1
687,1,4,0,2,2,3,8,3,1,3,9,2,5,7,0,3,0,4,6,2,1,2,0,1,1,2,3,2,5,5
687,1,3,1,7,2,4,4,3,2,3,2,7,5,7,3,3,0,4,8,2,1,2,3,2,5,3,7,5,5,9
1041,5,4,1,6,2,2,8,3,6,3,7,2,5,1,0,0,3,2,1,2,1,2,0,1,1,2,3,2,5,0
1041,5,0,1,0,0,3,13,3,6,3,6,2,5,1,0,0,3,2,8,2,1,2,0,1,0,2,7,5,5,11
396,6,1,1,2,0,4,4,3,6,3,7,2,5,7,0,0,3,2,8,2,2,2,3,2,5,3,3,2,5,10
396,6,1,1,4,0,0,17,3,6,3,7,2,5,7,0,0,3,2,1,2,2,2,3,2,5,3,7,5,5,10
396,6,4,0,4,0,3,17,3,6,3,14,6,5,7,0,0,3,2,1,2,2,2,0,1,0,2,7,5,5,0
40,0,2,1,4,2,3,5,0,1,3,9,2,9,7,0,0,3,2,8,2,2,2,3,2,5,3,3,2,5,1
40,0,0,1,4,0,3,7,3,4,3,2,4,5,7,0,0,3,2,8,2,2,2,0,1,1,2,1,2,5,3
40,0,0,1,4,0,5,7,4,6,3,7,4,5,7,0,0,3,2,8,2,2,2,1,0,3,2,2,2,5,10
114,6,1,1,4,0,0,0,3,5,3,7,1,5,7,0,0,3,2,8,4,2,2,3,2,5,3,1,2,5,0
114,6,0,1,3,2,0,7,3,5,2,9,2,5,7,0,0,3,2,8,4,2,2,0,0,1,2,7,5,5,9
114,6,2,1,4,2,4,0,3,5,3,6,1,5,7,0,0,3,2,2,4,2,3,2,1,3,2,1,2,1,10
114,6,4,1,4,2,0,10,3,5,2,4,2,5,7,0,0,3,2,8,4,2,2,2,0,3,2,7,5,5,11
343,5,4,1,4,2,1,5,0,6,2,9,0,5,7,0,0,3,2,8,2,2,2,3,2,5,3,1,2,5,0
343,5,0,1,5,2,2,17,3,6,2,6,5,5,7,0,0,3,2,8,2,2,2,0,1,0,2,1,2,5,10
343,5,0,1,5,2,3,0,3,1,3,7,6,5,7,0,0,3,2,8,2,2,13,0,1,3,2,1,2,5,3
144,3,1,1,4,2,1,17,3,5,3,2,7,5,7,0,0,3,2,8,2,2,9,1,1,0,2,0,2,5,12
144,3,1,1,1,2,3,5,3,3,3,4,6,5,7,0,0,3,2,8,2,2,2,3,2,5,3,0,2,5,1
56,1,0,1,6,2,2,17,3,5,2,1,1,5,1,3,0,3,2,8,3,2,2,0,1,0,2,4,2,5,9
56,1,1,1,7,2,6,5,3,5,2,0,4,5,1,0,0,3,2,8,3,2,2,3,2,5,3,0,2,5,12
56,1,1,1,4,2,2,15,3,5,2,7,2,5,1,3,0,3,2,8,3,2,2,0,1,0,2,3,2,5,11
56,1,1,1,4,2,4,5,3,5,3,7,2,5,1,0,0,3,2,8,3,2,2,3,2,5,3,7,5,5,0
662,1,1,1,4,2,1,5,3,5,2,4,2,9,7,0,0,0,2,8,1,1,2,1,1,0,2,7,5,5,0
476,0,4,1,1,0,1,7,0,1,3,7,2,5,0,0,3,3,3,8,2,1,2,3,2,5,3,0,2,5,5
476,0,1,1,4,0,1,14,0,6,3,6,7,5,0,0,3,3,3,8,2,1,2,0,0,1,2,0,2,5,9
565,4,4,1,4,0,1,14,3,5,3,14,7,5,7,0,0,0,7,8,2,1,2,3,2,5,3,0,2,5,1
565,4,0,1,4,0,2,5,3,6,3,6,2,5,7,0,0,0,7,8,2,1,9,0,1,1,2,0,2,5,1
934,6,0,1,4,0,2,5,3,6,3,6,4,5,1,0,0,3,7,2,2,1,13,0,0,0,2,7,5,5,10
934,6,4,1,4,0,3,7,1,5,3,7,7,5,1,0,0,3,7,8,2,1,7,3,2,5,3,0,2,5,9
348,4,4,0,1,0,2,0,0,1,3,7,7,5,1,0,0,3,7,8,2,1,4,0,1,1,1,3,2,5,10
348,4,1,1,4,0,2,17,3,5,2,7,4,5,1,0,0,3,7,8,2,1,2,3,2,5,3,3,2,5,3
136,0,2,1,4,0,3,15,3,3,3,7,7,5,1,0,3,3,4,8,1,1,2,1,1,3,2,3,2,5,11
535,4,0,1,1,2,6,5,4,6,3,9,4,5,0,0,0,3,2,1,1,1,9,2,0,3,2,0,2,5,12
535,6,1,1,4,2,2,7,3,1,2,2,4,5,3,0,0,3,2,8,1,1,4,2,0,0,2,2,2,5,9
1012,5,4,1,4,0,2,0,3,1,3,6,0,5,7,0,0,3,2,8,2,1,2,3,2,5,3,7,5,5,1
1012,5,4,0,4,0,4,11,3,1,3,2,7,5,7,0,0,3,2,8,2,1,2,0,1,0,2,3,2,5,10
165,6,2,1,7,4,6,14,3,1,3,7,2,5,1,0,0,3,2,8,1,1,4,3,2,5,3,2,2,5,3
360,0,0,1,4,0,2,0,3,6,3,14,7,5,1,0,0,3,2,8,1,1,2,3,2,5,3,7,5,5,0
1050,5,2,1,4,0,2,5,3,0,3,12,7,3,7,0,3,3,3,8,2,2,9,0,1,3,1,7,5,5,9
1050,5,1,2,4,0,3,7,3,2,3,6,2,6,7,0,3,3,3,8,2,2,2,0,1,1,2,0,2,5,10
224,3,1,1,2,0,3,10,3,4,3,7,7,3,1,0,0,3,2,8,2,2,9,3,2,5,3,7,5,5,1
224,3,1,1,4,0,3,7,3,5,3,6,4,5,1,0,0,3,2,1,2,2,2,0,1,1,2,0,2,5,12
224,3,4,1,4,0,3,7,3,6,3,7,4,5,1,0,0,3,2,8,2,2,3,3,2,5,3,0,2,5,7
31,2,4,0,4,0,3,12,3,1,3,7,2,5,5,0,3,0,4,8,2,1,13,0,1,1,2,0,2,5,10
31,2,0,1,4,0,3,5,3,6,3,6,4,5,5,0,3,0,4,8,2,1,2,3,2,5,3,0,2,5,10
433,5,1,1,4,0,2,5,3,6,2,7,0,5,1,0,0,3,2,8,2,1,2,3,2,5,3,3,2,5,0
433,5,0,1,4,0,1,8,3,6,3,2,7,5,1,0,0,3,2,2,2,1,7,0,1,1,2,3,2,5,12
214,0,4,1,4,0,4,4,3,6,2,6,2,5,1,0,0,3,7,8,2,1,7,3,2,5,3,0,2,5,3
214,0,1,1,4,0,4,0,3,3,2,6,2,5,1,0,0,3,7,8,2,1,7,0,1,0,2,0,2,5,1
578,5,2,1,4,0,1,0,3,1,3,7,4,7,1,0,0,3,7,8,2,1,2,2,1,1,2,7,5,5,10
578,5,0,1,1,0,4,4,3,1,3,9,4,5,1,0,0,3,7,8,2,1,2,3,2,5,3,0,2,5,1
570,5,4,0,4,0,4,6,3,5,2,9,4,5,1,0,0,3,2,8,2,1,2,0,1,0,2,0,2,5,10
570,5,1,1,4,0,6,5,3,2,1,14,2,5,1,0,0,3,2,8,2,1,2,1,0,0,1,0,2,5,5
265,3,1,1,7,0,2,14,3,5,1,7,7,5,1,0,0,3,2,8,2,1,3,2,0,0,1,7,2,5,0
265,3,4,1,6,0,4,0,3,5,2,6,6,3,1,0,0,3,2,2,2,1,2,3,2,5,3,7,5,5,7
691,0,4,1,4,0,4,7,0,5,2,12,0,5,0,0,0,0,2,8,2,2,3,0,1,1,2,0,2,5,14
691,0,1,1,4,0,0,7,3,5,2,7,2,3,0,0,0,0,2,8,2,2,3,3,2,5,3,0,2,5,3
691,0,1,1,1,0,3,15,3,2,2,7,2,8,0,0,0,0,2,8,2,2,2,0,1,0,2,3,2,5,16
651,2,4,0,1,0,3,0,0,5,2,2,2,5,7,0,0,3,2,8,1,1,4,3,2,5,3,0,2,5,10
545,4,4,1,1,0,4,3,4,6,3,6,6,6,7,0,0,3,2,6,2,1,2,3,2,5,3,0,2,5,17
545,4,0,1,2,0,1,3,3,6,3,7,2,6,7,0,0,3,2,8,2,1,4,0,1,0,2,0,2,5,3
538,3,1,1,4,0,1,5,0,6,2,9,0,5,7,0,0,0,2,8,2,1,2,0,1,0,2,7,5,5,11
538,3,3,1,0,0,3,5,3,6,3,6,2,5,7,0,0,0,2,2,2,1,7,3,2,5,3,0,2,5,10
299,0,0,1,4,0,1,4,3,6,3,6,4,5,0,0,0,3,2,8,2,1,13,1,0,1,2,0,2,5,12
299,0,1,1,4,0,1,0,3,4,3,6,2,5,0,0,0,3,2,8,2,1,2,0,0,3,2,3,2,5,7
458,6,2,1,2,0,0,15,1,0,3,2,6,5,7,0,0,3,2,8,2,2,2,0,1,0,2,7,2,5,11
458,6,3,1,4,0,2,7,3,6,3,6,2,5,7,0,0,3,2,2,2,2,2,3,2,5,3,7,5,5,1
458,6,3,1,4,0,4,0,3,0,3,6,2,6,7,0,0,3,2,2,2,2,2,0,1,1,2,0,2,5,9
685,0,4,0,4,0,4,0,3,6,3,6,2,6,7,0,3,3,4,8,2,1,2,3,2,5,3,0,2,5,0
685,0,2,1,1,0,6,0,3,2,2,6,2,5,7,0,3,3,4,8,2,1,2,0,1,0,2,0,2,5,10
360,3,3,1,4,0,4,0,3,6,2,7,2,5,7,0,0,3,7,2,2,2,4,3,2,5,3,7,5,5,3
360,3,3,1,4,0,0,11,3,6,2,9,0,5,7,0,0,3,7,2,2,2,2,0,1,0,2,0,2,5,5
360,3,4,1,1,0,1,4,3,6,2,2,4,5,7,0,0,3,7,8,2,2,2,3,2,5,3,3,2,5,3
148,4,0,1,2,0,0,5,3,6,2,7,2,5,1,0,0,3,2,8,1,1,2,3,2,5,3,3,2,5,3
1012,0,0,1,4,0,2,5,3,6,2,1,2,5,7,0,0,3,2,8,2,1,2,2,1,3,1,7,5,1,1
1012,0,2,1,4,0,4,14,4,6,3,14,6,5,7,0,0,3,2,2,2,1,7,3,2,5,3,7,2,5,10
1020,2,3,1,2,0,3,7,3,5,2,4,4,6,7,0,0,3,2,8,2,3,2,0,1,0,2,0,2,5,3
1020,2,1,1,1,2,2,0,3,6,2,7,2,5,7,0,0,3,2,3,2,3,2,0,1,0,2,0,2,5,11
1020,2,1,1,1,0,4,8,3,5,3,7,7,5,7,0,0,3,2,8,2,3,4,1,1,0,2,7,5,5,10
552,2,3,1,4,0,2,6,3,2,2,2,7,5,1,0,3,0,2,2,2,1,2,3,2,5,3,0,2,5,9
552,2,1,1,1,2,2,0,3,2,2,2,4,5,1,0,3,0,2,8,2,1,2,3,2,5,3,3,2,5,9
364,1,4,1,4,0,1,8,3,6,2,7,2,5,7,0,0,3,2,8,1,1,2,0,1,0,2,3,2,5,12
691,2,4,0,4,0,3,6,3,6,2,7,1,5,1,0,0,0,2,8,2,1,9,2,0,0,2,3,2,1,10
691,2,0,1,4,0,2,14,0,1,3,1,2,5,1,0,0,0,2,8,2,1,2,2,1,1,1,7,5,5,9
897,1,1,1,2,0,0,5,3,1,3,7,4,5,7,0,0,3,2,8,1,1,2,0,1,0,2,3,2,5,1
408,5,1,1,4,0,3,15,3,2,3,6,4,5,1,0,0,3,2,3,3,2,7,3,2,5,3,3,2,5,9
408,5,1,1,1,2,1,0,3,2,2,2,2,5,1,0,0,3,2,3,3,2,4,3,2,5,3,0,1,5,1
408,5,1,1,4,0,2,3,3,1,3,6,2,5,1,0,0,3,2,0,3,2,2,0,1,1,2,0,2,5,3
408,5,1,1,4,0,4,0,4,6,2,6,4,7,1,0,0,3,2,0,3,2,2,2,1,0,2,3,2,6,1
521,5,3,1,4,0,2,9,3,1,2,7,4,5,0,0,3,3,8,0,1,1,3,0,1,1,2,3,2,5,10
721,3,4,0,2,0,3,4,0,6,3,9,2,5,7,0,0,0,2,0,2,1,7,3,2,5,3,0,2,5,9
721,3,1,1,4,0,2,8,3,1,2,6,2,6,7,0,0,0,2,0,2,1,2,0,1,2,2,0,2,5,3
705,1,0,1,1,0,0,5,3,1,3,9,7,5,1,0,3,0,3,0,4,1,2,2,0,1,2,7,5,5,10
705,1,4,0,4,0,6,7,3,5,2,9,2,5,1,0,3,0,3,0,4,1,3,0,1,1,2,0,2,5,12
705,1,4,1,0,0,0,0,3,6,2,7,0,5,1,0,3,0,3,0,4,1,2,3,2,5,3,0,2,5,1
705,1,4,1,4,0,3,3,3,6,2,3,1,5,1,0,3,0,3,0,4,1,2,0,1,1,2,4,2,5,9
291,3,0,1,4,0,0,4,0,6,2,7,4,5,7,0,0,3,2,0,1,1,2,3,2,5,3,1,2,5,5
370,3,1,1,4,0,2,3,3,6,2,7,4,5,7,0,0,3,2,0,1,1,2,0,1,4,2,0,2,5,1
720,4,0,1,4,0,1,0,3,6,2,1,1,6,1,0,3,0,4,0,3,3,2,0,1,0,2,2,2,5,12
720,4,0,1,7,4,6,15,3,6,2,7,4,5,1,0,3,0,4,5,3,3,2,2,0,1,2,7,2,5,0
720,4,3,1,4,0,1,15,3,6,2,7,4,5,1,0,3,0,4,6,3,3,13,0,1,0,2,7,5,5,3
720,4,2,1,4,0,1,3,3,6,2,7,4,5,1,0,3,0,4,0,3,3,2,3,2,5,3,7,5,5,11
309,5,1,1,4,0,3,4,3,4,2,6,2,5,7,0,0,3,3,6,2,1,7,3,2,5,3,1,5,5,11
309,5,0,1,4,0,0,4,3,1,2,7,2,6,7,0,0,3,3,0,2,1,2,0,1,1,2,0,5,5,1
343,4,0,1,0,2,0,3,3,6,2,9,2,5,1,0,0,3,7,0,2,2,2,3,2,5,3,0,5,5,6
343,4,1,1,0,0,5,16,3,2,2,7,4,5,1,0,0,3,7,8,2,2,2,0,1,1,2,0,5,5,0
343,4,1,1,4,0,0,3,3,5,2,7,4,5,1,0,0,3,7,4,2,2,2,0,0,1,2,3,2,5,0
107,2,3,1,4,0,2,3,3,6,3,2,4,5,1,0,0,3,2,3,2,1,2,3,2,5,3,0,2,5,4
107,2,1,1,4,0,3,10,3,0,0,6,4,5,1,0,0,3,2,3,2,1,2,2,1,4,2,2,2,6,0
141,2,4,1,4,0,3,0,3,3,2,12,7,5,2,0,0,3,7,6,2,1,4,0,0,0,2,7,5,5,5
141,2,2,1,4,2,2,0,3,1,2,7,4,5,2,0,0,3,7,0,2,1,3,3,2,5,3,0,2,5,11
228,1,0,1,1,0,1,8,3,0,2,6,4,5,7,0,0,3,2,0,2,1,4,1,0,1,2,3,2,5,0
228,1,0,1,4,0,1,17,3,0,2,9,7,3,7,0,0,3,2,4,2,1,2,0,1,0,2,3,2,5,9
336,6,0,1,4,0,4,14,3,0,2,4,1,5,7,0,0,3,2,3,1,1,2,3,2,5,3,3,2,5,10
356,5,1,2,4,0,1,17,3,1,2,7,4,5,1,0,3,3,4,0,2,2,2,3,2,5,3,7,4,5,1
356,5,0,1,4,0,1,0,3,0,2,9,4,5,1,0,3,3,4,0,2,2,4,0,1,2,2,0,0,5,12
356,5,0,1,1,0,2,0,3,0,2,1,2,5,1,0,3,3,4,1,2,2,2,2,1,3,2,0,2,5,9
999,1,4,1,4,0,3,3,3,5,1,6,7,5,3,0,0,3,7,8,2,1,13,0,1,1,2,3,2,5,16
999,1,0,1,7,4,6,10,3,6,2,5,2,5,3,0,0,3,7,8,2,1,2,2,1,4,2,0,2,5,0
583,0,4,1,4,0,1,10,3,0,2,5,2,5,7,0,0,3,2,1,2,1,2,3,2,5,3,0,2,5,1
583,0,3,1,4,0,2,4,3,0,2,5,4,5,7,0,0,3,2,8,2,1,2,0,1,1,2,0,2,5,16
929,4,2,1,0,0,1,4,0,4,2,5,4,5,5,0,3,3,4,2,1,1,2,1,0,1,2,0,2,5,14
318,0,0,1,7,4,6,8,3,6,2,5,7,3,1,0,0,3,2,8,1,1,3,0,1,1,2,0,2,5,13
463,6,2,1,7,0,0,0,3,6,2,12,7,3,7,0,0,3,7,8,2,1,3,3,2,5,3,0,2,5,12
463,6,0,1,4,0,1,0,3,3,2,5,2,5,7,0,0,3,7,8,2,1,2,3,2,5,3,7,2,5,1
280,0,1,1,4,0,3,0,3,6,2,5,4,5,7,5,3,3,3,6,2,1,2,0,1,0,2,1,2,5,9
280,0,0,1,4,0,4,3,3,6,2,5,2,0,7,0,3,3,3,8,2,1,9,1,0,0,2,7,5,5,0
655,3,0,1,4,0,1,3,3,1,2,5,2,7,1,0,0,3,2,8,1,1,2,1,0,3,2,0,2,5,11
932,4,2,1,4,0,4,0,3,1,2,6,4,7,1,0,3,3,2,8,2,1,2,3,2,5,3,3,2,5,10
932,4,2,1,2,0,2,14,3,1,2,5,4,7,1,0,3,3,2,1,2,1,2,0,1,0,2,3,2,5,12
425,6,2,1,0,0,0,17,3,6,2,5,4,7,7,0,0,3,2,8,1,1,2,2,0,0,2,7,5,5,10
237,4,4,1,4,0,4,7,3,1,2,5,4,5,1,0,0,3,2,2,2,1,2,0,1,1,2,3,2,5,10
237,4,2,1,7,4,6,13,3,6,2,6,4,5,1,0,0,3,2,8,2,1,2,0,1,1,2,7,5,5,9
516,0,1,1,2,0,4,5,3,6,2,1,4,5,7,0,0,0,2,6,2,4,2,3,2,5,3,3,2,5,1
516,0,0,1,2,0,4,8,3,3,2,6,4,5,7,0,0,0,2,8,2,4,2,0,1,0,2,0,2,5,11
516,0,0,1,7,4,6,4,3,1,2,7,2,6,7,0,0,0,2,8,2,4,13,3,2,5,3,3,2,5,9
516,0,0,1,2,0,1,5,3,3,2,9,2,5,7,0,0,0,2,8,2,4,4,0,1,1,2,3,2,5,7
912,6,0,1,4,0,3,6,3,3,2,9,7,5,1,0,3,3,5,8,1,1,1,0,1,0,2,3,2,5,16
369,1,0,1,4,0,3,0,3,6,2,9,4,5,7,0,0,3,2,8,2,2,2,2,0,3,2,0,2,5,14
369,1,0,1,4,0,2,0,3,3,2,7,4,5,7,0,0,3,2,2,2,2,2,0,0,2,2,1,2,5,1
369,1,2,1,4,0,0,0,3,6,2,6,2,5,7,0,0,3,2,8,2,2,2,1,0,0,2,7,2,5,8
1003,1,0,1,5,0,4,14,3,6,3,7,2,5,7,0,0,3,2,8,1,1,4,0,1,4,2,7,5,5,13
223,5,0,1,4,0,4,17,3,3,3,7,7,5,3,0,0,3,2,2,2,1,2,1,0,4,2,7,5,5,0
223,5,1,1,2,0,1,11,3,2,3,6,2,5,3,0,0,3,2,2,2,1,3,3,2,5,3,7,5,5,1
545,1,1,1,4,2,0,11,3,4,3,2,7,5,1,0,0,3,2,8,2,2,4,3,2,5,3,3,2,5,11
545,1,0,1,4,0,2,14,3,5,2,7,2,5,1,0,0,3,2,8,2,2,2,0,1,1,2,0,2,5,15
433,4,4,1,1,0,1,0,3,6,3,7,1,5,1,0,0,3,2,8,2,1,2,0,1,1,2,7,5,5,0
433,4,0,1,1,2,2,2,3,6,3,6,0,5,1,0,0,3,2,8,2,1,2,3,2,5,3,7,5,5,12
60,3,0,1,4,0,3,0,3,6,3,6,1,6,1,0,0,3,2,2,2,4,13,0,1,0,2,0,2,5,1
60,3,0,1,4,0,2,5,3,6,3,6,4,5,1,0,0,3,2,8,2,4,2,0,1,0,2,0,2,5,10
60,3,0,1,2,0,2,0,3,6,2,6,0,5,1,0,0,3,2,8,2,4,2,0,1,1,2,3,2,5,11
60,3,1,1,4,0,2,10,3,5,3,14,2,5,1,0,0,3,2,8,2,4,2,0,1,0,2,0,2,5,10
655,4,3,1,4,0,3,13,3,4,3,6,4,5,7,0,3,0,4,8,2,5,2,3,2,5,3,0,2,5,12
655,4,3,1,4,4,0,0,3,5,3,7,6,5,7,0,3,0,4,8,2,5,2,0,1,0,2,3,2,5,13
655,4,3,1,4,0,1,10,3,6,3,7,0,5,7,3,3,0,4,8,2,5,2,3,2,5,3,3,2,5,3
655,4,0,1,4,0,0,17,0,5,3,7,2,5,7,0,3,0,4,2,2,5,2,2,0,4,2,0,2,5,0
655,4,0,1,7,4,6,5,3,6,3,6,6,5,7,0,3,0,4,8,2,5,2,2,0,4,2,3,2,5,3
326,0,0,1,1,0,2,5,3,6,3,6,6,5,1,0,0,3,7,1,2,1,2,3,2,5,3,7,5,5,0
326,0,1,1,4,0,2,9,3,6,3,6,2,5,1,0,0,3,7,2,2,1,2,0,1,1,2,7,5,5,12
288,5,4,0,4,0,3,5,0,6,2,6,2,5,1,0,0,3,2,2,4,1,2,2,1,4,2,7,5,5,10
288,5,4,0,4,0,1,5,3,1,3,2,4,5,1,0,0,3,2,8,4,1,13,3,2,5,3,3,2,5,1
288,5,0,1,4,2,3,9,0,6,3,6,2,5,1,0,0,3,2,6,4,1,2,0,1,0,2,0,2,5,1
288,5,1,1,4,0,1,11,0,5,3,9,2,5,1,0,0,3,2,8,4,1,2,2,1,2,2,1,2,5,2
141,6,2,1,1,1,2,0,3,6,3,12,2,5,7,0,0,3,7,8,2,1,2,0,0,1,2,0,2,5,10
141,6,4,1,1,0,2,8,3,5,3,6,4,5,7,1,0,3,7,8,2,1,2,3,2,5,3,0,2,5,1
374,0,1,1,4,4,2,14,3,2,3,7,4,5,0,0,0,3,2,8,2,1,9,2,0,0,2,0,2,5,0
374,0,0,1,4,0,2,7,3,6,3,7,0,5,0,0,0,3,2,8,2,1,3,0,1,1,2,0,2,5,7
64,6,1,1,1,0,3,17,0,6,2,7,0,5,3,0,0,3,2,8,1,1,2,3,2,5,3,0,2,5,13
20,2,4,1,4,4,4,0,3,2,2,7,2,5,1,0,0,0,2,8,2,2,2,3,2,5,3,0,2,5,13
20,2,1,1,4,0,2,14,3,5,2,6,0,6,1,0,0,0,2,8,2,2,3,0,1,0,2,1,2,5,10
20,2,1,1,1,0,0,8,3,6,3,6,2,5,1,0,0,0,2,2,2,2,2,3,2,5,3,0,2,5,12
523,0,0,1,7,4,6,5,3,6,3,6,6,6,1,0,3,3,4,8,3,1,3,0,1,0,2,1,2,5,16
523,0,1,1,4,0,3,0,3,6,3,6,6,6,1,0,3,3,4,8,3,1,2,3,2,5,3,3,2,5,11
523,0,1,1,2,2,1,17,3,6,3,6,1,5,1,0,3,3,4,8,3,1,2,0,1,0,2,0,2,5,10
458,4,1,1,4,0,0,5,4,6,3,6,2,5,7,0,0,3,2,8,2,2,2,0,1,1,2,0,2,5,1
458,4,3,1,4,0,0,5,3,6,3,6,6,5,7,0,0,3,2,1,2,2,4,3,2,5,3,3,2,5,3
195,0,4,1,0,2,1,5,3,2,3,7,4,5,7,0,0,3,2,8,3,1,4,0,1,4,2,3,2,5,1
195,0,4,1,7,4,6,8,3,6,2,7,2,5,7,0,0,3,2,8,3,1,2,3,2,5,3,0,2,5,16
195,0,0,1,1,2,1,8,4,1,2,9,2,5,7,0,0,3,2,8,3,1,7,0,1,1,2,0,2,5,13
374,0,4,1,4,0,0,0,3,6,2,7,2,5,7,0,0,3,2,8,1,1,2,3,2,5,3,3,2,5,4
136,6,4,1,7,2,2,7,3,2,2,7,2,5,1,0,0,3,7,8,2,1,2,0,1,3,2,3,2,5,2
136,6,3,1,4,0,4,17,0,6,2,7,2,5,1,0,0,3,7,8,2,1,2,3,2,5,3,0,2,5,19
73,6,4,0,4,0,1,0,3,2,3,7,4,5,1,0,0,3,2,2,2,1,2,3,2,5,3,0,2,5,1
73,6,1,1,4,0,2,6,3,6,3,4,4,5,1,0,0,3,2,8,2,1,3,0,1,1,1,0,2,5,10
9,3,4,0,4,0,3,0,3,2,3,4,4,5,7,0,0,0,2,8,3,1,2,2,1,0,2,0,2,1,13
9,3,4,0,1,0,1,0,3,6,2,2,0,5,7,0,0,0,2,8,3,1,2,2,0,0,2,7,5,0,12
9,3,2,1,1,2,3,9,3,6,2,7,4,5,7,0,0,0,2,8,3,1,2,0,1,0,2,7,2,5,0
326,2,0,1,4,0,0,0,3,3,3,7,4,5,7,0,0,3,2,8,3,4,2,3,2,5,3,0,2,5,11
326,2,0,1,4,0,2,11,3,5,2,6,4,5,7,0,0,3,2,8,3,4,2,0,1,0,2,7,5,5,16
326,2,0,1,4,0,1,5,3,5,2,6,4,5,7,0,0,3,2,8,3,4,3,3,2,5,3,7,5,5,3
326,2,0,1,4,0,1,11,0,4,3,9,2,5,7,0,0,3,2,8,3,4,2,0,1,1,2,7,5,5,12
326,2,4,1,4,0,1,17,3,5,2,4,4,5,7,0,0,3,2,6,3,4,2,2,1,3,2,0,2,0,11
502,4,0,1,4,0,1,17,3,6,2,6,4,5,1,0,0,3,2,8,2,1,3,0,1,1,2,7,5,5,1
502,4,3,1,4,0,3,0,3,6,2,7,4,5,1,0,0,3,2,8,2,1,3,0,1,0,2,7,5,5,3
106,4,2,1,4,0,3,0,3,6,3,7,2,5,7,0,0,3,2,8,1,1,2,0,1,4,2,0,2,5,1
515,1,3,1,1,0,2,5,3,6,2,9,4,5,7,0,0,3,2,2,2,1,9,3,2,5,3,0,2,5,1
515,1,4,1,7,0,6,0,3,6,3,6,2,5,7,0,0,3,2,8,2,1,9,1,0,0,2,0,2,5,0
565,4,4,1,7,0,1,10,1,6,3,9,7,5,0,0,0,3,2,8,2,1,2,3,2,5,3,0,2,5,17
565,4,2,2,1,0,2,0,3,6,3,6,2,5,0,0,0,3,2,8,2,1,2,1,0,0,2,7,5,5,3
304,2,0,1,4,0,2,11,3,3,2,9,6,5,0,0,0,3,2,2,2,2,2,1,0,0,2,0,2,5,10
304,2,4,1,4,0,3,5,3,2,2,6,4,5,0,0,0,3,2,8,2,2,2,0,1,3,2,7,5,5,3
295,3,2,1,4,0,2,0,3,6,2,1,7,9,7,0,0,3,2,8,2,1,2,1,1,0,2,7,5,5,0
295,3,0,1,4,0,3,4,0,6,2,6,7,6,7,0,0,3,2,8,2,1,2,1,0,0,2,7,5,5,12
1004,5,0,1,1,0,4,10,3,2,2,4,7,5,1,0,3,3,4,8,1,1,1,1,1,0,2,7,5,5,1
313,6,4,1,1,0,2,10,4,6,3,14,6,9,1,0,3,3,4,2,2,1,3,3,2,5,3,7,5,5,10
313,6,1,1,1,0,0,17,3,6,2,9,4,5,1,0,3,3,4,8,2,1,4,3,2,5,3,0,2,5,9
147,2,0,1,1,0,2,3,0,3,2,9,7,5,1,0,0,3,2,8,2,2,2,0,1,0,2,0,2,5,9
147,2,0,1,1,0,2,5,3,0,2,4,7,5,1,0,0,3,2,8,2,2,2,0,1,0,2,0,2,5,10
147,2,1,1,1,0,1,4,3,1,2,9,4,5,1,0,0,3,2,8,2,2,2,3,2,5,3,0,2,5,10
763,4,3,1,1,0,2,5,3,5,2,9,7,5,1,0,0,0,2,8,1,2,2,0,1,0,2,0,2,5,10
763,4,3,1,7,4,2,9,3,6,2,6,4,5,1,0,0,0,2,1,1,2,2,3,2,5,3,0,2,5,11
1004,4,4,0,4,0,3,17,3,1,2,6,0,0,1,0,0,3,2,8,3,2,2,3,2,5,3,7,5,5,3
1004,4,0,1,4,0,3,15,3,3,2,6,7,5,1,0,0,3,2,8,3,2,2,0,1,4,2,0,2,5,1
1004,4,0,1,1,0,4,17,3,0,2,6,4,0,1,0,0,3,2,2,3,2,2,0,1,0,2,7,5,5,0
1004,4,1,1,1,0,2,0,3,6,2,6,1,5,1,0,0,3,2,8,3,2,2,3,2,5,3,0,2,5,3
458,1,1,1,1,2,2,17,3,6,2,6,4,5,0,0,0,3,7,8,2,1,2,2,1,0,2,0,2,6,3
458,1,3,1,1,0,1,5,3,6,2,6,7,5,0,0,0,3,7,1,2,1,2,3,2,5,3,0,2,5,10
87,0,0,1,1,0,3,0,3,3,2,9,7,5,3,0,3,3,2,8,1,2,2,2,1,3,2,7,5,5,13
87,0,0,1,1,0,1,0,3,2,2,9,1,5,3,0,3,3,2,8,1,2,3,0,1,1,2,7,5,5,1
195,5,4,1,4,0,3,5,3,6,2,7,1,5,2,0,0,3,2,1,2,1,2,3,2,5,3,0,2,5,1
195,5,0,1,4,0,4,0,3,2,2,2,4,5,2,0,0,3,2,1,2,1,3,2,0,2,2,0,2,5,10
1050,0,4,1,4,0,1,0,3,6,2,1,7,5,7,0,0,3,2,1,1,1,3,2,1,3,2,0,2,5,10
309,6,4,1,1,0,2,0,3,6,3,4,4,5,1,0,0,3,2,2,2,1,2,0,1,4,2,0,2,5,17
309,6,0,1,1,0,2,15,4,6,3,9,7,9,1,0,0,3,2,8,2,1,2,3,2,5,3,3,2,5,2
428,4,1,1,1,0,0,17,3,3,2,9,7,8,0,0,0,3,2,8,2,1,2,0,1,4,2,3,2,5,12
428,4,0,1,1,0,6,17,3,1,2,6,0,5,0,0,0,3,2,8,2,1,2,2,0,0,2,0,2,5,11
312,2,0,1,4,0,0,0,3,1,2,0,4,5,7,0,3,3,2,8,2,4,2,0,1,4,2,7,5,5,12
312,2,1,1,7,0,2,8,4,6,3,13,7,5,7,0,3,3,2,8,2,4,2,3,2,5,3,7,5,5,13
312,2,1,1,1,2,0,17,3,6,2,4,7,5,7,0,3,3,2,8,2,4,13,0,1,3,2,7,5,5,13
312,2,1,1,4,0,2,0,3,6,2,9,3,5,7,1,3,3,2,1,2,4,4,3,2,5,3,0,2,5,9
321,5,3,1,4,0,1,9,0,4,2,9,4,5,7,0,0,3,2,2,1,1,2,0,1,2,2,7,2,5,10
111,3,0,1,4,0,1,10,3,2,2,7,4,5,7,0,0,3,2,8,2,1,13,3,2,5,3,0,2,5,9
111,3,2,1,4,0,2,4,0,6,2,9,7,5,7,0,0,3,2,8,2,1,5,3,2,5,3,0,2,5,12
50,1,1,1,4,2,4,14,3,0,2,10,4,1,7,0,0,3,2,8,2,1,7,3,2,5,3,7,5,5,3
50,1,2,1,2,0,4,12,3,1,2,10,4,1,7,3,0,3,2,8,2,1,2,2,0,0,2,3,2,5,10
731,2,3,1,4,0,6,14,3,6,2,6,0,5,7,0,3,0,4,9,2,1,4,2,0,1,2,0,2,5,13
731,2,4,1,4,0,4,0,3,1,2,9,4,1,7,0,3,0,4,8,2,1,3,0,1,1,2,0,2,5,1
275,0,1,1,4,0,1,0,3,6,3,9,7,5,1,0,0,3,2,8,2,1,2,2,0,1,2,0,2,5,10
275,0,4,0,4,0,1,7,3,6,1,5,7,5,1,0,0,3,2,8,2,1,4,0,0,0,2,0,2,5,3
721,0,4,1,4,0,2,15,3,3,3,9,7,5,0,0,0,0,2,8,2,2,3,0,1,1,2,0,2,5,10
721,0,1,1,1,0,2,0,3,2,0,2,7,5,0,0,0,0,2,8,2,2,2,3,2,5,3,0,2,5,12
721,0,1,1,7,2,2,14,3,6,2,6,4,5,0,0,0,0,2,8,2,2,2,3,2,5,3,0,2,5,1
280,5,2,1,4,0,2,0,3,5,2,6,2,7,7,0,0,3,2,8,1,1,3,3,2,5,3,0,2,5,11
278,2,1,1,4,2,2,9,0,6,2,6,2,0,7,0,3,3,4,8,2,1,2,0,1,3,2,0,2,5,12
278,2,1,1,3,0,1,17,3,1,3,7,4,7,7,0,3,3,4,8,2,1,1,1,0,1,2,0,2,5,0
715,2,0,1,4,0,2,0,3,1,3,7,4,5,0,0,0,2,2,1,2,3,2,3,2,5,3,7,5,5,18
715,2,0,1,4,0,4,5,3,5,2,9,2,5,0,0,0,2,2,2,2,3,2,0,1,0,2,3,2,5,4
715,2,1,1,4,0,0,17,3,6,3,7,2,5,0,0,0,2,2,2,2,3,3,3,2,5,3,3,2,5,3
1009,1,0,1,1,0,1,11,3,4,3,7,4,6,1,0,0,3,2,8,2,1,2,0,1,4,2,0,2,5,4
1009,1,1,1,1,0,1,17,3,2,3,7,2,5,1,0,0,3,2,8,2,1,2,1,1,3,1,0,2,5,3
1024,0,4,0,1,0,2,9,0,2,2,7,4,5,1,0,0,3,2,8,1,1,2,2,1,2,2,3,2,1,11
64,0,4,2,4,0,2,9,3,1,2,7,0,6,1,0,3,3,4,8,2,1,2,3,2,5,3,3,2,5,3
64,0,1,1,7,4,6,0,3,6,2,7,2,5,1,0,3,3,4,8,2,1,2,0,1,1,2,7,5,5,1
506,0,4,1,4,0,3,17,3,1,3,2,2,5,1,0,0,3,2,2,2,1,3,3,2,5,3,1,2,5,9
506,0,1,1,4,0,3,0,3,2,3,7,4,5,1,0,0,3,2,8,2,1,2,0,1,3,2,7,5,5,3
429,6,1,1,4,2,3,5,1,1,3,4,2,5,5,2,0,3,2,8,1,1,2,0,1,0,2,7,5,5,1
197,5,0,1,4,0,7,9,3,6,2,9,0,5,1,0,0,3,2,8,2,3,3,3,2,5,3,7,5,5,3
197,5,0,1,4,0,2,4,0,3,2,7,2,5,1,0,0,3,2,8,2,3,3,0,1,0,2,0,2,5,3
197,5,0,1,4,0,1,0,3,6,2,6,2,5,1,0,0,3,2,8,2,3,2,3,2,5,3,0,2,5,3
197,5,0,1,1,0,2,0,3,6,2,4,5,5,1,0,0,3,2,8,2,3,2,2,1,0,2,0,2,5,1
428,6,2,1,4,0,1,0,3,0,2,4,0,5,0,0,0,3,7,1,2,1,2,2,1,3,2,0,2,5,1
428,6,3,1,2,2,2,1,3,6,2,7,2,5,0,0,0,3,7,1,2,1,2,0,0,1,2,0,2,5,3
326,6,1,1,4,0,3,9,1,3,3,3,2,5,1,0,0,3,2,2,1,1,2,3,2,5,3,3,2,5,16
642,2,4,1,4,0,1,4,3,5,3,6,1,5,1,0,0,3,2,1,2,2,2,0,1,3,2,3,2,5,1
642,2,0,1,1,0,1,17,3,1,2,2,4,5,1,0,0,3,2,8,2,2,2,3,2,5,3,3,2,5,10
642,2,0,1,2,2,3,17,1,2,2,3,4,7,1,1,0,3,2,8,2,2,2,3,2,5,3,3,2,5,13
957,4,1,1,1,0,0,0,3,3,2,6,7,5,7,0,0,3,2,8,2,3,2,0,1,0,2,7,5,5,1
957,4,0,1,4,0,3,4,3,1,2,7,2,0,7,0,0,3,2,2,2,3,2,0,1,0,2,3,2,5,1
957,4,0,1,7,4,6,5,3,0,3,6,4,5,7,0,0,3,2,2,2,3,4,3,2,5,3,3,2,5,16
957,4,0,1,4,2,2,8,3,1,3,6,2,7,7,0,0,3,2,8,2,3,2,1,0,1,2,3,2,5,13
251,1,1,1,0,0,2,4,3,6,2,7,0,3,7,0,0,3,2,8,2,1,7,0,1,4,2,0,2,5,4
251,1,4,1,4,0,2,14,3,0,2,6,4,6,7,0,0,3,2,8,2,1,2,3,2,5,3,7,5,5,16
985,3,0,1,4,0,3,7,3,6,2,9,4,5,7,0,0,3,7,8,1,1,7,0,1,3,2,0,2,5,12
356,1,2,1,4,0,0,7,3,5,3,7,2,5,3,0,0,3,2,8,2,1,2,3,2,5,3,0,2,5,9
356,1,1,1,4,0,1,4,3,1,3,6,0,5,3,0,0,3,2,8,2,1,7,3,2,5,3,3,2,5,13
209,0,2,1,4,0,4,0,3,2,3,6,4,7,7,0,0,3,2,8,2,2,13,0,1,1,1,0,2,5,12
209,0,2,1,4,0,3,11,4,6,3,6,7,5,7,0,0,3,2,8,2,2,2,0,1,0,2,0,2,5,11
209,0,2,1,4,0,0,5,3,2,2,7,2,6,7,0,0,3,2,8,2,2,7,3,2,5,3,7,5,5,1
165,0,0,1,0,0,2,11,3,6,2,2,4,5,1,0,0,3,2,2,1,1,4,3,2,5,3,0,2,5,1
260,6,0,1,4,0,2,17,3,5,2,4,4,5,7,0,0,3,2,2,2,1,2,0,0,4,2,0,2,5,1
260,6,2,1,1,2,4,17,3,0,2,6,0,5,7,0,0,3,2,1,2,1,2,0,1,0,2,0,2,5,4
67,1,1,1,7,4,6,0,3,5,2,2,4,5,0,0,0,3,2,8,1,1,2,3,2,5,3,0,2,5,0
180,6,3,1,4,0,3,0,3,6,3,6,4,5,1,0,0,3,2,8,1,1,3,1,0,0,2,0,2,5,9
985,3,0,1,4,4,6,5,3,6,2,6,7,5,7,0,3,3,4,8,1,1,2,3,2,5,3,3,2,5,2
462,2,4,1,4,0,0,0,3,6,3,9,2,5,7,5,0,3,2,8,2,1,2,3,2,5,3,7,5,5,9
462,2,1,1,4,2,1,10,3,2,3,6,2,5,7,0,0,3,2,8,2,1,2,2,1,1,2,3,2,5,10
141,2,0,1,7,0,7,0,3,2,3,9,4,5,0,0,0,3,2,8,2,2,2,0,1,3,2,0,2,5,13
141,2,2,1,4,0,3,11,3,1,3,6,0,5,0,0,0,3,2,8,2,2,4,3,2,5,3,7,5,5,12
141,2,2,1,4,2,1,5,3,1,2,6,0,5,0,0,0,3,2,8,2,2,13,3,2,5,3,7,5,5,1
300,0,2,1,4,0,2,0,4,6,2,7,2,5,7,0,0,3,2,8,2,2,2,1,0,4,2,0,2,5,13
300,0,3,1,4,0,1,4,3,5,2,7,2,5,7,0,0,3,2,1,2,2,9,0,1,1,2,0,2,5,10
223,0,0,1,4,0,0,10,3,3,2,9,2,5,1,0,0,3,2,1,2,1,2,3,2,5,3,0,2,5,3
223,0,4,1,4,0,2,10,3,5,3,2,2,5,1,0,0,3,2,8,2,1,3,0,1,1,2,3,2,5,10
589,2,2,1,4,0,1,17,0,5,2,2,0,5,0,0,0,0,2,8,1,1,3,2,1,1,2,0,2,5,9
537,5,0,1,1,0,2,3,3,1,2,9,0,5,3,0,0,3,2,8,2,2,2,2,1,4,2,3,2,6,10
537,5,0,1,0,2,2,5,3,6,2,6,2,6,3,0,0,3,2,8,2,2,4,2,1,0,2,0,2,6,9
673,0,1,1,4,0,1,4,3,2,2,6,2,6,7,0,0,0,2,8,2,1,2,3,2,5,3,0,2,5,11
673,0,0,1,4,0,1,5,3,1,3,9,2,5,7,0,0,0,2,8,2,1,2,0,1,1,2,7,5,5,0
881,3,0,1,4,0,1,9,3,2,3,2,7,5,1,0,3,3,4,8,1,1,2,0,1,0,2,7,5,5,10
157,2,0,1,4,0,2,17,3,6,3,7,2,5,0,0,0,3,2,8,2,2,2,1,0,0,2,3,2,5,13
157,2,0,1,4,0,0,15,3,6,3,6,2,5,0,0,0,3,2,8,2,2,2,3,2,5,3,0,2,5,10
398,5,1,1,4,2,1,17,3,6,3,7,2,5,7,0,0,3,2,8,1,1,2,2,1,3,2,0,2,6,11
160,5,4,0,2,2,1,0,3,6,3,7,2,5,1,0,0,3,2,8,2,1,2,0,1,1,2,3,2,5,9
160,5,2,1,7,0,6,17,3,6,3,14,6,5,1,0,0,3,2,8,2,1,2,3,2,5,3,0,2,5,11
141,1,4,1,4,2,0,5,0,1,3,9,2,9,7,0,0,3,7,8,2,1,4,0,1,1,2,0,2,5,10
141,1,4,1,4,4,4,0,3,4,3,2,4,5,7,0,0,3,7,8,2,1,2,3,2,5,3,7,2,5,11
913,3,4,1,2,0,0,0,4,6,3,7,4,5,1,0,3,3,4,8,2,1,5,0,1,4,2,0,2,5,3
913,3,1,1,0,0,0,5,3,5,3,7,1,5,1,0,3,3,4,8,2,1,2,3,2,5,3,3,2,5,7
705,5,1,1,4,0,3,0,3,5,2,9,2,5,0,0,0,0,2,8,2,1,2,2,1,0,1,3,2,1,3
705,5,0,1,2,0,0,0,3,5,3,6,1,5,0,0,0,0,2,8,2,1,2,2,0,4,2,7,2,6,0
408,6,2,1,4,0,1,0,3,5,2,4,2,5,1,0,0,3,2,8,2,1,10,2,0,0,2,3,2,6,12
408,6,2,1,0,1,1,15,0,6,2,9,0,5,1,0,0,3,2,8,2,1,2,3,2,5,3,0,2,5,1
264,2,0,1,2,0,3,17,3,6,2,6,5,5,7,0,0,3,2,8,1,1,2,0,1,1,2,0,2,5,1
867,6,4,0,1,0,2,17,3,1,3,7,6,5,7,0,3,3,3,2,2,1,2,3,2,5,3,7,2,5,10
867,6,0,1,2,0,0,0,3,5,3,2,7,5,7,0,3,3,3,2,2,1,2,0,0,0,2,0,2,5,10
253,1,3,1,2,0,2,8,3,3,3,4,6,5,3,0,0,3,2,8,2,1,9,2,1,0,2,0,2,0,0
253,1,2,1,2,0,1,17,3,5,2,1,1,5,3,0,0,3,2,8,2,1,2,3,2,5,3,0,2,5,1
623,3,1,1,4,0,0,0,3,5,2,0,4,5,2,0,0,3,2,8,2,1,2,0,1,1,2,3,2,5,12
623,3,0,1,0,0,3,9,3,5,2,7,2,5,2,0,0,3,2,8,2,1,3,0,0,0,2,0,2,5,0
744,0,3,1,0,0,1,10,3,5,3,7,2,5,1,0,3,0,4,2,1,2,2,3,2,5,3,0,2,5,12
744,0,3,1,1,0,2,4,3,5,2,4,2,9,1,0,3,0,4,8,1,2,3,0,1,2,2,7,2,5,9
205,6,0,1,1,0,0,14,0,1,3,7,2,5,7,0,3,3,4,2,2,1,2,3,2,5,3,0,2,5,18
205,6,0,1,4,0,6,12,0,6,3,6,7,5,7,0,3,3,4,2,2,1,2,3,2,5,3,7,5,5,10
632,4,2,1,7,4,6,14,3,5,3,14,7,5,1,0,0,3,2,1,3,1,2,0,1,0,2,7,5,5,10
632,4,1,1,1,0,2,0,3,6,3,6,2,5,1,0,0,3,2,8,3,1,2,3,2,5,3,7,5,5,10
632,4,1,1,4,0,1,0,3,6,3,6,4,5,1,0,0,3,2,2,3,1,10,0,1,1,1,3,2,5,0
326,6,1,1,4,0,2,7,1,5,3,7,7,5,1,0,0,3,2,8,2,2,2,3,2,5,3,3,2,5,12
326,6,1,1,2,0,1,15,0,1,3,7,7,5,1,0,0,3,2,8,2,2,2,0,1,1,2,0,2,5,2
83,4,1,1,4,0,0,0,3,5,2,7,4,5,0,0,0,3,2,8,2,2,2,0,1,1,2,3,2,5,16
83,4,2,1,4,0,0,14,3,3,3,7,7,5,0,0,0,3,2,8,2,2,2,2,0,0,1,0,2,0,13
83,4,2,1,4,0,2,0,4,6,3,9,4,5,0,0,0,3,2,8,2,2,2,3,2,5,3,3,2,5,0
1029,4,0,1,3,0,7,9,3,1,2,2,4,5,7,0,0,3,2,8,2,2,2,0,1,0,2,1,2,5,11
1029,4,0,1,4,0,2,17,3,1,3,6,0,5,7,0,0,3,2,2,2,2,8,2,1,0,2,0,2,6,0
1020,3,0,1,4,0,0,0,3,1,3,2,7,5,1,0,3,3,2,8,1,1,9,2,1,1,2,0,2,6,10
280,1,1,1,4,0,1,5,3,1,3,7,2,5,1,0,3,3,7,2,2,1,1,2,1,0,2,0,2,6,9
280,1,3,1,4,0,3,17,3,6,3,14,7,5,1,0,3,3,7,8,2,1,3,0,1,0,2,0,2,5,0
724,2,3,1,4,2,2,11,3,0,3,12,7,3,7,0,0,0,2,8,2,2,3,3,2,5,3,0,2,5,13
724,2,0,1,2,0,0,17,3,2,3,6,2,6,7,0,0,0,2,8,2,2,2,0,1,0,2,0,2,5,10
334,1,0,1,4,0,3,9,3,4,3,7,7,3,5,0,0,3,2,2,1,1,9,3,2,5,3,3,2,5,9
899,6,4,0,4,0,0,9,3,5,3,6,4,5,1,0,0,3,2,2,2,1,2,1,0,0,1,3,2,5,10
899,6,1,1,4,0,1,0,3,6,3,7,4,5,1,0,0,3,2,8,2,1,2,2,1,4,2,3,2,0,0
277,0,2,1,4,0,3,17,3,1,3,7,2,5,1,0,0,3,2,8,2,2,10,3,2,5,3,0,2,5,0
277,0,2,1,4,0,1,0,3,6,3,6,4,5,1,0,0,3,2,8,2,2,2,0,0,1,2,7,2,5,11
277,0,4,1,1,0,2,5,3,6,2,7,0,5,1,0,0,3,2,8,2,2,2,3,2,5,3,7,2,5,0
404,2,0,1,7,4,6,9,3,6,3,2,7,5,1,0,0,3,2,8,2,2,10,0,1,0,2,3,2,5,3
404,2,1,1,1,0,0,4,3,6,2,6,2,5,1,0,0,3,2,8,2,2,8,3,2,5,3,0,2,5,3
1060,1,4,0,1,0,2,0,3,3,2,6,2,5,1,0,0,3,2,8,2,1,2,0,1,0,2,1,2,5,11
1060,1,0,1,1,0,2,0,3,1,3,7,4,7,1,0,0,3,2,2,2,1,3,0,1,0,2,2,2,5,7
285,3,4,1,4,0,0,0,3,1,3,9,4,5,1,0,0,3,7,2,2,2,1,3,2,5,3,0,2,5,10
285,3,4,1,4,0,2,1,3,5,2,9,4,5,1,0,0,3,7,2,2,2,2,0,1,1,2,0,2,5,0
285,3,4,0,4,0,2,9,3,2,1,14,2,5,1,0,0,3,7,8,2,2,2,3,2,5,3,0,2,5,12
19,6,4,1,4,0,1,4,3,5,1,7,7,5,7,0,3,0,4,8,2,4,9,3,2,5,3,7,2,5,10
19,6,3,1,4,0,0,17,3,5,2,6,6,3,7,0,3,0,4,8,2,4,3,0,1,1,2,1,2,5,11
19,6,3,1,4,0,2,17,0,5,2,12,0,5,7,0,3,0,4,8,2,4,2,0,1,1,2,7,2,5,11
19,6,3,1,4,0,4,0,3,5,2,7,2,3,7,0,3,0,4,1,2,4,3,3,2,5,3,7,2,5,12
19,6,3,1,4,0,2,4,3,2,2,7,2,8,7,0,3,0,4,1,2,4,2,3,2,5,3,7,2,5,3
917,4,0,1,4,2,2,5,0,5,2,2,2,5,7,0,0,3,2,8,2,1,13,0,1,1,1,7,5,5,1
917,4,2,1,7,2,2,8,4,6,3,6,6,6,7,0,0,3,2,8,2,1,2,3,2,5,3,0,2,5,0
709,0,0,1,4,0,2,4,3,6,3,7,2,6,7,2,0,0,2,8,4,1,13,0,1,0,2,3,2,5,9
709,0,1,1,2,0,1,14,0,6,2,9,0,5,7,0,0,0,2,8,4,1,2,3,2,5,3,7,5,5,3
709,0,0,1,0,0,2,7,3,6,3,6,2,5,7,0,0,0,2,8,4,1,13,0,0,0,2,0,2,5,4
709,0,0,1,4,0,3,7,3,6,3,6,4,5,7,0,0,0,2,8,4,1,2,3,2,5,3,0,2,5,4
170,1,2,1,4,0,4,4,3,4,3,6,2,5,1,0,0,3,2,8,2,1,2,0,1,0,2,0,2,5,11
170,1,0,1,1,0,2,17,1,0,3,2,6,5,1,0,0,3,2,8,2,1,2,0,1,0,2,0,2,5,0
243,6,1,1,1,0,1,0,3,6,3,6,2,5,1,0,0,3,2,8,2,1,2,3,2,5,3,3,2,5,1
243,6,0,1,4,0,1,5,3,0,3,6,2,6,1,0,0,3,2,8,2,1,2,3,2,5,3,7,5,5,3
369,0,3,1,4,0,0,7,3,6,3,6,2,6,7,0,3,3,4,2,2,1,4,0,1,1,1,7,5,5,10
369,0,4,1,4,0,1,5,3,2,2,6,2,5,7,0,3,3,4,6,2,1,4,3,2,5,3,0,2,5,7
448,1,1,1,4,0,1,0,3,6,2,7,2,5,0,0,0,3,2,8,2,2,2,0,1,3,1,0,2,5,5
448,1,0,1,4,0,3,8,3,6,2,9,0,5,0,0,0,3,2,8,2,2,2,3,2,5,3,7,5,5,1
448,1,0,1,2,0,4,5,3,6,2,2,4,5,0,0,0,3,2,8,2,2,1,0,1,0,2,3,2,5,3
532,5,2,1,4,0,1,10,3,6,2,7,2,5,7,0,0,3,2,8,2,2,2,3,2,5,3,7,5,5,9
532,5,1,1,2,0,3,3,3,6,2,1,2,5,7,0,0,3,2,8,2,2,2,2,1,0,2,7,5,6,18
347,4,4,0,4,0,3,0,4,6,3,14,6,5,7,0,0,3,2,2,1,1,2,2,1,1,2,0,2,7,1
1033,4,2,1,2,0,2,0,3,5,2,4,4,6,7,0,0,3,2,2,2,1,2,0,1,1,2,0,2,5,3
1033,4,0,1,4,0,3,7,3,6,2,7,2,5,7,0,0,3,2,8,2,1,2,3,2,5,3,0,2,5,12
1024,0,1,1,4,0,0,17,3,5,3,7,7,5,7,0,3,3,4,2,2,1,1,3,2,5,3,0,2,5,9
1024,0,1,1,4,0,1,3,3,2,2,2,7,5,7,0,3,3,4,8,2,1,2,0,1,0,2,0,2,5,0
1005,6,2,1,1,0,1,9,3,2,2,2,4,5,7,0,0,3,2,8,2,1,2,2,1,4,2,0,2,6,17
1005,6,0,1,1,1,2,9,3,6,2,7,2,5,7,0,0,3,2,8,2,1,4,0,1,0,1,3,2,5,10
7,3,1,1,4,0,2,7,3,6,2,7,1,5,1,0,0,0,2,8,2,1,2,2,1,0,1,0,2,2,3
7,3,0,1,2,2,2,7,0,1,3,1,2,5,1,0,0,0,2,8,2,1,2,1,0,0,2,0,2,5,10
379,6,0,1,4,0,3,7,3,1,3,7,4,5,1,0,3,3,4,8,3,1,2,3,2,5,3,7,5,5,0
379,6,1,1,4,0,4,9,3,2,3,6,4,5,1,0,3,3,4,1,3,1,2,0,0,0,2,0,2,5,11
379,6,1,1,4,1,4,5,3,2,2,2,2,5,1,0,3,3,4,8,3,1,2,0,1,0,2,0,2,5,10
458,5,1,1,4,0,3,7,3,1,3,6,2,5,1,0,0,3,2,2,2,1,7,2,0,3,2,1,2,6,10
458,5,4,1,2,2,2,9,4,6,2,6,4,7,1,0,0,3,2,8,2,1,4,3,2,5,3,7,5,5,0
309,6,4,1,1,2,2,7,3,1,2,7,4,5,1,0,0,3,2,2,2,4,2,0,0,0,2,0,2,5,10
309,6,0,1,4,0,1,4,0,6,3,9,2,5,1,0,0,3,2,8,2,4,2,2,1,1,2,3,2,1,0
309,6,0,1,4,0,1,7,3,1,2,6,2,6,1,0,0,3,2,8,2,4,2,2,0,0,2,3,2,1,10
309,6,0,1,0,0,2,7,3,1,3,9,7,5,1,0,0,3,2,1,2,4,2,2,1,3,2,1,2,6,10
309,6,0,1,4,2,1,7,3,5,2,9,2,5,1,0,0,3,2,8,2,4,2,2,1,1,2,0,2,1,10
280,0,4,1,7,4,6,8,3,6,2,7,0,5,0,0,0,3,7,8,2,2,2,2,1,0,2,0,2,6,0
280,0,0,1,4,0,1,0,3,6,2,3,1,5,0,0,0,3,7,8,2,2,2,0,1,1,2,1,2,5,1
280,0,0,1,4,0,2,7,0,6,2,7,4,5,0,0,0,3,7,8,2,2,2,3,2,5,3,3,2,5,9
916,6,0,1,4,0,1,5,3,6,2,7,4,5,1,0,0,3,2,1,1,1,2,2,0,0,2,0,2,6,1
191,6,4,0,1,0,0,10,3,6,2,1,1,6,0,0,0,3,2,8,2,2,3,2,1,1,1,0,2,6,10
191,6,2,1,2,0,6,0,3,6,2,7,4,5,0,0,0,3,2,8,2,2,3,0,1,1,2,3,2,5,16
191,6,2,1,4,2,0,8,3,6,2,7,4,5,0,0,0,3,2,8,2,2,9,3,2,5,3,0,2,5,13
699,3,2,1,4,0,1,5,3,6,2,7,4,5,0,0,0,0,2,8,2,2,4,3,2,5,3,0,2,5,13
699,3,3,1,4,0,0,9,3,4,2,6,2,5,0,0,0,0,2,2,2,2,4,0,1,0,2,0,2,5,1
4,2,0,1,1,0,3,7,3,1,2,7,2,6,7,0,0,0,2,8,1,1,2,0,1,0,2,3,2,5,11
595,3,3,1,4,0,1,5,3,6,2,9,2,5,1,0,3,0,2,8,1,1,2,3,2,5,3,1,2,5,12
267,2,4,0,4,0,1,8,3,2,2,7,4,5,3,0,0,3,2,8,3,1,4,3,2,5,3,7,5,5,0
267,2,1,1,4,0,1,7,3,5,2,7,4,5,3,0,0,3,2,8,3,1,4,0,1,2,2,3,2,5,0
267,2,2,1,4,0,1,5,3,6,3,2,4,5,3,0,0,3,2,2,3,1,2,3,2,5,3,0,2,5,16
246,5,4,1,1,0,1,12,3,0,0,6,4,5,1,0,0,3,2,8,2,1,7,0,0,2,2,0,2,5,10
246,5,1,1,4,0,1,0,3,3,2,12,7,5,1,0,0,3,2,8,2,1,4,2,1,1,2,0,2,6,12
944,4,0,1,1,0,2,0,3,1,2,7,4,5,1,0,3,3,2,8,4,1,9,2,0,0,2,0,2,1,1
944,4,4,1,1,0,1,14,3,0,2,6,4,5,1,0,3,3,2,8,4,1,2,3,2,5,3,3,2,5,0
944,4,4,1,4,0,3,7,3,0,2,9,7,3,1,0,3,3,2,8,4,1,2,0,1,0,2,0,2,5,10
944,4,4,1,4,0,3,5,3,0,2,4,1,5,1,0,3,3,2,8,4,1,2,0,1,1,2,0,2,5,3
555,6,4,1,2,0,3,5,3,1,2,7,4,5,7,0,3,3,8,8,2,1,2,3,2,5,3,7,5,5,11
555,6,0,1,4,0,2,3,3,0,2,9,4,5,7,0,3,3,8,8,2,1,2,0,1,0,2,3,2,5,3
646,5,1,1,4,2,1,14,3,0,2,1,2,5,1,0,0,3,2,8,2,2,2,3,2,5,3,0,2,5,9
646,5,2,1,1,0,0,9,3,5,1,6,7,5,1,0,0,3,2,8,2,2,2,0,0,1,2,0,2,5,10
288,6,3,1,4,0,1,0,3,6,2,5,2,5,0,0,0,3,2,8,3,1,2,0,0,0,2,0,2,5,10
288,6,1,1,4,0,2,9,3,0,2,5,2,5,0,0,0,3,2,2,3,1,2,2,0,0,2,2,2,6,10
288,6,1,1,7,4,6,5,3,0,2,5,4,5,0,0,0,3,2,2,3,1,4,0,1,0,2,1,2,5,0
238,3,0,1,1,2,2,0,0,4,2,5,4,5,1,0,0,3,2,2,1,1,2,3,2,5,3,0,2,5,0
550,1,4,1,2,1,3,5,3,6,2,5,7,3,5,0,0,0,2,1,2,1,2,1,0,3,2,3,2,5,9
550,1,3,1,4,0,3,5,3,6,2,12,7,3,5,0,0,0,2,8,2,1,3,2,1,0,1,0,2,6,1
195,5,4,1,4,0,0,8,3,3,2,5,2,5,7,0,0,3,3,8,1,1,2,0,1,3,2,7,5,5,12
736,1,0,1,2,2,6,7,3,6,2,5,4,5,1,0,3,0,4,1,2,1,3,0,1,0,2,0,2,5,9
736,1,3,1,4,0,1,0,3,6,2,5,2,0,1,0,3,0,4,8,2,1,4,2,0,1,2,0,2,6,3
1031,3,2,1,4,0,2,0,3,1,2,5,2,7,1,0,0,3,2,8,2,1,2,0,1,1,2,3,2,5,3
1031,3,2,1,4,0,1,4,3,1,2,6,4,7,1,0,0,3,2,8,2,1,7,3,2,5,3,3,2,5,5
165,5,4,1,4,0,3,1,3,1,2,5,4,7,7,0,0,3,2,8,3,2,2,3,2,5,3,0,2,5,11
165,5,1,1,1,0,2,0,3,6,2,5,4,7,7,0,0,3,2,8,3,2,4,0,1,1,2,0,2,5,12
165,5,3,1,4,0,2,5,3,1,2,5,4,5,7,0,0,3,2,8,3,2,4,1,0,1,2,3,2,5,3
129,6,2,1,0,0,0,4,3,6,2,6,4,5,1,0,0,3,4,2,1,1,4,3,2,5,3,0,2,5,9
29,5,1,1,1,0,3,4,3,6,2,1,4,5,1,0,3,0,2,1,1,1,8,2,1,1,2,3,2,3,3
516,3,0,1,1,0,2,0,3,3,2,6,4,5,7,0,0,3,2,8,2,1,4,0,1,1,2,0,2,5,12
516,3,0,1,1,0,1,17,3,1,2,7,2,6,7,0,0,3,2,8,2,1,4,3,2,5,3,0,2,5,1
1006,1,4,1,1,0,1,0,3,3,2,9,2,5,1,0,0,3,7,2,1,1,4,0,1,0,2,0,2,5,0
725,5,0,1,4,0,2,10,3,3,2,9,7,5,1,0,0,0,2,8,1,2,2,3,2,5,3,0,2,5,12
725,5,0,1,4,0,0,9,3,6,2,9,4,5,1,0,0,0,2,8,1,2,2,3,2,5,3,0,2,5,3
958,0,4,1,4,0,2,7,3,3,2,7,4,5,7,0,0,3,2,8,2,1,2,0,1,0,2,7,5,5,9
958,0,1,1,4,0,2,0,3,6,2,6,2,5,7,0,0,3,2,8,2,1,2,3,2,5,3,0,2,5,10
448,5,0,1,0,0,2,0,3,6,3,7,2,5,1,0,0,3,2,8,1,1,2,0,0,1,1,0,2,5,0
304,0,1,1,4,0,3,10,3,3,3,7,7,5,3,0,0,3,2,8,1,1,2,2,0,1,2,7,5,6,0
642,5,4,1,1,0,1,10,3,2,3,6,2,5,0,0,0,3,2,8,2,3,2,0,1,1,2,3,2,5,10
642,5,0,1,4,0,2,0,3,4,3,2,7,5,0,0,0,3,2,8,2,3,2,3,2,5,3,0,2,5,0
642,5,0,1,7,4,6,7,3,5,2,7,2,5,0,5,0,3,2,2,2,3,2,3,2,5,3,0,2,5,3
642,5,0,1,4,0,2,8,3,6,3,7,1,5,0,0,0,3,2,2,2,3,2,0,0,4,2,3,2,5,0
306,4,1,1,4,0,6,5,3,6,3,6,0,5,5,0,0,3,2,2,3,1,2,0,1,3,1,0,2,5,10
306,4,0,1,4,0,6,0,3,6,3,6,1,6,5,0,0,3,2,8,3,1,7,3,2,5,3,1,2,5,1
306,4,4,1,4,0,0,0,3,6,3,6,4,5,5,0,0,3,2,1,3,1,2,0,1,1,2,0,2,5,10
268,3,1,1,0,2,2,5,3,6,2,6,0,5,7,0,0,3,2,8,2,1,4,3,2,5,3,0,2,5,4
268,3,0,1,4,0,1,17,3,5,3,14,2,5,7,0,0,3,2,1,2,1,13,0,1,1,2,7,5,5,10
305,5,2,1,4,2,2,7,3,4,3,6,4,5,7,0,0,3,2,8,2,1,1,3,2,5,3,0,2,5,16
305,5,0,1,2,0,1,0,3,5,3,7,6,5,7,0,0,3,2,1,2,1,2,0,1,0,2,0,2,5,5
794,3,4,1,4,0,3,0,3,6,3,7,0,5,1,0,0,0,2,8,4,2,2,3,2,5,3,0,2,5,11
794,3,1,1,4,0,4,0,0,5,3,7,2,5,1,0,0,0,2,8,4,2,2,1,1,3,2,0,2,5,9
794,3,4,1,4,0,4,0,3,6,3,6,6,5,1,0,0,0,2,8,4,2,2,2,1,0,2,7,5,1,1
794,3,4,0,7,2,6,5,3,6,3,6,6,5,1,0,0,0,2,8,4,2,9,0,1,0,2,0,2,5,0
309,5,3,1,4,0,1,7,3,6,3,6,2,5,7,0,0,3,2,8,1,1,0,3,2,5,3,1,2,5,1
672,0,1,1,7,4,6,8,0,6,2,6,2,5,3,0,0,0,2,8,2,1,0,0,0,1,2,7,5,5,5
672,0,3,1,1,0,5,14,3,1,3,2,4,5,3,0,0,0,2,8,2,1,0,3,2,5,3,0,2,5,12
41,4,0,1,4,0,3,7,0,6,3,6,2,5,7,0,0,3,2,8,2,1,0,1,1,4,2,7,5,5,12
41,4,0,1,4,2,3,8,0,5,3,9,2,5,7,0,0,3,2,8,2,1,4,2,1,0,2,0,2,6,0
769,0,0,1,4,0,3,14,3,6,3,12,2,5,7,0,0,0,2,8,2,2,0,3,2,5,3,0,2,5,1
769,0,0,1,4,0,3,5,3,5,3,6,4,5,7,0,0,0,2,8,2,2,9,3,2,5,3,3,2,5,1
769,0,0,1,4,2,2,0,3,2,3,7,4,5,7,0,0,0,2,8,2,2,0,3,2,5,3,0,2,5,0
1032,5,1,1,4,0,4,17,3,6,3,7,0,5,1,0,0,3,2,6,1,1,0,0,1,0,2,1,2,5,0
525,6,0,1,4,0,1,0,0,6,2,7,0,5,7,0,0,3,2,2,2,1,0,0,1,1,2,0,2,5,7
525,6,1,1,4,0,6,0,3,2,2,7,2,5,7,0,0,3,2,8,2,1,0,1,1,1,2,7,5,5,16
114,0,4,1,0,0,0,16,3,5,2,6,0,6,7,0,0,3,2,8,2,1,0,2,1,3,2,0,2,0,0
114,0,1,2,4,0,0,17,3,6,3,6,2,5,7,0,0,3,2,8,2,1,4,2,0,3,2,3,2,2,5
559,1,4,0,4,0,0,14,3,6,3,6,6,6,0,0,3,0,4,1,1,1,2,0,1,0,2,7,5,5,3
384,1,0,1,5,0,2,0,3,6,3,6,6,6,1,0,0,3,2,1,1,1,2,3,2,5,3,3,2,5,9
433,3,4,1,4,0,3,0,3,6,3,6,1,5,1,0,0,3,7,8,2,1,4,0,1,0,2,3,2,5,10
433,3,2,1,4,0,3,0,4,6,3,6,2,5,1,3,0,3,7,8,2,1,2,3,2,5,3,7,5,5,12
53,3,3,1,4,0,2,8,3,6,3,6,6,5,1,0,0,3,2,1,2,1,2,2,1,4,2,0,2,6,17
53,3,4,1,4,0,1,5,3,2,3,7,4,5,1,0,0,3,2,1,2,1,2,3,2,5,3,0,2,5,0
530,3,3,1,4,0,4,5,3,6,2,7,2,5,1,0,3,3,2,1,1,4,2,0,1,2,2,2,2,5,10
530,3,3,1,4,0,0,0,4,1,2,9,2,5,1,0,3,3,2,8,1,4,2,0,0,1,2,3,2,5,9
530,3,3,1,4,0,2,5,3,6,2,7,2,5,1,0,3,3,2,2,1,4,7,3,2,5,3,3,2,5,12
530,3,3,1,4,0,4,5,3,2,2,7,2,5,1,0,3,3,2,8,1,4,3,3,2,5,3,0,2,5,12
712,0,4,0,1,0,2,5,0,6,2,7,2,5,7,0,0,0,2,8,2,1,5,0,1,0,2,1,2,5,10
712,0,4,1,4,0,1,5,3,2,3,7,4,5,7,0,0,0,2,2,2,1,2,0,1,1,2,7,5,5,10
994,0,4,1,4,0,2,0,3,6,3,4,4,5,3,0,0,3,2,8,1,1,2,3,2,5,3,0,2,5,16
438,6,4,2,1,0,2,0,3,2,3,4,4,5,1,1,0,3,2,8,1,1,2,3,2,5,3,0,2,5,5
176,5,4,1,4,0,3,0,3,6,2,2,0,5,1,0,3,3,4,8,2,1,2,0,0,0,2,0,2,5,1
176,5,2,1,4,0,0,10,3,6,2,7,4,5,1,0,3,3,4,8,2,1,2,0,1,1,2,3,2,5,0
315,2,0,1,2,0,4,0,3,3,3,7,4,5,1,0,0,3,2,1,1,1,2,3,2,5,3,7,2,5,3
900,1,1,1,1,0,3,10,3,5,2,6,4,5,0,0,3,0,4,6,2,1,2,0,1,1,2,2,2,5,9
900,1,1,2,2,2,0,10,3,5,2,6,4,5,0,0,3,0,4,8,2,1,2,3,2,5,3,0,2,5,9
1009,4,1,1,4,0,1,0,0,4,3,9,2,5,3,0,0,3,2,8,2,2,2,3,2,5,3,0,2,5,1
1009,4,3,1,7,0,2,4,3,5,2,4,4,5,3,0,0,3,2,8,2,2,2,0,1,0,2,0,2,5,12
1009,4,3,1,2,2,1,0,3,6,2,6,4,5,3,0,0,3,2,2,2,2,2,0,1,0,2,7,5,5,2
959,4,0,1,2,0,3,5,3,6,2,7,4,5,7,0,0,3,2,8,2,1,4,3,2,5,3,0,2,5,5
959,4,0,1,4,0,0,7,3,6,3,7,2,5,7,0,0,3,2,6,2,1,2,0,1,1,2,0,2,5,1
432,6,2,1,1,0,0,8,3,6,2,9,4,5,7,0,0,3,2,2,1,1,3,1,1,1,2,7,5,5,3
721,0,4,1,2,0,0,4,3,6,3,6,2,5,7,0,0,0,7,8,2,2,4,0,1,1,2,0,2,5,10
721,0,0,1,0,0,2,6,1,6,3,9,7,5,7,0,0,0,7,8,2,2,2,1,1,0,2,0,2,5,0
721,0,0,1,7,4,6,8,3,6,3,6,2,5,7,0,0,0,7,8,2,2,2,0,1,1,2,3,2,5,10
335,4,1,1,4,0,2,4,4,6,3,2,2,5,1,0,0,3,2,8,1,1,2,3,2,5,3,0,2,5,10
759,5,0,1,1,2,2,4,1,2,3,9,2,5,3,0,0,0,2,8,2,2,2,0,1,0,2,0,2,5,7
759,5,0,1,1,0,2,0,3,3,3,12,7,5,3,0,0,0,2,8,2,2,2,1,1,0,2,0,2,5,16
336,2,0,1,2,2,2,0,3,2,3,3,7,3,1,0,0,3,2,1,2,1,2,0,1,0,2,0,2,5,3
336,2,1,1,4,0,2,7,3,1,3,7,4,5,1,0,0,3,2,8,2,1,2,3,2,5,3,0,2,5,5
1056,2,4,0,4,2,0,7,3,6,3,12,0,5,1,0,0,3,2,8,2,1,2,3,2,5,3,0,2,5,9
1056,2,1,1,4,0,1,0,3,3,2,7,7,5,1,0,0,3,2,2,2,1,2,0,0,1,2,0,2,5,17
443,4,1,1,4,2,2,15,3,2,3,4,4,5,1,0,0,3,2,8,2,2,4,1,0,0,1,7,5,5,5
443,4,2,1,4,2,3,7,3,5,2,2,2,5,1,0,0,3,2,8,2,2,7,0,1,0,2,0,2,5,1
418,0,1,1,2,0,2,15,3,6,2,6,2,5,1,0,0,3,2,8,2,3,4,3,2,5,3,7,5,5,0
418,0,1,1,2,2,1,4,3,6,2,7,2,5,1,0,0,3,2,2,2,3,4,1,0,3,2,0,2,5,10
418,0,1,1,4,0,2,0,3,6,2,6,0,5,1,0,0,3,2,8,2,3,7,0,0,0,2,2,2,5,10
219,3,1,1,1,0,1,7,3,6,2,6,0,5,7,0,0,3,2,8,1,1,2,3,2,5,3,3,2,5,12
888,6,2,1,1,0,2,0,0,6,2,6,0,5,5,0,3,0,4,8,2,2,2,2,1,3,1,0,2,0,9
888,6,1,1,4,0,0,0,3,6,2,9,0,5,5,0,3,0,4,8,2,2,2,2,0,1,2,7,5,1,9
655,3,3,1,4,0,2,0,3,6,2,6,0,5,7,0,0,0,2,8,2,1,2,0,1,0,2,3,2,5,7
655,3,1,1,7,4,6,0,3,1,3,7,4,5,7,0,0,0,2,8,2,1,9,3,2,5,3,7,5,5,0
750,2,0,1,1,0,3,5,3,1,3,4,1,9,1,0,0,0,2,8,1,3,2,2,0,0,2,7,5,0,0
750,2,0,1,1,0,4,7,3,6,2,7,1,5,1,0,0,0,2,2,1,3,2,0,0,4,2,0,5,5,12
750,2,0,1,4,0,1,8,3,6,2,6,0,5,1,0,0,0,2,8,1,3,2,3,2,5,3,7,5,5,1
466,4,0,1,1,2,0,8,0,5,3,6,2,5,1,0,0,3,2,8,2,1,2,0,1,1,1,5,2,5,1
466,4,1,1,4,2,2,0,0,6,2,14,0,5,1,0,0,3,2,8,2,1,2,3,2,5,3,0,2,5,3
1044,3,1,1,4,0,1,3,3,6,3,7,6,5,3,0,0,3,2,8,2,1,3,3,2,5,3,0,2,5,0
1044,3,2,1,4,0,1,0,3,5,3,6,0,5,3,0,0,3,2,8,2,1,2,0,0,0,1,0,2,5,1
37,4,0,1,2,0,1,10,3,6,2,6,2,5,1,0,0,0,2,8,1,2,2,0,1,0,2,7,5,5,5
37,4,0,1,4,0,3,5,3,2,3,6,4,5,1,0,0,0,2,8,1,2,9,3,2,5,3,0,2,5,3
972,4,4,1,4,0,1,10,3,6,3,7,4,5,1,0,0,3,2,2,2,1,2,2,0,3,2,0,2,7,10
972,4,3,1,4,0,0,7,3,6,2,7,4,5,1,0,0,3,2,6,2,1,2,1,1,1,1,3,2,5,12
565,4,4,1,4,0,1,5,3,6,2,1,4,5,7,0,3,0,2,8,2,1,2,0,1,1,2,0,2,5,12
565,4,1,1,4,0,2,5,3,6,2,2,4,5,7,0,3,0,2,8,2,1,2,3,2,5,3,7,5,5,12
405,0,2,1,4,0,0,3,2,0,2,1,7,5,0,0,0,3,2,8,2,2,2,0,1,1,2,6,2,5,0
405,0,1,1,1,0,0,8,3,2,2,12,7,5,0,0,0,3,2,8,2,2,2,3,2,5,3,0,2,5,9
405,0,1,1,4,0,1,8,3,6,2,2,0,5,0,0,0,3,2,8,2,2,3,2,0,0,2,7,5,6,3
278,5,0,1,4,0,3,5,3,2,3,6,6,5,1,0,3,3,2,8,1,1,2,2,1,1,2,0,2,6,5
170,2,1,1,4,0,4,5,3,1,3,9,1,3,1,0,0,3,2,8,2,1,2,2,0,1,2,2,2,0,1
170,2,4,0,4,0,3,0,3,6,2,7,1,5,1,0,0,3,2,8,2,1,2,2,1,4,2,2,2,4,12
602,3,1,1,1,2,2,7,3,6,2,7,4,5,0,0,0,0,2,2,2,2,2,3,2,5,3,3,2,5,1
602,3,0,1,1,0,3,17,0,0,2,4,1,5,0,0,0,0,2,8,2,2,3,0,1,1,2,0,2,5,4
602,3,0,1,4,0,0,7,0,0,2,2,7,3,0,0,0,0,2,8,2,2,2,3,2,5,3,0,2,5,9
334,4,4,0,7,4,6,0,1,0,2,6,7,5,1,0,3,3,3,8,2,1,4,2,0,0,1,0,2,6,12
334,4,3,1,2,2,2,8,3,5,2,6,4,5,1,0,3,3,3,8,2,1,4,1,0,0,2,7,5,5,10
299,6,4,1,1,0,1,0,3,6,3,6,0,5,7,0,3,3,2,1,2,1,2,0,1,0,2,7,5,5,3
299,6,1,1,7,4,6,9,3,1,3,7,2,5,7,0,3,3,2,1,2,1,2,3,2,5,3,0,2,5,0
379,2,1,1,7,4,6,0,3,6,3,6,4,5,7,0,0,3,2,8,1,1,2,2,1,1,2,2,2,6,12
388,1,4,1,2,2,0,7,3,6,2,7,0,5,7,0,3,3,2,8,2,1,2,0,0,0,2,0,2,5,12
388,1,0,1,4,0,0,9,3,3,2,4,2,5,7,0,3,3,2,8,2,1,4,0,1,1,2,7,5,5,10
132,0,4,1,4,0,0,14,3,6,2,9,7,5,7,0,0,3,7,6,2,1,2,3,2,5,3,0,2,5,4
132,0,4,1,4,0,3,5,3,6,2,7,2,5,7,0,0,3,7,8,2,1,1,0,0,1,2,0,2,5,3
429,3,3,1,4,0,0,5,3,2,3,7,1,5,7,0,3,0,4,8,2,1,2,3,2,5,3,1,2,5,3
429,3,1,1,2,2,3,5,3,0,2,7,1,5,7,0,3,0,4,1,2,1,2,0,1,0,2,7,5,5,1
476,5,2,1,4,0,3,0,3,6,3,7,4,5,7,1,3,0,2,8,2,1,2,0,1,0,2,4,2,5,3
476,5,0,1,4,0,0,5,4,6,3,7,2,5,7,0,3,0,2,8,2,1,2,3,2,5,3,0,2,5,0
780,0,4,0,4,0,0,17,0,4,2,9,7,3,7,0,3,0,2,8,1,1,2,2,0,1,2,3,2,1,3
130,1,2,1,2,0,1,9,3,6,2,6,2,5,1,0,0,3,2,1,2,1,2,0,1,1,2,3,2,5,3
130,1,1,1,4,0,1,0,3,6,3,6,2,5,1,0,0,3,2,8,2,1,3,3,2,5,3,0,2,5,5
646,5,4,1,4,0,0,14,3,5,2,7,2,5,1,3,3,0,4,1,1,1,2,2,1,1,2,7,5,8,3
91,1,4,1,1,0,2,0,3,3,2,7,1,5,7,0,0,3,2,8,2,2,4,0,1,0,1,0,2,5,10
91,1,1,1,4,0,2,5,3,6,2,6,2,5,7,0,0,3,2,8,2,2,2,3,2,5,3,0,2,5,3
91,1,1,1,4,0,0,7,3,1,3,6,4,5,7,0,0,3,2,8,2,2,2,3,2,5,3,3,2,5,4
976,2,1,1,1,1,2,8,3,6,2,7,2,5,0,0,0,3,2,8,2,3,2,0,0,0,2,0,2,5,16
976,2,1,1,4,0,1,17,3,6,2,7,2,5,0,0,0,3,2,8,2,3,2,0,1,1,2,7,2,5,10
976,2,1,1,1,0,2,5,0,5,3,9,2,5,0,0,0,3,2,2,2,3,13,1,1,1,2,0,2,5,3
476,2,4,0,4,0,3,0,3,0,2,7,4,5,3,0,0,3,2,8,2,1,3,2,1,1,2,7,5,0,12
476,2,2,1,4,0,3,10,3,6,2,6,4,5,3,0,0,3,2,8,2,1,13,2,1,0,2,0,2,1,12
50,2,4,1,1,2,1,0,3,1,2,6,4,5,1,0,3,3,3,2,2,1,2,3,2,5,3,7,5,5,12
50,2,1,1,1,0,2,5,4,6,3,7,4,5,1,2,3,3,3,8,2,1,2,0,1,1,2,3,3,5,12
607,3,1,1,4,2,0,9,3,5,3,7,6,5,7,0,3,0,2,8,3,3,13,0,1,1,2,0,2,5,10
607,3,1,1,1,0,3,6,3,3,3,7,4,5,7,5,3,0,2,8,3,3,2,3,2,5,3,0,2,5,9
607,3,1,1,4,0,2,9,3,6,2,6,6,5,7,5,3,0,2,8,3,3,2,3,2,5,3,2,2,5,10
607,3,0,1,4,0,1,5,3,3,2,6,2,5,7,0,3,0,2,1,3,3,2,2,1,0,1,7,5,1,0
607,3,4,1,1,0,3,0,3,6,2,7,2,3,7,2,3,0,2,1,3,3,2,0,1,1,2,7,5,5,0
339,5,1,1,4,0,1,5,3,3,2,2,7,5,7,0,0,3,2,8,2,1,2,3,2,5,3,2,2,5,11
339,5,1,1,1,0,3,14,0,6,2,4,4,5,7,0,0,3,2,8,2,1,2,0,1,1,2,0,2,5,9
614,4,0,1,4,0,3,8,1,1,3,7,4,5,3,2,3,0,2,2,2,2,2,2,1,0,2,0,2,1,0
614,4,1,1,4,0,1,0,3,2,2,7,2,5,3,0,3,0,2,8,2,2,4,0,1,1,2,7,5,5,10
53,4,1,1,4,0,3,0,3,0,3,6,4,7,1,0,3,3,8,8,2,1,2,3,2,5,3,0,2,5,12
53,4,0,1,4,0,3,17,3,5,2,7,1,5,1,0,3,3,8,8,2,1,2,0,0,1,2,7,5,5,1
97,4,0,1,4,0,4,7,3,5,2,1,4,3,1,0,3,3,3,8,1,1,2,3,2,5,3,0,2,5,10
232,0,2,1,4,2,3,0,0,5,2,7,2,3,0,0,0,3,2,2,2,1,2,1,0,1,2,0,2,5,10
232,0,2,1,2,1,3,10,0,2,2,2,2,5,0,0,0,3,2,8,2,1,2,2,1,0,2,7,5,1,7
1065,4,3,1,4,0,2,10,3,6,3,9,4,5,7,0,3,3,2,8,2,1,2,3,2,5,3,7,5,5,11
1065,4,2,1,1,4,6,0,3,2,2,6,2,9,7,0,3,3,2,2,2,1,3,0,0,0,2,7,5,5,0
973,6,0,1,4,0,2,9,3,1,2,7,2,5,2,0,3,3,2,8,2,1,2,3,2,5,3,7,5,5,10
973,6,2,1,4,0,2,9,0,1,3,6,4,5,2,0,3,3,2,2,2,1,2,0,1,3,2,2,2,5,3
994,5,0,1,4,2,4,5,3,6,3,6,7,5,7,0,0,3,2,8,2,1,2,0,1,1,2,3,2,5,10
994,5,1,1,4,0,2,0,3,6,2,7,1,0,7,0,0,3,2,8,2,1,2,3,2,5,3,7,5,5,1
982,0,1,1,1,0,1,8,3,6,2,9,4,5,0,1,3,3,2,8,2,1,2,0,1,0,2,4,2,5,16
982,0,2,1,4,2,1,8,3,6,2,1,1,5,0,0,3,3,2,8,2,1,2,3,2,5,3,2,2,5,3
777,1,4,0,1,0,1,5,3,6,2,2,4,5,7,0,3,0,4,8,1,1,2,0,1,1,2,0,2,5,9
96,0,2,1,4,2,1,0,3,6,2,7,1,5,3,0,0,3,2,8,1,1,2,3,2,5,3,2,2,5,10
842,3,0,1,4,0,3,14,3,6,2,7,4,5,1,0,3,0,3,8,1,1,2,0,1,0,2,0,2,5,16
731,5,4,1,4,0,1,6,3,5,2,7,2,5,7,0,0,3,2,8,2,2,2,3,2,5,3,2,2,5,3
731,5,0,1,4,0,0,17,0,6,2,9,7,5,7,0,0,3,2,1,2,2,2,1,0,0,2,7,2,5,3
731,5,0,1,4,0,1,7,3,3,2,12,7,5,7,0,0,3,2,2,2,2,2,0,1,0,2,0,2,5,9
454,0,1,1,4,0,0,0,3,3,2,2,2,5,1,0,0,0,2,8,2,3,4,0,0,0,2,0,2,5,3
454,0,1,1,4,0,2,0,3,3,2,7,7,5,1,0,0,0,2,8,2,3,2,3,2,5,3,3,2,5,4
454,0,1,1,4,0,2,17,3,4,3,7,2,5,1,0,0,0,2,2,2,3,2,3,2,5,3,7,5,5,0
328,6,0,1,1,2,1,11,3,1,3,6,4,5,0,0,0,3,0,8,2,1,2,0,0,0,0,7,5,5,10
328,6,2,1,1,0,4,0,3,1,3,6,2,5,0,0,0,3,0,8,2,1,2,3,2,5,3,1,2,5,10
953,4,0,1,7,4,6,7,3,1,2,7,4,5,1,0,3,2,4,1,2,1,2,0,1,0,2,0,2,5,1
953,4,0,1,4,0,3,0,3,4,2,3,4,5,1,0,3,2,4,8,2,1,2,0,1,4,2,2,2,5,5
651,1,4,1,2,0,0,7,3,1,3,7,4,5,0,0,3,0,4,1,2,3,2,1,0,0,2,0,2,5,1
651,1,1,1,4,2,2,5,3,6,3,7,2,5,0,0,3,0,4,8,2,3,4,3,2,5,3,0,2,5,0
651,1,1,1,4,0,0,8,3,6,3,7,4,5,0,0,3,0,4,8,2,3,2,0,1,1,2,0,2,5,9
651,1,1,1,4,0,3,10,4,6,3,7,0,5,0,0,3,0,4,2,2,3,2,0,1,1,2,0,2,5,10
519,6,0,1,4,0,4,0,0,6,2,7,2,6,1,0,3,0,3,8,3,1,2,0,1,0,2,0,2,5,1
519,6,2,1,1,0,1,8,3,3,2,3,2,5,1,3,3,0,3,8,3,1,2,1,0,0,2,0,2,5,9
519,6,1,1,4,0,2,0,4,3,2,7,2,5,1,0,3,0,3,8,3,1,2,0,1,0,2,0,2,5,10
495,5,2,1,1,0,2,5,3,6,2,7,1,5,0,0,3,0,6,1,1,1,2,3,2,5,3,0,2,5,4
82,3,4,1,4,2,0,0,3,1,2,7,2,6,3,0,0,3,2,2,2,1,2,0,1,2,2,4,2,5,4
82,3,1,1,4,0,2,5,3,6,3,6,2,5,3,0,0,3,2,1,2,1,2,3,2,5,3,7,5,5,9
195,2,2,1,5,1,6,5,3,5,3,9,2,5,7,0,3,3,2,8,3,3,2,0,0,0,2,7,5,5,9
195,2,1,1,2,0,1,5,3,1,2,7,2,5,7,0,3,3,2,8,3,3,3,1,0,1,2,7,2,5,16
195,2,1,1,4,0,0,10,3,5,3,9,2,5,7,0,3,3,2,8,3,3,2,1,0,3,2,0,2,5,3
195,2,1,1,4,0,2,0,3,5,3,7,4,5,7,0,3,3,2,8,3,3,2,1,0,0,2,0,2,5,0
204,0,1,1,4,0,1,7,3,1,3,9,0,5,1,0,3,3,2,8,2,2,2,3,2,5,3,7,5,5,5
204,0,0,1,4,0,5,7,3,6,3,6,2,5,1,0,3,3,2,2,2,2,2,3,2,5,3,7,5,5,10
204,0,0,1,4,0,3,7,3,2,3,6,2,6,1,0,3,3,2,2,2,2,3,0,1,1,2,7,5,5,9
515,0,3,1,4,0,3,0,3,5,3,6,0,5,1,0,3,0,4,8,2,1,2,3,2,5,3,7,5,5,0
515,0,0,1,4,0,2,7,3,6,3,1,2,5,1,0,3,0,4,8,2,1,4,0,1,0,2,0,2,5,1
646,5,4,1,2,0,1,5,3,6,3,7,2,5,7,0,3,2,2,8,3,1,4,0,1,3,2,0,2,5,10
646,5,0,1,2,2,1,9,3,6,3,7,7,5,7,3,3,2,2,8,3,1,2,0,1,1,2,0,2,5,2
646,5,0,1,4,0,4,5,3,2,3,7,2,5,7,0,3,2,2,8,3,1,2,3,2,5,3,2,2,5,1
326,4,1,1,4,2,3,9,3,6,3,7,0,5,1,0,0,3,2,8,1,1,2,0,1,0,2,0,2,5,12
545,2,2,1,4,0,3,5,3,1,2,7,4,7,3,0,3,0,2,8,2,1,2,0,1,0,2,7,5,5,10
545,2,3,1,1,0,1,7,3,1,2,6,2,5,3,0,3,0,2,8,2,1,4,3,2,5,3,0,2,5,18
476,2,4,0,4,0,1,5,3,3,2,6,2,5,7,2,3,0,2,8,2,1,2,2,0,0,1,0,2,6,10
476,2,1,1,5,0,3,17,3,5,2,6,1,5,7,0,3,0,2,8,2,1,1,2,1,1,1,5,2,6,1
383,4,3,1,1,0,2,11,3,3,2,9,0,5,3,0,0,3,2,5,2,1,2,0,1,1,2,0,2,5,10
383,4,1,1,4,0,4,5,0,4,2,1,2,5,3,5,0,3,2,8,2,1,2,3,2,5,3,0,2,5,0
367,4,1,1,1,0,4,7,3,5,2,2,0,5,7,3,0,3,2,2,2,1,2,0,1,2,2,0,2,5,3
367,4,2,1,4,0,4,7,3,5,2,6,4,5,7,0,0,3,2,8,2,1,2,3,2,5,3,0,2,5,1
246,2,0,1,4,0,2,0,3,5,2,7,2,5,7,5,0,3,0,8,1,1,2,0,1,0,1,1,2,5,12
145,5,4,0,4,2,2,5,3,6,3,9,7,3,7,0,3,3,4,8,1,1,2,3,2,5,3,0,2,5,10
127,3,0,1,2,2,2,8,3,6,2,12,7,5,1,2,0,3,2,8,4,1,3,0,1,0,2,3,2,5,11
127,3,2,1,4,0,2,0,3,0,2,6,2,5,1,0,0,3,2,8,4,1,2,3,2,5,3,0,2,5,11
127,3,4,1,4,0,1,17,3,3,2,7,7,5,1,0,0,3,2,8,4,1,4,0,0,0,2,0,2,5,12
127,3,4,1,1,0,2,7,3,5,2,7,2,5,1,0,0,3,2,2,4,1,2,3,2,5,3,7,5,5,0
458,6,4,1,4,0,1,0,1,1,3,6,2,7,1,0,0,0,2,2,2,1,2,3,2,5,3,0,2,5,0
458,6,1,2,4,0,4,14,3,6,3,6,2,5,1,0,0,0,2,8,2,1,2,0,1,1,2,7,5,5,10
237,0,1,1,1,0,1,7,3,2,3,7,4,5,1,2,3,3,2,2,1,2,2,3,2,5,3,7,5,5,12
237,0,1,1,4,0,1,17,3,2,2,6,2,5,1,0,3,3,2,2,1,2,13,0,1,1,2,7,2,5,10
1017,6,4,1,4,0,1,12,3,1,2,4,2,5,0,0,3,3,2,8,1,1,3,3,2,5,3,0,2,5,10
1004,1,3,1,4,0,2,17,3,5,2,6,4,5,1,0,0,3,2,8,2,1,13,0,1,0,2,0,2,5,1
1004,1,4,1,4,0,2,7,3,6,3,7,4,5,1,0,0,3,2,2,2,1,2,3,2,5,3,0,2,5,0
1048,0,0,1,4,0,6,5,3,3,3,7,2,5,7,0,0,3,2,8,2,1,2,0,1,1,2,0,2,5,10
1048,0,1,1,4,2,2,5,3,5,3,6,2,5,7,0,0,3,2,8,2,1,13,0,1,2,1,0,2,5,17
212,4,2,1,4,0,1,5,4,6,3,2,6,5,5,0,0,3,2,8,2,1,2,2,1,0,2,0,2,6,12
212,4,4,0,4,0,4,14,3,6,3,6,7,5,5,0,0,3,2,8,2,1,2,0,1,0,2,1,2,5,9
218,6,1,1,4,0,0,5,3,6,3,9,7,5,4,0,0,3,2,8,2,2,2,2,1,0,2,7,2,6,5
218,6,0,1,4,0,4,0,3,5,2,1,2,5,4,0,0,3,2,8,2,2,2,2,1,1,2,0,2,6,9
218,6,0,1,4,0,3,0,0,2,3,7,7,5,4,0,0,3,2,1,2,2,2,2,0,1,2,7,5,6,1
167,4,3,1,4,0,4,8,3,5,2,2,4,5,3,2,3,3,6,8,2,2,2,3,2,5,3,3,2,5,15
167,4,1,1,4,0,1,15,3,5,2,7,1,5,3,0,3,3,6,2,2,2,2,0,1,1,1,7,5,5,5
1016,4,2,1,4,0,0,17,3,3,2,7,2,5,0,0,3,3,3,8,3,2,4,0,1,0,2,3,2,5,3
1016,4,1,1,1,0,2,0,3,2,3,2,4,5,0,0,3,3,3,8,3,2,2,3,2,5,3,7,5,5,10
1016,4,1,1,4,2,4,17,3,5,3,6,2,6,0,0,3,3,3,8,3,2,2,0,1,0,2,3,2,5,12
985,0,4,1,4,0,4,3,3,5,3,6,0,5,0,4,0,3,2,8,2,1,2,3,2,5,3,7,5,5,15
985,0,1,1,6,0,4,9,1,2,2,2,2,5,0,3,0,3,2,8,2,1,2,0,1,1,2,7,5,5,5
500,4,4,1,4,0,0,8,1,1,2,7,4,7,1,3,0,3,3,8,2,1,2,3,2,5,3,3,2,5,1
500,4,2,1,1,2,2,17,3,5,2,7,4,5,1,0,0,3,3,8,2,1,2,3,2,5,3,1,2,5,1
967,0,4,1,4,0,1,7,3,5,2,2,4,5,1,0,0,3,6,8,1,1,3,0,1,1,2,2,2,5,1
502,2,0,1,4,2,4,5,3,2,2,4,2,6,7,2,0,0,7,8,2,1,2,0,0,0,2,1,2,5,1
502,2,0,1,6,0,2,0,3,5,2,6,4,5,7,0,0,0,7,2,2,1,2,3,2,5,3,7,5,5,9
907,6,1,1,6,0,2,8,3,5,2,12,4,5,1,0,0,0,2,8,2,1,2,0,0,0,2,1,2,5,10
907,6,2,1,4,0,2,5,3,5,2,7,4,5,1,0,0,0,2,2,2,1,2,3,2,5,3,7,5,5,15
418,5,4,1,4,0,1,5,3,5,2,2,1,5,1,0,0,3,2,8,2,1,2,0,1,0,2,1,2,5,10
418,5,0,1,4,0,3,3,3,5,2,6,4,5,1,2,0,3,2,8,2,1,2,0,1,0,1,1,2,5,3
712,6,4,0,4,0,2,11,3,5,2,7,7,3,1,0,0,0,7,10,2,1,2,3,2,5,3,1,2,5,10
712,6,3,1,4,0,3,11,3,1,2,7,7,5,1,0,0,0,7,1,2,1,1,2,1,0,2,0,2,7,10
691,4,4,0,4,0,1,0,3,5,3,7,2,5,3,0,3,0,2,8,2,1,2,2,1,1,2,0,2,6,10
691,4,0,1,4,0,4,0,3,1,3,7,1,5,3,0,3,0,2,8,2,1,2,0,1,0,2,4,2,5,1
562,1,0,1,4,0,4,0,3,3,2,2,2,6,0,0,0,0,7,8,2,1,9,3,2,5,3,0,2,5,10
562,1,1,1,4,2,2,7,0,1,2,9,2,5,0,0,0,0,7,1,2,1,3,0,1,1,2,3,2,5,12
86,4,4,1,4,0,1,9,3,1,2,6,2,6,1,0,0,3,2,2,2,1,2,0,1,1,2,7,5,5,0
86,4,0,1,1,0,4,0,3,1,2,7,2,5,1,0,0,3,2,10,2,1,3,0,1,1,2,7,5,5,9
929,6,0,1,4,0,1,14,3,1,2,6,2,6,1,0,0,3,2,8,2,1,2,0,1,1,2,0,2,5,3
929,6,4,0,4,0,2,0,3,1,2,7,2,5,1,0,0,3,2,10,2,1,13,3,2,5,3,0,2,5,0
978,5,0,1,2,0,3,0,3,0,2,2,4,5,1,2,0,3,2,10,1,1,2,3,2,5,3,0,2,5,11
905,5,1,1,2,0,3,0,3,5,2,6,2,5,7,0,0,0,2,10,1,1,13,0,0,0,2,0,2,5,10
993,1,2,1,4,0,2,17,3,5,2,7,2,5,1,0,0,3,2,8,1,1,2,2,1,1,2,7,5,6,10
977,1,1,1,1,0,0,17,3,5,2,7,2,5,0,0,0,3,2,8,2,2,13,2,1,2,2,0,2,6,17
977,1,1,1,1,0,2,8,3,3,3,12,2,5,0,0,0,3,2,2,2,2,2,3,2,5,3,3,2,5,10
1041,5,4,1,4,0,2,16,3,5,2,2,0,6,1,2,0,3,2,2,2,4,2,0,1,1,2,3,2,5,6
1041,5,0,1,4,0,0,8,3,5,3,12,4,5,1,0,0,3,2,8,2,4,2,0,0,0,1,3,2,5,9
1041,5,0,1,4,2,2,7,3,1,2,9,0,5,1,0,0,3,2,8,2,4,2,3,2,5,3,0,2,5,11
1041,5,0,1,2,2,3,14,4,6,3,6,2,5,1,0,0,3,2,8,2,4,2,3,2,5,3,2,2,5,0
1041,5,0,1,7,2,4,8,3,5,3,6,4,5,1,0,0,3,2,8,2,4,4,0,1,0,2,7,5,5,0
572,2,4,0,6,2,2,5,0,2,2,2,2,5,1,0,0,0,7,8,1,1,4,2,0,4,1,3,2,2,7
724,5,0,1,0,0,3,5,3,1,3,9,4,5,7,0,0,0,2,6,2,1,2,3,2,5,3,2,2,5,10
724,5,2,1,2,0,4,0,3,5,2,6,7,5,7,0,0,0,2,8,2,1,2,2,1,1,1,7,5,6,1
209,3,4,0,4,0,0,0,3,1,2,9,1,5,7,0,0,3,2,2,2,1,1,1,1,3,2,7,5,5,1
209,3,0,1,4,0,3,8,3,1,2,7,2,5,7,4,0,3,2,1,2,1,2,0,1,0,2,0,2,5,9
1014,6,1,1,4,2,3,8,0,1,2,7,2,5,1,0,3,3,2,8,1,1,2,2,1,0,2,7,5,6,2
369,0,0,1,4,0,3,5,3,5,2,9,2,5,1,0,3,3,2,8,2,4,2,2,1,1,2,0,2,1,0
369,0,0,1,4,0,5,9,3,2,2,4,4,5,1,0,3,3,2,8,2,4,2,3,2,5,3,0,2,5,1
369,0,4,1,4,0,0,7,3,1,2,7,4,3,1,0,3,3,2,8,2,4,2,0,1,0,2,0,2,5,10
369,0,4,1,3,2,0,14,3,0,2,6,4,5,1,0,3,3,2,8,2,4,1,3,2,5,3,0,2,5,1
126,1,2,1,4,2,4,0,1,1,2,7,2,7,7,0,3,3,0,8,1,1,2,0,1,1,2,3,2,5,1
380,4,3,1,4,2,0,0,0,0,3,7,4,5,7,0,3,0,3,8,3,2,2,2,1,4,2,3,2,6,10
380,4,1,1,4,2,1,5,3,5,2,7,2,5,7,2,3,0,3,2,3,2,4,3,2,5,3,0,2,5,1
380,4,3,1,5,2,2,14,3,1,2,7,0,5,7,0,3,0,3,6,3,2,2,0,0,3,2,0,2,5,3
550,4,0,1,5,2,3,5,3,5,1,6,4,5,7,0,0,0,7,8,2,1,2,0,1,1,2,7,5,5,3
550,4,0,1,4,2,1,11,0,0,2,7,2,5,7,0,0,0,7,1,2,1,2,2,0,1,2,0,2,6,1
265,2,4,0,1,2,3,0,4,6,3,14,7,5,7,0,0,3,7,8,1,1,2,1,0,2,2,0,2,5,17
801,2,4,1,6,2,2,0,1,5,2,7,2,5,7,0,2,0,6,8,2,1,2,0,1,0,2,0,2,5,1
801,2,4,1,7,2,6,0,3,3,3,7,7,3,7,0,2,0,6,1,2,1,7,3,2,5,3,7,2,5,9
999,5,4,0,4,2,2,17,3,5,3,6,4,5,7,0,0,3,2,1,2,1,4,0,1,0,2,7,5,5,10
999,5,1,1,4,2,4,5,3,5,2,6,1,5,7,0,0,3,2,8,2,1,2,2,1,0,2,0,2,6,17
948,4,4,1,4,2,1,5,3,3,2,2,7,5,7,0,0,3,3,8,2,1,2,2,1,0,1,0,2,6,3
948,4,1,1,1,0,1,0,3,6,2,6,0,5,7,0,0,3,3,8,2,1,2,2,1,0,2,3,2,1,1
726,2,1,1,4,0,1,14,3,3,2,6,7,5,1,0,0,0,2,8,4,1,2,3,2,5,3,0,2,5,2
726,2,4,1,4,0,1,9,3,5,2,6,2,5,1,0,0,0,2,8,4,1,2,0,0,1,2,0,2,5,0
726,2,4,1,4,0,2,9,3,5,2,6,1,5,1,0,0,0,2,2,4,1,2,3,2,5,3,0,2,5,3
726,2,4,1,4,0,2,0,3,1,2,9,4,5,1,0,0,0,2,8,4,1,2,0,1,1,2,7,5,5,10
972,6,0,1,4,0,3,9,3,3,2,9,7,5,1,0,3,3,4,8,2,1,2,0,1,3,2,0,2,5,9
972,6,0,1,1,0,2,9,3,2,3,9,4,5,1,2,3,3,4,8,2,1,2,1,1,0,2,0,2,5,11
506,5,1,1,4,0,2,5,3,2,3,6,0,5,3,0,2,0,6,8,1,1,3,1,0,4,2,3,2,5,9
346,0,1,1,4,0,3,0,3,5,2,9,2,3,1,5,0,3,2,8,1,1,3,3,2,5,3,7,2,5,1
376,1,0,1,1,2,6,5,0,5,2,7,2,5,1,0,0,3,2,8,1,1,9,3,2,5,3,7,5,5,10
1011,4,2,1,4,2,2,17,0,4,2,7,2,5,1,0,3,3,4,8,1,1,4,0,1,1,2,4,2,5,6
114,0,1,1,4,0,2,0,3,6,3,7,2,9,3,0,0,3,2,8,2,2,4,0,1,0,2,7,5,5,1
114,0,1,1,4,0,4,14,3,5,2,12,0,5,3,0,0,3,2,8,2,2,2,3,2,5,3,7,5,5,3
114,0,4,1,7,4,6,17,3,5,2,12,0,5,3,0,0,3,2,8,2,2,2,2,0,1,2,7,2,6,4
178,2,1,1,4,0,2,17,3,1,2,12,4,5,1,0,0,3,2,8,2,1,4,3,2,5,3,0,2,5,1
178,2,4,1,4,0,2,0,3,5,2,9,1,5,1,0,0,3,2,8,2,1,4,0,1,0,2,0,2,5,1
192,3,2,1,4,0,3,14,3,5,2,7,4,5,1,0,3,3,2,8,1,1,2,3,2,5,3,7,5,5,3
64,6,4,1,2,0,3,0,3,5,2,6,2,5,0,0,0,3,2,8,1,1,7,0,0,1,2,7,5,5,0
999,6,0,1,4,0,3,7,3,2,2,7,2,5,7,3,0,3,2,8,2,1,4,0,1,0,2,7,5,5,12
999,6,1,1,4,0,3,7,3,3,2,12,4,5,7,0,0,3,2,2,2,1,9,3,2,5,3,7,5,5,3
946,4,1,1,4,0,3,0,3,2,2,7,0,5,7,0,0,3,2,8,1,1,2,1,0,1,2,0,2,5,1
18,4,1,1,4,0,3,5,3,1,2,4,2,5,7,0,0,0,2,8,1,1,2,0,1,0,2,0,2,5,3
731,5,1,1,4,0,2,5,3,1,2,7,2,5,4,0,0,0,2,8,2,1,2,3,2,5,3,0,2,5,5
731,5,1,1,4,0,1,5,3,5,2,6,2,5,4,0,0,0,2,8,2,1,2,0,0,0,1,2,2,5,10
438,2,0,1,4,0,4,0,3,5,2,7,2,5,7,0,0,0,2,1,2,1,2,3,2,5,3,0,2,5,0
438,2,1,1,4,0,4,0,3,5,2,7,2,5,7,0,0,0,2,8,2,1,2,3,2,5,3,7,5,5,12
255,6,4,0,4,0,1,10,1,3,2,5,4,5,7,0,0,3,2,8,1,1,2,2,1,0,2,0,2,3,9
179,1,1,1,1,0,4,10,3,5,2,7,7,5,7,0,0,3,0,8,2,1,2,2,1,1,2,0,2,1,9
179,1,0,1,4,0,4,5,3,3,2,9,2,5,7,0,0,3,0,8,2,1,2,3,2,5,3,5,2,5,10
516,0,4,1,4,0,6,5,3,3,3,6,2,5,7,0,0,2,2,8,2,1,4,0,1,1,2,0,2,5,1
516,0,1,1,7,0,2,9,3,5,3,6,0,5,7,0,0,2,2,8,2,1,2,2,1,0,2,0,2,6,1
726,3,4,1,6,0,4,7,4,1,3,3,1,9,1,0,0,0,2,8,1,1,2,3,2,5,3,0,2,5,9
1005,6,1,1,4,0,4,5,3,5,3,4,2,5,7,0,0,3,7,8,2,1,3,0,0,1,2,0,2,5,3
1005,6,0,1,4,0,0,0,3,1,2,7,4,5,7,0,0,3,7,1,2,1,2,2,0,1,2,1,2,6,5
433,5,4,1,1,0,3,7,3,6,3,6,4,5,1,0,0,3,3,8,1,1,3,2,1,0,2,0,2,6,10
578,3,1,1,1,0,3,6,3,5,2,6,7,5,1,0,3,0,2,8,2,2,4,0,1,1,2,3,2,5,10
578,3,0,1,1,0,4,0,3,5,3,9,2,5,1,4,3,0,2,8,2,2,2,3,2,5,3,0,2,5,12
626,0,4,0,2,0,1,0,3,5,3,9,6,5,0,0,0,0,2,8,4,1,7,0,1,0,2,0,2,5,4
626,0,0,1,4,0,1,5,3,5,2,12,2,5,0,0,0,0,2,2,4,1,2,3,2,5,3,7,5,5,12
626,0,1,1,0,0,3,0,0,5,2,7,2,5,0,0,0,0,2,8,4,1,4,0,1,1,2,0,2,5,12
626,0,0,1,4,0,1,11,0,5,2,0,4,5,0,0,0,0,2,8,4,1,4,3,2,5,3,7,5,5,12
309,2,4,1,4,0,1,5,3,5,2,6,7,5,1,0,0,3,2,8,1,1,4,0,1,1,2,7,5,5,10
155,1,2,1,2,0,0,11,3,5,2,2,2,5,7,0,3,3,2,8,1,1,8,3,2,5,3,7,2,5,9
59,6,2,1,4,0,2,5,0,5,2,2,2,5,0,0,0,3,2,8,3,1,4,0,1,3,1,0,2,5,1
59,6,0,1,4,0,4,5,3,5,2,9,0,5,0,4,0,3,2,8,3,1,4,2,1,2,2,0,2,5,3
59,6,4,1,4,0,4,5,3,3,2,9,2,5,0,0,0,3,2,8,3,1,4,0,1,1,2,0,2,5,0
514,2,4,0,1,0,6,9,3,5,2,9,0,5,1,0,0,0,2,2,1,1,2,2,1,0,2,0,2,0,10
403,4,4,1,4,0,4,9,3,3,2,9,2,5,1,0,0,3,2,8,2,1,2,2,1,0,2,0,2,1,1
403,4,1,1,4,0,0,14,3,0,2,7,0,5,1,0,0,3,2,8,2,1,2,3,2,5,3,0,2,5,5
216,5,0,1,1,0,1,5,3,5,2,7,2,5,7,0,0,3,2,8,2,1,2,0,1,1,2,1,2,5,10
216,5,1,1,2,0,0,0,3,1,2,9,2,5,7,0,0,3,2,8,2,1,2,2,1,1,2,7,2,5,17
830,0,3,1,4,0,2,8,3,5,2,7,7,5,1,0,0,0,2,6,4,1,2,1,1,2,2,0,2,5,10
830,0,4,0,4,0,4,0,3,5,2,2,4,5,1,0,0,0,2,8,4,1,2,3,2,5,3,7,5,5,1
830,0,4,0,2,0,3,10,3,5,2,7,4,5,1,5,0,0,2,8,4,1,2,1,0,3,2,3,2,5,12
830,0,4,0,1,2,2,11,3,5,2,6,4,5,1,4,0,0,2,2,4,1,2,2,1,1,2,7,5,6,1
299,1,0,1,1,0,4,14,3,1,2,6,2,5,7,0,3,3,4,8,3,1,2,3,2,5,3,3,2,5,0
299,1,2,1,4,0,2,17,3,6,3,9,4,5,7,0,3,3,4,8,3,1,2,0,1,1,2,7,5,5,10
299,1,0,1,1,2,2,5,3,5,3,7,2,5,7,0,3,3,4,8,3,1,7,2,1,0,1,3,2,5,11
813,5,4,1,4,0,1,14,3,3,3,4,4,5,1,0,0,0,2,2,1,2,2,3,2,5,3,7,5,5,3
813,5,4,1,4,0,3,5,3,5,3,6,2,5,1,1,0,0,2,2,1,2,4,0,1,1,2,7,5,5,10
162,2,0,1,4,0,2,9,1,5,3,1,2,5,7,5,0,3,2,8,2,1,13,3,2,5,3,3,2,5,3
162,2,1,1,2,0,0,5,3,0,2,9,2,5,7,0,0,3,2,8,2,1,1,0,1,0,2,1,2,5,3
270,6,4,1,1,0,2,7,3,3,3,9,4,5,7,0,0,3,2,2,1,1,2,3,2,5,3,2,2,5,9
661,0,4,0,1,0,1,14,3,2,3,2,4,3,1,0,0,0,2,2,2,2,2,0,1,1,2,1,2,5,16
661,0,0,1,4,0,4,0,3,2,3,9,4,5,1,0,0,0,2,8,2,2,2,0,1,1,2,7,5,5,12
661,0,0,1,4,0,4,11,3,5,2,14,7,5,1,2,0,0,2,8,2,2,2,3,2,5,3,1,2,5,12
406,3,4,0,4,0,2,7,3,2,2,7,4,5,1,0,0,3,2,8,2,1,9,0,0,0,2,7,5,5,0
406,3,1,1,4,2,2,5,3,5,3,7,3,5,1,0,0,3,2,2,2,1,0,3,2,5,3,1,2,5,12
550,6,1,1,1,0,0,0,3,5,2,2,3,5,7,0,0,0,2,8,3,1,0,3,2,5,3,1,2,5,10
550,6,3,1,4,0,6,11,0,6,2,7,3,5,7,0,0,0,2,8,3,1,0,0,1,1,2,1,2,5,9
550,6,1,1,1,0,3,17,3,5,2,2,3,5,7,0,0,0,2,8,3,1,0,1,0,2,2,0,2,5,1
519,1,0,1,4,2,0,0,3,5,2,2,2,5,7,0,3,0,2,6,2,1,4,0,1,0,1,0,2,5,10
519,1,1,1,7,4,6,8,3,3,2,7,4,5,7,0,3,0,2,8,2,1,0,3,2,5,3,4,2,5,16
506,3,4,0,4,0,3,9,0,2,2,7,4,5,7,0,3,3,4,8,2,1,9,1,0,4,2,0,2,5,10
506,3,4,0,1,2,1,5,3,2,2,12,7,5,7,0,3,3,4,1,2,1,0,3,2,5,3,3,2,5,0
736,1,4,0,4,0,2,5,3,3,2,9,4,5,7,0,3,0,4,8,3,1,0,0,1,0,2,7,5,5,5
736,1,1,1,4,0,4,5,4,0,2,7,2,5,7,0,3,0,4,8,3,1,0,3,2,5,3,7,5,5,10
736,1,0,1,4,0,2,10,3,3,2,6,4,5,7,3,3,0,4,8,3,1,0,2,1,1,2,0,2,1,10
994,5,0,1,2,0,3,5,3,3,2,9,4,5,7,0,0,3,2,8,1,1,0,1,1,3,2,0,2,5,1
742,0,0,1,4,0,2,5,3,3,2,7,1,3,7,0,0,0,2,2,1,1,4,2,1,3,2,0,2,5,0
384,2,0,1,1,0,0,6,3,3,2,9,2,5,1,0,0,3,2,8,1,1,2,2,0,1,2,0,2,1,9
1004,0,2,1,4,0,6,5,3,2,2,9,4,5,1,0,0,3,2,8,1,1,2,0,1,4,2,7,5,5,10
620,0,0,1,1,0,0,12,3,6,2,9,2,5,1,0,0,0,2,8,1,1,4,3,2,5,3,0,2,5,10
573,4,3,1,4,2,0,0,3,0,2,7,7,5,7,0,3,0,2,8,3,1,2,2,1,0,2,3,2,5,3
573,4,4,0,0,2,0,5,3,2,2,7,4,5,7,0,3,0,2,2,3,1,2,2,1,2,2,3,2,5,9
573,4,0,1,4,2,2,8,3,2,2,7,1,5,7,0,3,0,2,8,3,1,2,1,0,0,2,3,2,5,10
195,3,0,1,4,0,2,11,3,0,2,3,4,5,0,0,3,3,4,2,2,1,2,3,2,5,3,0,2,5,1
195,3,1,1,1,0,2,14,3,1,2,9,4,5,0,0,3,3,4,8,2,1,2,2,0,4,2,2,2,1,3
550,2,0,1,2,2,4,0,3,2,2,9,1,5,1,0,0,2,2,6,1,1,7,3,2,5,3,7,5,5,4
408,0,4,0,4,0,3,9,3,2,2,9,4,5,7,0,0,0,2,8,1,1,3,1,0,2,2,3,2,5,1
343,1,0,1,4,0,2,0,3,0,2,7,2,5,7,0,0,3,7,8,2,1,5,2,1,1,2,2,2,1,3
343,1,1,1,4,0,4,0,3,0,2,6,2,5,7,0,0,3,7,8,2,1,2,3,2,5,3,7,5,5,1
825,3,0,1,4,0,3,0,3,1,2,7,7,5,7,0,0,0,2,8,2,1,2,0,1,1,2,7,5,5,12
825,3,0,1,4,0,2,5,3,5,2,6,0,5,7,0,0,0,2,8,2,1,2,2,1,1,2,0,2,3,1
360,1,4,0,4,2,3,0,3,5,2,9,2,5,7,0,0,3,7,1,1,1,2,2,0,3,2,7,5,1,18
1004,0,4,1,4,0,2,0,3,5,2,6,0,1,1,0,0,3,7,6,2,1,2,0,1,0,2,0,2,5,12
1004,0,1,1,4,0,0,9,3,6,2,6,0,5,1,0,0,3,7,8,2,1,2,0,1,0,1,0,2,5,2
167,6,1,1,4,0,0,15,1,5,2,7,0,5,1,0,0,3,2,6,2,1,2,3,2,5,3,0,2,5,10
167,6,0,1,4,0,0,0,3,5,2,6,2,5,1,0,0,3,2,8,2,1,7,3,2,5,3,0,2,5,10
589,0,4,1,2,0,1,9,3,5,2,6,6,5,0,4,0,0,2,8,3,2,2,0,1,1,2,3,2,5,3
589,0,3,1,2,2,3,14,0,5,3,6,1,5,0,5,0,0,2,8,3,2,2,0,1,0,2,3,2,5,3
589,0,3,1,1,0,1,14,3,5,3,7,4,5,0,0,0,0,2,4,3,2,4,3,2,5,3,0,2,5,9
589,0,0,1,4,0,3,0,3,5,3,9,6,5,0,0,0,0,2,8,3,2,0,0,1,0,2,0,2,5,10
546,0,4,0,2,0,1,5,3,1,2,9,2,1,1,0,0,3,2,2,2,1,9,0,1,1,2,7,5,5,1
546,0,3,1,4,1,5,0,3,2,3,2,2,5,1,0,0,3,2,8,2,1,2,3,2,5,3,0,2,5,16
985,4,3,1,4,0,0,9,3,2,3,7,2,5,1,0,0,3,2,8,2,1,2,2,0,0,1,0,2,1,10
985,4,0,1,4,2,2,0,3,5,3,9,2,5,1,0,0,3,2,8,2,1,2,0,1,1,2,0,2,5,16
859,2,4,0,4,0,0,0,3,1,3,7,4,5,7,0,3,0,4,1,2,1,2,3,2,5,3,7,2,5,9
859,2,0,1,4,0,3,5,3,1,3,9,4,5,7,0,3,0,4,8,2,1,2,3,2,5,3,7,5,5,10
280,0,0,1,4,0,0,0,3,1,3,9,2,5,7,0,3,3,2,8,2,1,2,0,1,0,2,0,2,5,10
280,0,4,1,4,0,0,6,3,2,2,7,2,5,7,0,3,3,2,8,2,1,2,0,1,0,2,0,2,5,12
934,6,2,1,4,0,1,17,4,6,3,7,2,5,1,0,0,3,2,6,2,1,2,0,1,0,2,3,2,5,12
934,6,1,1,2,0,0,0,3,5,2,7,4,5,1,0,0,3,2,2,2,1,1,2,0,1,2,0,2,5,0
1009,5,2,1,4,0,0,0,3,5,2,7,0,5,7,4,0,3,2,8,1,1,1,0,1,0,2,0,2,5,10
132,1,1,1,1,0,3,0,3,5,3,9,2,5,7,0,0,3,2,8,3,3,1,3,2,5,3,0,2,5,5
132,1,0,1,4,0,3,11,3,1,3,1,4,5,7,0,0,3,2,2,3,3,3,0,1,0,2,7,5,5,0
132,1,0,1,1,0,3,17,3,6,3,7,7,5,7,0,0,3,2,8,3,3,2,2,1,3,2,0,2,1,1
132,1,0,1,4,0,3,0,3,6,3,6,4,5,7,0,0,3,2,8,3,3,2,3,2,5,3,0,2,5,4
132,1,1,1,4,0,0,0,4,6,3,7,4,5,7,0,0,3,2,8,3,3,12,0,1,1,2,3,2,5,2
1049,6,4,1,4,0,2,7,3,5,3,6,4,5,0,0,0,3,2,6,1,1,2,3,2,5,3,7,2,5,16
374,3,1,1,2,2,1,14,3,5,3,6,1,5,1,0,0,3,0,6,1,1,4,0,1,1,2,7,5,5,1
334,0,4,1,4,0,1,5,3,5,3,6,4,5,0,0,0,3,2,1,1,1,2,3,2,5,3,0,2,5,1
343,1,4,1,4,0,2,15,3,5,2,7,4,5,1,0,0,3,2,8,2,1,2,0,1,1,2,0,2,5,9
343,1,0,1,4,0,2,7,0,5,3,7,0,5,1,4,0,3,2,8,2,1,2,0,0,2,2,0,2,5,9
165,0,3,1,4,0,1,9,3,5,2,6,3,5,1,0,0,3,7,8,2,1,2,2,1,3,2,7,5,6,0
165,0,4,0,2,0,3,0,3,5,3,9,7,5,1,0,0,3,7,1,2,1,5,3,2,5,3,0,2,5,9
619,1,4,1,1,0,2,0,0,1,3,1,4,5,7,5,3,3,3,1,1,1,2,0,1,1,2,3,2,5,10
959,1,0,1,4,0,3,10,3,0,2,7,7,5,1,0,0,3,2,8,1,1,2,2,1,0,2,3,2,1,9
730,3,0,1,6,0,1,5,3,3,2,9,7,5,1,0,0,2,2,8,1,2,2,3,2,5,3,7,5,5,1
730,3,0,1,4,0,1,5,3,5,2,7,7,5,1,0,0,2,2,8,1,2,9,0,1,0,2,7,2,5,0
683,0,3,1,2,0,1,4,3,5,3,7,7,5,0,2,0,0,3,2,2,3,2,2,1,0,2,0,2,1,12
683,0,0,1,4,0,0,6,3,2,3,7,1,5,0,0,0,0,3,8,2,3,2,2,1,1,2,0,2,0,10
683,0,0,1,2,0,2,5,3,5,2,7,2,5,0,0,0,0,3,2,2,3,1,3,2,5,3,7,5,5,12
555,6,4,1,1,0,1,14,3,1,2,7,7,5,1,0,0,3,2,8,3,2,3,0,1,3,2,0,2,5,5
555,6,1,1,4,0,0,0,3,5,2,12,4,5,1,0,0,3,2,8,3,2,1,0,1,2,2,3,2,5,1
555,6,1,1,1,0,0,7,3,6,2,6,2,5,1,0,0,3,2,2,3,2,5,3,2,5,3,3,2,5,10
555,6,2,0,2,0,5,7,3,5,2,6,2,5,1,0,0,3,2,8,3,2,2,0,1,1,2,3,2,5,10
155,2,0,1,4,2,2,15,3,2,2,6,2,5,7,0,0,3,3,8,1,1,2,2,0,4,2,7,5,5,0
1050,3,1,1,4,0,0,0,3,5,2,12,6,5,1,0,0,3,7,2,2,1,2,0,1,0,2,3,2,5,1
1050,3,4,0,4,0,1,3,0,6,2,12,4,5,1,0,0,3,7,2,2,1,7,3,2,5,3,3,2,5,1
180,5,2,1,4,0,2,3,3,6,2,6,2,5,0,0,0,3,2,8,1,1,1,3,2,5,3,0,1,5,5
419,6,1,1,7,4,6,5,3,6,2,6,2,5,0,0,0,3,2,8,2,1,2,0,1,0,2,0,2,5,9
419,6,1,1,7,4,6,5,0,3,2,12,2,5,0,0,0,3,2,8,2,1,2,2,0,0,1,3,2,5,0
106,0,2,1,4,0,1,4,3,0,2,14,2,5,7,0,0,3,2,8,2,1,2,2,0,2,2,3,2,5,11
106,0,2,1,4,0,3,0,3,3,2,7,2,5,7,0,0,3,2,8,2,1,7,0,1,1,2,0,2,5,10
563,6,0,1,4,2,3,15,3,4,2,7,4,5,0,0,0,3,2,8,3,1,2,1,1,0,2,0,2,5,10
563,6,0,1,7,4,6,7,3,3,2,7,2,5,0,0,0,3,2,8,3,1,8,0,1,0,2,7,5,5,0
563,6,2,1,1,2,3,0,3,5,2,9,4,5,0,0,0,3,2,8,3,1,5,1,1,4,2,0,2,5,1
486,4,4,1,7,4,6,0,0,0,2,7,4,5,7,2,3,2,4,8,1,1,2,3,2,5,3,0,2,5,3
439,3,0,1,4,2,2,0,3,0,2,7,4,5,0,0,0,3,2,8,2,2,7,0,1,0,2,4,2,5,10
439,3,0,1,4,2,3,0,3,6,2,4,4,5,0,0,0,3,2,8,2,2,2,1,0,3,2,1,2,5,0
439,3,2,1,2,2,3,11,3,6,2,1,4,5,0,0,0,3,2,8,2,2,2,3,2,5,3,0,2,5,9
295,2,3,1,7,4,6,4,3,3,2,2,2,5,1,0,0,3,2,8,2,1,7,0,1,2,2,2,2,5,10
295,2,4,1,1,0,2,5,3,6,3,6,2,5,1,0,0,3,2,8,2,1,2,2,0,1,2,7,2,0,11
967,1,0,1,1,2,3,5,3,6,3,7,2,5,7,0,0,3,2,8,1,1,12,0,1,1,2,7,5,5,0
535,5,0,1,4,2,4,14,3,6,3,6,4,5,7,0,0,3,2,8,2,1,2,0,1,0,2,7,5,5,10
535,5,4,1,4,2,1,7,3,6,3,6,2,5,7,0,0,3,2,8,2,1,2,0,1,0,2,1,5,5,3
448,3,1,1,4,2,1,0,3,6,3,7,2,5,7,0,3,3,2,8,2,2,2,1,0,0,2,0,5,5,12
448,3,1,1,2,2,2,8,3,3,3,9,4,5,7,0,3,3,2,2,2,2,2,0,1,0,2,0,5,5,1
486,3,0,1,4,2,6,6,3,3,3,6,7,7,0,2,0,3,2,8,1,1,1,0,1,0,2,0,5,5,9
1058,0,1,1,7,2,4,0,3,3,2,9,7,5,1,0,0,3,2,1,2,1,2,0,1,3,2,3,2,5,12
1058,0,0,1,1,2,3,8,4,6,3,12,2,5,1,0,0,3,2,8,2,1,2,3,2,5,3,0,2,5,11
428,5,1,1,1,2,4,6,3,3,2,6,2,2,7,0,0,3,2,2,2,1,2,3,2,5,3,2,2,5,0
428,5,1,1,4,2,2,14,3,2,2,7,7,5,7,0,0,3,2,8,2,1,7,0,0,1,2,7,5,5,0
982,6,4,1,4,2,2,5,3,3,2,7,4,5,0,0,3,3,2,8,2,1,9,3,2,5,3,0,2,5,5
982,6,0,1,7,2,6,15,3,3,2,2,7,5,0,0,3,3,2,8,2,1,2,0,1,1,2,3,2,5,9
1027,1,1,1,4,0,0,0,3,6,2,6,2,5,4,0,0,3,2,8,2,1,2,2,0,0,2,3,2,0,1
1027,1,0,1,2,2,2,3,3,6,2,7,2,5,4,0,0,3,2,8,2,1,2,0,1,1,2,3,2,5,1
550,4,4,1,4,0,2,0,3,6,2,6,2,6,1,3,0,3,2,6,2,1,2,3,2,5,3,7,4,5,10
550,4,4,0,4,0,2,9,3,6,2,6,2,5,1,0,0,3,2,2,2,1,1,0,1,0,2,0,0,5,9
688,5,4,0,4,0,2,4,3,3,2,6,2,2,7,0,3,0,2,8,2,1,2,1,1,0,2,0,2,5,10
688,5,1,1,4,0,3,8,3,3,2,2,4,2,7,0,3,0,2,2,2,1,2,1,0,2,2,3,2,5,3
779,2,1,1,4,0,2,5,3,3,2,6,4,1,1,0,3,0,4,8,3,1,2,3,2,5,3,0,2,5,11
779,2,1,1,4,0,5,7,3,2,2,7,0,1,1,0,3,0,4,8,3,1,2,1,1,3,2,0,2,5,12
779,2,1,1,0,0,4,0,3,6,3,7,2,5,1,0,3,0,4,8,3,1,2,2,1,3,1,0,2,1,9
662,1,1,1,1,0,2,3,3,2,2,2,5,7,0,0,0,0,2,8,3,1,2,1,1,1,2,0,2,5,1
662,1,2,1,1,0,2,4,3,0,3,12,4,5,0,0,0,0,2,8,3,1,2,2,0,3,1,0,2,5,10
662,1,4,1,4,0,2,3,4,6,3,2,2,5,0,0,0,0,2,2,3,1,2,3,2,5,3,0,2,5,3
418,4,4,1,2,0,2,0,3,3,3,6,4,5,7,0,0,0,7,8,2,1,2,0,1,0,2,7,2,5,0
418,4,0,1,4,0,2,15,3,1,2,7,7,5,7,0,0,0,7,2,2,1,2,2,0,3,2,1,2,6,9
213,1,0,1,4,0,1,15,3,3,3,2,2,4,7,0,0,3,2,8,2,4,7,2,0,3,2,7,5,5,10
213,1,0,1,6,0,2,3,0,0,2,7,0,5,7,0,0,3,2,8,2,4,2,3,2,5,3,0,2,5,1
213,1,0,1,4,0,3,4,0,3,3,7,0,5,7,0,0,3,2,8,2,4,9,0,1,0,2,3,2,5,12
213,1,3,1,4,0,0,4,1,2,2,6,2,1,7,0,0,3,2,8,2,4,2,3,2,5,3,3,2,5,7
141,3,4,1,6,0,4,3,1,3,2,7,2,5,7,0,0,3,2,8,2,1,2,0,1,1,2,7,5,5,10
141,3,0,1,1,0,0,16,3,1,2,7,2,5,7,0,0,3,2,8,2,1,2,2,1,0,2,3,2,0,10
477,5,0,1,4,0,2,3,0,6,2,9,2,5,7,0,0,3,8,8,2,1,2,1,0,1,2,7,5,5,0
477,5,1,1,1,0,3,3,3,1,2,6,2,5,7,0,0,3,8,8,2,1,7,3,2,5,3,3,2,5,12
967,0,1,1,4,0,2,10,3,1,2,2,1,5,3,0,0,3,2,8,2,1,2,2,1,2,2,0,2,3,3
967,0,3,1,1,0,1,0,3,0,2,14,4,5,3,2,0,3,2,8,2,1,9,0,1,1,2,3,2,5,1
210,4,1,1,4,0,1,0,3,3,3,0,7,3,7,0,0,3,2,8,2,1,2,3,2,5,3,3,2,5,10
210,4,3,1,4,0,3,8,3,3,3,7,2,7,7,0,0,3,2,6,2,1,2,3,2,5,3,3,2,5,1
510,3,0,1,4,0,1,17,3,6,2,7,4,7,1,0,3,0,4,2,1,1,2,0,1,0,2,0,2,5,10
637,6,4,0,4,2,4,14,3,6,2,2,4,5,7,0,0,3,2,8,1,1,2,1,0,0,2,1,2,5,5
673,4,4,0,4,0,1,17,0,0,2,9,4,5,7,0,0,0,7,8,1,1,2,2,1,3,1,7,2,7,0
967,4,3,1,4,0,3,0,3,5,2,7,4,5,0,0,0,3,2,2,2,1,1,3,2,5,3,7,5,5,7
967,4,1,1,4,0,1,0,3,5,2,7,2,5,0,0,0,3,2,8,2,1,3,2,0,0,2,7,5,5,14
973,4,0,1,1,0,3,3,3,5,2,7,0,5,1,3,0,3,2,8,2,1,2,2,0,4,2,7,5,5,3
973,4,0,1,1,0,3,10,3,6,2,1,2,5,1,0,0,3,2,8,2,1,9,1,0,4,2,3,2,5,16
977,4,0,1,1,1,3,10,3,5,2,1,1,5,0,0,0,3,2,6,1,1,2,2,1,0,2,0,2,1,10
363,4,0,1,4,0,3,4,3,6,2,7,2,5,7,0,3,3,4,6,2,1,13,0,1,1,2,7,5,5,17
363,4,3,1,4,0,4,4,1,0,2,6,2,5,7,4,3,3,4,1,2,1,2,1,1,1,2,7,5,5,3
680,3,0,2,1,0,2,8,3,1,2,9,2,5,1,0,0,0,2,8,2,1,2,1,1,0,2,0,2,5,11
680,3,4,0,4,0,1,0,3,1,2,7,2,5,1,0,0,0,2,8,2,1,2,3,2,5,3,0,2,5,10
346,6,2,1,4,0,3,0,4,0,3,9,4,3,1,0,0,3,2,8,1,1,2,3,2,5,3,3,2,5,12
310,6,4,0,4,0,4,0,3,6,2,2,0,5,1,0,0,3,2,1,1,1,9,0,1,0,2,0,2,5,7
289,2,0,1,4,2,1,3,3,1,3,7,1,5,7,0,3,3,4,1,2,1,9,0,1,1,2,0,2,5,11
289,2,1,1,4,0,3,3,3,2,2,6,2,7,7,0,3,3,4,8,2,1,2,3,2,5,3,3,2,5,1
198,6,0,1,6,0,1,0,3,1,3,7,4,5,1,0,0,3,2,8,2,2,1,2,0,0,2,3,2,1,9
198,6,2,1,4,0,1,14,3,5,3,1,2,3,1,0,0,3,2,8,2,2,1,0,1,3,2,0,2,5,0
415,0,0,1,2,0,1,17,3,6,2,7,4,5,4,0,0,3,2,2,2,1,2,3,2,5,3,3,2,5,10
415,0,1,1,4,0,0,7,3,0,2,6,2,5,4,0,0,3,2,8,2,1,5,0,1,0,2,7,5,5,3
360,4,4,1,2,0,2,13,0,6,2,9,4,5,1,0,0,3,2,2,2,2,7,3,2,5,3,7,5,5,5
360,4,0,1,1,0,1,5,3,5,2,6,1,5,1,0,0,3,2,8,2,2,2,3,2,5,3,7,5,5,3
360,4,0,1,4,0,0,8,3,6,2,6,2,5,1,0,0,3,2,8,2,2,1,0,1,1,2,3,2,5,3
721,3,0,1,1,0,0,4,3,5,2,2,0,5,7,0,0,0,2,2,2,1,1,0,1,0,2,0,2,5,1
721,3,1,1,2,0,5,5,3,6,2,2,4,5,7,3,0,0,2,8,2,1,7,2,0,2,2,1,2,5,10
942,5,0,1,4,2,2,6,3,6,2,9,4,5,0,0,0,3,2,8,2,1,9,0,1,1,2,0,2,5,3
942,5,1,1,4,0,0,0,3,6,2,7,4,5,0,0,0,3,2,2,2,1,3,3,2,5,3,0,2,5,11
342,5,4,1,4,0,1,0,3,5,3,7,7,5,7,0,0,3,2,2,2,1,2,0,1,0,2,0,2,5,10
342,5,0,1,4,0,2,0,3,6,2,14,4,5,7,4,0,3,2,8,2,1,2,3,2,5,3,0,2,5,9
746,2,0,1,7,4,6,14,3,1,3,9,4,5,1,0,0,0,2,8,3,1,2,0,1,0,2,0,2,5,9
746,2,0,1,7,4,6,17,3,5,3,6,4,5,1,4,0,0,2,8,3,1,2,3,2,5,3,0,2,5,12
746,2,2,1,4,0,1,11,3,5,3,9,4,5,1,0,0,0,2,8,3,1,7,3,2,5,3,1,2,5,10
364,3,0,1,4,0,3,11,3,5,2,7,2,5,1,0,0,3,2,8,2,1,2,0,1,1,2,0,2,5,9
364,3,3,1,4,2,3,14,3,6,2,7,2,5,1,0,0,3,2,8,2,1,2,0,1,0,2,1,2,5,1
428,4,0,1,7,4,6,0,3,6,2,1,2,5,7,0,0,3,2,8,2,1,2,3,2,5,3,3,2,5,9
428,4,1,1,1,2,3,2,3,2,3,2,1,5,7,0,0,3,2,8,2,1,2,0,1,1,2,0,2,5,1
625,0,0,1,7,4,6,0,3,6,3,12,2,5,7,0,3,0,4,8,1,1,1,2,1,1,2,0,2,5,3
982,5,4,1,4,2,2,5,3,1,3,6,4,5,7,0,0,3,2,8,2,1,2,3,2,5,3,3,2,5,1
982,5,0,1,4,2,3,0,3,0,3,7,6,5,7,0,0,3,2,8,2,1,2,0,1,1,2,3,2,5,10
95,0,4,0,2,2,3,10,3,2,3,9,4,5,1,0,0,3,2,8,1,1,2,3,2,5,3,0,2,5,9
454,0,0,1,7,4,6,13,3,3,3,7,4,5,1,0,0,3,2,8,2,1,2,0,1,2,2,0,2,5,3
454,0,3,1,1,0,2,0,3,0,2,7,7,3,1,0,0,3,2,8,2,1,7,3,2,5,3,3,2,5,10
574,6,0,1,1,2,3,10,3,1,3,6,1,3,1,0,0,3,2,8,3,1,3,1,0,0,1,3,2,5,12
574,6,0,1,4,2,4,17,3,6,2,9,2,5,1,0,0,3,2,8,3,1,2,0,1,1,2,0,2,5,1
574,6,4,1,4,2,1,5,3,6,2,7,2,5,1,0,0,3,2,8,3,1,2,3,2,5,3,0,2,5,9
655,6,0,1,4,2,1,5,1,1,3,9,4,5,0,0,0,3,2,8,2,4,2,2,1,2,2,0,2,5,5
655,6,1,1,2,2,2,9,3,6,2,2,2,5,0,0,0,3,2,2,2,4,2,3,2,5,3,0,2,5,1
655,6,1,1,4,2,6,5,0,6,2,9,2,5,0,0,0,3,2,8,2,4,2,0,0,1,2,7,5,5,12
655,6,1,1,7,2,4,5,3,6,2,6,1,5,0,0,0,3,2,1,2,4,2,2,1,2,1,7,2,5,0
485,1,0,1,1,2,3,9,0,4,2,9,2,5,1,0,3,3,4,8,3,1,9,3,2,5,3,0,2,5,3
485,1,2,1,1,2,4,11,3,5,2,7,1,5,1,0,3,3,4,2,3,1,2,0,0,3,2,7,5,5,11
485,1,0,1,4,2,2,0,3,5,3,4,2,5,1,0,3,3,4,8,3,1,4,3,2,5,3,7,5,5,11
202,5,2,1,4,2,2,8,3,5,3,2,2,5,3,2,3,3,2,8,2,1,2,0,1,0,2,7,5,5,1
202,5,1,1,7,2,6,14,3,1,2,9,4,3,3,0,3,3,2,8,2,1,2,0,1,0,2,0,2,5,6
360,2,1,1,4,0,0,7,4,6,3,14,2,5,1,0,0,3,2,8,2,1,2,3,2,5,3,7,5,5,0
360,2,4,0,2,2,2,17,4,6,3,14,2,5,1,0,0,3,2,8,2,1,2,3,2,5,3,7,5,5,0
50,4,1,1,4,0,2,0,3,0,2,6,4,5,1,0,0,3,2,6,2,1,2,0,1,0,2,0,2,5,4
50,4,1,1,4,0,2,14,3,3,2,5,2,7,1,0,0,3,2,2,2,1,3,0,1,1,2,0,2,5,0
255,1,0,1,4,0,2,8,3,3,2,2,2,3,5,0,0,3,2,8,2,1,3,3,2,5,3,0,2,5,5
255,1,1,1,4,0,3,5,3,6,2,6,7,7,5,0,0,3,2,8,2,1,3,2,0,4,2,0,2,1,11
506,1,4,1,4,0,2,0,3,3,3,2,2,3,7,0,3,0,4,2,2,1,4,3,2,5,3,7,5,5,0
506,1,0,1,4,0,5,17,4,6,3,6,7,7,7,0,3,0,4,8,2,1,2,0,1,1,2,0,2,5,9
629,5,0,1,0,0,4,5,0,6,2,6,4,5,0,0,3,0,4,8,2,1,11,0,0,0,2,7,5,5,10
629,5,3,1,1,0,2,5,3,0,2,12,2,5,0,3,3,0,4,8,2,1,9,3,2,5,3,7,5,5,1
526,1,4,0,1,0,2,5,3,4,2,9,2,5,7,0,0,0,7,8,2,2,1,3,2,5,3,7,5,5,12
526,1,3,1,4,0,2,8,3,6,2,6,7,7,7,2,0,0,7,8,2,2,2,0,0,0,1,7,5,5,9
526,1,3,1,2,0,2,8,3,5,2,11,7,5,7,0,0,0,7,8,2,2,2,0,1,1,2,7,5,5,16
102,1,4,0,4,0,2,0,3,5,2,7,2,5,1,0,0,3,2,1,2,1,2,3,2,5,3,0,2,5,0
102,1,2,1,4,0,1,7,3,5,2,9,4,5,1,0,0,3,2,8,2,1,9,0,0,1,2,0,2,5,1
122,0,4,1,6,0,2,17,3,5,2,6,4,5,7,2,0,3,2,2,2,1,7,3,2,5,3,0,2,5,16
122,0,0,1,4,0,3,0,3,5,2,6,4,5,7,0,0,3,2,8,2,1,3,3,2,5,3,0,2,5,14
1057,1,2,1,4,0,0,6,3,5,2,9,4,5,7,0,0,3,3,8,2,1,4,0,1,0,2,0,2,5,13
1057,1,1,1,6,0,4,0,3,5,2,6,4,5,7,0,0,3,3,8,2,1,2,1,1,1,2,0,2,5,12
516,0,4,0,1,0,0,0,3,5,2,6,4,5,7,0,0,3,7,8,2,1,2,0,1,0,2,7,5,5,1
516,0,3,1,4,0,2,9,3,5,2,6,6,5,7,0,0,3,7,8,2,1,2,3,2,5,3,0,2,5,9
567,6,0,1,4,0,0,3,3,5,2,6,2,5,7,0,0,3,2,8,2,1,2,3,2,5,3,7,5,5,0
567,6,4,1,1,2,2,17,3,5,2,7,4,5,7,0,0,3,2,8,2,1,2,3,2,5,3,0,2,5,11
316,1,4,0,4,0,1,0,3,5,2,7,2,5,1,0,0,3,2,8,1,1,2,0,1,0,2,0,2,5,10
646,0,4,1,4,2,4,11,3,1,3,7,2,5,1,0,0,0,2,8,2,1,2,0,1,2,2,0,2,5,12
646,0,3,1,6,0,2,8,3,1,3,9,1,5,1,0,0,0,2,2,2,1,2,3,2,5,3,7,5,5,10
384,5,0,1,6,0,2,5,3,1,3,12,4,6,7,0,0,3,7,8,2,3,2,0,0,1,2,7,5,5,10
384,5,0,1,4,0,2,0,3,1,3,9,4,6,7,0,0,3,7,2,2,3,4,3,2,5,3,0,2,5,9
384,5,0,1,4,0,1,10,3,1,2,6,2,5,7,0,0,3,7,8,2,3,3,2,1,0,2,0,2,6,1
384,5,1,1,4,0,3,0,3,6,2,2,1,5,7,0,0,3,7,8,2,3,2,2,0,0,2,0,2,1,11
309,0,0,1,4,0,2,11,3,6,2,7,4,5,7,0,0,3,2,10,1,1,3,2,0,2,2,0,2,1,9
1002,4,1,1,4,0,3,9,3,1,2,7,1,5,1,0,0,3,2,1,2,1,2,0,1,4,2,3,2,5,7
1002,4,1,1,4,0,1,0,3,2,2,7,2,5,1,0,0,3,2,8,2,1,3,2,1,0,2,3,2,5,16
506,6,1,1,4,0,4,5,3,6,2,7,2,5,1,0,0,3,2,8,2,1,13,2,1,1,2,0,2,1,14
506,6,4,1,4,0,4,0,3,6,2,6,4,5,1,0,0,3,2,8,2,1,2,2,1,3,2,7,5,1,1
1031,1,1,1,4,2,2,8,3,6,2,6,3,5,7,0,0,3,4,1,4,3,2,2,1,1,2,7,5,7,8
1031,1,2,1,4,0,1,9,3,5,2,9,4,5,7,2,0,3,4,2,4,3,2,2,1,1,2,7,5,5,13
1031,1,0,1,1,0,4,0,3,5,2,6,1,5,7,0,0,3,4,10,4,3,2,3,2,5,3,0,2,5,0
1031,1,0,0,4,0,1,0,3,5,2,9,2,5,7,0,0,3,4,8,4,3,4,0,1,0,2,7,2,5,1
1038,5,1,1,4,0,2,0,3,5,2,6,4,5,7,4,3,3,4,10,2,1,2,0,0,4,2,0,2,5,11
1038,5,1,1,2,0,3,14,3,5,2,7,2,5,7,0,3,3,4,10,2,1,3,3,2,5,3,0,2,5,15
309,1,4,1,2,0,3,7,3,5,2,6,1,5,7,0,0,3,2,10,2,2,3,1,0,1,2,7,5,5,0
309,1,4,1,4,0,2,7,3,5,2,12,4,5,7,0,0,3,2,8,2,2,3,3,2,5,3,3,2,5,12
309,1,4,1,1,0,0,7,3,6,3,9,1,5,7,0,0,3,2,8,2,2,2,0,1,0,2,0,2,5,1
163,3,1,1,1,0,2,10,3,6,3,6,4,5,7,0,0,3,2,2,2,2,2,3,2,5,3,0,2,5,10
163,3,1,1,4,0,2,5,3,5,2,9,4,5,7,0,0,3,2,2,2,2,2,0,1,0,2,0,2,5,11
255,4,0,1,4,0,0,9,3,3,3,6,4,5,7,0,0,3,2,8,3,4,2,3,2,5,3,0,2,5,10
255,4,3,1,4,2,2,0,3,3,3,9,1,5,7,0,0,3,2,8,3,4,4,0,1,0,2,0,2,5,12
255,4,3,1,2,2,3,0,3,5,2,7,7,5,7,0,0,3,2,8,3,4,2,1,1,0,2,0,2,5,13
255,4,0,1,7,2,4,14,2,5,3,7,2,5,7,0,0,3,2,8,3,4,2,3,2,5,3,0,2,5,3
275,5,4,0,6,2,2,5,3,2,3,6,2,5,0,0,0,3,2,8,2,1,2,3,2,5,3,0,2,5,0
275,5,2,1,0,0,3,5,3,3,2,6,2,5,0,0,0,3,2,6,2,1,7,0,1,2,2,0,2,5,3
496,6,4,1,2,0,4,5,3,1,2,9,2,5,7,0,0,3,7,8,2,1,3,2,0,1,2,0,2,5,0
496,6,1,1,4,0,0,11,3,6,2,7,2,5,7,0,0,3,7,2,2,1,2,3,2,5,3,7,5,5,12
1019,4,0,1,4,0,3,9,0,6,2,7,4,5,1,0,0,3,2,1,1,1,2,3,2,5,3,3,2,5,10
953,4,4,1,4,2,3,7,3,6,2,6,2,5,5,0,0,3,2,8,2,1,7,0,1,0,2,3,2,5,1
953,4,0,1,4,0,3,9,3,6,2,6,2,5,5,0,0,3,2,8,2,1,2,3,2,5,3,0,2,5,1
250,5,0,2,4,0,5,7,3,5,2,2,4,5,1,0,0,3,2,8,1,1,7,0,1,3,2,0,2,5,2
560,6,4,1,4,0,0,9,0,5,2,7,1,5,1,0,0,3,2,8,2,2,4,2,1,4,2,3,2,0,10
560,6,1,1,3,2,0,14,3,5,2,6,4,5,1,0,0,3,2,8,2,2,13,1,0,4,2,3,2,5,1
560,6,1,1,4,2,4,0,3,0,3,6,2,5,1,3,0,3,2,8,2,2,2,2,1,4,2,7,5,5,0
111,4,2,1,4,2,0,5,3,4,3,9,2,5,7,0,0,3,2,8,2,1,2,3,2,5,3,1,2,5,7
111,4,2,1,4,2,1,13,4,6,3,7,4,5,7,0,0,3,2,2,2,1,2,0,1,1,2,7,5,5,13
441,5,4,1,5,2,2,5,3,2,3,9,2,5,7,0,0,3,2,6,2,1,2,2,0,4,1,7,5,5,13
441,5,1,1,5,2,3,5,0,6,3,6,2,5,7,0,0,3,2,8,2,1,2,2,1,1,2,7,5,4,10
963,6,0,1,4,2,1,11,3,2,3,6,4,5,0,0,0,3,2,1,1,1,2,3,2,5,3,0,2,5,12
524,6,1,1,1,2,3,0,3,3,3,7,4,5,7,0,0,3,0,8,1,1,2,3,2,5,3,0,2,5,16
157,6,1,1,6,2,2,0,3,0,2,7,7,3,1,0,0,3,0,8,4,2,2,0,1,1,1,0,2,5,11
157,6,1,1,7,2,6,0,3,1,3,6,1,3,1,0,0,3,0,1,4,2,2,2,0,4,2,0,2,5,10
157,6,1,1,4,2,2,11,3,6,2,9,2,5,1,0,0,3,0,1,4,2,2,2,0,0,2,0,2,5,1
157,6,4,1,4,2,4,4,3,6,2,7,2,5,1,0,0,3,0,8,4,2,2,2,0,0,2,3,2,5,3
1004,4,0,1,4,2,1,8,1,1,3,9,4,5,1,0,0,3,2,8,2,1,2,0,1,1,2,3,2,5,1
1004,4,4,0,1,0,1,4,3,6,2,2,2,5,1,0,0,3,2,8,2,1,2,2,1,0,1,3,2,5,16
907,5,2,1,4,0,1,8,0,6,2,9,2,5,0,0,3,3,4,8,2,1,2,3,2,5,3,3,2,5,13
907,5,1,1,4,0,1,13,3,6,2,6,1,5,0,0,3,3,4,8,2,1,2,0,1,0,2,7,5,5,4
471,4,3,1,4,0,2,4,0,4,2,9,2,5,7,0,0,3,2,2,2,1,3,1,1,0,2,3,2,5,2
471,4,0,1,4,0,2,17,3,5,2,7,1,5,7,0,0,3,2,8,2,1,2,0,1,0,2,3,2,5,19
897,5,1,1,4,0,3,17,3,5,3,4,2,5,7,0,0,3,2,8,1,1,2,1,1,0,2,3,2,5,1
125,5,1,1,1,0,2,5,3,5,3,2,2,5,7,3,0,3,2,8,1,1,2,0,1,3,2,0,2,5,10
280,6,1,1,4,0,2,7,3,1,2,9,4,3,7,0,0,3,7,8,2,1,13,3,2,5,3,7,5,5,13
280,6,0,1,4,0,3,7,4,6,3,14,2,5,7,3,0,3,7,8,2,1,9,0,1,0,2,0,2,5,12
326,0,4,0,1,2,6,0,4,6,3,14,2,5,1,0,0,3,7,8,2,1,2,0,0,0,2,0,2,5,0
326,0,4,0,4,2,2,7,3,0,2,6,4,5,1,0,0,3,7,8,2,1,2,1,0,4,2,3,2,5,11
972,1,4,1,4,0,2,0,3,3,2,5,2,7,1,0,0,3,2,8,1,1,2,3,2,5,3,0,2,5,16
523,0,0,1,4,0,4,10,3,3,2,2,2,3,7,0,0,3,2,8,2,1,2,2,0,1,2,0,2,1,3
523,0,4,1,7,4,6,5,3,6,2,6,7,7,7,0,0,3,2,8,2,1,2,3,2,5,3,7,5,5,12
721,1,0,1,4,0,2,17,3,3,3,2,2,3,1,0,0,0,2,8,1,2,2,0,1,0,2,0,2,5,11
721,1,0,1,4,0,2,0,4,6,3,6,7,7,1,0,0,0,2,8,1,2,2,2,0,0,1,0,2,5,1
114,4,3,1,4,0,3,17,0,6,2,6,4,5,0,0,0,3,2,8,2,1,2,0,1,3,2,0,2,5,3
114,4,0,1,2,0,3,5,3,0,2,12,2,5,0,0,0,3,2,8,2,1,2,3,2,5,3,0,2,5,1
110,1,0,1,4,0,3,17,3,4,2,9,2,5,2,0,0,3,2,8,2,1,9,3,2,5,3,0,2,5,1
110,1,0,1,4,0,3,5,3,6,2,6,7,7,2,0,0,3,2,2,2,1,13,0,1,0,2,3,2,5,0
466,0,4,1,4,0,3,15,3,5,2,11,7,5,1,0,0,3,2,8,2,1,7,0,1,1,2,7,5,5,17
466,0,1,1,4,0,3,5,3,5,2,7,2,5,1,0,0,3,2,8,2,1,4,2,1,3,2,3,2,0,3
516,5,4,1,4,0,2,5,3,5,2,9,4,5,1,0,0,3,7,8,2,1,2,0,1,4,2,0,2,5,10
516,5,4,1,4,0,1,7,3,5,2,6,4,5,1,0,0,3,7,8,2,1,2,3,2,5,3,7,5,5,3
874,0,4,0,4,0,4,14,3,5,2,6,4,5,1,0,0,3,2,1,2,1,9,2,0,1,2,7,5,5,0
874,0,0,1,4,0,4,14,3,5,2,9,4,5,1,0,0,3,2,8,2,1,4,2,0,1,2,0,2,6,12
556,4,3,1,4,0,1,5,3,5,2,6,4,5,1,0,0,3,2,8,2,1,2,2,0,1,2,0,2,5,1
556,4,1,1,1,0,4,5,3,5,2,6,4,5,1,0,0,3,2,8,2,1,2,0,1,0,2,0,2,5,10
299,3,1,1,4,0,4,7,3,5,2,6,6,5,3,0,0,3,2,8,1,1,4,3,2,5,3,3,2,5,9
715,6,4,0,4,0,6,0,3,5,2,6,2,5,0,0,0,0,2,8,2,1,2,3,2,5,3,0,2,5,9
715,6,3,1,7,0,2,17,3,5,2,7,4,5,0,0,0,0,2,8,2,1,9,0,1,2,1,3,2,5,10
994,5,0,1,6,0,4,15,3,5,2,7,2,5,7,0,0,3,2,8,2,1,2,0,1,1,2,0,2,5,10
994,5,4,1,4,0,4,5,3,1,3,7,2,5,7,0,0,3,2,8,2,1,9,0,0,1,2,0,2,5,10
141,5,1,1,4,0,0,7,3,1,3,9,1,5,1,0,0,3,2,1,2,1,2,1,1,1,2,7,5,5,11
141,5,1,1,1,0,3,0,3,1,3,12,4,6,1,0,0,3,2,8,2,1,3,1,1,1,2,7,5,5,3
68,2,1,1,1,0,3,11,3,1,3,9,4,6,1,0,3,3,4,8,1,1,13,3,2,5,3,3,2,5,1
753,0,0,1,1,0,4,14,3,1,2,6,2,5,7,0,3,0,4,8,2,1,2,0,0,1,2,0,2,5,0
753,0,4,0,2,0,1,0,3,6,2,2,1,5,7,0,3,0,4,8,2,1,2,2,0,1,2,0,2,1,3
915,5,1,1,4,0,1,5,3,6,2,7,4,5,1,0,0,3,2,2,2,1,7,1,0,0,2,3,2,5,3
915,5,1,1,0,0,3,7,3,1,2,7,1,5,1,0,0,3,2,8,2,1,7,3,2,5,3,0,2,5,10
669,1,0,1,4,0,1,10,3,2,2,7,2,5,7,0,0,3,2,8,2,1,7,0,1,0,1,0,2,5,13
669,1,4,0,4,0,1,7,3,6,2,7,2,5,7,0,0,3,2,8,2,1,2,2,1,1,1,7,2,0,1
478,1,0,1,2,0,0,7,3,6,2,6,4,5,1,0,0,3,2,8,1,1,2,1,0,3,2,0,2,5,1
109,4,4,1,4,0,2,12,3,6,2,6,3,5,7,0,0,3,2,8,2,1,2,0,1,1,2,3,2,5,10
109,4,0,1,4,0,4,5,3,5,2,9,4,5,7,0,0,3,2,8,2,1,2,3,2,5,3,3,2,5,10
872,0,0,1,4,0,4,5,3,5,2,6,1,5,7,0,0,3,2,8,2,1,3,0,0,0,2,7,2,5,17
872,0,0,1,1,0,6,8,3,5,2,9,2,5,7,0,0,3,2,2,2,1,2,3,2,5,3,3,2,5,2
22,2,0,1,4,0,4,4,3,5,2,6,4,5,0,0,0,0,2,8,2,1,3,3,2,5,3,0,2,5,12
22,2,1,1,4,0,0,0,3,5,2,7,2,5,0,0,0,0,2,8,2,1,3,0,1,0,2,0,2,5,11
299,3,4,0,1,0,1,0,3,5,2,6,1,5,0,0,0,3,2,8,2,1,2,3,2,5,3,7,2,5,12
299,3,0,1,2,0,0,8,3,5,2,12,4,5,0,0,0,3,2,8,2,1,4,0,1,1,2,0,2,5,13
225,4,4,1,4,0,2,0,3,6,3,9,1,5,1,0,0,3,7,6,2,2,2,0,1,0,2,0,2,5,13
225,4,1,1,4,0,4,7,3,6,3,6,4,5,1,0,0,3,7,8,2,2,4,3,2,5,3,0,2,5,9
225,4,1,1,2,0,3,5,3,5,2,9,4,5,1,0,0,3,7,8,2,2,2,3,2,5,3,3,2,5,10
360,5,2,1,1,2,2,10,3,5,2,6,4,5,5,0,0,3,2,2,2,2,7,0,1,0,2,0,2,5,9
360,5,2,1,1,0,4,8,3,1,2,6,2,5,5,0,0,3,2,8,2,2,13,2,0,0,2,0,2,1,12
360,5,2,1,4,0,2,14,3,6,3,9,4,5,5,0,0,3,2,8,2,2,2,2,0,3,2,7,2,5,3
665,3,1,1,1,2,2,7,3,5,3,7,2,5,7,0,0,3,2,8,2,2,2,0,1,0,2,0,2,5,10
665,3,0,1,4,0,1,8,3,3,3,4,4,5,7,0,0,3,2,2,2,2,2,3,2,5,3,7,5,5,13
342,4,3,1,4,0,3,10,3,5,3,6,2,5,7,0,0,3,2,2,2,2,2,2,0,1,2,7,5,1,1
342,4,4,1,4,0,2,9,1,5,3,1,2,5,7,0,0,3,2,8,2,2,2,2,0,0,2,7,5,5,10
214,1,4,1,2,0,0,5,3,0,2,9,2,5,0,0,0,3,2,8,2,1,2,0,0,0,2,3,2,5,3
214,1,2,1,4,0,3,8,3,3,3,9,4,5,0,0,0,3,2,2,2,1,4,3,2,5,3,3,2,5,10
153,2,1,1,1,2,1,5,3,2,3,2,4,3,7,0,0,3,7,2,2,2,2,2,0,1,2,0,2,5,12
153,2,1,1,4,0,2,8,3,2,3,9,4,5,7,0,0,3,7,8,2,2,2,0,1,0,2,3,2,5,1
153,2,1,1,4,0,4,3,3,5,2,14,7,5,7,0,0,3,7,1,2,2,2,3,2,5,3,0,2,5,11
494,2,0,1,4,0,2,17,3,2,2,7,4,5,7,0,0,3,2,8,2,1,2,2,1,4,2,3,2,0,12
494,2,1,1,2,0,3,7,3,5,3,7,3,5,7,0,0,3,2,8,2,1,7,3,2,5,3,1,2,5,0
994,1,2,2,4,0,2,17,3,5,2,2,3,5,7,0,0,3,2,8,2,1,2,0,1,1,2,0,2,5,18
994,1,0,1,1,0,0,10,0,6,2,7,3,5,7,0,0,3,2,8,2,1,2,1,0,1,1,0,2,5,4
170,1,2,1,4,0,6,13,3,5,2,2,3,5,7,0,0,3,2,8,2,1,4,2,1,2,1,0,2,5,3
170,1,3,1,0,0,0,5,3,5,2,2,2,5,7,0,0,3,2,2,2,1,2,2,0,3,2,0,2,5,4
991,4,1,1,4,0,3,5,3,3,2,7,4,5,7,0,0,3,2,2,2,1,2,0,1,0,2,0,2,5,3
991,4,1,1,4,0,0,11,0,2,2,7,4,5,7,0,0,3,2,8,2,1,2,3,2,5,3,0,2,5,11
691,2,4,1,4,0,2,0,3,2,2,12,7,5,7,0,0,3,2,8,2,1,9,2,0,1,2,3,2,1,3
691,2,0,1,4,0,1,0,3,3,2,9,4,5,7,0,0,3,2,8,2,1,2,1,1,1,2,3,2,5,1
360,0,1,1,7,4,6,0,4,0,2,7,2,5,7,0,3,3,4,8,2,1,2,1,0,1,2,3,2,5,9
360,0,1,1,4,0,1,11,3,3,2,6,4,5,7,0,3,3,4,8,2,1,7,3,2,5,3,0,2,5,3
441,6,0,1,4,0,1,4,3,3,2,9,4,5,1,0,3,3,4,8,2,2,4,3,2,5,3,7,2,5,1
441,6,1,1,4,0,3,8,3,3,2,7,1,3,1,0,3,3,4,8,2,2,2,0,1,0,2,7,2,5,3
466,0,4,1,4,0,0,4,3,3,2,9,2,5,7,0,3,3,2,8,2,1,2,3,2,5,3,3,2,5,3
466,0,1,1,0,2,0,8,3,2,2,9,4,5,7,0,3,3,2,8,2,1,3,1,0,3,2,0,2,5,3
570,4,3,1,0,0,5,13,3,6,2,9,2,5,1,0,0,3,2,8,3,4,7,1,0,1,2,1,2,5,1
570,4,3,1,4,0,0,4,3,0,2,7,7,5,1,0,0,3,2,5,3,4,2,3,2,5,3,2,2,5,1
570,4,3,1,4,0,2,17,3,2,2,7,4,5,1,0,0,3,2,8,3,4,2,0,1,1,2,0,2,5,3
570,4,3,1,4,0,3,17,3,2,2,7,1,5,1,0,0,3,2,2,3,4,3,1,1,3,2,0,2,5,16
570,4,1,1,4,0,3,5,3,0,2,3,4,5,1,0,0,3,2,8,3,4,2,0,0,1,2,0,2,5,1
570,4,4,1,4,2,2,7,3,1,2,9,4,5,1,0,0,3,2,8,3,4,2,0,1,1,2,7,2,5,10
231,3,0,1,1,0,1,7,3,2,2,9,1,5,7,0,0,3,2,8,3,2,2,0,1,1,2,1,2,5,13
231,3,0,1,4,0,1,0,3,2,2,9,4,5,7,0,0,3,2,8,3,2,2,1,0,3,2,7,2,5,1
231,3,4,0,4,0,4,7,3,0,2,7,2,5,7,0,0,3,2,8,3,2,2,0,1,2,2,7,2,5,1
231,3,4,1,4,0,1,0,3,0,2,6,2,5,7,0,0,3,2,8,3,2,2,1,1,2,1,7,2,5,16
432,2,4,0,4,0,1,10,3,1,2,7,7,5,0,0,0,3,2,2,4,1,13,1,1,2,1,7,5,5,13
432,2,1,1,1,0,2,5,3,5,2,6,0,5,0,0,0,3,2,2,4,1,2,3,2,5,3,0,2,5,4
432,2,1,1,4,0,3,17,3,5,2,9,2,5,0,0,0,3,2,8,4,1,7,1,0,0,2,3,2,5,16
432,2,3,1,7,4,6,0,3,5,2,6,0,1,0,0,0,3,2,2,4,1,2,3,2,5,3,7,5,5,12
532,5,0,1,4,0,1,17,3,6,2,6,0,5,7,0,0,3,2,2,2,2,2,0,1,2,2,0,2,5,9
532,5,0,1,4,0,2,5,1,5,2,7,0,5,7,0,0,3,2,8,2,2,2,3,2,5,3,0,2,5,13
416,4,3,1,0,0,1,17,3,5,2,6,2,5,1,0,0,3,2,8,3,1,2,0,1,0,2,0,2,5,12
416,4,4,1,7,4,6,5,3,5,2,6,6,5,1,0,0,3,2,2,3,1,2,3,2,5,3,0,2,5,11
416,4,2,1,7,0,0,15,0,5,3,6,1,5,1,0,0,3,2,8,3,1,2,1,0,1,2,3,2,5,1
687,3,1,1,4,0,1,5,3,5,3,7,4,5,4,0,0,0,2,8,2,5,4,0,1,0,2,7,5,5,1
687,3,1,1,4,0,3,5,3,5,3,9,6,5,4,0,0,0,2,8,2,5,3,3,2,5,3,7,5,5,1
687,3,1,1,4,0,4,7,3,1,2,9,2,1,4,0,0,0,2,8,2,5,4,3,2,5,3,0,2,5,4
687,3,1,1,4,0,1,14,3,2,3,2,2,5,4,0,0,0,2,8,2,5,2,0,1,1,2,0,2,5,0
687,3,1,1,4,0,4,14,3,2,3,7,2,5,4,0,0,0,2,8,2,5,2,3,2,5,3,7,5,5,9
855,4,0,1,2,0,2,5,3,5,3,9,2,5,1,0,0,0,2,1,1,1,2,0,1,0,2,3,2,5,2
826,4,4,0,0,0,0,5,3,1,3,7,4,5,1,0,0,0,2,8,2,1,4,1,1,3,2,7,5,5,9
826,4,2,1,4,0,4,7,3,1,3,9,4,5,1,0,0,0,2,2,2,1,2,3,2,5,3,7,5,5,10
329,4,2,1,7,4,6,0,3,1,3,9,2,5,1,0,0,3,2,8,1,1,13,0,1,1,2,0,2,5,13
180,3,0,1,2,0,4,17,3,2,2,7,2,5,7,0,0,3,2,8,2,1,2,2,1,1,2,0,2,1,12
180,3,1,1,2,0,4,15,4,6,3,7,2,5,7,0,0,3,2,8,2,1,2,2,1,0,2,0,2,5,1
738,1,1,1,7,4,6,5,3,5,2,7,4,5,1,0,0,0,2,8,1,1,2,3,2,5,3,0,2,5,13
964,4,1,1,2,0,1,7,3,5,2,7,0,5,1,5,0,3,2,8,2,1,2,0,1,0,2,0,2,5,10
964,4,0,1,4,0,3,0,3,5,3,9,2,5,1,0,0,3,2,8,2,1,3,2,0,3,2,0,2,5,3
626,4,1,1,4,0,3,11,3,1,3,1,4,5,1,0,0,3,2,8,3,2,3,3,2,5,3,3,2,5,10
626,4,0,1,4,0,2,14,3,6,3,7,7,5,1,0,0,3,2,8,3,2,2,0,0,0,2,0,2,5,9
626,4,1,1,4,0,0,0,3,6,3,6,4,5,1,0,0,3,2,8,3,2,2,0,1,0,2,0,2,5,10
655,4,0,1,5,0,4,5,4,6,3,7,4,5,1,0,0,3,2,2,2,2,9,3,2,5,3,7,5,5,9
655,4,0,1,4,0,4,7,3,5,3,6,4,5,1,0,0,3,2,8,2,2,2,0,1,0,2,0,2,5,11
655,4,0,1,2,0,1,10,3,5,3,6,1,5,1,0,0,3,2,2,2,2,2,0,0,0,2,0,2,5,0
221,2,4,1,4,2,0,7,3,5,3,6,4,5,1,0,0,3,2,8,2,1,2,3,2,5,3,1,2,5,10
221,2,1,1,4,0,2,7,3,5,2,7,4,5,1,0,0,3,2,8,2,1,2,2,1,3,2,7,5,7,13
28,3,3,1,1,0,1,12,0,5,3,7,0,5,7,0,0,0,2,10,1,1,2,3,2,5,3,0,2,5,10
1049,0,0,1,1,2,2,5,3,5,2,6,3,5,1,0,0,3,2,1,4,1,2,0,1,0,2,3,2,5,11
1049,0,0,1,4,0,3,5,3,5,3,9,7,5,1,0,0,3,2,8,4,1,2,3,2,5,3,3,2,5,9
1049,0,1,1,4,0,2,8,0,1,3,1,4,5,1,0,0,3,2,8,4,1,2,0,1,0,2,1,2,5,11
1049,0,0,1,2,0,2,4,3,0,2,7,7,5,1,0,0,3,2,8,4,1,13,2,0,3,1,0,2,5,10
575,4,4,1,4,0,2,0,3,3,2,9,7,5,1,0,0,3,2,1,1,1,4,2,1,3,1,0,2,5,11
643,3,0,1,4,0,3,0,3,5,2,7,7,5,1,0,0,3,2,2,2,1,1,0,1,0,2,1,2,5,3
643,3,1,1,4,4,0,4,3,5,3,7,7,5,1,0,0,3,2,10,2,1,2,3,2,5,3,3,2,5,7
493,0,1,1,4,0,1,6,3,2,3,7,1,5,7,0,0,3,2,8,1,1,2,0,1,1,2,0,2,5,3
963,6,4,0,4,0,0,5,3,5,2,7,2,5,1,0,0,3,2,10,2,1,2,3,2,5,3,0,2,5,0
963,6,3,1,7,4,6,14,3,1,2,7,7,5,1,0,0,3,2,10,2,1,4,3,2,5,3,3,2,5,12
343,5,4,1,1,0,2,0,3,5,2,12,4,5,1,0,0,3,2,10,2,1,2,0,1,1,2,0,2,5,1
343,5,1,1,4,0,2,7,3,6,2,6,2,5,1,0,0,3,2,8,2,1,3,2,1,3,2,0,2,5,1
535,1,1,1,4,0,3,7,3,5,2,6,2,5,1,0,0,3,2,8,2,1,4,3,2,5,3,0,2,5,10
535,1,0,1,4,0,1,15,3,2,2,6,2,5,1,0,0,3,2,2,2,1,2,1,0,0,2,3,2,5,10
144,1,2,1,4,2,3,0,3,5,2,12,6,5,3,0,0,3,2,2,2,6,2,3,2,5,3,1,2,5,0
144,1,2,1,4,0,1,3,0,6,2,12,4,5,3,0,0,3,2,8,2,6,2,0,1,0,2,7,5,5,1
144,1,1,1,1,1,2,3,3,6,2,6,2,5,3,0,0,3,2,8,2,6,13,3,2,5,3,3,2,5,12
144,1,1,1,1,0,2,5,3,6,2,6,2,5,3,0,0,3,2,8,2,6,2,0,1,0,2,0,2,5,0
144,1,1,1,4,4,2,5,0,3,2,12,2,5,3,3,0,3,2,8,2,6,2,1,0,0,2,0,2,5,12
144,1,1,1,4,0,2,4,3,0,2,14,2,5,3,0,0,3,2,8,2,6,2,3,2,5,3,0,2,5,9
1004,6,4,1,1,0,3,0,3,3,2,7,2,5,3,0,0,3,2,6,2,1,2,2,0,0,2,0,2,5,18
1004,6,3,1,4,4,4,15,3,4,2,7,4,5,3,0,0,3,2,8,2,1,2,0,1,0,2,3,2,5,10
418,0,0,1,4,0,2,7,3,3,2,7,2,5,7,0,0,3,2,2,2,1,2,3,2,5,3,0,2,5,10
418,0,0,1,1,0,0,0,3,5,2,9,4,5,7,0,0,3,2,1,2,1,2,3,2,5,3,0,2,5,10
425,2,4,0,7,4,6,0,0,0,2,7,4,5,7,0,0,3,2,8,2,2,2,0,1,4,2,7,5,5,0
425,2,4,1,4,0,3,0,3,0,2,7,4,5,7,0,0,3,2,8,2,2,2,1,0,1,2,3,2,5,12
425,2,4,1,2,2,1,0,3,6,2,4,4,5,7,0,0,3,2,8,2,2,2,3,2,5,3,0,2,5,2
165,1,3,1,4,0,0,11,3,6,2,1,4,5,0,0,0,3,2,8,2,1,2,1,0,3,2,0,2,5,16
165,1,4,0,4,0,0,4,3,3,2,2,2,5,0,1,0,3,2,8,2,1,13,0,0,0,2,0,2,5,13
392,1,2,1,0,2,1,5,3,6,3,6,2,5,7,0,0,3,2,8,1,1,2,3,2,5,3,2,2,5,0
724,1,0,1,7,4,6,5,3,6,3,7,2,5,1,0,0,0,2,8,1,1,2,0,1,1,1,1,2,5,11
46,3,0,1,1,2,1,14,3,6,3,6,4,5,3,0,0,3,2,2,2,2,2,3,2,5,3,0,2,5,0
46,3,1,1,4,0,0,7,3,6,3,6,2,5,3,0,0,3,2,6,2,2,2,3,2,5,3,3,2,5,10
46,3,1,1,7,2,2,0,3,6,3,7,2,5,3,0,0,3,2,8,2,2,9,0,1,4,2,0,2,5,9
958,1,4,1,4,0,4,8,3,3,3,9,4,5,1,0,0,3,2,1,2,2,3,3,2,5,3,7,5,5,0
958,1,0,1,4,0,1,6,3,3,3,6,7,7,1,0,0,3,2,8,2,2,2,2,1,3,2,0,2,5,13
958,1,0,1,4,0,2,0,3,3,2,9,7,5,1,0,0,3,2,8,2,2,2,1,0,3,2,0,2,5,10
911,6,1,1,4,0,3,8,3,3,2,9,6,5,1,0,0,3,2,1,2,1,3,2,0,3,2,3,2,1,9
911,6,1,1,1,0,1,6,3,2,2,6,4,5,1,0,0,3,2,1,2,1,2,0,1,0,2,3,2,5,10
682,2,4,0,1,2,3,14,3,6,2,1,7,9,1,0,0,0,2,8,1,1,3,3,2,5,3,0,2,5,0
252,1,3,1,4,0,0,5,0,6,2,6,7,6,1,0,3,3,4,8,1,1,2,3,2,5,3,0,2,5,0
161,1,2,1,4,0,2,15,3,2,2,4,7,5,1,0,3,3,4,8,2,2,2,0,1,0,2,3,2,5,11
161,1,1,1,4,0,1,0,4,6,3,14,6,9,1,0,3,3,4,8,2,2,2,1,0,3,2,0,2,5,0
68,5,2,1,4,0,1,3,3,6,2,9,4,5,1,0,0,3,2,8,2,1,4,3,2,5,3,3,2,5,3
68,5,0,1,4,0,1,0,0,3,2,9,7,5,1,0,0,3,2,2,2,1,4,0,0,0,2,0,2,5,3
583,1,2,1,4,0,1,9,3,0,2,4,7,5,1,0,0,3,2,8,2,1,2,2,0,3,2,0,2,3,11
583,1,4,1,4,0,3,4,3,1,2,9,4,5,1,0,0,3,2,8,2,1,7,0,1,0,2,0,2,5,7
64,3,2,1,4,0,3,8,3,5,2,9,7,5,1,0,0,3,2,8,2,1,2,0,1,1,2,0,2,5,10
64,3,4,1,1,0,2,5,3,6,2,6,4,5,1,0,0,3,2,8,2,1,2,2,1,3,2,0,2,7,0
413,4,4,1,7,0,6,7,3,1,2,6,0,0,3,0,0,3,2,8,2,1,2,3,2,5,3,7,5,5,12
413,4,4,1,7,0,1,0,3,3,2,6,7,5,3,0,0,3,2,8,2,1,2,0,0,1,2,0,2,5,10
388,1,1,1,1,0,2,3,3,0,2,6,4,0,1,0,0,3,2,8,2,2,3,1,0,1,2,0,2,5,11
388,1,0,1,4,0,2,4,3,6,2,6,1,5,1,0,0,3,2,8,2,2,2,3,2,5,3,7,5,5,11
388,1,0,1,4,0,3,3,3,6,2,6,4,5,1,0,0,3,2,8,2,2,2,0,0,1,2,3,2,5,12
428,4,1,1,4,0,2,0,3,6,2,6,7,5,1,0,3,3,4,8,2,1,2,3,2,5,3,0,2,5,3
428,4,4,1,4,0,3,15,3,3,2,9,7,5,1,0,3,3,4,8,2,1,2,2,0,3,2,0,2,4,1
678,6,1,1,1,0,4,15,3,2,2,9,1,5,1,0,0,3,2,8,2,1,2,2,1,1,2,3,2,6,0
678,6,4,1,1,0,2,3,3,6,2,7,1,5,1,0,0,3,2,8,2,1,3,2,0,1,2,0,2,1,9
1003,1,1,1,1,0,0,4,3,2,2,2,4,5,1,0,0,3,2,8,1,1,2,3,2,5,3,1,2,5,3
334,5,0,1,1,0,2,4,3,6,2,1,7,5,1,0,0,3,0,8,1,1,2,0,1,1,2,0,2,5,4
777,5,3,1,1,0,2,3,3,6,3,4,4,5,7,0,0,0,2,2,3,3,3,3,2,5,3,0,2,5,4
777,5,0,1,1,0,1,16,4,6,3,9,7,9,7,0,0,0,2,8,3,3,3,0,1,1,2,7,5,5,11
777,5,0,1,1,0,2,3,3,3,2,9,7,8,7,0,0,0,2,8,3,3,2,3,2,5,3,0,2,5,0
777,5,0,1,7,4,2,3,3,1,2,6,0,5,7,0,0,0,2,8,3,3,9,0,1,0,2,0,2,5,1
285,2,4,1,4,0,3,10,3,1,2,0,4,5,1,0,0,3,2,8,2,3,9,3,2,5,3,0,2,5,3
285,2,1,1,4,0,3,0,4,6,3,13,7,5,1,0,0,3,2,1,2,3,2,1,1,4,2,0,2,5,10
285,2,1,2,1,0,4,0,3,6,2,4,7,5,1,0,0,3,2,8,2,3,2,3,2,5,3,7,5,5,7
285,2,1,1,1,0,2,8,3,6,2,9,3,5,1,0,0,3,2,8,2,3,2,0,1,0,2,0,2,5,5
209,2,0,1,1,2,2,17,0,4,2,9,4,5,0,0,0,3,2,8,2,1,2,0,1,3,2,1,2,5,1
209,2,0,1,1,0,1,14,3,2,2,7,4,5,0,0,0,3,2,8,2,1,2,0,1,2,2,7,5,5,3
317,2,1,1,1,0,3,17,0,6,2,9,7,5,1,0,0,3,2,8,2,2,2,2,0,1,2,0,2,1,9
317,2,1,1,1,0,1,0,3,0,2,10,4,1,1,0,0,3,2,8,2,2,1,3,2,5,3,7,5,5,18
317,2,4,1,4,0,3,0,3,1,2,10,4,1,1,0,0,3,2,8,2,2,3,0,1,0,2,0,2,5,1
1050,1,0,1,4,0,4,3,3,6,2,6,0,5,1,0,3,3,4,8,2,1,4,2,0,1,2,0,2,1,3
1050,1,4,0,4,0,1,10,3,1,2,9,4,1,1,0,3,3,4,1,2,1,2,1,1,0,2,3,2,5,12
247,3,2,1,1,0,2,10,3,6,3,9,7,5,5,0,0,3,2,8,4,3,2,0,1,0,2,0,2,5,9
247,3,1,1,1,0,2,4,3,6,1,5,7,5,5,0,0,3,2,8,4,3,2,3,2,5,3,1,2,5,0
247,3,1,1,1,0,0,4,3,3,3,9,7,5,5,0,0,3,2,8,4,3,2,1,0,3,2,0,2,5,17
247,3,4,1,1,0,6,8,3,2,0,2,7,5,5,0,0,3,2,8,4,3,2,2,1,1,2,7,5,6,10
247,3,4,1,4,0,0,0,3,6,2,6,4,5,5,0,0,3,2,2,4,3,2,2,0,1,2,0,2,6,3
149,1,4,1,7,0,2,0,3,5,2,6,2,7,1,0,0,3,2,8,2,1,2,0,1,1,2,3,2,5,10
149,1,1,1,1,2,0,0,0,6,2,6,2,0,1,0,0,3,2,8,2,1,2,3,2,5,3,7,5,5,0
364,0,4,1,4,0,2,3,3,1,3,7,4,7,1,0,0,3,2,8,2,1,2,0,0,1,2,3,2,5,11
364,0,0,1,4,0,1,3,3,1,3,7,4,5,1,0,0,3,2,8,2,1,2,3,2,5,3,3,2,5,10
413,4,4,1,4,0,1,0,3,5,2,9,2,5,7,0,0,3,2,8,2,1,2,2,1,0,2,7,5,1,10
413,4,1,1,4,0,2,14,3,6,3,7,2,5,7,0,0,3,2,8,2,1,2,0,1,0,2,0,2,5,0
20,6,1,1,4,2,4,17,3,4,3,7,4,6,1,0,0,0,2,8,2,1,3,3,2,5,3,0,2,5,10
20,6,4,0,2,0,4,7,3,2,3,7,2,5,1,0,0,0,2,2,2,1,2,2,1,0,2,2,2,3,0
1014,6,4,1,4,0,6,13,0,2,2,7,4,5,0,0,0,3,2,8,1,1,3,2,0,3,2,3,2,5,10
102,6,4,0,4,0,4,5,3,1,2,7,0,6,1,0,0,3,2,8,1,1,3,3,2,5,3,3,2,5,10
857,2,0,1,4,0,1,8,3,6,2,7,2,5,7,0,0,3,2,8,2,1,2,0,1,1,2,0,2,5,10
857,2,1,1,4,0,1,4,3,1,3,2,2,5,7,0,0,3,2,8,2,1,2,0,1,3,2,1,2,5,0
169,6,0,1,4,0,2,5,3,2,3,7,4,5,3,0,3,3,4,6,2,2,2,3,2,5,3,7,5,5,1
169,6,1,1,1,0,2,6,1,1,3,4,2,5,3,1,3,3,4,8,2,2,2,2,1,0,2,0,2,5,9
169,6,1,1,7,2,2,0,3,6,2,9,0,5,3,0,3,3,4,8,2,2,2,2,0,0,2,0,2,5,1
487,4,0,1,4,0,2,0,0,3,2,7,2,5,1,0,0,3,2,2,3,1,2,1,0,1,2,0,2,5,10
487,4,0,1,4,2,2,0,3,6,2,6,2,5,1,0,0,3,2,8,3,1,13,3,2,5,3,3,2,5,16
487,4,1,1,3,0,1,14,3,6,2,4,5,5,1,0,0,3,2,8,3,1,4,0,1,1,2,7,2,5,13
664,5,0,1,4,0,2,17,3,0,2,4,0,5,0,3,0,3,2,8,2,1,2,1,1,3,2,2,2,5,13
664,5,1,1,4,0,4,11,3,6,2,7,2,5,0,0,0,3,2,2,2,1,13,3,2,5,3,0,2,5,1
334,3,1,1,4,0,0,11,1,3,3,3,2,5,0,0,3,3,4,2,2,1,5,0,1,3,2,0,2,5,11
334,3,4,0,1,0,1,14,3,5,3,6,1,5,0,0,3,3,4,8,2,1,7,3,2,5,3,0,2,5,12
435,6,1,1,1,0,1,0,3,1,2,2,4,5,0,0,0,3,2,8,2,1,2,0,1,1,2,7,5,5,0
435,6,3,1,1,0,2,2,1,2,2,3,4,7,0,0,0,3,2,2,2,1,4,0,0,0,2,0,2,5,0
433,6,1,1,4,0,2,0,3,3,2,6,7,5,1,0,0,3,2,2,1,1,3,0,1,3,2,0,2,5,16
223,5,0,1,7,4,6,5,3,1,2,7,2,0,1,0,0,3,2,8,2,2,2,0,1,0,2,7,5,5,10
223,5,2,1,4,0,3,0,3,0,3,6,4,5,1,0,0,3,2,8,2,2,4,3,2,5,3,0,2,5,12
926,3,1,1,4,0,3,10,3,1,3,6,2,7,7,0,0,3,2,8,2,1,3,0,1,0,2,0,2,5,1
926,3,1,1,4,2,3,13,3,6,2,7,0,3,7,0,0,3,2,2,2,1,2,3,2,5,3,3,2,5,0
409,2,0,1,4,0,7,0,3,0,2,6,4,6,7,0,0,3,2,8,2,2,2,0,0,0,2,0,2,5,10
409,2,1,1,4,0,2,10,3,6,2,9,4,5,7,0,0,3,2,8,2,2,3,3,2,5,3,0,2,5,3
939,0,0,1,4,0,1,17,3,5,3,7,2,5,7,0,0,3,2,8,2,1,2,2,0,0,2,0,2,1,11
939,0,0,1,1,0,2,5,3,1,3,6,0,5,7,0,0,3,2,6,2,1,1,2,0,0,2,0,2,0,3
782,4,4,0,4,0,1,5,3,2,3,6,4,7,1,0,0,0,2,8,1,1,2,2,1,1,2,0,2,6,9
573,3,4,1,2,2,2,9,4,6,3,6,7,5,1,0,3,0,4,8,1,1,2,2,0,0,2,0,2,5,10
280,5,4,1,4,0,3,5,3,2,2,7,2,6,1,0,0,3,2,1,2,3,3,2,1,2,2,0,2,5,10
280,5,0,1,4,0,1,5,3,6,2,2,4,5,1,0,0,3,2,8,2,3,2,0,1,1,1,7,5,5,10
280,5,0,1,1,0,1,9,3,5,2,4,4,5,1,0,0,3,2,8,2,3,2,2,1,1,2,0,2,5,0
280,5,0,1,2,2,3,11,3,0,2,6,0,5,1,0,0,3,2,8,2,3,2,0,1,1,2,7,5,5,0
270,2,4,1,1,0,0,0,3,5,2,2,4,5,1,2,0,3,2,8,2,1,2,3,2,5,3,0,2,5,9
270,2,1,2,4,0,3,8,3,6,3,6,4,5,1,0,0,3,2,2,2,1,2,2,1,3,2,2,2,5,1
953,0,1,1,7,4,6,14,3,6,2,6,7,5,1,0,0,3,2,8,2,1,3,0,1,1,2,3,2,5,12
953,0,4,1,4,2,2,7,3,6,3,9,2,5,1,0,0,3,2,8,2,1,2,1,0,3,2,0,2,5,9
954,5,0,1,0,0,2,17,3,2,3,6,2,5,7,0,0,3,2,8,2,2,2,3,2,5,3,7,5,5,16
954,5,0,1,4,0,2,0,3,2,3,9,4,5,7,0,0,3,2,8,2,2,3,2,1,1,1,3,2,5,0
632,2,1,1,4,0,3,14,3,1,3,6,0,5,0,0,0,0,2,2,2,1,3,2,1,0,2,7,5,6,1
632,2,4,1,4,0,0,8,3,1,2,6,0,5,0,0,0,0,2,8,2,1,2,2,1,0,2,7,5,6,16
373,1,0,1,4,0,1,5,4,6,2,7,2,5,0,0,0,3,2,2,1,1,2,0,1,1,2,0,5,5,14
384,5,0,1,4,0,4,0,3,5,2,7,2,5,0,0,0,3,2,8,2,1,2,3,2,5,3,7,5,5,13
384,5,0,1,4,0,3,17,3,3,2,9,2,5,0,1,0,3,2,6,2,1,2,1,0,1,2,5,2,5,12
694,3,4,0,4,0,0,5,3,5,3,2,2,5,1,0,0,0,2,8,2,1,2,3,2,5,3,0,2,5,1
694,3,0,1,0,0,2,5,0,5,2,2,0,5,1,0,0,0,2,8,2,1,2,0,1,3,2,0,2,5,9
251,2,4,1,4,0,2,5,3,1,2,9,0,5,7,0,0,3,2,8,2,1,2,3,2,5,3,0,2,5,0
251,2,0,1,1,2,4,8,3,6,2,6,2,6,7,0,0,3,2,8,2,1,2,0,1,0,2,7,5,5,11
156,1,2,1,7,4,6,8,3,2,2,6,2,6,7,0,0,3,2,8,2,1,2,2,1,0,2,0,2,5,10
156,1,0,1,4,0,3,0,3,1,3,9,2,5,7,0,0,3,2,1,2,1,2,0,1,3,2,0,2,5,12
131,6,2,1,4,4,6,7,3,2,3,2,7,5,1,0,0,3,2,6,1,1,4,3,2,5,3,3,2,5,10
485,4,1,1,4,0,0,17,3,6,3,7,2,5,1,0,0,3,2,8,1,1,2,1,0,3,2,0,2,5,10
73,1,1,1,4,2,1,0,3,6,3,6,2,5,7,0,0,3,2,6,2,1,7,1,1,4,2,7,5,5,9
73,1,0,1,7,0,7,6,3,6,3,7,2,5,7,0,0,3,2,8,2,1,2,0,0,1,2,6,2,5,1
412,3,1,1,4,0,3,0,3,6,3,7,2,5,7,0,0,3,2,8,1,1,7,3,2,5,3,0,2,5,11
767,3,0,1,4,2,1,0,3,6,3,14,6,5,7,0,0,0,2,8,1,1,2,0,1,1,2,7,5,5,9
117,3,4,1,4,0,2,9,0,1,3,9,2,9,1,0,0,3,2,4,2,1,7,3,2,5,3,0,2,5,7
117,3,0,1,4,0,1,0,3,4,3,2,4,5,1,0,0,3,2,8,2,1,13,3,2,5,3,2,2,5,16
506,6,0,1,4,0,0,11,3,3,2,9,6,5,0,0,0,3,2,2,1,1,2,0,1,4,2,2,2,5,14
227,0,1,1,4,0,2,5,3,2,2,6,4,5,1,0,3,3,4,8,2,4,7,0,1,1,2,3,2,5,1
227,0,1,1,4,0,1,11,3,6,2,1,7,9,1,0,3,3,4,8,2,4,4,3,2,5,3,0,2,5,8
227,0,1,1,1,0,2,17,0,6,2,6,7,6,1,0,3,3,4,8,2,4,2,1,0,3,2,0,2,5,13
227,0,2,1,0,2,2,17,3,2,2,4,7,5,1,5,3,3,4,1,2,4,2,3,2,5,3,0,2,5,0
359,5,1,1,4,0,1,0,4,6,3,14,6,9,0,0,0,3,2,8,2,1,2,0,1,0,2,7,5,5,1
359,5,0,1,4,0,1,0,3,6,2,9,4,5,0,0,0,3,2,8,2,1,3,2,0,0,2,7,5,6,11
549,1,1,1,4,0,1,5,0,3,2,9,7,5,7,0,0,3,2,8,2,1,2,2,0,0,2,0,2,1,15
549,1,2,1,4,0,2,0,3,0,2,4,7,5,7,0,0,3,2,6,2,1,2,3,2,5,3,2,2,5,0
496,4,0,1,4,0,0,10,3,1,2,9,4,5,1,0,0,3,2,2,1,1,2,0,1,2,2,0,2,5,12
712,0,4,1,4,2,1,0,3,5,2,9,7,5,1,0,0,3,2,8,2,1,2,0,1,0,2,7,5,5,1
712,0,4,1,2,2,1,11,3,6,2,6,4,5,1,0,0,3,2,8,2,1,4,3,2,5,3,0,2,5,10
338,6,4,1,7,0,6,5,3,1,2,6,0,0,0,0,0,3,2,2,1,1,13,2,0,1,2,0,2,5,11
564,0,4,1,4,2,0,0,3,3,2,6,7,5,7,0,3,3,4,8,2,3,2,3,2,5,3,1,2,5,10
564,0,1,1,4,4,4,4,3,0,2,6,4,0,7,0,3,3,4,8,2,3,9,0,1,0,1,7,5,5,12
564,0,1,1,2,0,0,10,3,6,2,6,1,5,7,0,3,3,4,8,2,3,2,3,2,5,3,4,2,5,13
564,0,1,1,0,0,0,10,3,6,2,6,4,5,7,0,3,3,4,6,2,3,3,0,0,0,2,0,2,5,3
377,2,1,1,4,0,3,17,3,6,2,6,7,5,1,0,0,3,2,6,2,1,3,1,0,4,2,3,2,5,0
377,2,0,1,2,0,0,3,3,3,2,9,7,5,1,0,0,3,2,1,2,1,2,3,2,5,3,3,2,5,3
249,3,0,1,4,0,1,5,3,2,2,9,1,5,7,0,3,3,4,8,3,1,4,0,1,1,2,0,2,5,0
249,3,0,1,0,1,1,4,3,6,2,7,1,5,7,0,3,3,4,8,3,1,2,3,2,5,3,7,5,5,12
249,3,2,1,2,0,3,5,3,2,2,2,4,5,7,0,3,3,4,8,3,1,2,0,0,1,2,0,2,5,10
421,5,0,1,1,0,2,9,3,6,2,1,7,5,7,0,3,3,4,1,2,1,2,0,1,0,2,0,2,5,1
421,5,0,1,2,0,0,17,3,6,3,4,4,5,7,0,3,3,4,1,2,1,2,3,2,5,3,3,2,5,1
619,1,1,1,2,0,2,15,4,6,3,9,7,9,0,0,0,3,2,8,2,1,2,0,1,1,2,0,2,5,2
619,1,0,1,2,0,1,17,3,3,2,9,7,8,0,0,0,3,2,8,2,1,2,1,0,4,2,7,2,5,10
309,6,1,1,4,0,0,0,3,1,2,6,0,5,1,0,0,3,2,8,1,1,2,3,2,5,3,0,2,5,1
567,0,0,1,0,0,3,17,3,1,2,0,4,5,1,0,0,3,2,2,2,2,2,0,1,1,2,7,5,5,0
567,0,0,1,0,0,1,5,4,6,3,13,7,5,1,0,0,3,2,8,2,2,4,0,1,1,2,0,2,5,7
567,0,4,1,1,0,2,0,3,6,2,4,7,5,1,0,0,3,2,2,2,2,2,0,1,0,2,7,5,5,13
1060,4,1,1,1,0,0,0,3,6,2,9,3,5,7,0,0,3,2,8,2,1,5,3,2,5,3,3,3,5,13
1060,4,4,1,4,0,6,5,0,4,2,9,4,5,7,0,0,3,2,8,2,1,2,0,0,0,2,0,2,5,10
300,4,4,0,7,4,6,0,3,2,2,7,4,5,7,0,0,3,2,2,2,1,2,3,2,5,3,0,2,5,12
300,4,2,1,1,0,2,0,0,6,2,9,7,5,7,0,0,3,2,8,2,1,2,0,1,0,2,2,2,5,16
713,2,0,1,4,0,1,0,3,0,2,10,4,1,7,0,0,0,2,8,2,2,10,3,2,5,3,7,5,5,11
713,2,0,1,4,0,2,15,3,1,2,10,4,1,7,0,0,0,2,2,2,2,2,2,0,4,2,7,5,5,10
713,2,0,1,2,0,1,17,3,6,2,6,0,5,7,0,0,0,2,2,2,2,2,0,1,2,2,2,2,5,1
1032,4,1,1,4,0,0,17,3,1,2,9,4,1,1,0,0,3,2,8,1,1,2,0,1,3,2,0,2,5,3
958,4,4,0,4,0,0,0,3,6,3,9,7,5,7,0,0,3,4,8,3,1,2,3,2,5,3,0,2,5,1
958,4,0,1,4,0,2,8,3,6,1,5,7,5,7,0,0,3,4,8,3,1,9,3,2,5,3,7,5,5,16
958,4,4,1,3,0,7,17,3,3,3,9,7,5,7,0,0,3,4,8,3,1,2,2,0,1,2,0,2,5,13
428,6,0,1,4,0,2,0,3,2,0,2,7,5,3,0,3,3,2,8,2,1,2,3,2,5,3,7,5,5,4
428,6,1,1,4,0,0,9,3,6,2,6,4,5,3,0,3,3,2,8,2,1,3,1,0,0,2,0,2,5,2
963,6,1,1,4,0,1,10,3,5,2,6,2,7,7,0,0,3,2,8,2,2,2,2,0,1,1,0,2,5,19
963,6,0,1,4,0,3,4,0,6,2,6,2,0,7,0,0,3,2,8,2,2,3,3,2,5,3,7,5,5,1
1006,1,0,1,4,2,2,14,3,1,3,7,4,7,1,0,3,3,2,8,2,1,2,0,1,2,2,7,5,5,10
1006,1,4,0,2,0,0,12,3,1,3,7,4,5,1,0,3,3,2,8,2,1,2,2,1,0,2,7,5,5,13
340,1,4,0,4,0,3,14,3,5,2,9,2,5,1,0,3,3,7,8,2,2,2,1,0,3,2,7,5,5,12
340,1,1,1,4,0,0,0,3,6,3,7,2,5,1,0,3,3,7,8,2,2,2,1,0,3,2,2,2,5,0
340,1,1,1,4,0,1,0,3,4,3,7,4,6,1,0,3,3,7,8,2,2,10,3,2,5,3,3,2,5,11
238,5,1,1,4,0,3,7,3,2,3,7,2,5,3,0,0,3,2,8,2,1,2,3,2,5,3,7,5,5,16
238,5,0,1,4,0,1,15,0,2,2,7,4,5,3,0,0,3,2,8,2,1,2,0,0,1,2,4,2,5,3
876,6,1,1,1,0,2,0,3,1,2,7,0,6,3,0,0,0,2,8,2,1,2,2,1,0,2,2,2,6,12
876,6,0,1,7,4,6,14,3,6,2,7,2,5,3,0,0,0,2,8,2,1,2,2,0,0,1,0,2,5,11
91,0,1,1,1,0,0,0,3,1,3,2,2,5,1,0,0,3,2,8,2,1,2,1,0,3,2,2,2,5,1
91,0,0,1,1,0,2,9,3,2,3,7,4,5,1,0,0,3,2,2,2,1,2,0,1,1,2,0,2,5,3
114,5,0,1,1,0,2,17,1,1,3,4,2,5,0,0,0,3,2,8,2,1,8,2,1,3,1,2,2,5,1
114,5,0,1,4,0,0,0,3,6,2,9,0,5,0,0,0,3,2,1,2,1,9,0,1,0,2,7,2,5,1
73,5,2,1,4,0,2,5,0,3,2,7,2,5,7,0,0,3,2,8,2,1,1,0,0,0,2,0,2,5,0
73,5,0,1,4,0,2,17,3,6,2,6,2,5,7,0,0,3,2,2,2,1,3,0,1,1,2,0,2,5,17
189,2,2,1,4,0,1,11,3,6,2,4,5,5,7,0,0,3,2,8,1,1,3,1,0,4,2,3,2,5,3
76,4,2,1,4,0,0,17,3,0,2,4,0,5,1,0,0,3,2,8,1,1,2,1,1,4,2,7,5,5,10
787,4,4,0,4,0,2,9,3,6,2,7,2,5,1,0,0,0,7,8,1,1,9,3,2,5,3,7,5,5,3
499,0,2,1,4,0,4,9,1,3,3,3,2,5,1,0,0,3,2,8,1,1,2,2,0,3,2,1,2,6,0
948,0,0,1,4,0,2,0,3,5,3,6,1,5,7,0,0,3,2,8,2,1,2,0,1,1,2,0,2,5,12
948,0,4,1,4,2,2,17,3,1,2,2,4,5,7,0,0,3,2,6,2,1,10,0,1,1,2,2,2,5,1
359,1,1,1,7,2,2,0,1,2,2,3,4,7,0,0,3,3,4,2,2,1,2,2,0,1,2,0,2,6,10
359,1,0,1,4,0,2,5,3,3,2,6,7,5,0,0,3,3,4,8,2,1,2,2,0,4,2,0,2,5,9
453,4,2,1,2,0,1,9,3,1,2,7,2,0,1,0,0,3,2,2,2,1,10,1,0,3,2,0,2,5,9
453,4,0,1,0,0,2,4,3,0,3,6,4,5,1,0,0,3,2,8,2,1,8,3,2,5,3,0,2,5,10
535,3,1,1,4,0,3,0,3,1,3,6,2,7,1,0,0,3,2,8,2,2,2,2,1,3,2,0,2,5,10
535,3,1,1,4,0,4,0,3,6,2,7,0,3,1,0,0,3,2,8,2,2,3,0,1,3,2,0,2,5,10
535,3,1,1,1,0,2,0,3,0,2,6,4,6,1,0,0,3,2,8,2,2,1,3,2,5,3,0,2,5,11
114,4,0,1,1,0,1,1,3,6,2,9,4,5,7,0,0,3,2,8,2,1,2,0,1,0,2,0,2,5,3
114,4,0,1,4,0,1,9,3,5,3,7,2,5,7,0,0,3,2,2,2,1,2,3,2,5,3,4,2,5,1
721,6,0,1,4,0,0,4,3,1,3,6,0,5,7,0,0,0,2,8,2,2,9,0,1,1,2,7,5,5,0
721,6,0,1,4,0,1,17,3,2,3,6,4,7,7,0,0,0,2,2,2,2,3,3,2,5,3,7,5,5,3
123,5,2,1,4,0,1,17,4,6,3,6,7,5,0,0,3,3,4,8,2,1,2,2,1,0,1,7,2,6,3
123,5,0,1,4,0,3,0,3,2,2,7,2,6,0,2,3,3,4,8,2,1,3,3,2,5,3,0,2,5,10
416,1,0,1,2,0,4,4,3,6,2,2,4,5,7,0,3,3,4,8,2,1,2,0,0,1,2,0,2,5,13
416,1,1,1,4,0,1,5,3,5,2,4,4,5,7,0,3,3,4,8,2,1,13,1,0,4,2,7,5,5,1
1054,6,1,1,2,0,3,8,3,0,2,6,0,5,3,0,0,3,7,8,1,1,2,3,2,5,3,7,5,5,1
466,0,0,1,4,0,3,4,3,5,2,2,4,5,0,0,0,3,2,8,3,2,13,0,0,0,2,7,5,5,10
466,0,1,1,2,0,2,14,3,6,3,6,4,5,0,0,0,3,2,8,3,2,2,0,1,3,2,7,5,5,10
466,0,1,1,4,0,3,7,3,6,2,6,7,5,0,0,0,3,2,8,3,2,13,3,2,5,3,0,2,5,17
858,2,1,1,4,0,0,7,3,6,3,9,2,5,0,0,3,0,4,8,1,1,2,3,2,5,3,0,2,5,2
967,0,0,1,4,0,1,4,3,2,3,6,2,5,7,0,0,3,2,8,2,1,2,0,1,1,2,0,2,5,12
967,0,1,1,1,0,1,17,3,2,3,9,4,5,7,0,0,3,2,8,2,1,2,3,2,5,3,2,2,5,11
366,0,0,1,1,1,2,0,3,1,3,6,0,5,7,0,0,3,2,6,2,1,2,3,2,5,3,0,2,5,12
366,0,1,1,4,0,2,5,3,1,2,6,0,5,7,0,0,3,2,2,2,1,2,2,0,1,2,7,5,5,13
369,0,0,1,2,2,2,7,4,6,2,7,2,5,0,0,0,3,2,8,2,3,4,3,2,5,3,0,2,5,13
369,0,0,1,4,0,3,5,3,5,2,7,2,5,0,0,0,3,2,8,2,3,4,0,1,0,2,0,2,5,9
369,0,0,1,4,0,4,0,3,3,2,9,2,5,0,0,0,3,2,2,2,3,2,0,1,0,2,5,2,5,10
369,0,0,1,4,1,4,8,3,5,3,2,2,5,0,0,0,3,2,8,2,3,2,3,2,5,3,0,2,5,9
39,6,2,1,4,0,3,5,0,5,2,2,0,5,0,0,0,3,2,8,1,1,1,3,2,5,3,0,2,5,12
682,2,2,1,2,2,2,10,3,1,2,9,0,5,1,0,0,0,2,8,2,4,2,0,1,1,2,0,2,5,3
682,2,2,1,1,2,2,3,3,6,2,6,2,6,1,0,0,0,2,6,2,4,2,1,0,2,2,0,2,5,10
682,2,2,1,4,0,1,0,3,2,2,6,2,6,1,0,0,0,2,6,2,4,2,1,0,2,2,1,2,5,13
682,2,2,1,4,0,1,0,3,1,3,9,2,5,1,0,0,0,2,1,2,4,2,0,1,1,2,0,2,5,1
419,0,1,1,0,0,2,7,3,2,3,2,7,5,1,0,0,3,2,8,1,1,2,2,1,0,2,3,2,6,10
616,2,3,1,4,2,1,17,3,6,3,7,2,5,7,0,3,0,4,8,3,1,1,2,0,1,2,0,2,5,3
616,2,1,1,7,4,6,3,3,6,3,6,2,5,7,0,3,0,4,8,3,1,2,0,1,0,2,0,2,5,10
616,2,4,1,4,0,1,9,3,6,3,7,2,5,7,0,3,0,4,1,3,1,2,3,2,5,3,7,5,5,12
555,0,4,1,4,0,2,9,3,6,3,7,2,5,3,0,0,3,2,1,2,2,4,3,2,5,3,0,2,5,1
555,0,0,1,4,0,1,7,3,6,3,14,6,5,3,0,0,3,2,8,2,2,2,0,1,3,2,7,5,5,11
555,0,0,1,1,0,0,7,0,1,3,9,2,9,3,0,0,3,2,8,2,2,2,2,0,3,2,7,5,5,12
543,1,0,1,2,0,6,7,3,4,3,2,4,5,7,0,0,0,3,8,3,3,2,2,0,0,2,7,2,5,0
543,1,0,1,4,2,0,9,4,6,3,7,4,5,7,0,0,0,3,2,3,3,2,2,0,2,2,0,2,5,18
543,1,0,1,4,0,1,5,3,5,3,7,1,5,7,0,0,0,3,8,3,3,2,2,1,0,2,0,2,1,4
543,1,4,0,4,0,0,7,3,5,2,9,2,5,7,0,0,0,3,2,3,3,7,0,1,1,1,0,2,5,3
543,1,4,0,1,0,3,9,3,5,3,6,1,5,7,0,0,0,3,8,3,3,4,3,2,5,3,0,2,5,4
543,1,4,0,4,0,1,7,3,5,2,4,2,5,7,0,0,0,3,8,3,3,2,0,0,0,2,0,2,5,3
1060,1,4,1,4,0,1,4,0,6,2,9,0,5,1,0,0,3,7,2,1,1,2,3,2,5,3,0,2,5,11
386,2,0,1,4,0,1,7,3,6,2,6,5,5,7,0,0,3,2,8,1,1,2,0,1,0,2,1,2,5,3
872,3,1,1,4,0,1,7,3,1,3,7,6,5,4,0,0,0,2,8,1,1,2,3,2,5,3,7,2,5,1
236,2,3,1,1,0,1,7,3,5,3,2,7,5,7,0,0,3,2,2,1,1,2,0,1,0,2,0,2,5,9
677,4,0,1,4,0,1,8,3,3,3,4,6,5,1,0,0,0,2,2,3,3,2,1,1,0,2,7,5,5,3
677,4,0,1,1,0,2,0,3,5,2,1,1,5,1,0,0,0,2,8,3,3,2,3,2,5,3,3,2,5,1
677,4,0,1,1,0,1,7,3,5,2,0,4,5,1,0,0,0,2,8,3,3,2,0,1,4,2,7,5,5,3
677,4,0,1,4,0,3,5,3,5,2,7,2,5,1,0,0,0,2,8,3,3,2,3,2,5,3,3,2,5,3
746,1,1,1,4,0,3,10,3,5,3,7,2,5,7,0,3,0,4,8,2,1,3,0,1,0,2,7,5,5,3
746,1,1,2,2,0,3,0,3,5,2,4,2,9,7,0,3,0,4,8,2,1,3,0,1,0,2,3,2,5,1
204,4,4,1,4,0,2,8,0,1,3,7,2,5,1,0,0,3,2,8,2,1,9,2,1,3,2,7,5,1,1
204,4,0,1,4,2,1,5,0,6,3,6,7,5,1,0,0,3,2,8,2,1,4,3,2,5,3,7,5,5,3
999,1,1,1,1,0,0,9,3,5,3,14,7,5,3,0,3,3,4,8,1,1,4,0,0,1,2,3,2,5,16
1004,4,4,1,4,0,1,7,3,6,3,6,2,5,1,0,0,3,2,8,2,2,2,1,1,0,2,1,2,5,1
1004,4,0,1,4,0,2,5,3,6,3,6,4,5,1,0,0,3,2,8,2,2,2,3,2,5,3,2,2,5,10
1004,4,0,1,7,4,6,8,1,5,3,7,7,5,1,0,0,3,2,8,2,2,4,2,0,0,2,1,2,6,13
476,4,4,1,1,2,2,7,0,1,3,7,7,5,1,0,0,3,3,8,2,1,4,3,2,5,3,7,5,5,1
476,4,1,1,2,1,3,5,3,5,2,7,4,5,1,0,0,3,3,8,2,1,2,3,2,5,3,1,2,5,1
132,6,4,1,4,0,3,12,3,3,3,7,7,5,7,0,0,3,2,8,1,2,7,0,0,0,2,7,5,5,16
132,6,4,1,4,0,0,0,4,6,3,9,4,5,7,0,0,3,2,8,1,2,4,3,2,5,3,1,2,5,13
929,5,4,0,2,2,6,0,3,1,2,2,4,5,1,0,0,3,2,8,1,1,9,0,1,0,2,1,2,5,4
359,6,0,1,4,0,1,14,3,1,3,6,0,5,7,0,0,3,2,8,2,3,2,2,1,0,2,1,2,5,16
359,6,0,1,4,0,2,7,3,1,3,2,7,5,7,0,0,3,2,8,2,3,2,0,0,3,2,0,2,5,12
359,6,0,1,4,0,1,5,3,1,3,7,2,5,7,0,0,3,2,2,2,3,2,0,0,0,2,0,2,5,9
359,6,1,1,4,0,3,5,3,6,3,14,7,5,7,0,0,3,2,8,2,3,2,3,2,5,3,4,2,5,13
685,6,0,1,1,0,2,3,3,0,3,12,7,3,0,0,0,0,2,1,2,3,2,3,2,5,3,0,2,5,12
685,6,1,1,4,0,2,14,3,2,3,6,2,6,0,0,0,0,2,8,2,3,2,0,1,0,1,3,2,5,11
685,6,1,1,0,0,0,9,3,4,3,7,7,3,0,0,0,0,2,2,2,3,2,0,0,0,2,7,5,5,1
772,4,4,0,1,0,3,0,3,5,3,6,4,5,0,0,0,0,7,8,2,1,2,3,2,5,3,7,5,5,1
772,4,0,1,1,0,2,9,3,6,3,7,4,5,0,0,0,0,7,8,2,1,2,2,1,3,2,0,2,6,1
81,1,0,1,1,0,1,5,3,1,3,7,2,5,7,0,0,3,2,8,1,2,4,3,2,5,3,0,2,5,4
81,1,0,1,1,0,1,0,3,6,3,6,4,5,7,0,0,3,2,8,1,2,2,0,0,0,2,0,2,5,0
77,5,2,1,4,0,2,5,3,6,2,7,0,5,1,0,3,3,2,8,1,1,2,3,2,5,3,0,2,5,9
20,3,4,0,4,0,0,5,3,6,3,2,7,5,7,0,0,0,2,6,2,3,3,0,1,4,2,7,5,5,2
20,3,2,1,4,0,2,8,3,6,2,6,2,5,7,0,0,0,2,2,2,3,2,3,2,5,3,0,2,5,9
20,3,2,1,4,0,2,7,3,3,2,6,2,5,7,0,0,0,2,8,2,3,3,0,0,0,2,3,2,5,10
20,3,2,1,0,0,2,0,3,1,3,7,4,7,7,0,0,0,2,8,2,3,4,3,2,5,3,3,2,5,13
506,2,0,1,4,0,3,0,3,1,3,9,4,5,7,0,0,3,2,2,2,1,2,0,0,0,2,3,2,5,12
506,2,0,1,1,0,1,4,3,5,2,9,4,5,7,0,0,3,2,8,2,1,7,3,2,5,3,0,2,5,1
418,6,3,1,4,0,2,1,3,2,1,14,2,5,3,0,0,3,2,8,2,1,2,3,2,5,3,2,2,5,13
418,6,0,1,7,4,6,0,3,5,1,7,7,5,3,0,0,3,2,8,2,1,4,2,1,0,2,7,5,6,10
937,6,0,1,4,0,2,5,3,5,2,6,6,3,7,0,0,3,2,8,2,1,4,0,1,0,2,3,2,5,3
937,6,4,1,4,0,6,4,0,5,2,12,0,5,7,0,0,3,2,8,2,1,4,3,2,5,3,2,2,5,10
330,5,2,1,4,0,6,4,3,5,2,7,2,3,0,0,0,3,2,8,1,1,8,0,1,0,2,7,5,5,9
156,6,4,1,4,0,0,0,3,2,2,7,2,8,1,0,0,3,2,1,2,1,4,3,2,5,3,7,5,5,10
156,6,1,1,0,2,2,17,0,5,2,2,2,5,1,0,0,3,2,8,2,1,4,0,1,0,2,0,2,5,9
1028,5,4,1,4,0,1,0,4,6,3,6,6,6,1,0,0,3,2,2,1,1,4,3,2,5,3,7,5,5,11
1008,6,0,1,4,2,2,10,3,6,3,7,2,6,7,0,0,3,7,8,2,3,2,0,1,0,2,0,2,5,0
1008,6,1,1,2,0,1,9,0,6,2,9,0,5,7,0,0,3,7,8,2,3,2,2,1,0,2,0,2,5,10
1008,6,1,1,4,0,3,7,3,6,3,6,2,5,7,0,0,3,7,8,2,3,2,0,1,0,2,0,2,5,13
1008,6,1,1,4,0,4,0,3,6,3,6,4,5,7,0,0,3,7,8,2,3,2,1,0,0,2,0,2,5,10
656,3,0,1,4,0,4,0,3,4,3,6,2,5,1,5,0,0,2,8,2,1,2,3,2,5,3,3,2,5,11
656,3,0,1,7,2,6,10,1,0,3,2,6,5,1,0,0,0,2,8,2,1,2,0,1,0,1,3,2,5,9
329,5,1,1,4,0,1,10,3,6,3,6,2,5,1,0,0,3,2,8,1,1,2,3,2,5,3,0,2,5,11
902,4,1,1,7,4,6,0,3,0,3,6,2,6,1,0,3,3,2,8,2,1,2,3,2,5,3,0,2,5,10
902,4,4,1,1,0,5,7,3,6,3,6,2,6,1,0,3,3,2,8,2,1,2,3,2,5,3,7,5,5,11
476,1,4,0,4,0,3,8,3,2,2,6,2,5,3,0,0,3,7,2,1,1,2,0,1,1,2,0,2,5,3
476,4,3,1,4,2,3,5,3,6,2,7,2,5,1,0,0,3,2,8,2,1,2,0,0,1,2,0,2,5,7
476,4,4,1,4,0,3,0,3,6,2,9,0,5,1,0,0,3,2,2,2,1,7,3,2,5,3,0,2,5,3
313,4,4,0,4,0,3,0,3,6,2,2,4,5,7,0,0,3,2,8,1,1,2,3,2,5,3,7,2,5,0
232,1,1,1,4,2,2,5,3,6,2,7,2,5,7,0,0,3,7,8,2,1,4,0,1,0,2,7,5,5,12
232,1,3,1,4,0,4,17,3,6,2,1,2,5,7,0,0,3,7,10,2,1,13,1,0,3,2,0,2,5,1
748,2,4,0,4,0,1,7,4,6,3,14,6,5,3,0,0,0,2,1,2,2,1,2,1,4,2,0,2,5,1
748,2,2,1,4,0,6,0,3,5,2,4,4,6,3,0,0,0,2,8,2,2,2,3,2,5,3,3,2,5,10
352,2,0,1,0,0,0,0,3,6,2,7,2,5,7,0,0,3,2,8,1,1,2,0,1,0,2,0,2,5,10
961,0,2,1,4,0,0,0,3,5,3,7,7,5,7,0,0,3,2,8,2,1,2,1,1,1,2,0,2,5,0
961,0,3,1,4,0,0,0,3,2,2,2,7,5,7,0,0,3,2,1,2,1,2,3,2,5,3,0,2,5,1
712,3,0,1,5,0,2,5,3,2,2,2,4,5,1,0,0,0,2,2,1,2,9,2,0,4,2,7,5,5,12
712,3,0,1,4,0,3,7,3,6,2,7,2,5,1,0,0,0,2,10,1,2,0,0,0,1,1,0,2,5,0
328,2,1,1,4,0,3,8,3,6,2,7,1,5,1,0,0,3,2,8,2,1,0,3,2,5,3,0,2,5,12
328,2,0,1,4,0,2,14,0,1,3,1,2,5,1,0,0,3,2,10,2,1,0,1,0,1,2,3,2,5,9
476,6,4,1,4,0,1,7,3,1,3,7,4,5,7,0,0,3,2,10,2,1,0,3,2,5,3,7,2,5,18
476,6,0,1,4,0,4,8,3,2,3,6,4,5,7,0,0,3,2,10,2,1,4,3,2,5,3,7,5,5,10
461,1,0,1,4,0,0,14,3,2,2,2,2,5,4,0,0,3,2,8,2,1,0,0,1,0,2,0,2,5,10
461,1,4,0,4,0,2,5,3,1,3,6,2,5,4,0,0,3,2,8,2,1,9,2,0,1,2,0,2,5,10
343,5,1,1,4,0,4,0,4,6,2,6,4,7,1,0,3,3,4,2,1,1,0,3,2,5,3,0,2,5,0
319,3,0,1,1,0,2,17,3,1,2,7,4,5,1,0,0,3,2,2,1,1,0,1,0,1,1,7,5,5,12
1007,0,1,1,4,0,1,0,0,6,3,9,2,5,1,0,3,3,2,8,1,1,0,0,0,1,2,0,2,5,2
39,5,1,1,4,0,2,0,3,1,2,6,2,6,7,0,0,3,2,8,1,1,0,3,2,5,3,3,2,5,16
275,2,0,1,1,0,2,16,3,1,3,9,7,5,5,0,0,3,2,8,4,3,0,0,1,0,2,3,2,5,13
275,2,0,1,4,0,3,17,3,5,2,9,2,5,5,3,0,3,2,8,4,3,4,3,2,5,3,7,5,5,0
275,2,2,1,4,0,0,14,3,6,2,7,0,5,5,0,0,3,2,8,4,3,2,0,0,0,2,7,2,5,11
275,2,1,1,2,0,4,0,3,6,2,3,1,5,5,0,0,3,2,6,4,3,2,3,2,5,3,0,2,5,0
1050,2,4,1,1,0,3,0,0,6,2,7,4,5,1,0,0,0,2,8,2,1,4,0,1,1,2,0,2,5,10
1050,2,0,1,2,2,0,0,3,6,2,7,4,5,1,0,0,0,2,2,2,1,2,3,2,5,3,7,5,5,9
82,2,4,1,4,0,1,8,3,6,2,1,1,6,7,0,0,3,2,1,2,1,2,3,2,5,3,0,2,5,0
82,2,0,1,7,0,2,5,3,6,2,7,4,5,7,0,0,3,2,8,2,1,2,0,1,4,2,3,2,5,13
550,1,0,1,2,2,1,5,3,6,2,7,4,5,7,0,3,3,4,8,2,1,2,1,1,1,2,3,2,5,10
550,1,4,1,2,0,3,0,3,6,2,7,4,5,7,0,3,3,4,8,2,1,2,3,2,5,3,3,2,5,9
248,3,0,1,4,0,0,5,3,4,2,6,2,5,0,0,0,3,2,8,2,2,7,3,2,5,3,7,5,5,10
248,3,0,1,1,0,0,5,3,1,2,7,2,6,0,1,0,3,2,8,2,2,3,0,0,1,2,3,2,5,0
535,5,1,1,2,0,0,5,3,6,2,9,2,5,1,0,0,3,2,8,2,5,5,2,0,2,2,3,2,5,0
535,5,1,1,0,0,2,5,3,2,2,7,4,5,1,0,0,3,2,8,2,5,2,2,1,1,2,0,1,1,11
535,5,1,1,7,4,6,0,3,5,2,7,4,5,1,0,0,3,2,2,2,5,2,2,1,2,2,0,2,5,0
535,5,1,1,4,0,2,0,3,6,3,2,4,5,1,0,0,3,2,6,2,5,2,3,2,5,3,3,2,5,3
535,5,1,1,1,2,2,0,3,0,0,6,4,5,1,0,0,3,2,8,2,5,2,0,1,4,2,3,2,5,3
535,5,4,1,1,0,2,10,3,3,2,12,7,5,1,0,0,3,2,1,2,5,2,3,2,5,3,0,2,5,11
680,3,4,1,2,2,2,0,3,1,2,7,4,5,1,0,3,0,2,8,2,1,2,0,0,1,2,0,2,5,7
680,3,1,1,4,0,2,10,3,0,2,6,4,5,1,0,3,0,2,8,2,1,2,2,1,0,2,7,5,6,10
687,5,0,1,4,2,0,10,3,0,2,9,7,3,1,0,3,2,4,1,1,1,2,2,0,1,2,0,2,5,0
439,0,0,1,4,0,1,0,3,0,2,4,1,5,7,0,0,3,2,1,2,1,2,2,1,3,2,0,2,5,12
439,0,2,1,4,2,2,4,3,1,2,7,4,5,7,0,0,3,2,8,2,1,2,0,1,0,2,4,2,5,10
906,0,0,1,4,2,3,0,3,0,2,9,4,5,5,0,0,3,2,8,2,1,2,0,1,0,2,1,2,5,11
906,0,0,1,2,0,2,5,3,0,2,1,2,5,5,0,0,3,2,8,2,1,4,3,2,5,3,0,2,5,11
324,1,1,1,2,2,1,7,3,5,1,6,7,5,0,0,0,3,2,8,1,1,2,0,1,2,2,2,2,5,12
295,2,2,1,4,0,2,8,3,6,2,5,2,5,7,0,0,3,2,8,2,1,3,2,0,0,2,7,2,5,3
295,2,4,1,1,0,1,4,3,0,2,5,2,5,7,0,0,3,2,2,2,1,4,2,0,1,2,7,5,5,1
350,3,0,1,1,0,2,6,3,0,2,5,4,5,7,0,0,3,2,8,2,1,2,0,1,1,2,7,5,5,0
350,3,3,1,4,0,0,8,0,4,2,5,4,5,7,0,0,3,2,8,2,1,2,3,2,5,3,1,5,5,9
967,6,1,1,4,0,2,4,3,6,2,5,7,3,7,0,0,3,2,8,2,2,2,0,1,4,2,0,5,5,3
967,6,0,1,7,4,6,4,3,6,2,12,7,3,7,0,0,3,2,8,2,2,2,3,2,5,3,0,5,5,4
1014,5,3,1,1,0,3,0,3,3,2,5,2,5,7,0,0,3,2,8,3,3,2,0,1,1,2,0,5,5,4
1014,5,1,1,1,0,4,0,3,6,2,5,4,5,7,0,0,3,2,8,3,3,2,3,2,5,3,3,2,5,11
1014,5,1,1,4,0,1,7,3,6,2,5,2,0,7,0,0,3,2,8,3,3,2,2,1,3,2,0,2,1,0
1024,6,1,1,1,2,0,7,3,1,2,5,2,7,1,0,3,3,4,8,2,1,2,2,1,1,2,2,2,5,1
1024,6,2,1,4,2,2,0,3,1,2,6,4,7,1,0,3,3,4,8,2,1,2,2,1,3,2,7,5,5,3
1011,6,0,1,4,0,1,15,3,1,2,5,4,7,7,0,3,3,4,8,1,1,4,2,0,3,2,0,2,5,10
906,5,0,1,4,0,1,7,3,6,2,5,4,7,7,0,0,3,2,8,2,1,7,3,2,5,3,3,2,5,7
906,5,0,1,2,0,1,15,3,1,2,5,4,5,7,0,0,3,2,8,2,1,4,1,0,0,2,3,2,5,5
1000,5,1,1,4,0,3,4,3,6,2,6,4,5,7,0,0,3,2,8,2,2,4,1,1,0,2,3,2,5,1
1000,5,0,1,4,0,1,0,3,6,2,1,4,5,7,0,0,3,2,8,2,2,7,0,1,4,2,7,4,5,3
481,3,0,1,4,0,0,7,3,3,2,6,4,5,1,0,0,3,2,8,2,1,2,3,2,5,3,0,0,5,9
481,3,4,0,4,0,1,0,3,1,2,7,2,6,1,0,0,3,2,2,2,1,2,1,0,1,2,0,2,5,18
360,2,3,1,4,0,2,0,3,3,2,9,2,5,7,0,0,3,2,8,2,1,2,3,2,5,3,3,2,5,1
360,2,4,1,4,0,0,0,3,3,2,9,7,5,7,0,0,3,2,8,2,1,2,0,1,1,2,0,2,5,3
1009,6,0,1,1,0,0,0,3,6,2,9,4,5,7,0,0,3,2,8,2,2,9,3,2,5,3,0,2,5,12
1009,6,1,1,4,0,1,5,3,3,2,7,4,5,7,0,0,3,2,8,2,2,2,2,0,1,2,0,2,5,9
302,6,2,1,4,0,3,7,3,6,2,6,2,5,2,0,3,3,4,1,2,2,2,1,1,4,2,0,2,5,0
302,6,1,1,4,0,4,8,3,6,3,7,2,5,2,0,3,3,4,8,2,2,2,2,1,1,2,0,2,5,17
302,6,1,1,4,0,3,8,3,3,3,7,7,5,2,0,3,3,4,8,2,2,2,2,0,0,2,0,2,5,10
223,2,0,2,1,2,2,0,3,2,3,6,2,5,1,0,0,3,2,8,2,2,2,3,2,5,3,7,2,5,3
223,2,0,1,1,0,3,3,3,4,3,2,7,5,1,0,0,3,2,8,2,2,3,0,1,0,2,1,2,5,10
223,2,4,0,4,0,0,0,3,5,2,7,2,5,1,0,0,3,2,8,2,2,2,0,0,1,2,7,5,5,0
152,6,0,1,7,4,6,10,3,6,3,7,1,5,1,0,3,3,4,8,3,4,2,3,2,5,3,0,2,5,11
152,6,0,1,2,2,2,5,3,6,3,6,0,5,1,0,3,3,4,8,3,4,9,3,2,5,3,3,2,5,10
152,6,0,1,1,0,1,10,3,6,3,6,1,6,1,0,3,3,4,8,3,4,2,0,0,0,2,3,2,5,10
152,6,0,1,7,4,6,7,3,6,3,6,4,5,1,0,3,3,4,1,3,4,2,3,2,5,3,7,5,5,0
152,6,4,1,7,4,6,5,3,6,2,6,0,5,1,0,3,3,4,8,3,4,2,0,1,0,2,3,2,5,10
152,6,4,0,2,2,0,5,3,5,3,14,2,5,1,0,3,3,4,8,3,4,2,1,1,0,2,7,5,5,0
460,4,2,1,4,0,0,3,3,4,3,6,4,5,1,0,0,3,2,8,1,4,2,3,2,5,3,3,2,5,10
460,4,2,1,4,0,0,8,3,5,3,7,6,5,1,0,0,3,2,8,1,4,2,0,1,0,2,0,2,5,10
460,4,2,1,4,0,3,8,3,6,3,7,0,5,1,0,0,3,2,2,1,4,3,0,1,3,2,3,2,5,10
460,4,2,1,4,0,0,5,0,5,3,7,2,5,1,0,0,3,2,8,1,4,2,1,0,3,2,3,2,5,0
211,2,1,1,2,2,3,5,3,6,3,6,6,5,7,0,0,3,2,8,3,2,2,3,2,5,3,3,2,5,1
211,2,0,1,4,0,3,0,3,6,3,6,6,5,7,0,0,3,2,8,3,2,2,3,2,5,3,0,2,5,9
211,2,1,1,4,0,0,7,3,6,3,6,2,5,7,0,0,3,2,8,3,2,2,0,1,0,2,1,2,5,1
530,2,1,1,4,0,0,17,0,6,2,6,2,5,7,0,0,0,2,8,3,1,3,3,2,5,3,7,2,5,10
530,2,0,1,2,0,1,7,3,1,3,2,4,5,7,0,0,0,2,8,3,1,2,0,1,3,1,7,5,5,16
530,2,4,1,4,0,1,0,0,6,3,6,2,5,7,0,0,0,2,8,3,1,4,3,2,5,3,7,5,5,13
371,2,2,1,4,0,0,8,0,5,3,9,2,5,0,0,3,3,3,2,2,2,4,1,0,4,2,7,5,5,13
371,2,1,1,1,0,2,0,3,6,3,12,2,5,0,0,3,3,3,8,2,2,2,2,1,3,2,3,2,5,1
63,6,1,1,4,0,2,9,3,5,3,6,4,5,5,0,3,3,2,8,2,1,2,3,2,5,3,0,2,5,11
63,6,2,1,4,0,0,0,3,2,3,7,4,5,5,0,3,3,2,8,2,1,2,0,1,1,2,7,5,5,12
86,3,0,1,1,1,2,7,3,6,3,7,0,5,1,0,0,3,2,8,2,2,2,0,1,0,2,7,5,5,0
86,3,0,1,4,0,1,9,0,6,2,7,0,5,1,0,0,3,2,6,2,2,4,3,2,5,3,0,2,5,0
86,3,0,1,1,0,2,14,3,2,2,7,2,5,1,1,0,3,2,8,2,2,2,0,1,0,2,0,2,5,16
667,3,0,1,4,0,3,5,3,5,2,6,0,6,7,0,0,0,2,8,3,2,1,3,2,5,3,3,2,5,10
667,3,0,1,4,0,3,5,3,6,3,6,2,5,7,0,0,0,2,2,3,2,2,0,1,2,2,0,2,5,12
667,3,1,1,1,2,1,5,3,6,3,6,6,6,7,0,0,0,2,8,3,2,2,0,1,3,2,0,2,5,1
534,2,4,0,1,0,2,0,3,6,3,6,6,6,7,0,0,3,7,8,1,1,2,1,1,1,2,3,2,5,0
223,5,4,1,4,2,0,5,3,6,3,6,1,5,7,3,0,3,2,8,2,1,2,1,0,0,2,3,2,5,10
223,5,0,1,1,0,3,17,4,6,3,6,2,5,7,0,0,3,2,2,2,1,2,0,1,0,2,0,2,5,3
939,4,1,1,4,0,2,9,3,6,3,6,6,5,4,0,0,3,2,2,2,1,2,3,2,5,3,3,2,5,11
939,4,4,1,4,0,1,0,3,2,3,7,4,5,4,0,0,3,2,8,2,1,3,0,1,1,2,7,5,5,3
710,4,1,1,1,0,3,14,3,6,2,7,2,5,1,0,0,0,2,8,2,1,2,3,2,5,3,7,5,5,9
710,4,4,0,4,0,1,0,4,1,2,9,2,5,1,0,0,0,2,2,2,1,4,1,1,1,2,7,5,5,10
181,0,0,1,1,0,3,5,3,6,2,7,2,5,7,0,3,3,4,2,1,1,2,1,0,0,2,3,2,5,10
580,0,0,1,4,0,3,7,3,2,2,7,2,5,7,0,3,0,2,8,4,4,2,1,0,0,2,0,2,5,10
580,0,0,1,4,0,1,8,0,6,2,7,2,5,7,0,3,0,2,8,4,4,2,1,1,0,2,1,2,5,0
580,0,0,1,4,0,3,17,3,2,3,7,4,5,7,0,3,0,2,8,4,4,2,0,1,0,2,0,2,5,0
580,0,0,1,4,0,3,5,3,6,3,4,4,5,7,0,3,0,2,2,4,4,13,3,2,5,3,0,2,5,9
580,0,4,0,4,0,4,0,3,2,3,4,4,5,7,0,3,0,2,8,4,4,3,0,1,0,2,0,2,5,1
580,0,4,0,4,2,3,10,3,6,2,2,0,5,7,0,3,0,2,3,4,4,13,1,0,3,2,0,2,5,12
439,5,2,1,2,1,3,0,3,6,2,7,4,5,1,0,0,3,2,8,2,1,2,0,1,0,2,0,2,5,9
439,5,1,1,4,0,2,5,3,3,3,7,4,5,1,2,0,3,2,2,2,1,2,3,2,5,3,0,2,5,3
443,0,1,1,1,4,6,9,3,5,2,6,4,5,1,0,0,3,7,8,3,3,13,3,2,5,3,1,2,5,3
443,0,1,1,4,0,2,6,3,5,2,6,4,5,1,5,0,3,7,8,3,3,2,0,1,1,2,0,2,5,5
443,0,1,1,4,0,2,9,0,4,3,9,2,5,1,5,0,3,7,8,3,3,2,0,1,1,1,1,2,5,11
443,0,1,1,4,2,4,5,3,5,2,4,4,5,1,0,0,3,7,8,3,3,2,3,2,5,3,3,2,5,12
443,0,1,1,4,0,2,0,3,6,2,6,4,5,1,2,0,3,7,8,3,3,2,2,1,4,2,0,2,5,3
945,6,1,1,1,0,1,5,3,6,2,7,4,5,1,0,3,3,4,3,3,1,2,2,1,3,2,0,2,1,9
945,6,1,1,4,2,1,14,3,6,3,7,2,5,1,0,3,3,4,3,3,1,2,0,1,0,2,3,2,5,3
945,6,1,1,1,0,1,8,3,6,2,9,4,5,1,2,3,3,4,0,3,1,2,2,0,0,2,3,2,5,12
326,6,4,1,4,2,1,0,3,6,3,6,2,5,1,0,0,3,2,0,1,1,4,3,2,5,3,0,2,5,1
902,4,1,1,4,0,3,0,1,6,3,9,7,5,0,0,0,0,2,0,2,1,2,0,1,0,2,0,2,5,0
902,4,0,1,4,0,1,17,3,6,3,6,2,5,0,0,0,0,2,0,2,1,2,0,1,1,2,3,2,5,12
283,3,1,1,4,0,0,7,4,6,3,2,2,5,7,0,0,3,2,0,3,2,2,3,2,5,3,3,2,5,3
283,3,1,1,4,0,1,0,1,2,3,9,2,5,7,0,0,3,2,0,3,2,2,1,0,4,2,0,2,5,9
283,3,2,1,4,0,0,10,3,3,3,12,7,5,7,0,0,3,2,0,3,2,2,2,1,1,2,0,2,5,16
283,3,2,1,4,0,2,10,3,2,3,3,7,3,7,0,0,3,2,0,3,2,2,3,2,5,3,0,2,5,0
283,3,0,1,4,0,2,0,3,1,3,7,4,5,7,0,0,3,2,0,3,2,3,0,0,0,2,0,2,5,1
283,3,4,1,1,2,1,9,3,6,3,12,0,5,7,0,0,3,2,0,3,2,2,3,2,5,3,7,5,5,16
934,6,0,1,1,0,4,9,3,3,2,7,7,5,7,0,3,3,2,0,1,1,2,0,1,1,2,7,2,5,14
42,4,2,1,7,4,6,5,3,2,3,4,4,5,5,0,0,3,2,0,1,1,2,1,0,0,2,0,2,5,13
270,2,0,1,4,0,3,0,3,5,2,2,2,5,3,0,3,3,3,5,2,1,2,2,0,1,2,7,5,5,12
270,2,4,0,2,0,0,8,3,6,2,6,2,5,3,1,3,3,3,6,2,1,2,0,1,0,2,7,5,5,1
583,1,4,0,4,2,2,8,3,6,2,7,2,5,1,0,3,0,4,0,2,2,2,3,2,5,3,7,5,5,9
583,1,0,1,4,0,0,5,3,6,2,6,0,5,1,0,3,0,4,6,2,2,2,0,1,4,2,0,2,5,0
583,1,0,1,4,0,3,0,3,6,2,6,0,5,1,0,3,0,4,0,2,2,2,3,2,5,3,7,5,5,11
55,5,4,1,4,0,4,14,0,6,2,6,0,5,1,0,0,3,2,0,2,1,2,2,0,3,2,7,5,5,10
55,5,0,1,1,0,1,6,3,6,2,9,0,5,1,0,0,3,2,8,2,1,2,1,0,0,2,0,2,5,12
326,6,1,1,4,0,2,17,3,6,2,6,0,5,1,0,0,3,2,4,1,1,2,3,2,5,3,0,2,5,10
134,2,0,1,1,0,2,7,3,1,3,7,4,5,1,0,0,3,2,3,1,1,2,2,1,3,2,0,2,5,10
907,5,0,1,4,2,0,0,3,1,3,4,1,9,3,0,0,3,2,3,2,1,4,3,2,5,3,0,2,5,9
907,5,1,1,4,0,2,0,3,6,2,7,1,5,3,0,0,3,2,6,2,1,2,2,1,4,2,7,5,5,1
596,6,1,1,5,1,6,17,3,6,2,6,0,5,7,0,3,0,2,0,2,1,2,2,1,0,2,0,2,1,11
596,6,4,1,2,0,1,11,0,5,3,6,2,5,7,0,3,0,2,0,2,1,2,3,2,5,3,7,5,5,9
1014,1,3,1,4,0,0,0,0,6,2,14,0,5,2,0,3,3,4,4,2,1,2,0,1,0,2,7,5,5,7
1014,1,4,1,4,0,2,7,3,6,3,7,6,5,2,0,3,3,4,3,2,1,2,0,1,0,2,7,5,5,16
173,4,4,1,4,0,1,0,3,5,3,6,0,5,0,0,0,3,2,0,2,2,2,3,2,5,3,7,5,5,14
173,4,1,1,4,0,5,7,3,6,2,6,2,5,0,0,0,3,2,0,2,2,2,2,1,1,2,7,5,6,1
173,4,1,1,4,0,3,5,3,2,3,6,4,5,0,0,0,3,2,1,2,2,4,0,1,0,2,0,2,5,8
388,4,1,1,4,0,3,8,3,6,3,7,4,5,1,0,3,3,4,8,2,2,2,3,2,5,3,0,2,5,13
388,4,1,1,4,0,2,10,3,6,2,7,4,5,1,0,3,3,4,8,2,2,2,2,0,0,2,0,2,1,0
388,4,2,1,2,0,1,0,3,6,2,1,4,5,1,0,3,3,4,1,2,2,2,2,1,4,2,0,2,5,1
458,6,4,0,2,2,1,8,3,6,2,2,4,5,1,3,0,3,7,8,2,1,2,2,0,3,2,0,2,5,11
458,6,0,1,4,0,4,0,2,0,2,1,7,5,1,0,0,3,7,2,2,1,2,0,1,1,2,0,2,5,15
874,5,1,1,4,2,3,5,3,2,2,12,7,5,1,0,3,0,3,8,2,1,2,3,2,5,3,7,5,5,0
874,5,4,0,4,0,3,0,3,6,2,2,0,5,1,0,3,0,3,8,2,1,2,2,1,0,2,0,2,5,12
912,6,2,1,1,0,1,5,3,2,3,6,6,5,3,0,3,0,2,8,2,1,2,0,1,0,2,7,5,5,1
912,6,0,1,4,0,1,5,3,1,3,9,1,3,3,0,3,0,2,6,2,1,2,3,2,5,3,0,2,5,10
1073,5,2,1,5,0,3,5,3,6,2,7,1,5,1,0,0,3,0,8,2,1,3,0,1,0,2,0,2,5,11
1073,5,4,1,1,0,2,10,3,6,2,7,4,5,1,0,0,3,0,8,2,1,2,3,2,5,3,0,2,5,10
280,2,3,1,4,0,4,0,0,0,2,4,1,5,0,0,3,3,2,8,2,1,2,2,1,0,1,7,5,5,12
280,2,0,1,1,0,4,7,0,0,2,2,7,3,0,0,3,3,2,1,2,1,2,2,1,3,2,7,5,5,13
466,4,0,1,4,0,4,7,1,0,2,6,7,5,7,0,3,0,3,8,2,3,2,0,0,1,2,0,2,5,3
466,4,1,1,4,0,2,7,3,5,2,6,4,5,7,0,3,0,3,2,2,3,3,3,2,5,3,0,2,5,0
466,4,1,1,4,2,2,0,3,6,3,6,0,5,7,0,3,0,3,8,2,3,2,2,1,3,2,0,2,1,3
466,4,1,1,2,2,2,7,3,1,3,7,2,5,7,0,3,0,3,6,2,3,4,0,0,1,2,0,2,5,0
543,0,0,1,4,0,2,5,3,6,3,6,4,5,1,0,3,0,2,8,1,1,4,3,2,5,3,3,2,5,12
205,1,2,1,4,0,1,9,3,6,2,7,0,5,1,3,0,3,2,8,3,1,2,3,2,5,3,3,2,5,10
205,1,1,1,1,0,2,5,3,3,2,4,2,5,1,0,0,3,2,8,3,1,2,0,1,1,2,0,2,5,1
205,1,4,1,4,0,1,9,3,6,2,9,7,5,1,0,0,3,2,8,3,1,2,2,1,0,2,7,5,0,1
178,1,0,1,4,0,4,5,3,6,2,7,2,5,4,0,0,3,2,8,2,1,2,0,1,1,2,7,5,5,2
178,1,3,1,1,0,1,7,3,2,3,7,1,5,4,0,0,3,2,2,2,1,4,3,2,5,3,7,5,5,10
1013,1,1,1,4,0,1,5,3,0,2,7,1,5,1,2,0,3,7,8,2,1,2,2,1,0,2,0,2,6,1
1013,1,4,1,4,0,1,17,3,6,3,7,4,5,1,0,0,3,7,8,2,1,1,0,1,1,2,7,2,5,0
503,3,0,1,4,0,2,11,4,6,3,7,2,5,1,0,0,0,2,2,1,1,2,3,2,5,3,0,2,5,7
91,2,0,1,4,0,2,5,0,4,2,9,7,3,0,5,0,3,2,2,2,1,2,0,1,0,2,0,2,5,13
91,2,3,1,4,0,6,7,3,6,2,6,2,5,0,3,0,3,2,8,2,1,2,3,2,5,3,7,5,5,13
165,0,4,1,4,2,2,7,3,6,3,6,2,5,1,0,0,3,2,8,2,2,2,3,2,5,3,3,2,5,10
165,0,3,1,4,0,1,0,3,5,2,7,2,5,1,5,0,3,2,8,2,2,2,0,0,1,2,0,2,5,12
165,0,3,1,4,0,4,5,3,3,2,7,1,5,1,0,0,3,2,8,2,2,2,0,1,3,2,0,2,5,16
354,2,1,1,4,0,0,8,3,6,2,6,2,5,7,2,0,3,2,2,1,1,3,3,2,5,3,0,2,5,11
963,1,0,1,4,0,4,0,3,1,3,6,4,5,7,0,0,3,2,8,2,2,2,3,2,5,3,0,2,5,10
963,1,1,1,4,0,3,17,3,6,2,7,2,5,7,0,0,3,2,8,2,2,4,0,1,3,2,0,2,5,1
963,1,1,1,4,0,4,7,3,6,2,7,2,5,7,0,0,3,2,8,2,2,2,2,0,1,1,0,2,5,3
486,4,4,1,4,0,1,0,0,5,3,9,2,5,3,0,0,0,3,8,1,1,2,0,1,0,2,0,2,5,1
909,2,1,1,4,0,0,14,3,0,2,7,4,5,1,0,3,2,4,8,1,1,2,3,2,5,3,0,2,5,16
637,4,0,1,1,0,2,7,3,6,2,6,4,5,7,2,3,0,4,8,3,2,2,2,1,0,2,0,2,1,13
637,4,1,1,4,2,4,17,3,1,2,6,4,5,7,0,3,0,4,2,3,2,13,2,0,0,2,0,2,5,4
637,4,3,1,4,0,4,12,4,6,3,7,4,5,7,0,3,0,4,8,3,2,3,0,1,2,2,7,5,5,2
102,4,0,1,6,0,4,17,3,5,3,7,6,5,1,0,3,3,4,1,2,1,13,3,2,5,3,3,2,5,19
102,4,2,1,4,0,0,7,3,3,3,7,4,5,1,0,3,3,4,2,2,1,2,3,2,5,3,3,2,5,1
659,1,0,1,1,2,2,5,3,6,2,6,6,5,7,0,0,0,2,2,2,1,2,0,1,0,2,0,2,5,10
659,1,1,1,4,0,1,5,3,3,2,6,2,5,7,0,0,0,2,8,2,1,13,2,0,4,2,0,2,5,13
1004,0,4,1,4,2,4,5,3,6,2,7,2,3,7,0,3,3,3,6,1,1,2,0,1,1,2,3,2,5,12
476,0,1,1,6,0,2,14,3,3,2,2,7,5,1,0,0,0,2,8,2,1,2,3,2,5,3,3,2,5,0
476,0,4,1,6,0,2,5,0,6,2,4,4,5,1,0,0,0,2,8,2,1,2,1,1,1,2,7,5,5,11
1057,1,0,1,4,0,2,0,1,1,3,7,4,5,1,0,0,3,3,8,2,1,2,0,1,4,2,1,2,5,16
1057,1,1,1,4,0,1,0,3,2,2,7,2,5,1,0,0,3,3,8,2,1,2,3,2,5,3,7,5,5,3
406,6,4,0,4,0,3,8,3,0,3,6,4,7,1,2,0,3,2,8,2,1,2,3,2,5,3,7,5,5,12
406,6,1,1,4,0,2,15,3,5,2,7,1,5,1,0,0,3,2,8,2,1,2,0,0,1,2,7,5,5,11
352,1,4,1,4,0,3,17,3,5,2,1,4,3,1,0,0,3,2,8,1,1,4,3,2,5,3,0,2,5,1
388,4,4,1,4,0,1,0,0,5,2,7,2,3,1,0,0,3,2,8,1,1,2,0,1,0,2,0,2,5,3
458,0,2,1,4,0,4,17,0,2,2,2,2,5,1,0,0,0,2,2,2,1,2,3,2,5,3,0,2,5,1
458,0,0,1,4,0,4,3,3,6,3,9,4,5,1,4,0,0,2,8,2,1,2,0,1,0,2,0,2,5,1
438,1,4,1,4,2,2,9,3,2,2,6,2,9,7,3,3,0,4,8,1,1,2,2,0,1,2,0,2,5,0
1038,5,4,1,4,0,1,8,3,1,2,7,2,5,1,3,0,3,2,8,2,1,2,2,0,1,2,3,2,5,17
1038,5,0,1,1,0,4,17,0,1,3,6,4,5,1,0,0,3,2,8,2,1,2,2,0,1,2,3,2,5,3
835,1,0,1,4,0,1,7,3,6,3,6,7,5,7,0,3,0,4,1,1,1,3,3,2,5,3,3,2,5,10
360,5,4,1,4,0,2,5,3,6,2,7,1,0,1,2,0,3,2,8,2,1,2,0,1,0,2,3,2,5,3
360,5,3,1,2,0,3,0,3,6,2,9,4,5,1,0,0,3,2,8,2,1,2,3,2,5,3,7,5,5,0
325,3,1,1,2,0,3,8,3,6,2,1,1,5,1,0,0,3,2,8,2,1,2,0,1,0,1,3,2,5,12
325,3,1,1,4,0,2,5,3,6,2,2,4,5,1,0,0,3,2,8,2,1,2,3,2,5,3,3,2,5,1
967,1,0,1,1,0,0,5,3,6,2,7,1,5,1,0,3,3,3,8,2,1,2,0,1,0,2,3,2,5,10
967,1,3,1,1,0,2,3,3,6,2,7,4,5,1,2,3,3,3,8,2,1,2,0,0,0,2,0,2,5,9
218,1,2,1,4,0,2,11,3,5,2,7,2,5,7,0,3,3,2,2,2,2,2,3,2,5,3,7,5,5,16
218,1,2,1,4,0,0,11,0,6,2,9,7,5,7,0,3,3,2,8,2,2,1,0,1,3,2,0,2,5,0
424,4,0,1,4,2,2,0,3,3,2,12,7,5,1,0,3,0,4,8,1,1,2,3,2,5,3,0,2,5,1
587,6,1,1,2,2,3,0,3,3,2,2,2,5,1,0,3,0,7,8,2,1,2,3,2,5,3,3,2,5,16
587,6,4,0,7,2,4,0,3,3,2,7,7,5,1,0,3,0,7,8,2,1,9,0,0,4,2,0,2,5,14
448,0,4,1,6,2,2,7,3,4,3,7,2,5,7,0,0,0,7,8,2,1,3,2,1,3,2,0,2,0,13
448,0,0,1,0,0,3,9,3,1,3,6,4,5,7,0,0,0,7,8,2,1,2,0,0,0,1,7,5,5,12
1006,6,2,1,2,0,4,0,3,1,3,6,2,5,7,0,3,3,2,8,2,1,3,2,0,3,2,0,2,0,1
1006,6,3,1,4,0,0,14,3,1,2,7,4,5,7,0,3,3,2,8,2,1,2,3,2,5,3,0,2,5,9
19,2,4,0,4,0,3,0,3,4,2,3,4,5,1,0,0,0,2,6,2,1,13,0,1,0,2,0,2,5,0
19,2,0,1,4,2,3,0,3,1,3,7,4,5,1,2,0,0,2,8,2,1,2,0,1,1,2,0,2,5,11
408,0,0,1,4,0,3,0,3,6,3,7,2,5,7,0,0,3,2,8,2,2,13,2,0,4,2,0,2,1,10
408,0,0,1,4,0,5,17,3,6,3,7,4,5,7,0,0,3,2,8,2,2,2,0,1,1,2,3,2,5,12
408,0,4,1,4,0,0,17,4,6,3,7,0,5,7,0,0,3,2,2,2,2,13,3,2,5,3,7,5,5,10
251,3,0,1,3,2,0,8,0,6,2,7,2,6,3,0,3,3,4,8,4,2,2,0,1,0,2,3,2,5,10
251,3,3,1,4,2,4,16,3,3,2,3,2,5,3,2,3,3,4,8,4,2,2,3,2,5,3,0,2,5,9
251,3,0,1,4,2,0,8,4,3,2,7,2,5,3,0,3,3,4,8,4,2,2,3,2,5,3,7,5,5,1
251,3,2,1,4,2,1,7,3,6,2,7,1,5,3,0,3,3,4,2,4,2,2,0,1,1,2,7,5,5,11
227,0,1,1,5,2,2,14,3,1,2,7,2,6,3,0,3,3,2,8,2,1,2,1,0,2,2,0,2,5,9
227,0,3,1,5,2,3,8,3,6,3,6,2,5,3,0,3,3,2,8,2,1,4,0,1,4,2,0,2,5,7
985,5,4,1,4,2,1,5,3,5,3,9,2,5,1,0,0,3,2,8,1,1,4,0,1,4,2,0,2,5,16
496,1,2,1,1,2,3,5,3,1,2,7,2,5,7,0,0,0,2,8,2,1,2,1,1,1,2,3,2,5,14
496,1,1,1,6,2,2,0,3,5,3,9,2,5,7,0,0,0,2,2,2,1,2,3,2,5,3,0,2,5,1
129,5,4,1,7,2,6,0,3,5,3,7,4,5,0,0,0,3,2,8,2,1,1,1,0,3,2,3,2,5,8
129,5,0,1,4,2,2,8,3,1,3,9,0,5,0,4,0,3,2,8,2,1,2,1,1,2,2,0,2,5,13
895,6,4,0,4,2,4,8,3,6,3,6,2,5,1,0,0,3,2,8,2,1,2,1,0,0,2,0,2,5,0
895,6,0,1,4,2,1,5,3,2,3,6,2,6,1,0,0,3,2,8,2,1,2,3,2,5,3,7,5,5,1
246,6,1,1,1,0,1,9,3,5,3,6,0,5,4,0,0,3,7,8,2,1,2,3,2,5,3,7,5,5,11
246,6,0,1,4,0,1,7,3,6,3,1,2,5,4,0,0,3,7,1,2,1,2,0,1,0,2,3,2,5,15
1050,6,4,1,4,0,1,14,3,6,3,7,2,5,7,0,0,3,7,8,2,1,1,0,1,1,2,0,2,5,0
1050,6,0,1,4,0,2,0,3,6,3,7,7,5,7,0,0,3,7,8,2,1,2,2,0,1,2,0,2,5,12
195,0,2,1,4,0,2,0,3,2,3,7,2,5,7,0,3,3,4,2,2,1,2,3,2,5,3,3,2,5,1
195,0,4,0,4,0,3,5,3,6,3,7,0,5,7,2,3,3,4,8,2,1,4,1,0,3,2,0,2,5,10
604,3,2,1,1,0,2,14,3,1,2,7,4,7,1,0,0,0,2,8,2,2,2,0,1,0,2,0,2,5,11
604,3,1,1,4,0,2,5,3,1,2,6,2,5,1,0,0,0,2,1,2,2,2,3,2,5,3,7,2,5,10
604,3,1,1,4,0,3,11,3,3,2,6,2,5,1,0,0,0,2,8,2,2,2,0,1,0,2,0,2,5,12
993,0,2,1,1,2,6,0,3,5,2,6,1,5,7,0,0,3,2,8,1,1,2,3,2,5,3,3,2,5,13
141,5,4,1,4,2,2,0,3,3,2,9,0,5,1,0,0,3,2,1,2,1,2,2,1,1,2,3,2,5,3
141,5,1,1,4,0,2,0,0,4,2,1,2,5,1,0,0,3,2,1,2,1,7,3,2,5,3,7,2,5,0
58,4,3,1,4,0,4,17,3,5,2,2,0,5,7,0,0,3,2,1,2,1,4,0,1,0,2,3,2,5,3
58,4,2,1,7,4,6,5,3,5,2,6,4,5,7,0,0,3,2,2,2,1,2,0,1,1,2,0,2,5,0
251,3,1,1,4,0,2,5,3,5,2,7,2,5,5,0,0,3,2,8,3,2,2,2,0,3,1,0,2,5,12
251,3,2,1,4,0,2,0,3,6,3,9,7,3,5,0,0,3,2,8,3,2,2,0,0,0,2,7,2,5,10
251,3,1,1,4,0,3,14,3,6,2,12,7,5,5,0,0,3,2,8,3,2,2,1,0,0,2,0,2,5,1
251,3,1,1,2,0,3,9,3,0,2,6,2,5,5,0,0,3,2,8,3,2,2,1,0,0,2,0,2,5,1
151,5,1,1,4,0,3,9,3,3,2,7,7,5,0,0,0,3,2,8,1,1,2,3,2,5,3,0,2,5,2
433,5,4,1,4,0,3,0,3,5,2,7,2,5,1,0,0,3,7,8,1,1,2,3,2,5,3,3,2,5,10
280,2,0,1,4,0,3,9,1,1,3,6,2,7,7,0,0,3,2,1,3,1,2,0,1,3,2,0,2,5,1
280,2,0,1,4,0,3,9,3,6,3,6,2,5,7,2,0,3,2,2,3,1,2,0,1,0,2,0,2,5,0
280,2,0,1,4,0,2,5,3,2,3,7,4,5,7,0,0,3,2,8,3,1,3,3,2,5,3,7,2,5,7
508,2,3,1,4,0,1,0,3,2,2,6,2,5,1,5,0,3,2,8,1,1,3,3,2,5,3,0,2,5,13
360,2,4,1,4,0,4,5,3,1,2,4,2,5,1,0,0,3,7,8,1,1,9,0,1,0,1,7,5,5,13
362,3,0,1,4,0,4,17,3,5,2,6,4,5,1,0,0,3,2,8,2,2,4,0,1,3,2,7,5,5,10
362,3,1,1,4,0,1,0,3,6,3,7,4,5,1,0,0,3,2,9,2,2,4,3,2,5,3,7,5,5,12
886,6,1,1,1,0,4,14,3,3,3,7,2,5,1,0,0,3,2,8,2,1,2,0,1,0,2,3,2,5,16
886,6,2,1,4,0,4,17,3,5,3,6,2,5,1,0,0,3,2,8,2,1,2,3,2,5,3,3,2,5,11
317,1,1,1,4,0,6,17,4,6,3,2,6,5,5,0,3,3,2,8,3,1,4,3,2,5,3,0,2,5,10
317,1,1,1,7,0,2,0,3,6,3,6,7,5,5,0,3,3,2,8,3,1,4,0,1,0,1,3,2,5,1
317,1,0,1,6,0,4,14,3,6,3,9,7,5,5,0,3,3,2,8,3,1,2,2,1,3,2,0,2,6,3
537,4,2,1,4,0,4,0,3,5,2,1,2,5,7,0,3,3,4,8,2,1,7,0,1,0,2,3,2,5,1
537,4,0,1,4,0,0,7,0,2,3,7,7,5,7,3,3,3,4,8,2,1,4,3,2,5,3,1,2,5,16
337,3,0,1,1,0,3,7,3,5,2,2,4,5,1,0,0,3,2,8,1,2,9,2,0,1,2,0,2,5,13
337,3,0,1,1,0,3,0,3,5,2,7,1,5,1,0,0,3,2,8,1,2,2,3,2,5,3,0,2,5,4
504,5,0,1,1,0,4,5,3,3,2,7,2,5,7,0,0,3,2,1,2,1,2,0,0,1,2,0,2,5,2
504,5,2,1,2,0,1,5,3,2,3,2,4,5,7,0,0,3,2,2,2,1,2,0,1,0,1,0,2,5,19
327,1,3,1,4,0,1,5,3,5,3,6,2,6,7,0,0,3,2,2,1,1,2,3,2,5,3,0,2,5,1
724,3,0,1,0,0,3,0,3,5,3,6,0,5,1,0,0,0,2,8,4,2,2,2,0,4,1,0,2,5,10
724,3,4,1,4,0,1,0,1,2,2,2,2,5,1,0,0,0,2,8,4,2,2,3,2,5,3,3,2,5,13
724,3,0,1,4,0,1,10,1,1,2,7,4,7,1,0,0,0,2,8,4,2,2,0,1,1,2,3,2,5,12
724,3,4,1,2,0,0,10,3,5,2,7,4,5,1,0,0,0,2,8,4,2,2,3,2,5,3,3,2,5,0
977,1,3,1,4,0,2,5,3,5,2,2,4,5,3,0,0,3,7,8,2,2,2,3,2,5,3,0,2,5,11
977,1,0,1,4,0,4,5,3,2,2,4,2,6,3,0,0,3,7,2,2,2,4,0,1,4,2,7,2,5,16
977,1,0,1,4,0,4,9,3,5,2,6,4,5,3,0,0,3,7,8,2,2,2,3,2,5,3,7,2,5,3
396,4,1,1,1,0,6,7,3,5,2,12,4,5,1,0,0,3,2,8,1,1,2,0,1,0,2,3,2,5,12
934,4,4,1,4,0,4,5,3,5,2,7,4,5,0,0,0,3,7,8,2,1,3,0,0,0,2,0,2,5,11
934,4,2,1,4,0,0,0,3,5,2,2,1,5,0,0,0,3,7,8,2,1,2,3,2,5,3,1,2,5,1
1035,2,0,1,1,0,1,7,3,5,2,6,4,5,1,0,0,3,2,8,2,1,3,0,0,4,2,2,2,5,3
1035,2,2,1,2,0,0,6,3,5,2,7,7,3,1,0,0,3,2,8,2,1,4,3,2,5,3,0,2,5,1
471,4,1,1,4,0,2,0,3,1,2,7,7,5,1,4,0,3,2,1,3,2,2,0,1,0,1,0,2,5,1
471,4,1,1,4,0,4,0,3,5,3,7,2,5,1,0,0,3,2,1,3,2,7,3,2,5,3,0,2,5,0
471,4,2,1,2,0,3,5,3,1,3,7,1,5,1,0,0,3,2,2,3,2,2,0,0,1,2,7,2,5,17
626,3,0,1,1,2,2,0,3,3,2,2,2,6,1,0,0,0,7,1,2,2,4,1,0,3,2,1,2,5,3
626,3,1,1,1,0,4,11,0,1,2,9,2,5,1,0,0,0,7,8,2,2,4,0,1,4,2,7,2,5,10
334,4,4,1,4,0,2,5,3,1,2,6,2,6,1,0,0,3,2,8,2,5,4,3,2,5,3,7,2,5,3
334,4,1,1,1,2,2,11,3,1,2,7,2,5,1,0,0,3,2,8,2,5,8,0,0,0,1,7,2,5,0
334,4,1,1,4,0,1,5,3,1,2,6,2,6,1,0,0,3,2,2,2,5,4,3,2,5,3,7,5,5,12
334,4,1,1,4,0,3,5,3,1,2,7,2,5,1,4,0,3,2,2,2,5,4,3,2,5,3,0,2,5,1
334,4,1,1,4,0,2,5,3,0,2,2,4,5,1,0,0,3,2,8,2,5,4,0,1,0,2,3,2,5,10
334,4,1,1,2,0,0,9,3,5,2,6,2,5,1,0,0,3,2,8,2,5,2,2,0,0,2,7,5,5,9
221,3,2,1,1,0,2,9,3,5,2,7,2,5,7,0,3,3,4,8,2,1,2,3,2,5,3,0,2,5,9
221,3,1,1,1,0,1,14,3,5,2,7,2,5,7,0,3,3,4,8,2,1,2,3,2,5,3,0,2,5,10
632,4,4,1,4,0,4,5,3,3,3,12,2,5,1,0,0,0,2,8,2,1,2,0,1,1,2,0,2,5,10
632,4,0,1,4,0,4,0,3,5,2,2,0,6,1,0,0,0,2,8,2,1,2,3,2,5,3,0,2,5,10
360,0,1,1,4,0,2,8,3,5,3,12,4,5,1,0,0,3,2,8,1,2,2,1,0,0,2,3,2,5,11
360,0,1,1,4,2,2,0,3,1,2,9,0,5,1,0,0,3,2,8,1,2,2,3,2,5,3,7,5,5,3
1064,5,0,1,1,0,0,10,4,6,3,6,2,5,7,5,0,3,0,8,1,2,2,0,1,1,2,7,5,5,1
1064,5,0,1,4,0,6,11,3,5,3,6,4,5,7,4,0,3,0,2,1,2,2,0,0,0,2,0,2,5,0
985,0,0,1,1,0,3,14,0,2,2,2,2,5,7,0,0,3,0,2,1,1,2,3,2,5,3,0,2,5,3
695,5,1,1,4,2,0,17,3,1,3,9,4,5,1,0,0,2,2,1,2,5,2,0,1,0,2,7,5,5,3
695,5,1,1,7,4,6,5,3,5,2,6,7,5,1,0,0,2,2,8,2,5,7,3,2,5,3,3,2,5,10
695,5,1,1,4,0,3,14,3,1,2,9,1,5,1,0,0,2,2,8,2,5,2,1,0,0,2,7,5,5,13
695,5,0,1,1,2,1,5,3,1,2,7,2,5,1,1,0,2,2,8,2,5,4,1,1,0,2,7,5,5,1
695,5,0,1,4,0,2,9,0,1,2,7,2,5,1,5,0,2,2,8,2,5,13,1,0,4,2,0,2,5,1
204,6,1,1,4,0,4,5,3,5,2,9,2,5,1,0,0,3,2,8,2,1,1,1,0,0,2,0,2,5,10
204,6,1,1,4,0,2,7,3,2,2,4,4,5,1,0,0,3,2,8,2,1,2,0,0,1,2,0,2,5,10
317,4,1,1,2,0,3,14,3,1,2,7,4,3,7,0,0,3,2,8,1,1,2,3,2,5,3,0,2,5,17
565,5,4,1,4,0,2,0,3,0,2,6,4,5,7,0,0,0,2,8,2,1,2,3,2,5,3,0,2,5,2
565,5,1,1,1,0,0,11,1,1,2,7,2,7,7,2,0,0,2,8,2,1,2,0,1,1,2,0,2,5,12
463,6,4,1,4,0,6,7,0,0,3,7,4,5,7,0,0,3,2,1,2,1,9,3,2,5,3,3,2,5,11
463,6,1,1,1,0,0,5,3,5,2,7,2,5,7,0,0,3,2,1,2,1,0,2,0,3,1,0,2,5,12
356,0,0,1,4,2,0,0,3,1,2,7,0,5,1,0,0,3,2,8,1,1,0,0,1,0,2,0,2,5,13
948,1,0,1,0,2,0,11,3,5,1,6,4,5,1,0,3,3,4,8,2,1,0,3,2,5,3,7,5,5,13
948,1,0,1,4,2,2,17,0,0,2,7,2,5,1,0,3,3,4,8,2,1,0,0,1,1,2,0,2,5,9
280,4,0,1,4,0,2,0,4,6,3,14,7,5,7,0,3,3,4,8,2,1,4,3,2,5,3,0,2,5,10
280,4,2,1,1,0,2,8,1,5,2,7,2,5,7,0,3,3,4,8,2,1,0,0,1,1,2,1,2,5,9
482,2,1,1,2,2,4,9,3,3,3,7,7,3,7,0,0,3,2,8,2,1,9,1,1,0,2,7,5,5,12
482,2,0,1,4,0,3,5,3,5,3,6,4,5,7,0,0,3,2,8,2,1,0,3,2,5,3,0,2,5,3
644,3,3,1,4,0,2,5,3,5,2,6,1,5,7,0,3,0,2,8,2,3,0,3,2,5,3,3,2,5,10
644,3,3,1,4,0,4,5,3,3,2,2,7,5,7,0,3,0,2,8,2,3,0,0,1,1,2,3,2,5,13
644,3,3,1,4,0,3,10,3,6,2,6,0,5,7,3,3,0,2,8,2,3,0,2,0,1,2,1,2,1,1
644,3,4,1,4,0,2,5,3,3,2,6,7,5,7,0,3,0,2,8,2,3,0,3,2,5,3,0,2,5,10
219,4,1,1,4,2,3,5,3,5,2,6,2,5,7,0,0,3,2,8,1,1,4,0,1,1,2,0,2,5,3
724,4,2,1,4,0,2,6,3,5,2,6,1,5,1,0,0,2,2,8,1,1,2,2,0,3,2,1,2,5,10
393,0,4,1,4,0,0,5,3,1,2,9,4,5,1,0,0,3,2,8,2,1,2,0,1,1,2,3,2,5,12
393,0,0,1,4,0,0,12,3,3,2,9,7,5,1,0,0,3,2,8,2,1,4,3,2,5,3,0,2,5,1
987,2,1,1,4,0,0,0,3,2,3,9,4,5,1,0,0,3,2,8,2,1,2,3,2,5,3,0,2,5,11
987,2,0,1,2,0,1,5,3,2,3,6,0,5,1,0,0,3,2,8,2,1,2,0,0,1,2,3,2,5,12
360,5,2,1,2,2,3,8,3,5,2,9,2,3,1,0,0,3,2,8,2,1,2,3,2,5,3,0,2,5,0
360,5,3,1,1,0,1,11,0,5,2,7,2,5,1,0,0,3,2,8,2,1,2,0,1,1,2,0,2,5,18
795,2,0,1,4,0,3,14,0,4,2,7,2,5,3,0,0,0,3,8,2,1,2,3,2,5,3,0,2,5,4
795,2,1,1,2,0,1,0,3,6,3,7,2,9,3,0,0,0,3,8,2,1,7,0,1,1,2,3,2,5,3
627,3,0,1,4,1,5,9,3,5,2,12,0,5,3,0,3,3,2,2,2,1,3,3,2,5,3,1,2,5,4
627,3,3,1,4,0,0,0,3,5,2,12,0,5,3,0,3,3,2,2,2,1,5,0,1,0,2,7,5,5,3
782,4,4,0,4,2,2,0,3,1,2,12,4,5,7,0,0,2,2,8,2,1,2,3,2,5,3,3,2,5,11
782,4,1,1,4,0,0,0,3,5,2,9,1,5,7,0,0,2,2,8,2,1,2,0,0,1,2,0,2,5,3
114,6,4,1,4,0,3,5,3,5,2,7,4,5,7,0,0,3,2,8,2,1,2,3,2,5,3,0,2,5,1
114,6,1,1,4,0,0,0,3,5,2,6,2,5,7,0,0,3,2,8,2,1,7,0,1,4,2,0,2,5,9
1036,5,0,1,4,0,0,0,3,2,2,7,2,5,1,0,0,3,0,2,2,1,2,2,1,4,2,0,2,5,3
1036,5,2,1,4,0,1,9,3,3,2,12,4,5,1,0,0,3,0,8,2,1,2,1,0,3,2,3,2,5,1
1002,5,0,1,2,0,0,15,3,2,2,7,0,5,1,0,0,3,2,2,1,1,2,2,1,1,2,0,2,5,3
195,4,0,1,4,0,0,0,3,1,2,4,2,5,1,0,0,3,2,2,2,1,2,0,0,1,2,0,2,5,3
195,4,2,1,1,0,3,9,3,1,2,7,2,5,1,4,0,3,2,1,2,1,7,1,1,1,2,7,5,5,3
967,4,4,1,4,0,3,14,3,5,2,6,2,5,1,5,0,3,2,8,2,1,2,1,1,1,2,3,2,5,1
967,4,0,1,1,0,3,14,3,5,2,7,2,5,1,0,0,3,2,2,2,1,2,3,2,5,3,0,2,5,1
207,6,1,1,4,0,3,0,3,5,2,7,2,5,1,0,0,3,2,8,2,1,4,3,2,5,3,0,2,5,3
207,6,4,0,4,0,0,5,1,3,2,5,4,5,1,0,0,3,2,8,2,1,0,0,1,2,2,0,2,5,16
467,5,0,1,4,0,2,0,3,5,2,7,7,5,1,0,0,3,2,8,2,1,9,3,2,5,3,2,2,5,1
467,5,1,1,2,2,1,9,3,3,2,9,2,5,1,0,0,3,2,8,2,1,2,0,0,3,2,1,2,5,10
352,1,1,1,4,0,1,0,3,3,3,6,2,5,1,0,0,3,2,8,4,1,2,3,2,5,3,0,2,5,13
352,1,1,1,4,0,2,0,3,5,3,6,0,5,1,0,0,3,2,8,4,1,2,0,1,0,2,3,2,5,1
352,1,1,1,4,0,2,5,4,1,3,3,1,9,1,0,0,3,2,2,4,1,2,2,0,1,2,0,2,0,1
352,1,0,1,4,0,1,0,3,5,3,4,2,5,1,0,0,3,2,8,4,1,2,2,1,2,2,7,5,5,16
348,5,4,1,2,0,3,6,3,1,2,7,4,5,1,0,0,3,2,2,2,3,2,1,0,1,1,0,2,5,13
348,5,0,1,1,0,2,17,3,6,3,6,4,5,1,0,0,3,2,8,2,3,2,3,2,5,3,0,2,5,4
348,5,0,1,4,0,3,0,3,5,2,6,7,5,1,0,0,3,2,8,2,3,2,0,1,1,2,3,2,5,16
348,5,0,1,6,0,1,0,3,5,3,9,2,5,1,4,0,3,2,8,2,3,1,0,1,0,2,3,2,5,12
334,1,0,1,4,0,1,0,3,5,3,9,6,5,1,0,0,3,2,2,2,1,1,2,0,1,2,0,2,1,9
334,1,2,1,2,0,1,11,3,5,2,12,2,5,1,0,0,3,2,2,2,1,1,3,2,5,3,0,2,5,13
230,0,1,1,4,0,0,17,0,5,2,7,2,5,7,0,0,3,7,8,2,1,3,0,1,1,2,3,2,5,12
230,0,1,1,2,0,2,0,0,5,2,0,4,5,7,0,0,3,7,8,2,1,2,2,0,0,2,0,2,2,11
870,1,2,1,1,0,1,0,3,5,2,6,7,5,1,0,0,3,2,8,2,1,2,0,0,1,2,3,2,5,1
870,1,3,1,4,0,0,7,3,5,2,2,2,5,1,0,0,3,2,8,2,1,12,1,0,1,2,0,2,5,1
994,5,4,1,1,0,0,14,0,5,2,2,2,5,1,0,0,3,7,8,2,1,2,3,2,5,3,0,2,5,1
994,5,1,1,2,0,5,5,3,5,2,9,0,5,1,0,0,3,7,8,2,1,2,0,1,1,2,0,2,5,4
674,2,1,1,4,2,2,15,3,3,2,9,2,5,7,0,0,0,2,8,2,1,2,3,2,5,3,0,2,5,0
674,2,4,0,4,0,0,7,3,5,2,9,0,5,7,4,0,0,2,2,2,1,7,2,1,3,2,0,2,5,9
351,1,1,1,4,0,1,9,3,3,2,9,2,5,3,0,0,3,2,2,2,2,2,3,2,5,3,7,5,5,2
351,1,3,1,4,0,2,0,3,0,2,7,0,5,3,0,0,3,2,2,2,2,2,0,1,1,1,0,2,5,9
562,0,3,1,7,4,6,0,3,5,2,7,2,5,1,5,3,3,4,8,1,1,4,0,1,3,1,0,2,5,10
290,2,4,0,7,4,6,10,3,1,2,9,2,5,1,0,3,3,4,8,2,1,0,3,2,5,3,7,5,5,13
290,2,0,1,4,0,1,5,3,5,2,7,7,5,1,0,3,3,4,8,2,1,9,3,2,5,3,3,2,5,12
906,4,1,1,4,0,3,5,3,5,2,2,4,5,7,0,0,3,2,8,2,1,2,0,1,1,2,0,2,5,1
906,4,1,1,4,2,3,4,3,5,2,7,4,5,7,2,0,3,2,1,2,1,2,1,0,1,2,0,2,5,13
565,0,0,1,7,4,6,6,3,5,2,6,4,5,1,0,3,3,2,1,1,1,2,1,1,1,2,3,2,5,10
506,1,2,1,1,2,3,5,3,1,2,6,2,5,7,0,0,3,2,8,2,1,2,0,1,1,2,0,2,5,3
506,1,0,1,7,4,6,14,3,6,3,9,4,5,7,0,0,3,2,8,2,1,2,3,2,5,3,1,2,5,10
383,5,3,1,4,2,2,0,3,5,3,7,2,5,7,0,0,3,2,8,2,2,2,3,2,5,3,0,2,5,9
383,5,1,1,4,2,3,7,3,3,3,4,4,5,7,0,0,3,2,8,2,2,2,0,1,1,2,0,2,5,10
827,5,1,1,2,2,3,7,3,5,3,6,2,5,1,0,3,2,8,8,2,2,2,1,0,3,2,7,5,5,9
827,5,1,1,7,4,6,15,1,5,3,1,2,5,1,0,3,2,8,8,2,2,1,2,1,4,2,0,2,5,11
827,5,4,1,1,0,2,0,3,0,2,9,2,5,1,0,3,2,8,8,2,2,1,3,2,5,3,0,2,5,0
466,0,0,1,1,2,3,3,3,3,3,9,4,5,7,0,0,3,2,8,2,1,1,0,1,0,2,0,2,5,10
466,0,1,1,4,2,4,3,3,2,3,2,4,3,7,0,0,3,2,8,2,1,3,0,1,1,2,0,2,5,13
895,6,0,1,4,2,1,5,3,2,3,9,4,5,3,0,0,3,2,8,2,1,2,3,2,5,3,7,5,5,10
895,6,4,1,4,2,1,5,3,5,2,14,7,5,3,0,0,3,2,2,2,1,2,3,2,5,3,0,2,5,11
988,0,0,1,2,2,2,4,3,2,2,7,4,5,1,0,0,3,2,6,2,1,12,0,1,0,2,1,2,5,9
988,0,1,1,4,2,6,0,3,5,3,7,3,5,1,0,0,3,2,8,2,1,2,3,2,5,3,7,5,5,11
309,3,1,1,7,2,4,15,3,5,2,2,3,5,1,0,3,3,4,8,2,2,4,3,2,5,3,0,2,5,10
309,3,1,1,1,2,3,7,0,6,2,7,3,5,1,0,3,3,4,8,2,2,2,3,2,5,3,7,5,5,11
309,3,0,1,1,2,4,0,3,5,2,2,3,5,1,0,3,3,4,8,2,2,2,0,1,0,2,0,2,5,3
634,3,3,1,4,2,2,0,3,5,2,2,2,5,0,2,0,3,2,8,2,1,2,3,2,5,3,0,2,5,7
634,3,1,1,4,2,2,0,3,3,2,7,4,5,0,0,0,3,2,2,2,1,2,0,0,2,1,3,2,5,3
646,1,0,1,7,2,6,0,0,2,2,7,4,5,1,0,0,3,2,2,2,1,5,3,2,5,3,0,2,5,0
646,1,1,1,4,0,0,11,3,2,2,12,7,5,1,0,0,3,2,8,2,1,2,0,1,1,2,1,2,5,12
335,1,1,1,2,2,2,4,3,3,2,9,4,5,3,0,0,3,2,2,1,1,2,0,1,1,2,0,2,5,1
476,2,0,1,4,0,2,5,4,0,2,7,2,5,1,0,0,3,2,8,2,1,2,3,2,5,3,7,5,5,1
476,2,2,1,4,0,2,5,3,3,2,6,4,5,1,0,0,3,2,8,2,1,9,0,1,1,2,0,2,5,10
476,5,3,0,4,0,2,14,3,3,2,9,4,5,1,0,0,3,7,8,1,1,2,1,0,1,2,3,2,5,10
438,4,1,1,4,0,3,7,3,3,2,7,1,3,1,0,0,3,2,8,2,1,2,3,2,5,3,7,5,5,0
438,4,4,1,4,0,2,0,3,3,2,9,2,5,1,0,0,3,2,8,2,1,1,0,1,0,2,3,2,5,1
157,0,4,1,4,0,5,8,3,2,2,9,4,5,1,0,0,3,2,8,2,1,3,3,2,5,3,3,2,5,12
157,0,3,1,0,0,4,6,3,6,2,9,2,5,1,2,0,3,2,1,2,1,1,0,1,1,2,7,5,5,0
476,0,1,1,1,0,2,0,3,0,2,7,7,5,3,0,0,3,2,8,3,2,5,3,2,5,3,0,2,5,12
476,0,2,1,1,0,2,8,3,2,2,7,4,5,3,0,0,3,2,2,3,2,2,0,1,1,2,0,2,5,9
476,0,2,1,4,0,2,6,3,2,2,7,1,5,3,0,0,3,2,8,3,2,2,3,2,5,3,2,2,5,18
476,0,2,1,2,0,2,14,3,0,2,3,4,5,3,0,0,3,2,2,3,2,2,3,2,5,3,3,2,5,10
602,3,1,1,4,0,2,5,3,1,2,9,4,5,7,0,3,0,4,8,1,1,7,0,1,1,2,3,2,5,10
925,4,0,1,4,0,1,15,3,2,2,9,1,5,1,0,0,3,2,8,2,1,1,2,1,4,2,0,2,6,10
925,4,1,1,6,0,2,0,3,2,2,9,4,5,1,0,0,3,2,1,2,1,2,1,0,1,2,1,2,5,0
988,5,1,1,4,0,3,3,3,0,2,7,2,5,0,0,3,3,4,8,2,1,2,3,2,5,3,7,5,5,12
988,5,4,1,4,0,0,0,3,0,2,6,2,5,0,3,3,3,4,8,2,1,2,0,1,0,2,0,2,5,2
443,5,0,1,6,0,4,9,3,1,2,7,7,5,0,0,3,3,4,8,2,2,7,3,2,5,3,0,2,5,16
443,5,2,1,1,0,0,4,3,5,2,6,0,5,0,0,3,3,4,8,2,2,2,0,1,0,2,0,2,5,13
983,6,2,1,4,0,2,8,3,5,2,9,2,5,1,0,3,3,3,1,1,1,8,2,0,1,2,3,2,1,0
513,4,3,1,1,0,3,5,3,5,2,6,0,1,3,0,0,3,2,8,2,2,5,2,0,0,2,7,2,5,11
513,4,3,1,4,0,2,7,3,6,2,6,0,5,3,0,0,3,2,8,2,2,2,3,2,5,3,2,2,5,0
513,4,3,1,1,0,1,0,1,5,2,7,0,5,3,0,0,3,2,8,2,2,7,0,1,0,2,0,2,5,10
91,6,4,1,4,0,1,3,3,5,2,6,2,5,1,0,0,3,2,8,1,1,2,2,1,4,2,0,2,1,9
1050,3,2,1,4,0,3,4,3,5,2,6,6,5,1,0,0,3,2,2,2,1,2,3,2,5,3,0,2,5,0
1050,3,1,1,4,0,1,3,0,5,3,6,1,5,1,0,0,3,2,8,2,1,7,0,0,0,2,7,5,5,13
285,1,4,0,4,2,4,0,3,5,3,7,4,5,1,0,0,3,2,8,2,1,2,0,1,0,2,0,2,5,10
285,1,0,1,4,0,1,15,3,5,3,9,6,5,1,0,0,3,2,8,2,1,12,1,0,0,2,0,2,5,9
481,6,2,1,4,0,3,15,3,1,2,9,2,1,7,0,0,3,2,8,3,2,2,3,2,5,3,7,5,5,10
481,6,3,1,4,0,1,3,3,2,3,2,2,5,7,0,0,3,2,2,3,2,2,2,0,3,2,0,2,5,0
481,6,3,1,1,0,3,4,3,2,3,7,2,5,7,0,0,3,2,8,3,2,2,0,1,1,1,0,2,5,0
481,6,2,1,1,0,3,4,3,5,3,9,2,5,7,0,0,3,2,8,3,2,2,3,2,5,3,3,2,5,11
190,6,0,1,1,1,3,3,3,1,3,7,4,5,7,0,0,3,2,8,2,1,1,0,1,0,1,0,2,5,0
190,6,1,1,4,0,3,16,3,1,3,9,4,5,7,0,0,3,2,8,2,1,2,3,2,5,3,0,2,5,3
24,5,4,1,4,0,4,3,3,1,3,9,2,5,1,0,0,0,2,8,3,1,2,0,1,1,2,0,2,5,3
24,5,1,1,1,0,2,3,3,2,2,7,2,5,1,0,0,0,2,8,3,1,2,3,2,5,3,0,2,5,11
24,5,0,1,4,0,1,10,4,6,3,7,2,5,1,0,0,0,2,8,3,1,7,2,0,1,2,0,2,5,7
345,3,4,0,4,0,3,0,3,5,2,7,4,5,7,2,1,3,4,8,2,1,9,0,1,1,1,0,2,5,10
345,3,0,1,4,0,4,0,3,5,2,7,0,5,7,0,1,3,4,8,2,1,2,2,0,0,2,0,2,5,0
599,3,0,1,4,2,1,8,3,5,3,9,2,5,7,0,0,0,2,8,1,2,2,3,2,5,3,7,5,5,12
599,3,0,1,4,0,3,17,3,1,3,1,4,5,7,0,0,0,2,8,1,2,2,0,1,0,2,0,2,5,10
603,3,0,1,6,0,1,14,3,6,3,7,7,5,1,0,0,2,2,2,2,1,2,3,2,5,3,7,5,5,11
603,3,1,1,4,0,1,17,3,6,3,6,4,5,1,0,0,2,2,2,2,1,1,0,1,1,2,0,2,5,11
669,3,3,1,2,0,1,0,4,6,3,7,4,5,1,0,0,2,2,2,2,1,2,3,2,5,3,2,2,5,12
669,3,3,1,4,0,0,0,3,5,3,6,4,5,1,0,0,2,2,1,2,1,2,0,1,4,2,3,2,5,3
408,6,0,1,2,0,2,3,3,5,3,6,1,5,1,3,0,3,2,8,2,2,2,3,2,5,3,0,2,5,1
408,6,1,1,1,0,1,10,3,5,3,6,4,5,1,0,0,3,2,8,2,2,2,0,1,1,1,7,5,5,0
408,6,1,1,4,0,0,10,3,5,2,7,4,5,1,0,0,3,2,1,2,2,2,2,1,0,2,3,2,6,9
290,5,0,1,1,0,0,4,0,5,3,7,0,5,1,0,0,3,2,8,2,1,2,0,0,0,2,7,5,5,3
290,5,0,1,2,0,5,4,3,5,2,6,3,5,1,4,0,3,2,8,2,1,2,3,2,5,3,7,5,5,4
787,0,4,0,4,2,2,8,3,5,3,9,7,5,7,0,0,0,7,8,2,1,2,3,2,5,3,0,5,5,4
787,0,3,1,4,0,0,0,0,1,3,1,4,5,7,0,0,0,7,8,2,1,2,2,1,0,2,7,5,6,11
486,2,1,1,4,0,1,0,3,0,2,7,7,5,1,0,0,3,2,8,2,1,2,3,2,5,3,5,2,5,0
486,2,4,1,4,0,2,0,3,3,2,9,7,5,1,0,0,3,2,8,2,1,7,0,1,0,1,0,2,5,1
550,6,1,1,7,4,6,3,3,5,2,7,7,5,3,0,0,3,2,2,2,1,2,2,1,0,2,0,2,5,3
550,6,4,1,7,4,6,3,3,5,3,7,7,5,3,0,0,3,2,1,2,1,9,3,2,5,3,0,2,5,10
898,6,1,1,4,0,1,0,3,2,3,7,1,5,1,0,0,3,2,8,2,1,2,3,2,5,3,7,5,5,7
898,6,1,1,4,0,3,14,3,5,2,7,2,5,1,0,0,3,2,8,2,1,2,0,1,1,2,0,2,5,5
209,1,0,1,4,2,3,17,3,1,2,7,7,5,1,0,0,3,2,2,2,2,2,0,0,1,2,0,2,5,1
209,1,0,1,7,4,6,7,3,5,2,12,4,5,1,0,0,3,2,8,2,2,2,3,2,5,3,3,2,5,3
209,1,0,1,1,2,3,13,3,6,2,6,2,5,1,0,0,3,2,8,2,2,7,2,1,3,2,0,2,5,9
280,1,2,1,7,4,6,5,3,5,2,6,2,5,1,0,0,3,2,8,2,1,2,3,2,5,3,7,5,5,18
280,1,2,1,4,2,2,8,3,2,2,6,2,5,1,0,0,3,2,8,2,1,9,0,0,4,2,6,2,5,1
637,6,1,1,4,2,3,4,3,5,2,12,6,5,7,0,0,3,2,8,2,1,2,3,2,5,3,0,2,5,3
637,6,1,1,2,2,3,5,0,6,2,12,4,5,7,3,0,3,2,8,2,1,2,3,2,5,3,7,5,5,12
891,5,1,1,7,4,6,6,3,6,2,6,2,5,0,0,0,3,7,8,2,1,2,0,1,1,2,0,2,5,9
891,5,1,1,1,0,2,0,3,6,2,6,2,5,0,0,0,3,7,8,2,1,2,3,2,5,3,2,2,5,0
295,2,2,1,1,2,3,0,0,3,2,12,2,5,7,0,0,3,2,2,2,1,2,3,2,5,3,2,2,5,17
295,2,1,1,4,2,4,0,3,0,2,14,2,5,7,4,0,3,2,2,2,1,1,0,0,0,2,3,2,5,10
149,2,0,1,4,2,1,14,3,3,2,7,2,5,1,0,0,3,2,2,1,1,3,2,0,3,1,0,2,6,3
486,5,0,1,4,2,1,17,3,4,2,7,4,5,1,4,0,3,2,8,2,1,2,3,2,5,3,0,2,5,10
486,5,4,1,2,2,2,11,3,3,2,7,2,5,1,0,0,3,2,1,2,1,9,3,2,5,3,0,2,5,0
910,1,0,1,4,2,6,11,3,5,2,9,4,5,1,0,0,3,2,8,2,1,2,0,1,1,2,7,5,5,11
910,1,1,1,7,2,4,14,0,0,2,7,4,5,1,0,0,3,2,1,2,1,13,2,0,3,2,7,5,1,10
280,6,4,1,1,2,3,0,3,0,2,7,4,5,1,0,0,3,2,8,2,2,2,2,0,1,2,0,2,5,10
280,6,2,1,1,2,4,2,3,6,2,4,4,5,1,0,0,3,2,1,2,2,2,0,1,0,2,2,2,5,0
280,6,2,1,4,2,2,0,3,6,2,1,4,5,1,0,0,3,2,8,2,2,2,3,2,5,3,0,2,5,10
343,2,4,0,4,2,2,5,3,3,2,2,2,5,7,0,0,3,2,8,2,1,2,0,0,0,2,7,5,5,0
343,2,0,1,7,2,6,0,3,6,3,6,2,5,7,0,0,3,2,8,2,1,9,3,2,5,3,0,2,5,10
376,6,0,1,4,0,0,10,3,6,3,7,2,5,1,0,3,3,4,8,2,1,9,0,1,0,2,0,2,5,10
376,6,1,1,2,2,2,13,3,6,3,6,4,5,1,0,3,3,4,8,2,1,2,2,1,0,2,1,2,5,10
492,4,1,1,4,0,2,0,3,6,3,6,2,5,1,0,0,3,2,8,2,1,1,1,0,3,2,7,5,5,0
492,4,1,1,4,0,2,10,3,6,3,7,2,5,1,0,0,3,2,8,2,1,1,1,0,3,2,4,2,5,1
145,4,0,1,4,0,2,17,3,3,3,9,4,5,0,0,0,3,2,8,2,2,2,2,1,0,2,0,2,6,9
145,4,1,1,4,0,3,5,3,3,3,6,7,7,0,0,0,3,2,8,2,2,5,3,2,5,3,3,2,5,1
152,2,2,1,4,0,2,5,3,3,2,9,7,5,7,0,0,3,2,8,2,2,7,2,0,1,2,3,2,5,10
152,2,1,1,4,0,5,9,4,6,3,12,2,5,7,0,0,3,2,8,2,2,2,3,2,5,3,0,2,5,16
152,2,1,1,0,0,4,5,3,3,2,6,2,2,7,0,0,3,2,8,2,2,1,0,1,1,2,7,5,5,13
935,4,0,1,1,0,2,5,3,2,2,7,7,5,0,0,0,3,2,6,1,1,1,3,2,5,3,0,2,5,13
467,0,1,1,1,0,2,9,3,3,2,7,4,5,7,0,0,3,2,2,2,1,7,0,1,1,2,0,2,5,1
467,0,1,1,4,0,2,11,3,3,2,2,7,5,7,0,0,3,2,8,2,1,9,0,1,0,1,3,2,5,11
121,2,1,1,2,0,2,0,3,6,2,6,2,5,1,0,0,3,2,8,2,1,3,3,2,5,3,0,2,5,12
121,2,1,1,4,0,2,8,3,6,2,7,2,5,1,2,0,3,2,8,2,1,2,0,1,0,2,7,2,5,0
668,2,2,1,4,0,1,14,3,6,2,6,2,6,0,0,0,0,2,1,1,1,2,3,2,5,3,0,2,5,0
516,0,4,1,6,0,2,7,3,6,2,6,2,5,7,0,0,3,2,1,2,2,2,2,1,0,2,7,5,6,16
516,0,0,1,4,0,3,17,3,3,2,6,2,2,7,0,0,3,2,8,2,2,2,2,1,0,2,0,2,0,10
516,0,0,1,4,0,0,0,3,3,2,2,4,2,7,0,0,3,2,8,2,2,7,1,0,0,2,7,5,5,12
435,0,4,1,6,0,4,14,3,3,2,6,4,1,0,0,0,3,3,1,2,1,2,0,1,1,2,3,3,5,1
435,0,2,1,1,0,0,8,3,2,2,7,0,1,0,0,0,3,3,1,2,1,2,3,2,5,3,0,2,5,0
828,2,0,1,4,0,2,5,3,6,3,7,2,5,1,0,0,0,2,1,1,1,2,1,1,3,1,0,2,5,10
524,0,0,1,4,0,0,0,3,2,2,2,5,7,1,0,0,3,2,8,2,1,2,0,1,0,2,2,2,5,3
524,0,4,1,1,2,2,17,3,0,3,12,4,5,1,0,0,3,2,2,2,1,1,3,2,5,3,7,5,5,11
509,2,0,1,4,0,1,5,4,6,3,2,2,5,1,0,0,3,2,8,2,1,2,2,0,1,2,7,5,5,3
509,2,1,1,4,2,4,5,3,3,3,6,4,5,1,3,0,3,2,8,2,1,2,0,1,1,2,2,2,5,9
1065,3,1,1,6,0,2,5,3,1,2,7,7,5,1,0,0,3,2,2,2,1,2,3,2,5,3,0,2,5,10
1065,3,2,1,6,0,2,8,3,3,3,2,2,4,1,2,0,3,2,8,2,1,2,3,2,5,3,0,2,5,10
81,6,3,1,4,0,2,8,0,0,2,7,0,5,3,0,0,3,2,8,2,1,7,0,1,0,2,7,5,5,10
81,6,0,1,4,0,1,0,0,3,3,7,0,5,3,0,0,3,2,8,2,1,3,3,2,5,3,0,2,5,0
165,2,1,1,4,0,3,7,1,2,2,6,2,1,1,0,0,3,2,8,1,1,2,0,1,1,2,7,5,5,0
1023,4,1,1,4,0,2,17,1,3,2,7,2,5,7,2,0,3,2,1,2,1,2,3,2,5,3,0,2,5,9
1023,4,1,1,4,0,3,0,3,1,2,7,2,5,7,0,0,3,2,6,2,1,2,0,1,4,2,0,2,5,1
73,1,4,1,4,0,1,6,0,6,2,9,2,5,1,0,0,3,2,8,1,1,2,3,2,5,3,7,5,5,12
348,4,0,1,4,0,4,0,3,1,2,6,2,5,1,0,0,3,7,8,1,1,2,3,2,5,3,7,5,5,9
360,4,0,1,4,0,4,0,3,1,2,2,1,5,1,0,0,3,2,8,2,1,2,2,1,1,2,7,5,5,3
360,4,0,1,4,2,2,9,3,0,2,14,4,5,1,0,0,3,2,2,2,1,9,3,2,5,3,7,5,5,3
739,0,1,1,4,0,1,3,3,3,3,0,7,3,1,0,0,0,2,8,1,2,2,0,1,0,2,2,2,5,5
739,0,1,1,1,0,4,17,3,3,3,7,2,7,1,0,0,0,2,6,1,2,4,0,1,1,2,3,2,5,11
106,1,2,1,4,0,1,0,3,6,2,7,4,7,1,0,0,3,2,2,2,1,2,3,2,5,3,7,5,5,12
106,1,2,1,4,0,2,11,3,6,2,2,4,5,1,0,0,3,2,8,2,1,2,2,0,0,2,4,2,5,3
633,3,1,1,2,0,3,8,0,0,2,9,4,5,1,0,0,0,2,8,2,2,2,0,1,1,1,2,2,5,9
633,3,1,1,2,0,3,5,3,5,2,7,4,5,1,0,0,0,2,8,2,2,2,1,0,4,2,0,2,5,3
633,3,1,1,4,0,2,0,3,5,2,7,2,5,1,0,0,0,2,1,2,2,2,0,1,0,2,2,2,5,12
893,0,4,1,1,0,0,10,3,5,2,7,0,5,1,0,0,3,2,8,2,1,3,1,1,1,2,0,2,5,1
893,0,1,1,1,0,2,0,3,6,2,1,2,5,1,0,0,3,2,8,2,1,3,0,1,0,1,2,2,5,0
309,2,1,1,4,0,2,11,3,5,2,1,1,5,1,0,0,3,3,8,2,1,3,3,2,5,3,7,2,5,12
309,2,3,1,4,0,0,9,3,6,2,7,2,5,1,0,0,3,3,8,2,1,4,0,1,0,2,0,2,5,3
27,4,4,0,4,2,2,0,1,0,2,6,2,5,1,0,0,0,2,8,1,1,2,2,0,2,2,0,2,6,9
863,1,0,1,2,2,3,5,3,1,2,9,2,5,0,0,3,0,4,2,2,1,11,0,0,1,2,3,2,5,10
863,1,0,1,7,2,4,0,3,1,2,7,2,5,0,0,3,0,4,2,2,1,9,1,1,4,2,7,5,5,0
707,5,1,1,6,2,2,8,4,0,3,9,4,3,7,0,3,0,4,8,1,1,1,3,2,5,3,7,5,5,0
506,6,4,1,0,0,3,9,3,6,2,2,0,5,7,2,0,0,2,8,2,1,2,1,0,3,2,1,2,5,10
506,6,3,1,2,0,4,0,3,1,3,7,1,5,7,0,0,0,2,8,2,1,2,3,2,5,3,0,2,5,0
944,5,1,1,4,0,0,0,3,2,2,6,2,7,1,0,0,3,2,8,2,1,2,0,1,0,2,2,2,5,3
944,5,4,0,4,0,3,0,3,1,3,7,4,5,1,4,0,3,2,8,2,1,9,2,1,4,1,0,2,5,0
360,4,2,1,4,2,3,14,3,5,3,1,2,3,4,0,0,3,2,8,2,1,7,0,1,4,2,0,2,5,10
360,4,0,1,4,0,3,7,3,6,2,7,4,5,4,0,0,3,2,8,2,1,3,3,2,5,3,0,2,5,1
322,6,0,1,4,0,5,7,3,0,2,6,2,5,1,0,0,3,2,8,2,2,4,2,1,1,2,0,2,6,10
322,6,2,1,4,0,0,7,0,6,2,9,4,5,1,0,0,3,2,8,2,2,2,2,1,3,2,0,2,0,4
322,6,2,1,3,2,0,10,3,5,2,6,1,5,1,0,0,3,2,8,2,2,2,3,2,5,3,0,2,5,10
343,4,2,1,4,2,4,5,3,6,2,6,2,5,1,0,0,3,2,5,2,1,2,0,1,0,2,0,2,5,16
343,4,2,1,4,2,0,9,3,5,2,2,0,5,1,0,0,3,2,8,2,1,2,3,2,5,3,0,2,5,5
714,2,1,1,4,2,1,0,3,6,2,2,4,5,1,0,0,0,2,2,2,3,2,0,1,1,2,7,2,5,11
714,2,0,1,5,2,2,0,3,6,2,9,4,5,1,0,0,0,2,8,2,3,2,2,0,0,2,7,2,5,9
714,2,0,1,5,2,3,14,3,6,2,7,4,5,1,0,0,0,2,8,2,3,2,0,1,3,2,7,2,5,1
977,0,1,1,4,2,1,5,3,5,3,7,7,5,3,0,0,3,2,8,3,2,2,3,2,5,3,7,2,5,0
977,0,1,1,1,2,3,5,3,6,2,14,4,5,3,0,0,3,2,8,3,2,2,3,2,5,3,7,2,5,1
977,0,1,1,6,2,2,5,3,1,3,9,4,5,3,0,0,3,2,8,3,2,4,3,2,5,3,7,2,5,5
103,3,0,1,7,2,6,11,3,5,3,6,4,5,1,0,0,3,2,8,2,5,3,0,1,0,2,7,2,5,12
103,3,0,1,4,2,2,9,3,5,3,9,4,5,1,0,0,3,2,2,2,5,2,3,2,5,3,7,2,5,12
103,3,0,1,4,2,4,7,3,5,2,7,2,5,1,0,0,3,2,2,2,5,3,2,0,1,2,0,5,5,0
103,3,0,1,4,2,1,9,3,6,2,7,2,5,1,0,0,3,2,8,2,5,2,0,1,1,2,0,5,5,1
103,3,0,1,1,0,1,7,3,6,2,1,2,5,1,0,0,3,2,2,2,5,3,2,1,1,2,0,2,6,1
103,3,0,1,4,0,1,9,3,2,3,2,1,5,1,0,0,3,2,2,2,5,13,0,1,4,2,0,2,5,0
651,1,3,1,4,0,1,14,3,6,3,12,2,5,7,0,0,0,2,8,2,1,2,3,2,5,3,0,2,5,0
651,1,3,1,4,0,2,0,3,1,3,6,4,5,7,3,0,0,2,8,2,1,2,3,2,5,3,7,2,5,7
1047,6,1,1,4,0,2,5,3,0,3,7,6,5,0,0,0,3,2,2,2,1,2,0,1,4,2,0,2,5,16
1047,6,0,1,4,0,3,13,3,2,3,9,4,5,0,0,0,3,2,8,2,1,2,3,2,5,3,0,2,5,0
152,6,2,1,1,0,2,5,3,3,3,7,4,5,1,0,0,3,2,8,2,1,4,0,1,1,2,3,2,5,5
152,6,2,1,4,0,2,5,3,0,2,7,7,3,1,0,0,3,2,8,2,1,2,2,1,0,2,0,2,5,3
295,1,4,1,4,0,3,11,3,1,3,6,1,3,1,0,3,3,4,8,2,1,3,0,0,4,2,0,2,5,9
295,1,1,1,1,2,6,0,3,6,2,9,2,5,1,0,3,3,4,8,2,1,3,3,2,5,3,3,2,5,10
1046,5,4,1,4,2,2,0,3,6,2,7,2,5,1,0,0,3,2,8,2,1,3,0,1,1,2,7,5,5,12
1046,5,1,1,4,0,2,0,1,1,3,9,4,5,1,0,0,3,2,1,2,1,2,3,2,5,3,0,2,5,17
270,4,0,1,4,0,4,11,3,6,2,2,2,5,1,0,3,3,4,8,2,2,2,1,0,4,2,2,2,5,0
270,4,0,1,7,4,6,4,0,6,2,9,2,5,1,0,3,3,4,2,2,2,2,3,2,5,3,0,2,5,10
448,3,0,1,4,0,2,8,3,6,2,6,1,5,3,0,0,3,2,8,2,1,2,2,0,0,1,3,2,6,9
448,3,0,1,4,0,2,4,0,4,2,9,2,5,3,0,0,3,2,8,2,1,4,0,1,0,1,0,2,5,12
647,2,0,1,4,0,3,8,3,5,2,7,1,5,1,0,0,0,2,8,1,1,2,3,2,5,3,0,2,5,12
436,6,1,1,2,0,3,13,3,5,3,4,2,5,3,0,0,0,2,8,2,1,2,2,1,0,2,7,5,6,10
436,6,1,1,4,0,3,4,3,5,3,2,2,5,3,0,0,0,2,8,2,1,2,2,0,3,2,0,2,1,10
338,1,4,1,4,0,3,17,3,1,2,9,4,3,0,0,0,3,2,8,3,1,7,0,1,0,2,0,2,5,16
338,1,0,1,4,0,3,17,4,6,3,14,2,5,0,0,0,3,2,8,3,1,3,3,2,5,3,7,5,5,5
338,1,1,1,4,0,3,5,4,6,3,14,2,5,0,3,0,3,2,8,3,1,2,0,1,0,2,7,5,5,1
1010,6,4,1,4,0,2,7,3,0,2,6,4,5,1,0,0,3,2,8,1,1,2,3,2,5,3,0,2,5,0
417,2,2,1,4,0,1,7,3,3,2,5,2,7,1,3,3,0,3,2,1,1,7,0,0,0,2,0,2,5,3
691,1,3,1,4,0,4,0,3,3,2,2,2,3,1,0,0,0,2,8,2,2,2,3,2,5,3,7,5,5,9
691,1,3,1,4,0,4,7,3,6,2,6,7,7,1,0,0,0,2,2,2,2,7,0,1,1,2,7,5,5,9
691,1,4,1,4,0,1,0,3,3,3,2,2,3,1,0,0,0,2,8,2,2,4,3,2,5,3,0,2,5,1
1050,5,1,1,1,0,4,10,4,6,3,6,7,7,1,0,0,3,2,8,2,1,13,3,2,5,3,0,2,5,12
1050,5,4,1,4,0,4,5,0,6,2,6,4,5,1,0,0,3,2,10,2,1,2,0,1,2,2,7,5,5,2
666,2,1,1,4,0,6,17,3,0,2,12,2,5,7,0,3,3,2,1,2,1,2,1,1,4,2,7,5,5,5
666,2,1,1,7,0,2,0,3,4,2,9,2,5,7,0,3,3,2,8,2,1,2,0,0,3,2,0,2,5,1
486,5,4,0,6,0,4,17,3,6,2,6,7,7,0,0,3,0,0,8,2,1,2,3,2,5,3,0,2,5,3
486,5,3,1,4,0,4,5,3,5,2,11,7,5,0,0,3,0,0,8,2,1,2,3,2,5,3,7,5,5,10
209,0,1,1,4,0,0,17,3,5,2,7,2,5,0,0,3,3,2,1,2,1,2,3,2,5,3,0,5,5,0
209,0,0,1,1,0,3,5,3,5,2,9,4,5,0,0,3,3,2,2,2,1,2,0,0,1,2,0,2,5,10
433,5,1,1,1,0,3,15,3,5,2,6,4,5,7,0,3,0,2,10,4,1,2,1,0,0,2,0,2,5,10
433,5,0,1,1,0,4,5,3,5,2,6,4,5,7,0,3,0,2,8,4,1,2,0,0,1,2,0,2,5,7
433,5,1,1,2,0,1,5,3,5,2,9,4,5,7,0,3,0,2,10,4,1,2,3,2,5,3,0,2,5,16
433,5,1,1,4,0,1,7,3,5,2,6,4,5,7,0,3,0,2,10,4,1,2,0,1,1,2,7,5,5,3
471,5,2,1,0,0,3,14,3,5,2,6,4,5,1,0,0,0,2,10,2,1,2,3,2,5,3,0,5,5,5
471,5,0,1,4,0,1,14,3,5,2,6,6,5,1,0,0,0,2,8,2,1,2,2,0,3,2,0,2,6,9
962,6,3,1,4,0,1,5,3,5,2,6,2,5,3,0,3,3,2,8,2,1,2,3,2,5,3,3,2,5,17
962,6,0,1,2,0,0,5,3,5,2,7,4,5,3,0,3,3,2,2,2,1,2,0,1,4,2,1,2,5,5
178,6,0,1,4,0,2,7,3,5,2,7,2,5,1,0,0,3,2,2,1,1,3,1,0,3,2,0,2,5,1
443,6,1,1,4,0,4,0,3,1,3,7,2,5,7,0,3,3,3,8,2,1,2,3,2,5,3,2,2,5,0
443,6,4,1,4,0,4,17,3,1,3,9,1,5,7,0,3,3,3,8,2,1,2,0,1,0,2,3,2,5,10
68,3,1,1,1,0,6,15,3,1,3,12,4,6,3,0,0,3,2,8,2,1,2,1,1,3,2,3,2,5,10
68,3,0,1,4,0,4,5,3,1,3,9,4,6,3,0,0,3,2,8,2,1,13,1,1,3,2,1,2,5,12
953,1,4,0,4,0,0,7,3,1,2,6,2,5,1,0,0,3,3,8,2,1,9,3,2,5,3,3,2,5,9
953,1,0,1,1,0,1,0,3,6,2,2,1,5,1,0,0,3,3,6,2,1,2,0,1,0,2,7,5,5,9
1004,6,4,0,2,0,0,11,3,6,2,7,4,5,1,0,0,3,2,8,1,1,2,1,0,2,2,0,2,5,7
953,4,0,1,4,0,2,14,3,1,2,7,1,5,0,0,0,3,2,2,1,1,2,3,2,5,3,0,2,5,0
352,6,0,1,4,0,4,0,3,2,2,7,2,5,7,0,0,3,2,1,2,3,2,3,2,5,3,0,2,5,0
352,6,1,1,2,0,3,5,3,6,2,7,2,5,7,0,0,3,2,8,2,3,2,0,1,0,2,0,2,5,12
352,6,1,1,1,2,2,7,3,6,2,6,4,5,7,0,0,3,2,8,2,3,2,2,0,0,2,7,5,0,1
352,6,1,1,1,0,4,10,3,6,2,6,3,5,7,0,0,3,2,8,2,3,2,3,2,5,3,0,2,5,1
418,5,4,1,4,0,2,7,3,5,2,9,4,5,1,0,3,0,2,8,2,1,2,0,1,0,2,7,5,5,3
418,5,0,1,1,2,2,7,3,5,2,6,1,5,1,0,3,0,2,8,2,1,2,3,2,5,3,0,2,5,0
471,3,1,1,4,0,1,12,3,5,2,9,2,5,7,0,0,0,2,8,1,1,9,0,1,1,2,3,2,5,1
99,2,0,1,4,0,3,5,3,5,2,6,4,5,0,0,3,3,4,8,2,3,13,3,2,5,3,0,2,5,5
99,2,0,1,4,0,2,5,3,5,2,7,2,5,0,0,3,3,4,2,2,3,7,0,1,0,2,0,2,5,3
99,2,1,1,2,0,0,8,3,5,2,6,1,5,0,0,3,3,4,6,2,3,4,2,1,3,2,3,2,1,10
476,5,4,1,4,0,3,4,3,5,2,12,4,5,4,0,0,0,2,8,2,5,2,2,1,3,2,0,2,5,12
476,5,3,1,1,2,1,0,3,6,3,9,1,5,4,0,0,0,2,1,2,5,2,2,0,3,2,0,2,5,12
476,5,3,1,4,0,2,0,3,6,3,6,4,5,4,0,0,0,2,8,2,5,9,3,2,5,3,3,2,5,12
476,5,3,1,4,0,4,8,3,5,2,9,4,5,4,0,0,0,2,8,2,5,4,0,0,2,1,7,5,5,0
476,5,3,1,4,0,2,0,3,3,3,6,4,5,4,0,0,0,2,1,2,5,2,0,1,3,2,3,2,5,9
476,5,3,1,2,0,3,7,3,3,3,9,1,5,4,0,0,0,2,1,2,5,2,3,2,5,3,3,2,5,3
339,0,4,1,4,0,2,5,3,5,2,7,7,5,3,0,0,3,2,8,2,1,4,3,2,5,3,3,2,5,5
339,0,0,1,1,0,0,10,2,5,3,7,2,5,3,0,0,3,2,8,2,1,2,0,1,1,2,0,2,5,1
506,4,4,1,4,0,6,8,3,2,3,6,2,5,7,0,0,0,2,8,2,2,9,2,0,3,2,7,5,1,12
506,4,1,1,0,0,0,14,3,3,2,6,2,5,7,0,0,0,2,8,2,2,2,2,1,4,2,4,2,5,1
506,4,1,1,4,0,3,7,3,1,2,9,2,5,7,0,0,0,2,8,2,2,9,0,1,0,2,0,2,5,4
241,6,4,1,4,0,0,8,3,6,2,7,2,5,7,0,0,3,2,2,2,2,2,2,1,0,2,7,5,2,9
241,6,3,1,4,0,2,10,0,6,2,7,4,5,7,0,0,3,2,8,2,2,3,0,1,1,2,3,2,5,12
241,6,3,1,4,0,1,9,3,6,2,6,2,5,7,0,0,3,2,8,2,2,13,3,2,5,3,3,2,5,10
491,5,4,1,7,4,6,5,3,6,2,6,2,5,1,0,0,0,2,8,2,1,2,0,1,1,2,0,2,5,3
491,5,0,1,4,0,1,8,3,5,2,2,4,5,1,0,0,0,2,8,2,1,2,3,2,5,3,7,2,5,0
348,0,1,1,4,0,1,5,0,5,2,7,1,5,1,0,0,3,2,8,2,2,7,0,1,0,2,7,5,5,12
348,0,0,1,4,0,3,8,3,5,2,6,4,5,1,0,0,3,2,8,2,2,7,3,2,5,3,3,2,5,12
270,5,4,1,4,0,0,3,3,0,3,6,2,5,7,0,3,3,3,8,2,1,7,1,1,1,2,0,2,5,10
270,5,0,1,0,2,0,17,3,4,3,9,2,5,7,0,3,3,3,8,2,1,2,0,1,0,2,7,2,5,4
714,1,4,1,0,0,5,7,4,6,3,7,4,5,0,0,2,0,6,8,2,2,2,3,2,5,3,7,2,5,3
714,1,1,1,4,0,0,17,3,2,3,9,2,5,0,0,2,0,6,8,2,2,2,3,2,5,3,3,2,5,3
714,1,1,1,4,0,2,10,0,6,3,6,2,5,0,0,2,0,6,8,2,2,2,0,1,0,2,3,2,5,1
428,5,4,0,4,0,3,13,3,2,3,6,4,5,7,0,0,0,2,8,2,1,3,0,1,1,2,7,2,5,3
428,5,1,1,4,0,3,5,3,3,3,7,4,5,7,0,0,0,2,8,2,1,2,3,2,5,3,0,2,5,0
1024,6,3,1,4,2,2,5,3,0,2,7,7,3,1,0,3,3,2,8,2,1,3,0,1,1,2,2,2,5,3
1024,6,1,1,1,0,1,11,3,1,3,6,1,3,1,0,3,3,2,8,2,1,3,3,2,5,3,1,2,5,3
835,3,0,1,4,0,1,0,3,6,2,9,2,5,0,0,0,0,3,2,2,2,2,2,0,0,2,0,2,5,5
835,3,0,1,4,0,4,0,3,6,2,7,2,5,0,0,0,0,3,8,2,2,4,2,1,0,2,0,2,1,3
321,3,0,1,4,0,1,0,1,1,3,9,4,5,1,0,3,3,8,8,2,3,2,3,2,5,3,1,2,5,10
321,3,0,1,4,0,1,11,3,6,2,2,2,5,1,0,3,3,8,8,2,3,4,0,1,3,2,0,2,5,3
321,3,0,1,1,0,2,4,0,6,2,9,2,5,1,0,3,3,8,8,2,3,2,2,1,3,2,0,2,5,4
321,3,4,1,4,0,3,8,3,6,2,6,1,5,1,0,3,3,8,1,2,3,7,2,0,1,2,0,2,1,16
1003,6,0,1,7,4,6,4,0,4,2,9,2,5,7,0,0,3,2,8,2,2,13,0,1,0,2,0,2,5,10
1003,6,3,1,4,0,1,8,3,5,2,7,1,5,7,0,0,3,2,8,2,2,2,2,1,3,2,7,2,1,3
243,6,4,1,4,0,2,13,3,5,3,4,2,5,1,0,0,3,2,8,2,1,2,1,0,3,2,7,2,5,12
243,6,1,1,0,0,1,4,3,5,3,2,2,5,1,0,0,3,2,8,2,1,2,1,0,1,2,7,2,5,12
209,0,4,1,7,4,6,17,3,1,2,9,4,3,7,0,3,3,3,8,1,1,2,0,1,0,2,7,2,5,12
463,6,4,1,7,0,0,17,4,6,3,14,2,5,1,0,0,0,2,8,1,1,2,2,1,0,2,7,2,5,12
1009,1,4,1,4,0,1,5,4,6,3,14,2,5,7,0,0,3,2,8,1,1,2,0,0,1,1,7,2,5,10
603,2,0,1,4,0,3,7,3,0,2,6,4,5,1,0,0,0,0,8,3,1,4,3,2,5,3,7,5,5,9
603,2,0,1,4,0,4,7,3,3,2,5,2,7,1,0,0,0,0,1,3,1,2,0,1,4,2,3,5,5,10
603,2,4,1,4,0,1,0,3,3,2,2,2,3,1,0,0,0,0,8,3,1,2,3,2,5,3,3,2,5,0
860,2,0,1,4,0,4,7,3,6,2,6,7,7,1,0,3,0,4,8,1,1,2,0,1,0,2,7,2,5,0
1004,6,4,1,2,0,2,0,3,3,3,2,2,3,1,0,0,3,2,8,1,1,2,2,1,1,2,7,5,5,11
471,5,2,1,0,0,0,10,4,6,3,6,7,7,1,0,0,0,2,8,2,1,7,0,1,1,2,0,2,5,9
471,5,0,1,4,0,4,5,0,6,2,6,4,5,1,0,0,0,2,2,2,1,2,0,1,1,2,7,5,5,0
270,2,4,1,7,4,6,17,3,0,2,12,2,5,1,0,0,3,2,8,3,2,2,0,1,0,2,7,5,5,10
270,2,1,1,2,0,4,0,3,4,2,9,2,5,1,0,0,3,2,8,3,2,4,3,2,5,3,7,5,5,12
270,2,1,1,2,0,4,17,3,6,2,6,7,7,1,0,0,3,2,8,3,2,2,0,0,1,2,2,2,5,1
270,2,4,1,7,4,6,5,3,5,2,11,7,5,1,0,0,3,2,8,3,2,2,3,2,5,3,1,2,5,10
925,5,1,1,2,0,1,17,3,5,2,7,2,5,1,0,0,0,2,8,2,1,2,0,0,0,1,3,2,5,10
925,5,0,1,4,0,3,5,3,5,2,9,4,5,1,0,0,0,2,8,2,1,9,3,2,5,3,0,2,5,7
576,2,1,1,4,0,3,15,3,5,2,6,4,5,1,0,0,0,2,8,1,1,2,0,1,0,2,7,5,5,11
953,5,1,1,4,0,2,5,3,5,2,6,4,5,1,0,3,3,2,2,2,1,2,0,1,3,2,2,2,5,0
953,5,0,1,4,0,0,5,3,5,2,9,4,5,1,0,3,3,2,8,2,1,7,3,2,5,3,7,5,5,10
285,6,4,1,5,0,4,7,3,5,2,6,4,5,1,0,0,3,2,8,2,1,4,0,1,0,2,0,2,5,3
285,6,1,1,4,0,4,14,3,5,2,6,4,5,1,0,0,3,2,8,2,1,2,3,2,5,3,0,2,5,10
375,2,0,1,2,0,1,14,3,5,2,6,6,5,1,0,3,3,2,8,2,1,2,0,1,3,2,0,2,5,1
375,2,4,1,4,2,0,5,3,5,2,6,2,5,1,0,3,3,2,6,2,1,3,0,0,0,2,0,2,5,16
800,4,4,1,4,0,2,5,3,5,2,7,4,5,7,0,0,0,2,8,1,1,7,3,2,5,3,0,2,5,3
471,6,1,1,1,0,1,7,3,5,2,7,2,5,7,0,3,0,2,8,2,1,2,2,0,0,2,0,2,5,9
471,6,0,1,1,2,2,0,3,1,3,7,2,5,7,0,3,0,2,2,2,1,2,3,2,5,3,0,2,5,10
506,4,4,1,4,0,3,17,3,1,3,9,1,5,4,0,3,0,4,8,2,1,3,0,1,0,2,0,2,5,16
506,4,1,1,4,0,2,15,3,1,3,12,4,6,4,0,3,0,4,8,2,1,2,2,1,4,2,3,2,6,3
1069,4,0,1,2,0,2,5,3,1,3,9,4,6,7,0,0,3,3,8,1,1,2,3,2,5,3,2,2,5,3
249,0,1,1,4,0,2,7,3,1,2,6,2,5,3,5,0,3,2,2,1,1,2,0,1,0,2,0,2,5,9
418,5,3,1,4,0,3,0,3,6,2,2,1,5,1,0,3,3,4,2,1,1,2,3,2,5,3,0,2,5,3
1036,0,4,1,4,4,0,11,3,6,2,7,4,5,7,0,0,3,2,8,2,1,2,0,1,1,2,3,2,5,4
1036,0,3,1,4,0,1,14,3,1,2,7,1,5,7,0,0,3,2,8,2,1,2,2,1,3,2,0,2,5,0
700,6,1,1,4,0,0,0,3,2,2,7,2,5,1,0,3,0,8,2,2,1,13,2,0,3,2,0,2,5,10
700,6,0,1,7,4,6,5,3,6,2,7,2,5,1,0,3,0,8,2,2,1,2,3,2,5,3,0,2,5,10
240,1,2,1,1,0,2,7,3,6,2,6,4,5,1,0,3,3,4,8,2,1,7,0,1,0,2,2,2,5,1
240,1,1,1,4,0,2,10,3,6,2,6,3,5,1,0,3,3,4,8,2,1,2,0,0,0,2,7,2,5,5
136,2,0,1,4,0,3,7,3,5,2,9,4,5,0,0,0,3,2,8,2,1,2,3,2,5,3,0,2,5,1
136,2,1,1,4,0,1,7,3,5,2,6,1,5,0,0,0,3,2,2,2,1,2,3,2,5,3,0,2,5,0
535,0,3,1,4,2,3,12,3,5,2,9,2,5,1,0,3,0,2,8,3,3,2,0,1,1,2,0,2,5,9
535,0,3,1,4,0,1,5,3,5,2,6,4,5,1,0,3,0,2,8,3,3,2,2,1,4,2,0,2,5,10
535,0,2,1,1,1,2,5,3,5,2,7,2,5,1,0,3,0,2,8,3,3,2,3,2,5,3,0,2,5,1
535,0,4,0,1,0,2,8,3,5,2,6,1,5,1,0,3,0,2,6,3,3,4,0,1,3,2,7,5,5,9
722,6,0,1,4,4,2,4,3,5,2,12,4,5,1,0,3,0,2,8,3,1,3,3,2,5,3,0,2,5,10
722,6,2,1,4,0,2,0,3,6,3,9,1,5,1,0,3,0,2,8,3,1,4,2,1,3,2,0,2,5,4
722,6,4,0,1,0,3,0,3,6,3,6,4,5,1,0,3,0,2,1,3,1,2,2,1,1,2,0,2,5,4
178,4,1,1,4,4,4,4,3,5,2,9,4,5,1,0,0,3,2,8,1,1,2,0,1,4,1,0,2,5,9
418,6,2,1,4,0,2,6,3,5,2,6,4,5,1,0,0,0,2,8,2,1,2,0,1,0,2,3,2,5,9
418,6,1,1,1,0,0,5,3,1,2,6,2,5,1,0,0,0,2,8,2,1,4,3,2,5,3,7,5,5,16
530,4,1,1,7,4,6,14,3,6,3,9,4,5,7,0,0,3,2,8,3,2,2,2,0,4,2,0,2,5,3
530,4,0,1,4,0,3,0,3,5,3,7,2,5,7,0,0,3,2,2,3,2,13,3,2,5,3,3,2,5,0
530,4,2,1,2,2,1,7,3,3,3,4,4,5,7,0,0,3,2,8,3,2,2,0,0,3,2,0,2,5,5
398,0,2,1,4,0,0,7,3,5,3,6,2,5,0,0,0,3,2,8,1,1,2,3,2,5,3,1,2,5,10
952,5,4,1,4,0,0,15,1,5,3,1,2,5,1,0,0,3,2,8,3,1,2,0,1,0,2,0,2,5,9
952,5,0,1,0,2,1,0,3,0,2,9,2,5,1,0,0,3,2,8,3,1,2,3,2,5,3,3,2,5,0
952,5,1,0,7,4,6,3,3,3,3,9,4,5,1,0,0,3,2,2,3,1,3,0,1,0,2,7,5,5,1
214,0,2,1,1,2,1,3,3,2,3,2,4,3,7,0,0,3,2,8,2,1,3,0,1,1,2,0,2,5,10
214,0,2,1,4,0,0,5,3,2,3,9,4,5,7,0,0,3,2,2,2,1,2,1,1,1,2,0,2,5,2
364,0,0,1,7,2,2,5,3,5,2,14,7,5,1,3,0,3,2,8,2,1,2,1,0,0,2,0,2,5,1
364,0,1,1,4,0,4,4,3,2,2,7,4,5,1,0,0,3,2,6,2,1,9,3,2,5,3,7,2,5,12
451,2,1,1,4,0,1,0,3,5,3,7,3,5,7,0,3,0,4,8,1,1,2,3,2,5,3,7,5,5,10
588,5,0,1,4,0,2,15,3,5,2,2,3,5,1,0,3,0,3,8,2,1,2,1,1,0,2,0,2,5,18
588,5,0,1,4,0,3,7,0,6,2,7,3,5,1,0,3,0,3,8,2,1,2,3,2,5,3,7,2,5,10
948,4,2,1,1,0,1,0,3,5,2,2,3,5,7,0,0,3,2,8,1,1,2,0,1,1,2,7,2,5,1
942,0,0,1,1,2,3,0,3,5,2,2,2,5,7,0,3,3,4,8,2,1,2,0,1,1,2,3,2,5,10
942,0,1,1,4,0,0,0,3,3,2,7,4,5,7,0,3,3,4,1,2,1,2,2,0,4,2,3,2,5,0
204,2,0,1,4,0,2,0,0,2,2,7,4,5,7,0,0,3,2,6,3,3,2,0,1,0,2,7,2,5,3
204,2,1,1,4,0,1,11,3,2,2,12,7,5,7,0,0,3,2,8,3,3,2,3,2,5,3,0,2,5,1
204,2,1,1,4,0,1,4,3,3,2,9,4,5,7,1,0,3,2,6,3,3,13,2,1,0,2,2,2,3,12
204,2,1,1,4,0,1,5,4,0,2,7,2,5,7,0,0,3,2,8,3,3,4,3,2,5,3,1,2,5,10
699,2,4,1,4,0,1,5,3,3,2,6,4,5,3,0,0,0,7,8,2,1,1,0,1,0,2,0,2,5,11
699,2,0,1,4,0,3,14,3,3,2,9,4,5,3,0,0,0,7,8,2,1,2,2,0,0,2,0,2,5,11
708,1,4,1,4,0,3,7,3,3,2,7,1,3,5,0,3,3,3,4,2,1,2,2,0,4,2,1,2,7,12
708,1,3,1,1,0,2,0,3,3,2,9,2,5,5,0,3,3,3,8,2,1,2,0,1,1,2,0,2,5,0
582,6,3,1,7,0,6,8,3,2,2,9,4,5,0,0,0,0,2,2,2,1,4,0,1,0,2,0,2,5,0
582,6,4,1,7,0,1,6,3,6,2,9,2,5,0,0,0,0,2,8,2,1,2,0,1,3,1,0,2,5,10
469,6,3,1,1,0,2,0,3,0,2,7,7,5,1,0,0,3,2,8,2,1,3,2,1,0,2,0,2,6,12
469,6,1,1,4,0,2,8,3,2,2,7,4,5,1,0,0,3,2,8,2,1,4,0,0,2,2,7,2,5,10
84,2,2,1,4,0,3,6,3,2,2,7,1,5,7,0,0,3,2,1,2,1,2,3,2,5,3,7,2,5,10
84,2,1,1,4,0,2,14,3,0,2,3,4,5,7,0,0,3,2,8,2,1,2,3,2,5,3,7,2,5,1
423,1,4,1,4,0,3,5,3,1,2,9,4,5,7,0,0,3,2,8,2,1,2,0,0,0,2,7,2,5,0
423,1,1,1,1,0,4,15,3,2,2,9,1,5,7,0,0,3,2,8,2,1,13,1,0,0,2,7,2,5,10
967,5,0,1,1,0,2,0,3,2,2,9,4,5,1,0,0,3,2,6,2,1,2,0,1,0,2,7,2,5,17
967,5,0,1,1,0,0,3,3,0,2,7,2,5,1,0,0,3,2,2,2,1,2,3,2,5,3,7,5,5,12
1019,4,4,1,1,0,2,0,3,0,2,6,2,5,1,0,0,3,2,8,2,1,2,0,1,1,2,3,5,5,9
1019,4,0,1,1,0,2,9,3,1,2,7,7,5,1,0,0,3,2,8,2,1,2,3,2,5,3,3,2,5,5
393,5,1,1,1,0,1,4,3,5,2,6,0,5,1,0,0,3,2,2,3,1,2,0,1,0,2,7,2,5,9
393,5,4,1,1,0,2,8,3,5,2,9,2,5,1,0,0,3,2,8,3,1,2,0,0,1,2,7,5,5,1
393,5,4,0,7,4,2,5,3,5,2,6,0,1,1,0,0,3,2,8,3,1,2,3,2,5,3,0,2,5,15
567,6,0,1,4,0,3,7,3,6,2,6,0,5,1,0,3,0,2,8,3,1,2,0,1,3,2,7,5,5,5
567,6,2,1,4,0,3,0,1,5,2,7,0,5,1,0,3,0,2,6,3,1,2,3,2,5,3,7,5,5,3
567,6,0,1,1,0,4,3,3,5,2,6,2,5,1,0,3,0,2,6,3,1,2,0,1,1,2,7,5,5,10
448,6,3,1,1,0,2,4,3,5,2,6,6,5,7,0,0,3,2,1,2,1,2,3,2,5,3,2,2,5,12
448,6,3,1,1,2,2,3,0,5,3,6,1,5,7,0,0,3,2,8,2,1,13,0,1,1,2,1,2,5,15
1004,5,0,1,1,0,1,0,3,5,3,7,4,5,1,0,3,3,2,8,2,3,2,2,0,4,2,3,2,5,5
1004,5,2,1,1,0,3,15,3,5,3,9,6,5,1,0,3,3,2,8,2,3,2,3,2,5,3,0,2,5,1
1004,5,2,1,1,0,1,15,3,1,2,9,2,1,1,0,3,3,2,1,2,3,2,0,0,0,2,7,5,5,1
676,1,3,1,4,0,3,3,3,2,3,2,2,5,0,0,0,0,2,1,2,2,2,0,1,0,2,2,2,5,1
676,1,3,1,4,0,4,4,3,2,3,7,2,5,0,0,0,0,2,8,2,2,9,3,2,5,3,7,5,5,1
676,1,1,1,4,0,1,4,3,5,3,9,2,5,0,0,0,0,2,8,2,2,3,2,0,0,2,0,2,1,9
930,0,0,1,1,0,2,3,3,1,3,7,4,5,7,0,0,3,2,8,2,1,2,1,0,0,2,0,2,5,10
930,0,1,1,1,0,2,16,3,1,3,9,4,5,7,0,0,3,2,2,2,1,2,3,2,5,3,0,2,5,15
185,0,4,0,1,0,0,3,3,1,3,9,2,5,0,0,0,3,2,8,1,1,3,0,1,0,2,0,2,5,10
438,0,0,1,1,0,6,3,3,2,2,7,2,5,7,0,0,0,2,2,2,1,2,3,2,5,3,0,2,5,3
438,0,2,1,4,0,0,10,4,6,3,7,2,5,7,0,0,0,2,8,2,1,3,2,1,1,2,0,2,6,10
82,4,2,1,7,0,2,0,3,5,2,7,4,5,0,0,0,3,2,1,2,2,2,2,0,1,2,0,2,5,10
82,4,0,1,1,2,0,0,3,5,2,7,0,5,0,0,0,3,2,8,2,2,2,2,0,0,2,0,2,5,10
133,3,1,1,4,0,2,8,3,5,3,9,2,5,3,0,3,3,2,8,2,1,2,3,2,5,3,3,2,5,1
133,3,0,1,4,0,1,17,3,1,3,1,4,5,3,0,3,3,2,8,2,1,4,0,0,3,2,2,2,5,10
702,2,1,1,4,0,1,14,3,6,3,7,7,5,7,0,3,0,2,8,1,1,4,1,0,3,2,0,2,5,12
552,1,3,1,4,0,2,17,3,6,3,6,4,5,7,0,3,0,4,8,2,1,2,2,1,1,2,0,2,1,0
552,1,0,1,4,2,4,0,4,6,3,7,4,5,7,0,3,0,4,2,2,1,7,0,1,0,2,3,2,5,9
325,0,1,1,2,0,4,0,3,5,3,6,4,5,1,0,0,3,2,2,1,1,2,3,2,5,3,0,2,5,3
219,1,1,1,4,0,6,3,3,5,3,6,1,5,0,0,0,3,2,8,4,1,2,3,2,5,3,0,2,5,0
219,1,1,1,4,0,4,10,3,5,3,6,4,5,0,0,0,3,2,8,4,1,2,0,1,2,2,0,2,5,11
219,1,1,1,4,0,1,10,3,5,2,7,4,5,0,0,0,3,2,8,4,1,2,3,2,5,3,2,2,5,10
219,1,1,1,4,0,1,4,0,5,3,7,0,5,0,0,0,3,2,8,4,1,3,0,1,1,2,7,2,5,10
280,4,4,1,4,0,2,4,3,5,2,6,3,5,1,0,0,3,2,8,1,1,2,0,1,0,1,0,2,5,17
589,2,1,1,1,0,2,8,3,5,3,9,7,5,7,0,3,0,4,8,1,2,2,3,2,5,3,0,2,5,10
589,2,1,1,7,2,2,0,0,1,3,1,4,5,7,0,3,0,4,8,1,2,2,2,1,0,2,0,2,1,6
476,1,0,1,4,0,2,0,3,0,2,7,7,5,7,0,3,0,4,8,2,1,2,0,0,0,2,0,2,5,9
476,1,0,1,4,2,2,0,3,3,2,9,7,5,7,0,3,0,4,8,2,1,2,1,1,2,2,0,2,5,11
219,5,2,1,3,0,1,3,3,5,2,7,7,5,7,0,0,3,2,8,1,1,3,3,2,5,3,0,2,5,0
294,5,2,1,4,0,2,3,3,5,3,7,7,5,7,0,0,3,2,5,2,1,2,0,1,0,2,0,2,5,0
294,5,1,1,4,0,4,0,3,2,3,7,1,5,7,0,0,3,2,8,2,1,2,3,2,5,3,7,5,5,7
431,3,2,1,4,0,0,14,3,5,2,7,2,5,1,0,3,3,4,2,1,2,3,0,1,0,2,0,2,5,10
431,3,2,1,1,0,1,17,3,1,2,7,7,5,1,0,3,3,4,8,1,2,3,3,2,5,3,0,2,5,1
78,0,1,1,1,0,1,7,3,5,2,12,4,5,1,0,0,3,2,8,2,1,2,3,2,5,3,3,2,5,1
78,0,2,1,1,0,2,13,3,6,2,6,2,5,1,0,0,3,2,8,2,1,9,0,1,3,2,0,2,5,9
555,1,1,1,4,0,2,5,3,5,2,6,2,5,1,0,3,0,2,8,2,1,9,3,2,5,3,7,5,5,2
555,1,0,1,7,4,6,8,3,2,2,6,2,5,1,0,3,0,2,8,2,1,2,0,1,1,2,6,2,5,0
4,5,3,1,4,0,3,4,3,5,2,12,6,5,1,0,0,0,3,8,1,1,2,0,1,0,2,0,2,5,1
599,0,4,0,4,0,3,5,0,6,2,12,4,5,7,0,0,0,7,2,2,1,2,3,2,5,3,7,5,5,10
599,0,1,1,4,2,3,6,3,6,2,6,2,5,7,1,0,0,7,2,2,1,2,0,1,1,1,0,2,5,1
498,6,4,1,4,0,7,0,3,6,2,6,2,5,1,0,0,3,2,8,2,1,2,3,2,5,3,2,2,5,1
498,6,1,1,4,0,2,0,0,3,2,12,2,5,1,0,0,3,2,2,2,1,2,0,1,0,2,2,2,5,10
295,1,1,1,4,0,1,0,3,0,2,14,2,5,1,0,0,3,2,2,1,1,1,0,0,0,2,3,2,5,1
82,1,4,1,1,0,2,14,3,3,2,7,2,5,7,0,0,3,2,8,2,1,3,0,1,0,2,0,2,5,3
82,1,4,0,4,0,1,17,3,4,2,7,4,5,7,3,0,3,2,8,2,1,4,3,2,5,3,0,2,5,3
399,5,4,1,2,2,2,11,3,3,2,7,2,5,7,0,0,3,2,2,2,1,2,2,0,1,2,0,2,5,1
399,5,0,1,4,0,3,11,3,5,2,9,4,5,7,0,0,3,2,8,2,1,2,2,1,4,2,7,5,5,17
295,4,3,1,4,0,1,14,0,0,2,7,4,5,7,0,0,3,2,8,2,1,2,2,1,4,2,7,5,5,1
295,4,0,1,1,0,1,0,3,0,2,7,4,5,7,0,0,3,2,8,2,1,2,0,1,1,2,0,2,5,9
413,0,2,1,2,2,3,2,3,6,2,4,4,5,1,0,3,0,2,8,2,2,2,3,2,5,3,2,2,5,10
413,0,0,1,1,0,0,0,3,6,2,1,4,5,1,0,3,0,2,8,2,2,2,2,0,1,2,0,2,5,17
290,2,0,1,4,0,3,5,3,3,2,2,2,5,7,0,3,3,2,8,2,2,2,2,1,3,2,7,5,5,3
290,2,0,1,7,4,6,0,3,6,3,6,2,5,7,0,3,3,2,1,2,2,2,0,1,1,2,0,2,5,1
95,0,1,1,4,2,2,10,3,6,3,7,2,5,4,0,0,3,2,8,3,1,2,3,2,5,3,0,2,5,2
95,0,1,1,0,0,2,13,3,6,3,6,4,5,4,0,0,3,2,2,3,1,2,2,1,1,1,1,2,6,0
95,0,4,0,4,0,2,0,3,6,3,6,2,5,4,0,0,3,2,8,3,1,2,2,1,4,2,7,5,1,3
441,4,3,1,4,0,3,10,3,6,3,7,2,5,4,0,0,0,2,8,2,1,2,3,2,5,3,4,2,5,10
441,4,0,1,4,0,0,17,3,3,3,9,4,5,4,0,0,0,2,8,2,1,3,0,1,1,2,0,2,5,9
1036,5,1,1,4,0,1,5,3,3,3,6,7,7,7,0,0,3,2,8,2,1,2,3,2,5,3,3,2,5,11
1036,5,1,1,4,0,4,5,3,3,2,9,7,5,7,0,0,3,2,8,2,1,3,0,1,0,2,3,2,5,9
175,6,1,1,4,0,3,9,4,6,3,12,2,5,7,0,3,3,4,8,2,1,3,1,1,3,2,0,2,5,9
175,6,2,1,4,0,0,5,3,3,2,6,2,2,7,0,3,3,4,8,2,1,2,0,1,0,2,7,5,5,16
846,2,4,0,0,0,2,5,3,2,2,7,7,5,7,0,0,0,2,8,2,1,2,3,2,5,3,0,2,5,0
846,2,1,1,4,0,2,9,3,3,2,7,4,5,7,0,0,0,2,8,2,1,2,0,1,0,2,0,2,5,1
468,2,0,1,1,2,4,11,3,3,2,2,7,5,5,0,0,0,2,2,3,2,2,3,2,5,3,3,2,5,16
468,2,0,1,7,4,6,0,3,6,2,6,2,5,5,2,0,0,2,8,3,2,2,1,0,3,2,0,2,5,14
468,2,1,1,4,0,3,8,3,6,2,7,2,5,5,0,0,0,2,2,3,2,2,1,1,4,2,7,2,5,13
774,3,0,1,4,4,6,14,3,6,2,6,2,6,1,0,0,0,2,8,2,1,13,3,2,5,3,0,2,5,12
774,3,1,1,4,0,0,7,3,6,2,6,2,5,1,0,0,0,2,8,2,1,4,0,1,0,2,7,5,5,1
293,4,4,1,4,2,1,17,3,3,2,6,2,2,1,0,0,3,2,10,2,1,2,2,1,1,2,0,2,6,9
293,4,1,1,7,0,7,0,3,3,2,2,4,2,1,0,0,3,2,1,2,1,13,2,1,0,1,7,5,5,0
369,1,3,1,4,0,3,14,3,3,2,6,4,1,7,0,0,3,2,8,2,5,5,3,2,5,3,3,3,5,11
369,1,1,1,4,2,1,8,3,2,2,7,0,1,7,0,0,3,2,8,2,5,7,0,1,1,2,0,2,5,10
369,1,1,1,4,0,2,5,3,6,3,7,2,5,7,0,0,3,2,8,2,5,2,3,2,5,3,0,2,5,12
369,1,1,1,4,0,1,0,3,2,2,2,5,7,7,0,0,3,2,1,2,5,4,3,2,5,3,2,2,5,10
369,1,1,1,4,0,0,17,3,0,3,12,4,5,7,1,0,3,2,2,2,5,3,0,1,0,2,7,5,5,10
29,4,0,1,4,0,2,5,4,6,3,2,2,5,1,0,3,2,3,10,2,1,2,3,2,5,3,7,5,5,9
29,4,2,1,4,0,1,5,3,3,3,6,4,5,1,0,3,2,3,8,2,1,4,1,1,1,2,2,2,5,1
321,6,0,1,1,0,2,5,3,1,2,7,7,5,1,0,0,3,2,10,2,1,3,0,1,0,2,0,2,5,11
321,6,1,1,0,2,2,8,3,3,3,2,2,4,1,0,0,3,2,10,2,1,2,3,2,5,3,0,2,5,9
815,2,0,1,4,0,1,8,0,0,2,7,0,5,1,0,0,0,2,10,2,1,2,2,1,0,2,7,5,6,7
815,2,0,1,4,0,1,0,0,3,3,7,0,5,1,0,0,0,2,8,2,1,3,3,2,5,3,0,2,5,16
723,2,0,1,4,0,1,7,1,2,2,6,2,1,3,0,0,0,2,8,3,6,2,0,1,0,2,7,5,5,14
723,2,0,1,4,0,2,17,1,3,2,7,2,5,3,0,0,0,2,2,3,6,1,2,0,1,2,0,2,5,1
723,2,4,1,4,0,0,0,3,1,2,7,2,5,3,0,0,0,2,2,3,6,2,0,0,0,2,0,2,5,8
723,2,4,1,4,2,1,0,0,6,2,9,2,5,3,0,0,0,2,8,3,6,2,3,2,5,3,7,5,5,13
723,2,4,1,2,2,1,11,3,1,2,6,2,5,3,0,0,0,2,8,3,6,3,2,0,3,2,7,5,6,0
723,2,4,1,7,0,6,5,3,1,2,2,1,5,3,0,0,0,2,8,3,6,2,2,0,4,2,7,5,5,1
723,2,4,1,4,2,0,11,3,0,2,14,4,5,3,0,0,0,2,8,3,6,2,0,1,1,1,7,5,5,11
432,5,3,1,4,4,4,17,3,3,3,0,7,3,1,0,0,3,2,8,1,1,2,3,2,5,3,2,2,5,15
637,4,2,1,2,0,0,17,3,3,2,9,6,5,7,0,3,0,2,6,2,2,2,0,1,0,2,3,2,5,0
637,4,0,1,0,0,0,0,3,2,2,6,4,5,7,0,3,0,2,8,2,2,2,3,2,5,3,7,5,5,12
360,1,2,1,4,0,3,0,3,6,2,1,7,9,7,0,0,3,2,2,1,1,3,3,2,5,3,4,2,5,1
418,6,4,1,2,0,0,5,0,6,2,6,7,6,1,0,0,3,2,1,2,1,2,0,1,0,2,2,2,5,10
418,6,0,1,4,0,1,0,3,2,2,4,7,5,1,5,0,3,2,8,2,1,2,0,1,1,2,0,2,5,11
1025,0,1,1,0,1,1,10,4,6,3,14,6,9,0,0,0,3,2,8,1,1,3,2,0,1,2,2,2,6,10
963,4,1,1,2,0,3,0,3,6,2,9,4,5,1,0,0,3,2,8,2,1,3,2,1,0,2,0,2,5,12
963,4,1,1,1,0,2,11,0,3,2,9,7,5,1,0,0,3,2,8,2,1,2,0,0,0,2,2,2,5,13
1014,1,4,1,2,0,0,5,3,0,2,4,7,5,1,0,0,3,2,8,1,1,2,3,2,5,3,7,2,5,3
488,0,3,1,2,0,2,0,3,1,2,9,4,5,1,0,0,3,2,8,2,1,2,2,1,4,2,0,2,1,0
488,0,1,1,2,0,1,4,3,5,2,9,7,5,1,0,0,3,2,8,2,1,2,2,1,1,2,0,2,5,3
68,2,4,1,4,0,0,10,3,6,2,6,4,5,7,0,0,3,2,2,2,1,2,2,1,1,2,3,2,8,0
68,2,2,1,0,0,3,10,3,1,2,6,0,0,7,0,0,3,2,6,2,1,2,2,0,3,2,7,5,7,12
769,3,4,0,0,0,1,17,3,3,2,6,7,5,1,0,0,0,2,8,2,1,2,1,0,1,2,7,5,5,10
769,3,3,2,1,0,2,3,3,0,2,6,4,0,1,0,0,0,2,1,2,1,2,0,1,0,2,1,2,5,1
229,6,1,1,1,0,0,5,3,6,2,6,1,5,1,0,0,3,2,8,4,2,2,3,2,5,3,0,2,5,1
229,6,3,1,4,0,6,4,3,6,2,6,4,5,1,0,0,3,2,8,4,2,2,0,1,1,2,2,2,5,2
229,6,2,1,7,4,6,5,3,6,2,6,7,5,1,0,0,3,2,1,4,2,4,3,2,5,3,0,2,5,10
229,6,4,2,1,0,2,9,3,3,2,9,7,5,1,0,0,3,2,1,4,2,2,0,1,0,2,0,2,5,1
578,4,4,1,4,0,1,17,3,2,2,9,1,5,3,0,0,3,2,8,2,1,7,3,2,5,3,0,2,5,0
578,4,3,1,4,0,2,15,3,6,2,7,1,5,3,0,0,3,2,8,2,1,2,0,1,0,2,0,2,5,7
897,0,2,1,2,0,1,17,3,2,2,2,4,5,3,0,0,3,2,8,2,1,7,3,2,5,3,0,2,5,13
897,0,1,1,4,0,0,0,3,6,2,1,7,5,3,0,0,3,2,8,2,1,2,0,1,1,2,0,2,5,13
496,4,1,1,4,0,0,17,3,6,3,4,4,5,1,0,0,0,2,8,2,2,7,3,2,5,3,0,2,5,10
496,4,0,1,4,0,2,5,4,6,3,9,7,9,1,0,0,0,2,2,2,2,13,0,1,1,2,0,2,5,12
418,2,2,1,3,0,7,0,3,3,2,9,7,8,1,0,0,3,7,8,1,1,2,3,2,5,3,7,2,5,16
91,3,4,1,4,0,2,0,3,1,2,6,0,5,1,0,0,3,2,8,2,3,7,2,0,1,2,7,2,8,11
91,3,0,1,4,0,0,5,3,1,2,0,4,5,1,0,0,3,2,8,2,3,4,3,2,5,3,7,2,5,10
91,3,0,1,4,0,1,0,4,6,3,13,7,5,1,0,0,3,2,8,2,3,2,0,1,0,2,7,2,5,1
91,3,0,1,4,0,3,0,3,6,2,4,7,5,1,0,0,3,2,8,2,3,2,1,0,3,2,7,2,5,3
439,4,0,1,4,2,2,0,3,6,2,9,3,5,7,0,0,3,2,8,4,2,2,1,0,4,2,7,2,5,1
439,4,1,1,2,0,0,15,0,4,2,9,4,5,7,0,0,3,2,8,4,2,3,0,1,0,2,7,2,5,16
439,4,2,1,4,0,3,17,3,2,2,7,4,5,7,0,0,3,2,8,4,2,2,3,2,5,3,7,2,5,13
439,4,0,1,4,0,0,17,0,6,2,9,7,5,7,0,0,3,2,8,4,2,2,0,1,0,2,0,5,5,4
721,0,4,0,4,0,1,0,3,0,2,10,4,1,1,0,0,0,2,8,1,1,2,1,0,1,2,0,5,5,2
1009,5,4,1,4,0,3,8,3,1,2,10,4,1,7,0,0,3,2,8,1,1,2,2,0,1,2,0,2,5,19
1059,4,1,1,4,0,1,17,3,6,2,6,0,5,0,0,0,3,2,8,2,2,4,0,1,0,2,0,2,5,1
1059,4,4,1,1,0,2,0,3,1,2,9,4,1,0,0,0,3,2,8,2,2,13,2,0,4,2,0,2,5,10
1059,4,4,1,7,4,6,9,3,6,3,9,7,5,0,0,0,3,2,8,2,2,2,1,1,3,2,7,2,5,13
1024,0,4,0,1,0,0,10,3,6,1,5,7,5,7,0,0,3,2,8,1,1,9,1,0,3,2,0,2,5,12
447,6,1,1,1,0,2,4,3,3,3,9,7,5,3,0,0,3,2,2,1,1,2,0,1,0,2,0,2,5,0
1013,6,3,1,1,0,2,14,3,2,0,2,7,5,1,0,3,3,2,8,2,1,3,1,1,0,2,3,2,5,11
1013,6,0,1,4,0,0,12,3,6,2,6,4,5,1,0,3,3,2,8,2,1,3,3,2,5,3,0,2,5,16
408,2,4,1,4,0,2,14,3,5,2,6,2,7,1,0,0,3,2,8,2,1,2,0,1,0,2,0,2,5,3
408,2,3,1,4,0,2,0,0,6,2,6,2,0,1,0,0,3,2,8,2,1,4,3,2,5,3,3,2,5,12
655,3,4,1,4,0,1,0,3,1,3,7,4,7,7,0,0,3,2,1,2,1,2,3,2,5,3,7,5,5,11
655,3,0,1,4,0,0,7,3,1,3,7,4,5,7,0,0,3,2,8,2,1,2,0,1,1,2,0,2,5,1
64,1,0,1,4,0,2,15,3,5,2,9,2,5,1,0,0,3,2,8,1,1,2,0,1,0,2,2,2,5,3
578,5,4,1,4,0,4,0,3,6,3,7,2,5,1,0,3,1,8,8,1,1,2,3,2,5,3,0,2,5,1
1024,5,0,1,4,0,2,14,3,4,3,7,4,6,7,0,3,3,2,8,3,1,2,0,1,0,2,3,2,5,1
1024,5,2,1,4,2,2,0,3,2,3,7,2,5,7,0,3,3,2,8,3,1,2,3,2,5,3,0,2,5,0
1024,5,0,1,7,2,2,9,0,2,2,7,4,5,7,0,3,3,2,8,3,1,2,0,1,0,2,0,2,5,17
476,3,0,1,4,0,2,17,3,1,2,7,0,6,7,0,0,3,2,8,2,1,2,3,2,5,3,7,5,5,3
476,3,3,1,2,0,1,0,3,6,2,7,2,5,7,0,0,3,2,8,2,1,4,0,1,0,2,0,2,5,10
815,3,0,1,0,0,2,5,3,1,3,2,2,5,1,0,3,0,2,1,1,2,2,3,2,5,3,0,2,5,3
815,3,0,1,4,0,3,17,3,2,3,7,4,5,1,0,3,0,2,8,1,2,5,0,1,1,2,7,5,5,0
145,1,2,1,4,0,4,11,1,1,3,4,2,5,0,0,3,3,8,8,2,1,2,2,1,1,2,7,5,5,12
145,1,1,1,1,0,2,17,3,6,2,9,0,5,0,0,3,3,8,8,2,1,2,0,1,1,2,0,2,5,1
151,2,0,1,1,0,1,9,0,3,2,7,2,5,1,0,0,3,2,8,2,3,2,2,0,3,2,0,2,5,10
151,2,1,1,4,0,1,9,3,6,2,6,2,5,1,0,0,3,2,2,2,3,10,0,0,0,2,7,5,5,9
151,2,1,1,4,0,0,0,3,6,2,4,5,5,1,0,0,3,2,8,2,3,2,3,2,5,3,7,5,5,9
906,5,4,0,4,0,1,17,3,0,2,4,0,5,1,0,0,3,2,8,2,1,2,0,1,1,2,0,2,5,10
906,5,0,1,4,0,1,0,3,6,2,7,2,5,1,0,0,3,2,8,2,1,2,3,2,5,3,0,2,5,10
348,0,0,1,4,0,3,5,1,3,3,3,2,5,1,0,0,3,2,8,2,1,2,0,1,0,2,7,5,5,10
348,0,2,1,2,0,4,9,3,5,3,6,1,5,1,0,0,3,2,8,2,1,9,3,2,5,3,7,5,5,11
894,0,2,1,4,0,1,4,3,1,2,2,4,5,1,0,3,0,2,8,2,1,2,3,2,5,3,0,2,5,3
894,0,1,1,2,0,3,0,1,2,2,3,4,7,1,0,3,0,2,8,2,1,2,0,1,4,2,0,2,5,1
986,5,3,1,4,0,3,0,3,3,2,6,7,5,7,0,3,3,4,2,3,1,3,0,1,0,2,7,5,5,0
986,5,0,1,2,0,2,0,3,1,2,7,2,0,7,0,3,3,4,8,3,1,2,0,1,0,2,0,5,5,3
986,5,0,1,4,0,3,1,3,0,3,6,4,5,7,0,3,3,4,8,3,1,3,0,0,1,1,0,2,5,3
223,3,4,0,4,0,0,9,3,1,3,6,2,7,7,0,0,3,7,8,1,1,2,0,1,1,2,0,2,5,10
1050,4,4,0,4,0,1,4,3,6,2,7,0,3,1,0,0,3,2,8,2,1,2,3,2,5,3,0,2,5,13
1050,4,1,1,1,0,1,17,3,0,2,6,4,6,1,0,0,3,2,6,2,1,2,0,1,0,2,0,2,5,1
379,1,0,1,1,1,2,17,3,6,2,9,4,5,1,0,3,3,2,8,2,3,2,0,1,4,2,7,5,5,1
379,1,0,1,4,0,2,0,3,5,3,7,2,5,1,0,3,3,2,8,2,3,10,3,2,5,3,4,2,5,10
379,1,1,1,2,2,2,4,3,1,3,6,0,5,1,0,3,3,2,2,2,3,2,3,2,5,3,7,5,5,10
448,4,1,1,4,0,3,5,3,2,3,6,4,7,7,0,0,3,2,8,1,1,2,0,1,0,2,7,5,5,17
896,0,1,1,4,0,4,8,4,6,3,6,7,5,1,0,3,0,2,8,3,1,2,0,1,1,2,7,2,5,2
896,0,2,1,4,1,4,4,3,2,2,7,2,6,1,2,3,0,2,8,3,1,2,2,0,0,2,0,2,5,12
896,0,1,1,4,0,3,14,3,6,2,2,4,5,1,0,3,0,2,2,3,1,2,3,2,5,3,0,2,5,11
896,0,0,1,2,2,2,7,3,5,2,4,4,5,1,0,3,0,2,2,3,1,2,0,1,1,2,7,5,5,12
896,0,1,1,1,2,2,7,3,0,2,6,0,5,1,0,3,0,2,8,3,1,8,2,0,4,2,7,5,5,13
1009,4,4,0,4,0,1,4,3,5,2,2,4,5,1,0,3,3,4,8,2,1,9,0,0,3,2,7,5,5,13
1009,4,1,1,4,0,1,17,3,6,3,6,4,5,1,0,3,3,4,2,2,1,1,3,2,5,3,7,5,5,9
624,2,1,1,0,0,2,0,3,6,2,6,7,5,7,0,0,0,2,2,2,2,3,2,0,3,2,0,2,1,10
624,2,1,1,4,2,1,5,3,6,3,9,2,5,7,0,0,0,2,8,2,2,3,2,0,4,2,0,2,5,9
39,2,0,1,7,4,6,7,3,2,3,6,2,5,1,0,0,3,2,8,1,1,2,0,0,0,2,0,2,5,12
627,2,0,1,4,0,1,5,3,2,3,9,4,5,1,0,0,3,2,8,3,5,9,3,2,5,3,2,2,5,3
627,2,0,1,4,0,2,0,3,1,3,6,0,5,1,0,0,3,2,2,3,5,2,3,2,5,3,0,2,5,10
627,2,0,1,4,0,1,8,3,1,2,6,0,5,1,0,0,3,2,8,3,5,2,2,1,0,2,7,5,5,13
627,2,0,1,1,0,0,5,4,6,2,7,2,5,1,0,0,3,2,8,3,5,10,3,2,5,3,0,2,5,1
627,2,0,1,2,0,6,10,3,5,2,7,2,5,1,0,0,3,2,8,3,5,2,0,1,0,2,0,2,5,10
627,2,4,1,4,2,0,3,3,3,2,9,2,5,1,0,0,3,2,6,3,5,2,3,2,5,3,5,2,5,3
627,2,4,1,4,0,1,0,3,5,3,2,2,5,1,0,0,3,2,8,3,5,10,0,1,3,2,0,2,5,10
139,2,0,1,4,0,0,0,0,5,2,2,0,5,7,0,0,3,2,8,2,2,8,0,1,1,2,0,2,5,12
139,2,2,1,1,0,3,7,3,1,2,9,0,5,7,0,0,3,2,1,2,2,2,3,2,5,3,0,2,5,1
360,1,0,1,4,0,1,17,3,6,2,6,2,6,1,0,0,3,2,8,2,1,3,0,1,0,1,0,2,5,11
360,1,3,1,4,0,1,3,3,2,2,6,2,6,1,0,0,3,2,8,2,1,1,0,0,0,2,1,2,5,12
393,1,1,1,4,0,1,9,3,1,3,9,2,5,4,0,0,3,2,8,2,1,2,1,0,1,2,0,2,5,0
393,1,4,1,4,0,1,9,3,2,3,2,7,5,4,0,0,3,2,8,2,1,2,3,2,5,3,3,2,5,18
550,3,3,1,1,0,1,7,3,6,3,7,2,5,1,0,3,3,2,2,2,2,9,0,1,3,2,0,2,5,4
550,3,1,1,4,0,1,7,3,6,3,6,2,5,1,0,3,3,2,8,2,2,3,3,2,5,3,0,2,5,3
550,3,1,1,1,0,2,7,3,6,3,7,2,5,1,0,3,3,2,8,2,2,2,0,1,0,2,7,5,5,4
992,5,0,1,1,0,1,9,3,6,3,7,2,5,1,0,0,3,2,8,2,1,3,0,1,1,2,0,2,5,3
992,5,3,1,4,0,3,5,3,6,3,14,6,5,1,0,0,3,2,8,2,1,2,3,2,5,3,7,5,5,11
672,2,4,1,4,0,3,7,0,1,3,9,2,9,1,0,0,0,7,2,2,2,13,0,1,0,2,7,5,5,3
672,2,1,1,2,0,3,9,3,4,3,2,4,5,1,0,0,0,7,8,2,2,2,0,1,0,2,7,2,5,1
672,2,1,1,4,0,2,7,4,6,3,7,4,5,1,0,0,0,7,2,2,2,13,0,1,1,1,0,2,5,9
175,0,3,1,4,2,1,4,3,5,3,7,1,5,1,0,0,3,2,8,2,1,2,0,1,0,2,0,2,5,3
175,0,2,1,1,0,0,7,3,5,2,9,2,5,1,0,0,3,2,6,2,1,13,3,2,5,3,0,2,5,1
197,6,1,1,4,0,1,7,3,5,3,6,1,5,2,0,0,3,2,8,2,2,2,0,1,1,2,0,2,5,3
197,6,3,1,4,0,2,7,3,5,2,4,2,5,2,0,0,3,2,8,2,2,2,0,1,0,2,0,2,5,3
197,6,3,1,7,4,6,8,0,6,2,9,0,5,2,0,0,3,2,8,2,2,2,2,1,4,2,0,2,5,3
91,2,4,1,1,2,2,0,3,6,2,6,5,5,1,0,0,3,2,8,2,1,2,3,2,5,3,1,2,5,1
91,2,0,1,2,1,3,7,3,1,3,7,6,5,1,0,0,3,2,8,2,1,2,1,0,3,2,7,2,5,1
530,0,4,1,4,0,3,5,3,5,3,2,7,5,1,0,3,3,2,1,2,1,4,3,2,5,3,0,2,5,3
530,0,1,1,4,0,0,10,3,3,3,4,6,5,1,0,3,3,2,6,2,1,4,0,1,4,2,7,5,5,16
486,1,0,1,2,2,6,0,3,5,2,1,1,5,1,0,0,3,2,8,3,3,2,3,2,5,3,3,2,5,1
486,1,3,1,4,0,1,8,3,5,2,0,4,5,1,0,0,3,2,6,3,3,2,0,1,1,2,7,5,5,10
486,1,3,1,4,0,2,5,3,5,2,7,2,5,1,0,0,3,2,8,3,3,1,1,0,2,2,3,2,5,13
486,1,1,1,4,0,1,9,3,5,3,7,2,5,1,0,0,3,2,8,3,3,2,1,1,2,2,7,5,5,1
955,0,3,1,4,0,3,7,3,5,2,4,2,9,7,0,0,3,2,8,2,1,2,3,2,5,3,3,2,5,1
955,0,2,1,1,0,2,5,0,1,3,7,2,5,7,0,0,3,2,4,2,1,2,0,1,0,2,7,5,5,16
446,1,4,0,4,0,2,8,0,6,3,6,7,5,4,0,0,3,2,8,2,1,2,3,2,5,3,7,5,5,13
446,1,0,1,0,0,0,7,3,5,3,14,7,5,4,0,0,3,2,2,2,1,2,0,0,0,2,3,2,5,4
365,2,1,1,1,0,3,5,3,6,3,6,2,5,7,0,0,3,2,8,2,1,1,3,2,5,3,1,2,5,16
365,2,1,1,1,0,2,12,3,6,3,6,4,5,7,0,0,3,2,8,2,1,2,3,2,5,3,2,2,5,12
293,1,1,1,1,0,1,0,1,5,3,7,7,5,7,0,0,3,2,8,1,1,2,0,1,0,2,1,2,5,9
418,1,4,1,1,0,1,0,0,1,3,7,7,5,1,0,3,3,4,1,2,1,4,2,1,3,2,7,5,5,13
418,1,0,1,4,0,2,14,3,5,2,7,4,5,1,0,3,3,4,8,2,1,2,0,1,3,2,1,2,5,12
994,6,4,1,4,0,0,7,3,3,3,7,7,5,1,0,0,3,2,8,2,1,2,1,0,3,2,7,5,5,11
994,6,0,1,4,0,2,5,4,6,3,9,4,5,1,0,0,3,2,8,2,1,2,3,2,5,3,1,2,5,1
969,0,2,1,4,0,2,5,3,1,2,2,4,5,7,0,0,3,2,6,1,1,2,0,1,0,2,1,2,5,1
165,0,2,1,0,0,2,3,3,1,3,6,0,5,1,0,0,3,2,2,1,1,2,3,2,5,3,1,2,5,1
64,3,0,1,4,0,3,14,3,1,3,2,7,5,7,0,3,3,4,8,2,1,7,0,1,0,2,0,2,5,4
64,3,1,1,1,0,1,9,3,1,3,7,2,5,7,0,3,3,4,8,2,1,4,0,1,3,1,0,2,5,0
1000,0,0,1,4,0,2,0,3,6,3,14,7,5,1,0,0,3,2,2,3,1,2,3,2,5,3,4,2,5,9
1000,0,3,1,7,4,6,9,3,0,3,12,7,3,1,0,0,3,2,8,3,1,2,0,1,1,2,0,2,5,2
1000,0,1,1,4,0,2,5,3,2,3,6,2,6,1,0,0,3,2,8,3,1,2,3,2,5,3,3,2,5,9
471,4,0,1,4,0,6,0,3,4,3,7,7,3,1,0,3,3,4,8,1,1,2,0,1,2,2,7,5,5,10
849,1,1,1,4,0,6,5,3,5,3,6,4,5,7,0,3,0,2,6,2,1,2,3,2,5,3,7,5,5,13
849,1,1,1,4,0,0,5,3,6,3,7,4,5,7,0,3,0,2,6,2,1,2,0,1,4,2,0,2,5,12
1005,0,0,1,0,2,2,8,3,1,3,7,2,5,1,0,3,3,4,1,1,1,2,3,2,5,3,0,2,5,1
893,0,4,1,4,0,1,7,3,6,3,6,4,5,7,0,3,3,4,8,2,1,2,0,1,0,2,0,2,5,13
893,0,1,1,4,2,2,0,3,6,2,7,0,5,7,0,3,3,4,8,2,1,2,0,1,0,2,0,2,5,10
246,3,0,1,2,0,1,0,3,6,3,2,7,5,1,0,0,3,2,8,2,1,3,2,1,0,1,7,5,5,3
246,3,1,1,4,0,3,4,3,6,2,6,2,5,1,0,0,3,2,1,2,1,3,2,0,4,1,0,2,5,10
114,5,0,1,4,0,4,1,3,3,2,6,2,5,1,0,0,3,2,1,2,2,9,2,0,0,2,3,2,1,9
114,5,4,1,4,0,4,0,3,1,3,7,4,7,1,0,0,3,2,8,2,2,4,3,2,5,3,3,2,5,10
348,6,4,1,7,2,6,5,3,1,3,9,4,5,1,0,0,3,2,8,1,1,4,0,1,4,2,3,2,5,9
778,2,0,1,4,0,1,4,3,5,2,9,4,5,1,0,0,0,2,8,1,1,2,2,0,4,2,0,2,5,11
418,2,4,1,7,4,6,4,3,2,1,14,2,5,0,0,0,3,2,2,3,2,2,2,1,2,2,2,2,6,0
418,2,0,1,1,0,5,0,3,5,1,7,7,5,0,0,0,3,2,8,3,2,4,2,0,1,2,7,5,5,10
418,2,0,1,4,0,3,17,3,5,2,6,6,3,0,0,0,3,2,2,3,2,4,0,1,0,2,3,2,5,13
418,2,4,1,4,2,3,0,0,5,2,12,0,5,0,0,0,3,2,8,3,2,2,3,2,5,3,2,2,5,10
251,2,4,1,4,0,3,10,3,5,2,7,2,3,7,0,0,3,2,8,1,1,7,0,1,0,2,7,5,5,11
349,2,1,1,4,0,3,9,3,2,2,7,2,8,1,0,0,3,2,2,1,1,4,3,2,5,3,7,5,5,9
574,0,2,1,4,2,2,7,0,5,2,2,2,5,3,0,0,3,2,8,2,1,9,0,1,0,2,0,2,5,11
574,0,1,1,4,0,4,0,4,6,3,6,6,6,3,0,0,3,2,8,2,1,2,0,1,0,2,7,5,5,10
967,1,0,1,4,0,1,0,3,6,3,7,2,6,7,0,0,3,2,2,2,1,2,3,2,5,3,0,2,5,11
967,1,1,1,4,0,6,10,0,6,2,9,0,5,7,0,0,3,2,2,2,1,2,0,1,0,2,0,2,5,3
443,6,1,1,0,0,0,10,3,6,3,6,2,5,1,0,0,3,2,8,2,1,2,3,2,5,3,0,2,5,7
443,6,0,1,4,0,0,0,3,6,3,6,4,5,1,0,0,3,2,8,2,1,2,0,0,3,2,0,2,5,3
180,2,1,1,4,0,0,7,3,4,3,6,2,5,7,5,0,3,2,8,2,1,2,3,2,5,3,3,2,5,0
180,2,0,1,5,0,2,8,1,0,3,2,6,5,7,0,0,3,2,8,2,1,2,0,1,1,2,3,2,5,12
957,6,0,1,4,0,3,5,3,6,3,6,2,5,4,0,0,3,2,8,3,2,2,1,1,1,2,0,2,5,1
957,6,1,1,4,0,3,0,3,0,3,6,2,6,4,0,0,3,2,8,3,2,2,3,2,5,3,0,2,5,1
957,6,3,1,4,0,2,0,3,6,3,6,2,6,4,0,0,3,2,8,3,2,4,0,0,0,2,7,5,5,10
524,1,0,1,4,0,1,5,3,2,2,6,2,5,0,0,0,3,2,8,4,5,2,3,2,5,3,0,2,5,10
524,1,0,1,4,0,4,17,3,6,2,7,2,5,0,0,0,3,2,8,4,5,2,3,2,5,3,0,2,5,0
524,1,0,1,4,0,0,7,3,6,2,9,0,5,0,0,0,3,2,8,4,5,3,2,0,1,2,0,2,5,1
524,1,0,1,4,0,2,0,3,6,2,2,4,5,0,0,0,3,2,8,4,5,2,0,1,0,2,7,2,5,12
524,1,0,1,4,0,4,0,3,6,2,7,2,5,0,0,0,3,2,8,4,5,3,3,2,5,3,7,5,5,0
524,1,4,1,1,0,2,0,3,6,2,1,2,5,0,0,0,3,2,8,4,5,4,1,0,3,2,0,2,5,12
524,1,4,0,4,0,1,0,4,6,3,14,6,5,0,0,0,3,2,8,4,5,2,1,0,0,2,0,2,5,9
982,1,4,1,4,0,2,5,3,5,2,4,4,6,0,0,0,3,2,8,2,1,7,3,2,5,3,3,2,5,18
982,1,1,1,1,0,2,7,3,6,2,7,2,5,0,0,0,3,2,8,2,1,2,0,1,1,2,0,2,5,10
245,5,4,0,4,0,3,8,3,5,3,7,7,5,1,0,0,3,2,8,1,1,4,1,0,1,2,0,2,5,10
694,0,0,1,4,0,0,14,3,2,2,2,7,5,1,0,0,0,2,8,1,3,4,3,2,5,3,0,2,5,10
694,0,0,1,2,0,4,7,3,2,2,2,4,5,1,0,0,0,2,2,1,3,4,0,1,4,2,7,5,5,0
694,0,0,1,1,0,3,8,3,6,2,7,2,5,1,0,0,0,2,8,1,3,8,3,2,5,3,0,2,5,12
299,0,0,1,2,2,0,14,3,6,2,7,1,5,7,0,0,3,2,1,2,1,4,0,0,3,2,0,2,5,2
299,0,4,1,4,0,1,5,0,1,3,1,2,5,7,0,0,3,2,8,2,1,4,0,0,1,2,3,2,5,16
270,3,0,1,7,0,2,0,3,1,3,7,4,5,0,0,0,3,2,2,2,1,4,0,1,1,2,7,2,5,13
270,3,0,1,2,2,1,17,3,2,3,6,4,5,0,0,0,3,2,8,2,1,2,3,2,5,3,7,5,5,0
332,4,1,1,2,0,3,0,3,2,2,2,2,5,1,0,0,3,2,8,1,1,2,3,2,5,3,0,2,5,11
238,4,2,1,4,0,0,0,3,1,3,6,2,5,7,0,0,3,2,8,2,3,2,0,0,0,1,0,2,5,0
238,4,2,1,1,0,0,16,4,6,2,6,4,7,7,0,0,3,2,8,2,3,2,0,0,0,2,0,2,5,10
238,4,2,1,2,0,0,17,3,1,2,7,4,5,7,0,0,3,2,8,2,3,2,3,2,5,3,7,5,5,9
241,1,4,1,0,0,2,14,0,6,3,9,2,5,1,0,0,3,2,6,2,1,2,0,0,0,2,0,2,5,0
241,1,3,1,7,4,6,0,3,1,2,6,2,6,1,0,0,3,2,2,2,1,2,3,2,5,3,3,2,5,13
331,1,1,1,4,0,2,0,3,1,3,9,7,5,1,0,3,3,2,8,1,1,2,3,2,5,3,3,2,5,10
993,4,1,1,1,2,2,0,3,5,2,9,2,5,1,3,0,3,2,2,2,1,2,0,1,1,2,7,5,5,9
993,4,2,1,1,0,2,8,3,6,2,7,0,5,1,0,0,3,2,8,2,1,2,3,2,5,3,7,2,5,10
486,4,1,1,2,2,2,5,3,6,2,3,1,5,1,0,0,3,2,8,1,1,2,0,0,0,2,0,2,5,0
861,6,3,1,4,0,2,5,0,6,2,7,4,5,7,0,0,3,2,8,2,4,7,0,1,1,2,0,2,5,0
861,6,3,1,4,2,0,0,3,6,2,7,4,5,7,0,0,3,2,8,2,4,2,3,2,5,3,7,5,5,11
861,6,3,1,4,0,1,5,3,6,2,1,1,6,7,0,0,3,2,8,2,4,4,0,1,0,2,0,2,5,0
861,6,0,1,4,2,2,5,3,6,2,7,4,5,7,0,0,3,2,2,2,4,13,3,2,5,3,3,2,5,3
1008,5,0,1,4,2,3,5,3,6,2,7,4,5,1,0,3,3,0,8,2,1,1,0,0,0,2,3,2,5,3
1008,5,4,0,2,0,2,5,3,6,2,7,4,5,1,0,3,3,0,2,2,1,2,3,2,5,3,3,2,5,11
448,5,0,1,2,2,1,0,3,4,2,6,2,5,7,0,0,3,2,8,1,1,2,0,1,1,2,7,5,5,7
583,4,4,1,4,0,2,0,3,1,2,7,2,6,1,1,0,0,2,8,2,1,2,3,2,5,3,3,2,5,10
583,4,0,1,1,0,1,0,3,6,2,9,2,5,1,0,0,0,2,8,2,1,2,0,1,1,2,3,2,5,0
39,5,3,1,1,0,2,10,3,2,2,7,4,5,1,0,0,3,2,8,2,1,9,3,2,5,3,0,1,5,12
39,5,4,1,4,0,0,0,3,5,2,7,4,5,1,0,0,3,2,8,2,1,0,3,2,5,3,0,2,5,10
261,1,0,1,4,0,2,10,3,6,3,2,4,5,1,0,3,3,2,8,1,1,0,0,0,0,2,3,2,5,11
712,3,3,1,7,4,6,10,3,0,0,6,4,5,3,0,0,0,2,8,2,1,0,0,1,0,2,3,2,5,11
712,3,3,1,1,0,3,0,3,3,2,12,7,5,3,0,0,0,2,8,2,1,0,3,2,5,3,0,2,5,12
752,4,4,0,1,0,4,4,3,1,2,7,4,5,1,0,0,0,2,8,2,4,4,0,0,1,2,0,2,5,3
752,4,0,1,4,0,1,0,3,0,2,6,4,5,1,0,0,0,2,8,2,4,0,3,2,5,3,7,5,5,1
752,4,0,1,1,2,0,5,3,0,2,9,7,3,1,0,0,0,2,8,2,4,9,0,1,0,2,0,2,5,0
752,4,0,1,4,2,2,7,3,0,2,4,1,5,1,0,0,0,2,6,2,4,0,1,1,0,2,0,2,5,9
752,4,0,1,4,0,1,8,3,1,2,7,4,5,1,0,0,0,2,2,2,4,0,3,2,5,3,4,2,5,3
977,5,4,1,4,0,1,4,3,0,2,9,4,5,1,0,0,3,2,8,3,1,0,3,2,5,3,1,2,5,4
977,5,0,1,2,0,1,6,3,0,2,1,2,5,1,0,0,3,2,8,3,1,0,0,1,0,2,0,2,5,4
977,5,4,1,4,0,3,8,3,5,1,6,7,5,1,0,0,3,2,2,3,1,0,0,1,4,2,2,2,5,11
650,1,1,1,4,0,1,4,3,6,2,5,2,5,0,0,3,2,4,8,2,1,4,0,1,1,2,7,2,5,0
650,1,1,1,4,0,0,4,3,0,2,5,2,5,0,0,3,2,4,8,2,1,2,1,0,4,2,7,5,5,1
299,4,1,1,4,0,1,0,3,0,2,5,4,5,0,0,0,3,2,8,2,1,2,1,0,0,2,7,5,5,3
299,4,3,1,4,0,2,0,0,4,2,5,4,5,0,0,0,3,2,6,2,1,4,0,1,0,2,1,5,5,10
398,5,0,1,4,0,0,7,3,6,2,5,7,3,7,0,0,3,0,6,1,2,2,0,1,1,2,0,5,5,7
398,5,0,1,1,0,0,7,3,6,2,12,7,3,7,0,0,3,0,1,1,2,2,0,1,0,2,0,5,5,5
468,1,1,1,4,0,1,0,3,3,2,5,2,5,1,0,3,3,2,8,2,1,2,0,1,4,2,0,5,5,1
468,1,3,1,4,0,3,15,3,6,2,5,4,5,1,0,3,3,2,8,2,1,2,3,2,5,3,3,2,5,3
542,5,0,1,4,0,4,7,3,6,2,5,2,0,1,0,0,3,2,8,1,1,2,0,1,4,1,0,2,5,9
46,4,0,1,4,0,3,15,3,1,2,5,2,7,7,0,0,3,2,1,2,1,7,3,2,5,3,2,2,5,18
46,4,1,1,1,2,2,4,3,1,2,6,4,7,7,0,0,3,2,1,2,1,3,2,0,1,2,7,5,5,1
88,3,0,1,1,0,3,0,3,1,2,5,4,7,1,0,0,3,2,8,1,1,5,3,2,5,3,0,2,5,3
208,3,4,1,4,0,0,7,3,6,2,5,4,7,1,0,0,3,2,8,1,1,2,0,1,0,2,3,2,5,12
321,0,4,1,7,4,6,0,3,1,2,5,4,5,1,0,0,3,2,8,2,1,2,2,0,3,2,3,2,1,9
321,0,3,1,2,2,2,0,3,6,2,6,4,5,1,0,0,3,2,2,2,1,2,3,2,5,3,3,2,5,0
309,6,3,1,1,0,1,0,3,6,2,1,4,5,7,0,3,3,4,8,1,1,2,0,1,1,2,7,4,5,17
334,4,4,1,7,4,6,0,3,3,2,6,4,5,7,0,0,3,2,2,2,1,2,3,2,5,3,0,0,5,10
334,4,0,1,7,4,6,5,3,1,2,7,2,6,7,0,0,3,2,8,2,1,2,0,1,1,2,0,2,5,3
769,3,2,1,2,2,0,7,3,3,2,9,2,5,0,0,0,0,2,8,3,1,2,2,0,3,2,3,2,6,10
769,3,2,1,4,0,0,8,3,3,2,9,7,5,0,0,0,0,2,2,3,1,2,0,1,0,2,0,2,5,0
769,3,4,1,4,0,0,8,3,6,2,9,4,5,0,0,0,0,2,8,3,1,2,3,2,5,3,0,2,5,11
408,1,4,1,4,0,3,0,3,3,2,7,4,5,7,0,3,3,4,8,2,1,2,1,1,1,2,0,2,5,10
408,1,3,1,4,0,0,3,3,6,2,6,2,5,7,0,3,3,4,2,2,1,2,0,1,0,2,0,2,5,10
429,2,1,1,2,2,3,0,3,6,3,7,2,5,7,0,0,3,2,2,2,1,4,3,2,5,3,0,2,5,0
429,2,1,1,4,0,3,10,3,3,3,7,7,5,7,0,0,3,2,8,2,1,2,3,2,5,3,0,2,5,10
471,6,3,1,4,0,0,5,3,2,3,6,2,5,1,0,0,3,2,8,2,1,3,0,1,1,2,7,2,5,0
471,6,1,1,4,0,0,10,3,4,3,2,7,5,1,0,0,3,2,8,2,1,4,3,2,5,3,1,2,5,10
760,0,0,1,2,0,1,7,3,5,2,7,2,5,0,0,0,0,2,8,2,3,2,0,1,1,2,7,5,5,10
760,0,0,1,4,0,1,5,3,6,3,7,1,5,0,0,0,0,2,8,2,3,2,0,1,0,1,0,2,5,10
760,0,0,1,4,0,0,5,3,6,3,6,0,5,0,0,0,0,2,8,2,3,2,3,2,5,3,3,2,5,0
641,0,4,0,1,0,2,3,3,6,3,6,1,6,7,0,0,3,2,8,2,1,2,1,0,0,2,3,2,5,1
641,0,1,1,4,0,2,8,3,6,3,6,4,5,7,0,0,3,2,8,2,1,2,3,2,5,3,7,5,5,9
202,4,1,1,4,0,0,8,3,6,2,6,0,5,1,0,3,3,4,8,1,1,2,0,0,0,2,3,2,5,1
972,6,4,1,1,1,2,5,3,5,3,14,2,5,4,0,0,3,2,8,3,1,2,3,2,5,3,7,5,5,10
972,6,1,1,4,0,1,5,3,4,3,6,4,5,4,0,0,3,2,8,3,1,2,0,1,1,2,3,2,5,16
972,6,4,1,1,0,2,0,3,5,3,7,6,5,4,0,0,3,2,8,3,1,2,0,1,4,2,0,2,5,13
201,0,3,1,4,0,3,7,3,6,3,7,0,5,3,0,0,3,2,8,2,1,4,3,2,5,3,3,2,5,13
201,0,0,1,4,0,3,17,0,5,3,7,2,5,3,0,0,3,2,8,2,1,7,0,1,4,2,3,2,5,1
343,4,1,1,1,2,1,7,3,6,3,6,6,5,1,0,3,3,4,8,2,2,4,3,2,5,3,3,2,5,11
343,4,1,1,1,0,2,0,3,6,3,6,6,5,1,0,3,3,4,8,2,2,4,2,1,4,2,0,2,5,12
343,4,1,1,4,2,0,8,3,6,3,6,2,5,1,0,3,3,4,8,2,2,7,0,1,1,2,1,2,5,0
377,4,4,0,1,0,3,0,0,6,2,6,2,5,1,0,0,3,7,8,2,1,2,3,2,5,3,7,2,5,0
377,4,4,1,4,0,2,9,3,1,3,2,4,5,1,0,0,3,7,2,2,1,2,3,2,5,3,7,5,5,16
334,4,2,1,4,0,1,0,0,6,3,6,2,5,7,0,0,3,2,8,2,1,2,0,1,0,2,7,5,5,10
334,4,0,1,1,0,3,7,0,5,3,9,2,5,7,0,0,3,2,1,2,1,2,2,1,4,2,7,5,5,12
712,2,4,1,4,0,1,9,3,6,3,12,2,5,1,0,3,0,4,8,3,1,9,2,1,1,2,3,2,3,1
712,2,0,1,1,0,3,14,3,5,3,6,4,5,1,0,3,0,4,2,3,1,2,0,1,0,2,0,2,5,0
712,2,4,1,4,0,3,5,3,2,3,7,4,5,1,0,3,0,4,8,3,1,2,3,2,5,3,7,5,5,10
712,2,4,1,4,0,1,5,3,6,3,7,0,5,1,0,3,0,4,8,3,1,2,3,2,5,3,7,5,5,3
712,2,4,1,4,0,3,5,0,6,2,7,0,5,1,0,3,0,4,8,3,1,2,0,1,0,2,0,2,5,11
711,2,0,1,4,0,3,0,3,2,2,7,2,5,0,1,3,0,4,8,2,3,2,3,2,5,3,0,2,5,3
711,2,1,1,4,0,4,5,3,5,2,6,0,6,0,0,3,0,4,8,2,3,3,0,1,0,2,3,2,5,9
711,2,1,1,4,2,3,17,3,6,3,6,2,5,0,0,3,0,4,6,2,3,2,3,2,5,3,0,2,5,10
156,0,1,1,2,1,3,9,3,6,3,6,6,6,1,0,0,3,2,2,2,1,2,0,1,0,2,0,2,5,10
156,0,1,1,4,0,2,0,3,6,3,6,6,6,1,0,0,3,2,8,2,1,9,0,1,0,1,3,2,5,10
261,1,2,1,1,4,6,14,3,6,3,6,1,5,7,3,3,3,4,8,2,1,2,1,0,3,2,3,2,5,0
261,1,1,1,4,0,2,0,4,6,3,6,2,5,7,0,3,3,4,2,2,1,2,0,1,1,2,0,2,5,0
428,3,4,1,4,0,2,5,3,6,3,6,6,5,1,0,3,3,2,8,2,2,2,3,2,5,3,3,2,5,9
428,3,3,1,4,2,4,7,3,2,3,7,4,5,1,0,3,3,2,8,2,2,2,0,1,1,2,7,5,5,1
428,3,3,1,4,0,2,8,3,6,2,7,2,5,1,0,3,3,2,8,2,2,2,3,2,5,3,7,5,5,12
191,6,4,1,1,0,1,17,4,1,2,9,2,5,7,0,0,3,2,8,2,1,2,3,2,5,3,7,5,5,9
191,6,1,1,4,2,1,5,3,6,2,7,2,5,7,0,0,3,2,8,2,1,3,0,1,4,2,3,2,5,3
958,0,0,1,1,0,1,0,3,2,2,7,2,5,1,0,0,3,2,8,2,1,2,2,0,3,2,0,2,6,3
958,0,1,1,4,2,1,10,0,6,2,7,2,5,1,0,0,3,2,1,2,1,2,1,0,1,2,1,2,5,5
967,5,2,1,4,0,3,0,3,2,3,7,4,5,3,0,0,3,2,8,2,1,2,3,2,5,3,0,2,5,11
967,5,4,0,4,0,1,5,3,6,3,4,4,5,3,2,0,3,2,2,2,1,2,0,0,1,2,0,2,5,12
1014,6,0,1,4,0,0,9,3,2,3,4,4,5,7,0,0,3,2,8,1,1,3,1,1,1,2,0,2,5,3
427,2,1,1,4,0,1,6,3,6,2,2,0,5,1,5,0,3,2,8,1,1,2,1,0,4,2,0,2,5,9
293,4,1,1,4,0,0,9,3,6,2,7,4,5,1,5,3,3,4,8,2,1,4,3,2,5,3,0,2,5,3
293,4,1,1,4,0,2,5,3,3,3,7,4,5,1,0,3,3,4,8,2,1,4,0,0,0,2,0,2,5,12
223,2,1,1,4,0,2,0,3,5,2,6,4,5,1,2,0,3,2,8,1,1,2,3,2,5,3,1,2,5,1
379,6,1,1,1,2,1,5,3,5,2,6,4,5,3,0,0,3,2,8,2,1,2,3,2,5,3,0,2,5,0
379,6,4,0,1,0,4,14,0,4,3,9,2,5,3,0,0,3,2,8,2,1,2,0,1,1,2,1,2,5,12
1057,0,4,0,7,4,6,8,3,5,2,4,4,5,7,2,0,3,2,8,2,1,2,3,2,5,3,3,2,5,3
1057,0,2,1,4,0,3,0,3,6,2,6,4,5,7,0,0,3,2,8,2,1,4,0,1,0,2,0,2,5,9
555,2,1,1,2,0,0,0,3,6,2,7,4,5,0,0,0,3,2,2,2,1,2,3,2,5,3,0,2,5,10
555,2,2,1,4,2,2,17,3,6,3,7,2,5,0,0,0,3,2,8,2,1,1,3,2,5,3,3,2,5,0
435,6,2,1,4,0,0,7,3,6,2,9,4,5,1,0,0,3,2,2,2,1,2,3,2,5,3,3,2,5,0
435,6,2,1,4,0,3,0,3,6,3,6,2,5,1,0,0,3,2,8,2,1,2,1,0,1,2,0,2,5,10
473,6,4,0,4,0,4,10,1,6,3,9,7,5,1,0,0,3,2,8,2,1,2,0,1,1,1,0,2,5,0
473,6,1,1,1,0,1,10,3,6,3,6,2,5,1,0,0,3,2,10,2,1,2,3,2,5,3,3,2,5,3
679,2,0,1,4,0,2,0,4,6,3,2,2,5,1,0,0,0,2,1,3,1,2,0,0,0,2,3,2,5,0
679,2,4,0,1,0,2,9,1,2,3,9,2,5,1,0,0,0,2,8,3,1,2,3,2,5,3,0,2,5,10
679,2,4,0,4,2,0,9,3,3,3,12,7,5,1,0,0,0,2,8,3,1,3,3,2,5,3,0,2,5,1
132,2,4,1,4,0,2,5,3,2,3,3,7,3,7,0,0,3,2,8,2,1,2,0,1,0,2,0,2,5,10
132,2,0,1,5,1,6,0,3,1,3,7,4,5,7,0,0,3,2,1,2,1,4,0,1,1,2,0,2,5,4
64,6,3,1,2,0,1,8,3,6,3,12,0,5,7,1,0,3,2,2,2,1,2,3,2,5,3,7,5,5,10
64,6,1,1,4,0,0,8,3,3,2,7,7,5,7,0,0,3,2,10,2,1,2,3,2,5,3,7,2,5,16
519,2,2,1,4,0,2,5,3,2,3,4,4,5,7,0,0,3,2,8,2,1,2,2,1,0,1,0,2,4,5
519,2,0,1,4,0,1,0,3,5,2,2,2,5,7,0,0,3,2,10,2,1,2,3,2,5,3,7,5,5,11
376,5,2,1,4,0,5,14,3,6,2,6,2,5,1,0,3,3,4,10,1,1,13,0,1,4,2,7,5,5,9
99,3,0,1,4,0,3,6,3,6,2,7,2,5,1,0,0,3,2,10,2,3,3,3,2,5,3,7,5,5,1
99,3,1,1,4,0,3,17,3,6,2,6,0,5,1,0,0,3,2,8,2,3,13,0,1,1,2,0,2,5,0
99,3,1,1,4,0,2,7,3,6,2,6,0,5,1,0,0,3,2,8,2,3,2,0,1,0,2,7,5,5,1
326,3,2,1,2,0,1,0,0,6,2,6,0,5,7,0,0,3,2,2,2,1,2,3,2,5,3,7,5,5,5
326,3,2,1,2,2,1,0,3,6,2,9,0,5,7,0,0,3,2,2,2,1,13,2,1,0,2,0,2,5,12
1036,5,0,1,4,0,4,17,3,6,2,6,0,5,1,0,0,3,2,8,2,1,2,0,1,1,2,0,2,5,12
1036,5,4,1,4,2,3,11,3,1,3,7,4,5,1,0,0,3,2,8,2,1,2,3,2,5,3,0,2,5,0
1009,4,0,1,4,0,3,0,3,1,3,4,1,9,7,0,0,3,2,8,2,2,2,0,1,0,2,0,2,5,1
1009,4,1,1,1,0,1,7,3,6,2,7,1,5,7,0,0,3,2,8,2,2,2,3,2,5,3,7,5,5,1
1009,4,1,1,4,0,1,0,3,6,2,6,0,5,7,0,0,3,2,8,2,2,2,1,1,1,2,0,2,5,0
418,1,2,1,5,0,3,7,0,5,3,6,2,5,1,0,0,3,2,6,1,1,2,2,1,1,2,7,5,1,0
939,4,0,1,1,0,2,5,0,6,2,14,0,5,0,0,0,3,2,8,2,1,2,2,1,1,2,7,5,1,7
939,4,1,1,4,0,4,8,3,6,3,7,6,5,0,0,0,3,2,2,2,1,4,2,0,4,2,7,5,1,16
437,4,4,1,1,0,4,10,3,5,3,6,0,5,1,0,0,3,2,1,3,4,2,3,2,5,3,7,5,5,0
437,4,4,0,4,0,4,0,3,6,2,6,2,5,1,0,0,3,2,8,3,4,2,0,1,0,2,7,5,5,5
437,4,0,1,4,0,2,8,3,2,3,6,4,5,1,3,0,3,2,8,3,4,2,2,1,3,1,0,2,1,3
437,4,0,1,4,2,2,0,3,6,3,7,4,5,1,0,0,3,2,8,3,4,2,2,0,2,2,0,2,5,9
437,4,0,1,2,2,2,5,3,6,2,7,4,5,1,0,0,3,2,8,3,4,2,1,0,3,2,0,2,5,10
437,4,0,1,4,0,2,0,3,6,2,1,4,5,1,0,0,3,2,8,3,4,2,1,0,1,2,0,2,5,12
64,1,1,1,4,0,1,5,3,6,2,2,4,5,3,0,0,3,2,8,2,1,3,2,0,0,2,0,2,5,17
64,1,3,1,1,0,2,5,2,0,2,1,7,5,3,0,0,3,2,8,2,1,2,0,1,4,2,0,2,5,0
1067,1,2,1,4,0,1,5,3,2,2,12,7,5,7,0,0,3,2,2,2,2,2,3,2,5,3,7,5,5,10
1067,1,1,1,4,0,4,10,3,6,2,2,0,5,7,0,0,3,2,6,2,2,2,3,2,5,3,0,2,5,9
428,4,2,1,1,0,1,0,3,2,3,6,6,5,3,0,0,3,2,8,2,1,2,0,0,1,2,7,5,5,12
428,4,1,1,4,0,1,7,3,1,3,9,1,3,3,0,0,3,2,1,2,1,2,3,2,5,3,0,2,5,12
257,6,4,1,4,0,1,7,3,6,2,7,1,5,7,0,0,3,2,8,2,1,2,1,0,3,2,0,2,5,10
257,6,1,1,4,0,2,7,3,6,2,7,4,5,7,0,0,3,2,8,2,1,2,3,2,5,3,0,2,5,10
675,2,1,1,4,0,2,0,0,0,2,4,1,5,7,0,0,3,2,1,1,1,2,0,1,4,2,7,5,5,16
556,2,0,1,4,0,6,7,0,0,2,2,7,3,0,0,0,3,2,1,3,1,2,1,0,4,2,7,5,5,5
556,2,2,1,4,2,2,5,1,0,2,6,7,5,0,0,0,3,2,8,3,1,2,1,0,0,2,0,2,5,1
556,2,1,1,4,0,1,9,3,5,2,6,4,5,0,3,0,3,2,8,3,1,2,0,1,4,2,0,2,5,0
585,6,0,1,4,0,4,5,3,6,3,6,0,5,1,0,0,3,2,8,2,1,2,3,2,5,3,0,2,5,3
585,6,2,1,4,0,0,9,3,1,3,7,2,5,1,0,0,3,2,8,2,1,4,3,2,5,3,0,2,5,9
824,2,3,1,4,0,4,5,3,6,3,6,4,5,1,0,3,0,2,8,1,2,2,0,0,0,2,3,2,5,9
824,2,3,1,4,0,3,7,3,6,2,7,0,5,1,0,3,0,2,2,1,2,2,0,1,0,2,3,2,5,1
200,4,4,0,4,0,4,5,3,3,2,4,2,5,7,2,0,3,7,8,2,1,2,3,2,5,3,0,2,5,12
200,4,0,1,4,0,1,17,3,6,2,9,7,5,7,0,0,3,7,8,2,1,2,0,1,0,2,7,5,5,2
925,5,2,1,4,0,0,11,3,6,2,7,2,5,0,0,0,3,2,8,2,1,2,3,2,5,3,7,5,5,5
925,5,0,1,1,0,2,5,3,2,3,7,1,5,0,5,0,3,2,8,2,1,2,3,2,5,3,7,5,5,1
129,3,0,1,4,2,4,7,3,0,2,7,1,5,1,3,0,3,2,8,2,3,2,0,0,0,2,0,2,5,3
129,3,0,1,4,0,4,7,3,6,3,7,4,5,1,0,0,3,2,8,2,3,4,0,1,0,2,7,2,5,10
129,3,0,1,6,0,4,0,4,6,3,7,2,5,1,5,0,3,2,8,2,3,2,3,2,5,3,0,2,5,0
129,3,0,1,4,0,0,5,0,4,2,9,7,3,1,0,0,3,2,8,2,3,2,2,0,0,2,0,2,5,10
718,1,0,1,1,2,2,8,3,6,2,6,2,5,7,2,0,0,2,8,2,1,2,3,2,5,3,7,5,5,10
718,1,0,1,4,0,1,0,3,6,3,6,2,5,7,0,0,0,2,8,2,1,2,0,1,0,2,3,2,5,7
776,1,4,1,4,2,4,17,3,5,2,7,2,5,7,0,0,0,2,8,2,1,2,3,2,5,3,0,2,5,16
776,1,0,1,6,0,2,7,3,3,2,7,1,5,7,0,0,0,2,8,2,1,2,1,0,0,2,0,2,5,3
972,5,4,1,6,0,2,0,3,6,2,6,2,5,7,0,0,3,2,8,4,2,2,3,2,5,3,0,2,5,5
972,5,0,1,4,0,2,14,3,1,3,6,4,5,7,0,0,3,2,8,4,2,2,3,2,5,3,0,2,5,9
972,5,0,1,4,0,1,7,3,6,2,7,2,5,7,2,0,3,2,8,4,2,2,0,1,0,2,0,2,5,17
972,5,1,1,4,0,3,17,3,6,2,7,2,5,7,0,0,3,2,2,4,2,3,2,1,1,2,0,2,5,5
449,4,4,1,4,0,2,12,0,5,3,9,2,5,7,0,0,3,2,8,2,1,2,1,1,4,2,0,2,5,1
449,4,3,1,4,0,3,17,3,0,2,7,4,5,7,0,0,3,2,8,2,1,2,0,1,0,2,0,2,5,0
1003,4,2,1,4,0,1,7,3,6,2,6,4,5,1,0,0,3,2,8,2,1,2,3,2,5,3,0,2,5,10
1003,4,1,1,4,0,4,5,3,1,2,6,4,5,1,0,0,3,2,8,2,1,2,0,1,0,2,0,2,5,10
101,0,2,1,4,0,4,5,4,6,3,7,4,5,0,0,0,3,2,1,2,1,3,0,1,0,2,7,5,5,12
101,0,1,1,4,2,2,5,3,5,3,7,6,5,0,0,0,3,2,8,2,1,2,1,1,1,2,3,2,5,9
193,0,0,1,4,0,1,14,3,3,3,7,4,5,3,0,0,3,2,8,2,2,4,1,1,1,2,3,2,5,9
193,0,1,1,1,0,4,5,3,6,2,6,6,5,3,0,0,3,2,8,2,2,4,3,2,5,3,0,2,5,7
790,3,0,1,4,0,1,0,3,3,2,6,2,5,7,0,0,0,2,8,2,1,2,1,0,1,2,0,2,5,0
790,3,0,1,4,0,2,0,3,6,2,7,2,3,7,0,0,0,2,8,2,1,2,0,1,1,2,3,2,5,0
360,4,1,1,2,0,3,8,3,3,2,2,7,5,1,2,0,3,2,8,1,1,2,3,2,5,3,3,2,5,12
321,1,3,1,2,0,3,15,0,6,2,4,4,5,1,0,0,3,2,8,1,2,2,0,1,1,1,7,5,5,1
321,1,3,1,4,0,2,17,1,1,3,7,4,5,1,0,0,3,2,8,1,2,4,0,1,1,2,1,2,5,1
452,2,4,1,1,0,0,0,3,2,2,7,2,5,7,0,0,3,2,1,2,1,2,3,2,5,3,7,5,5,3
452,2,0,1,1,0,2,17,3,0,3,6,4,7,7,0,0,3,2,8,2,1,1,0,1,1,2,7,5,5,0
516,2,0,1,4,0,2,3,3,5,2,7,1,5,1,4,0,3,2,8,1,1,2,0,0,1,2,7,5,5,1
276,6,2,1,4,0,0,9,3,5,2,1,4,3,0,3,0,3,2,8,2,1,2,3,2,5,3,0,2,5,5
276,6,0,1,4,2,2,8,0,5,2,7,2,3,0,3,0,3,2,8,2,1,2,0,1,1,2,0,2,5,3
256,4,0,1,2,2,3,17,0,2,2,2,2,5,7,0,0,3,3,2,2,1,2,2,0,2,2,0,2,5,10
256,4,0,1,7,2,4,7,3,6,3,9,4,5,7,0,0,3,3,8,2,1,2,0,1,1,2,0,2,5,12
441,4,4,0,6,2,2,5,3,2,2,6,2,9,7,2,0,3,2,8,2,1,2,3,2,5,3,0,2,5,12
441,4,0,1,0,0,3,0,3,1,2,7,2,5,7,0,0,3,2,8,2,1,3,3,2,5,3,3,2,5,12
145,5,1,1,2,0,4,8,0,1,3,6,4,5,7,0,0,3,2,8,2,1,2,0,1,0,2,3,2,5,0
145,5,0,1,4,0,0,5,3,6,3,6,7,5,7,0,0,3,2,8,2,1,4,3,2,5,3,3,2,5,9
343,0,2,1,4,0,3,5,3,6,2,7,1,0,7,0,0,3,2,8,2,1,2,0,1,1,2,3,2,5,3
343,0,1,1,4,2,3,3,3,6,2,9,4,5,7,2,0,3,2,8,2,1,2,3,2,5,3,7,5,5,5
739,5,1,1,4,0,3,11,3,6,2,1,1,5,1,0,0,0,2,2,7,1,2,3,2,5,3,3,2,5,1
739,5,4,0,4,0,5,11,3,6,2,2,4,5,1,0,0,0,2,8,7,1,2,3,2,5,3,3,2,5,12
739,5,4,1,4,0,0,0,3,6,2,7,1,5,1,0,0,0,2,8,7,1,13,1,1,0,2,3,2,5,1
739,5,4,1,3,2,0,0,3,6,2,7,4,5,1,0,0,0,2,8,7,1,3,3,2,5,3,0,2,5,4
739,5,4,1,4,2,4,0,3,5,2,7,2,5,1,0,0,0,2,8,7,1,13,2,0,3,1,7,5,1,9
739,5,4,1,4,2,0,7,0,6,2,9,7,5,1,0,0,0,2,6,7,1,2,2,0,0,2,0,2,6,12
739,5,4,0,4,2,1,9,3,3,2,12,7,5,1,0,0,0,2,8,7,1,2,2,1,0,2,0,2,5,10
511,1,0,1,5,2,2,0,3,3,2,2,2,5,3,0,0,3,2,8,2,2,13,0,1,1,2,3,2,5,3
511,1,2,1,5,2,3,14,3,3,2,7,7,5,3,0,0,3,2,2,2,2,2,3,2,5,3,0,2,5,0
360,5,1,1,4,2,1,0,3,4,3,7,2,5,1,0,0,3,2,8,3,1,2,0,1,0,2,0,2,5,12
360,5,1,1,1,2,3,0,3,1,3,6,4,5,1,2,0,3,2,8,3,1,2,0,1,0,2,7,5,5,12
360,5,4,1,6,2,2,0,3,1,3,6,2,5,1,0,0,3,2,8,3,1,2,0,1,4,2,0,2,5,10
518,0,4,1,7,2,6,17,3,1,2,7,4,5,0,0,0,3,2,2,2,1,2,2,0,3,2,0,2,5,4
518,0,3,1,4,2,2,17,3,4,2,3,4,5,0,0,0,3,2,2,2,1,2,0,1,1,2,0,2,5,3
982,1,0,1,4,2,4,8,3,1,3,7,4,5,1,0,0,3,2,8,2,1,2,2,1,1,2,0,2,5,3
982,1,0,1,4,2,1,16,3,6,3,7,2,5,1,2,0,3,2,8,2,1,4,3,2,5,3,0,2,5,1
165,4,1,1,1,0,1,8,3,6,3,7,4,5,1,0,0,3,2,2,2,2,2,0,0,1,2,3,2,5,3
165,4,1,1,4,0,1,7,4,6,3,7,0,5,1,0,0,3,2,2,2,2,2,0,1,3,2,7,5,5,0
453,0,4,1,4,0,1,14,0,6,2,7,2,6,1,0,0,3,2,8,2,1,2,3,2,5,3,3,2,5,3
453,0,0,1,4,0,2,8,3,3,2,3,2,5,1,0,0,3,2,8,2,1,2,0,1,0,2,0,2,5,3
309,2,4,1,4,0,2,5,4,3,2,7,2,5,7,0,0,3,2,8,2,2,2,3,2,5,3,7,5,5,5
309,2,0,1,4,0,3,5,3,6,2,7,1,5,7,0,0,3,2,2,2,2,2,3,2,5,3,7,5,5,3
309,2,0,1,1,0,2,0,3,1,2,7,2,6,7,0,0,3,2,8,2,2,3,0,1,1,2,0,2,5,10
491,0,4,1,4,0,2,0,3,6,3,6,2,5,5,0,0,3,2,3,1,1,2,0,0,0,2,0,2,5,3
194,5,0,1,4,0,3,8,3,5,3,9,2,5,3,4,0,3,2,8,3,1,2,0,1,3,2,0,2,5,4
194,5,1,1,1,2,6,8,3,1,2,7,2,5,3,0,0,3,2,2,3,1,2,3,2,5,3,3,2,5,16
194,5,2,1,4,2,2,5,3,5,3,9,2,5,3,0,0,3,2,8,3,1,2,0,1,4,2,0,2,5,10
194,5,1,1,4,0,2,9,3,5,3,7,4,5,3,0,0,3,2,8,3,1,2,3,2,5,3,3,2,5,3
194,5,1,1,4,0,4,7,3,1,3,9,0,5,3,0,0,3,2,8,3,1,2,0,1,0,2,0,2,5,12
374,6,4,1,7,4,6,14,3,6,3,6,2,5,1,0,0,3,2,8,2,1,2,3,2,5,3,0,2,5,12
374,6,0,1,4,0,2,0,3,2,3,6,2,6,1,0,0,3,2,8,2,1,1,0,1,0,1,7,5,5,12
736,2,0,1,4,0,2,0,3,5,3,6,0,5,7,0,0,0,2,3,2,1,2,3,2,5,3,7,5,5,12
736,2,1,1,4,0,3,5,3,6,3,1,2,5,7,2,0,0,2,3,2,1,2,1,1,3,2,3,2,5,10
917,0,4,1,2,0,3,14,3,6,3,7,2,5,7,0,0,3,2,0,2,1,9,2,1,4,2,0,2,5,9
917,0,3,1,4,0,3,5,3,6,3,7,7,5,7,0,0,3,2,0,2,1,3,0,1,4,2,0,2,5,10
326,5,3,1,4,0,3,11,3,2,3,7,2,5,0,0,0,3,2,0,2,1,2,3,2,5,3,3,2,5,0
326,5,3,1,4,0,3,0,3,6,3,7,0,5,0,0,0,3,2,0,2,1,3,3,2,5,3,0,2,5,0
198,4,4,1,4,0,3,0,3,1,2,7,4,7,1,0,0,3,2,0,2,1,2,0,1,0,2,0,2,5,11
198,4,0,1,4,0,2,0,3,1,2,6,2,5,1,0,0,3,2,0,2,1,13,3,2,5,3,7,2,5,9
749,2,4,0,4,0,1,17,3,3,2,6,2,5,1,0,0,0,2,0,1,1,2,0,1,1,2,0,2,5,0
703,3,2,1,4,0,4,5,3,5,2,6,1,5,7,0,0,0,2,0,2,1,13,2,0,1,2,3,2,5,10
703,3,0,1,4,0,4,5,3,3,2,9,0,5,7,0,0,0,2,0,2,1,2,2,0,0,2,3,2,5,12
317,2,0,1,4,0,1,0,0,4,2,1,2,5,7,0,0,3,2,0,2,1,13,0,1,1,2,7,2,5,1
317,2,0,1,1,0,4,14,3,5,2,2,0,5,7,0,0,3,2,0,2,1,2,3,2,5,3,3,2,5,10
1010,0,2,1,4,0,4,9,3,5,2,6,4,5,1,0,0,3,2,0,2,1,2,2,0,0,2,0,2,5,10
1010,0,3,1,4,0,6,9,3,5,2,7,2,5,1,0,0,3,2,5,2,1,2,3,2,5,3,0,2,5,7
63,0,0,1,7,0,2,0,3,6,3,9,7,3,7,0,0,3,2,6,2,2,2,0,1,1,2,7,2,5,11
63,0,0,1,6,0,4,9,3,6,2,12,7,5,7,0,0,3,2,0,2,2,2,2,0,0,2,0,2,5,0
637,4,0,1,4,0,4,9,3,0,2,6,2,5,3,2,0,3,2,6,2,3,4,2,1,4,2,0,2,6,10
637,4,1,1,4,0,0,5,3,3,2,7,7,5,3,0,0,3,2,0,2,3,4,3,2,5,3,0,2,5,3
637,4,1,1,1,0,3,0,3,5,2,7,2,5,3,5,0,3,2,0,2,3,2,0,0,1,2,3,2,5,10
369,3,0,1,1,0,3,5,1,1,3,6,2,7,1,0,0,3,2,8,4,1,2,2,1,0,1,0,2,1,1
369,3,2,1,1,0,4,17,3,6,3,6,2,5,1,0,0,3,2,4,4,1,1,3,2,5,3,0,2,5,16
369,3,4,1,2,0,1,0,3,2,3,7,4,5,1,0,0,3,2,3,4,1,2,0,1,0,2,7,2,5,3
369,3,4,1,4,0,1,14,3,2,2,6,2,5,1,0,0,3,2,3,4,1,2,0,1,3,1,0,2,5,9
388,5,4,1,0,0,3,17,3,1,2,4,2,5,7,0,0,3,2,6,3,1,2,3,2,5,3,7,5,5,10
388,5,4,0,4,0,1,17,3,5,2,6,4,5,7,0,0,3,2,0,3,1,2,3,2,5,3,7,5,5,16
388,5,1,1,4,0,1,0,3,6,3,7,4,5,7,0,0,3,2,0,3,1,2,3,2,5,3,7,5,5,3
651,5,1,1,2,0,0,14,3,3,3,7,2,5,1,0,3,3,4,4,1,1,1,3,2,5,3,3,2,5,3
121,1,1,1,4,0,2,0,3,5,3,6,2,5,4,0,3,3,4,3,1,1,2,0,0,0,2,3,2,5,9
1016,6,1,1,4,0,4,7,4,6,3,2,6,5,1,3,3,3,3,0,3,2,2,3,2,5,3,0,2,5,3
1016,6,1,1,4,0,4,7,3,6,3,6,7,5,1,0,3,3,3,0,3,2,4,0,0,0,2,3,2,5,4
1016,6,1,1,1,0,6,0,3,6,3,9,7,5,1,0,3,3,3,1,3,2,2,3,2,5,3,0,2,5,0
408,4,0,1,4,0,4,5,3,5,2,1,2,5,4,0,0,3,2,8,2,1,2,0,0,1,2,3,2,5,10
408,4,0,1,4,0,0,5,0,2,3,7,7,5,4,0,0,3,2,8,2,1,2,3,2,5,3,1,2,5,10
646,2,0,1,1,0,1,5,3,5,2,2,4,5,1,0,0,3,2,1,4,3,2,0,1,2,2,0,2,5,1
646,2,0,1,2,0,0,0,3,5,2,7,1,5,1,0,0,3,2,8,4,3,2,0,1,0,2,0,2,5,5
646,2,0,1,4,0,2,0,3,3,2,7,2,5,1,0,0,3,2,2,4,3,7,3,2,5,3,0,2,5,1
646,2,4,1,4,0,4,10,3,2,3,2,4,5,1,0,0,3,2,8,4,3,4,0,1,0,2,0,2,5,0
646,2,4,1,2,0,3,10,3,5,3,6,2,6,1,0,0,3,2,8,4,3,2,3,2,5,3,0,2,5,9
1054,5,0,1,1,2,2,5,3,5,3,6,0,5,1,0,3,3,3,8,2,1,2,3,2,5,3,0,2,5,10
1054,5,1,1,1,0,4,5,1,2,2,2,2,5,1,0,3,3,3,6,2,1,2,0,1,1,2,3,2,5,1
261,6,0,1,4,0,2,9,1,1,2,7,4,7,1,0,0,3,2,8,1,1,2,2,0,4,2,3,2,5,9
295,4,4,1,1,2,2,7,3,5,2,7,4,5,7,0,0,3,2,8,3,1,2,2,0,3,2,3,2,5,10
295,4,1,1,4,0,1,5,3,5,2,2,4,5,7,0,0,3,2,8,3,1,2,3,2,5,3,0,2,5,4
295,4,2,1,4,0,3,0,3,2,2,4,2,6,7,0,0,3,2,1,3,1,2,0,1,1,2,7,2,5,4
614,3,4,0,4,0,2,7,3,5,2,6,4,5,1,0,0,0,2,8,1,1,2,2,1,3,1,7,2,5,9
743,2,0,1,2,0,0,6,3,5,2,12,4,5,1,0,0,0,2,2,2,4,2,0,1,4,2,3,2,5,9
743,2,0,1,1,0,2,0,3,5,2,7,4,5,1,4,0,0,2,8,2,4,3,2,0,0,2,0,2,5,16
743,2,0,1,1,0,1,0,3,5,2,2,1,5,1,0,0,0,2,6,2,4,3,0,1,0,2,1,2,5,3
743,2,0,1,4,0,4,5,3,5,2,6,4,5,1,0,0,0,2,8,2,4,9,0,1,1,2,2,2,5,0
676,0,1,1,4,0,4,0,3,5,2,7,7,3,1,0,0,0,2,8,4,1,4,3,2,5,3,0,2,5,5
676,0,4,0,4,0,2,11,3,1,2,7,7,5,1,0,0,0,2,8,4,1,4,0,1,0,2,0,2,5,10
676,0,4,0,4,2,2,5,3,5,3,7,2,5,1,0,0,0,2,8,4,1,2,0,1,0,2,0,2,5,9
676,0,4,0,1,0,0,11,3,1,3,7,1,5,1,0,0,0,2,8,4,1,2,3,2,5,3,7,2,5,0
1065,2,1,1,4,0,6,5,3,3,2,2,2,6,1,0,0,3,2,2,2,1,4,0,1,3,2,1,2,5,1
1065,2,2,1,1,0,3,5,0,1,2,9,2,5,1,0,0,3,2,8,2,1,4,3,2,5,3,7,2,5,10
687,4,3,1,4,2,0,5,3,1,2,6,2,6,1,0,0,0,3,8,2,1,2,3,2,5,3,7,2,5,2
687,4,4,1,7,4,6,9,3,1,2,7,2,5,1,0,0,0,3,2,2,1,7,0,1,4,1,7,2,5,1
406,3,4,1,4,0,3,9,3,1,2,6,2,6,0,2,0,3,2,2,2,1,4,0,1,1,2,7,5,5,12
406,3,1,1,1,2,1,14,3,1,2,7,2,5,0,0,0,3,2,8,2,1,9,3,2,5,3,0,2,5,10
345,4,0,1,4,0,2,5,3,0,2,2,4,5,1,5,0,3,2,8,1,1,2,0,1,0,2,3,2,5,18
19,6,0,1,4,0,4,0,3,5,2,6,2,5,1,5,0,0,2,8,2,2,2,3,2,5,3,7,5,5,10
19,6,3,1,4,0,2,8,3,5,2,7,2,5,1,0,0,0,2,8,2,2,2,2,0,0,2,0,2,5,1
19,6,3,1,2,0,3,0,3,5,2,7,2,5,1,2,0,0,2,2,2,2,2,0,1,1,2,0,2,5,10
624,1,0,1,4,0,2,10,3,3,3,12,2,5,0,0,0,3,2,8,2,1,2,3,2,5,3,0,2,5,0
624,1,3,1,1,0,0,11,3,5,2,2,0,6,0,0,0,3,2,8,2,1,2,3,2,5,3,0,2,5,3
971,1,0,1,4,0,6,14,3,5,3,12,4,5,1,2,3,3,4,8,1,1,2,0,1,0,2,3,2,5,1
623,6,2,1,1,0,0,17,3,1,2,9,0,5,1,0,0,3,2,8,2,1,2,1,0,1,2,7,5,5,12
623,6,0,1,4,2,0,5,4,6,3,6,2,5,1,0,0,3,2,8,2,1,2,1,0,1,2,7,5,5,10
655,2,3,1,0,2,0,14,3,5,3,6,4,5,3,0,0,3,2,8,2,1,4,3,2,5,3,0,2,5,11
655,2,4,1,4,2,2,5,0,2,2,2,2,5,3,0,0,3,2,2,2,1,2,0,1,1,2,0,2,5,11
946,4,3,1,4,0,2,9,3,1,3,9,4,5,1,0,0,3,2,8,2,2,2,0,1,0,2,7,5,5,12
946,4,0,1,1,0,2,5,3,5,2,6,7,5,1,0,0,3,2,1,2,2,3,3,2,5,3,3,2,5,0
132,0,1,1,2,2,4,7,3,1,2,9,1,5,1,0,0,3,2,2,2,1,2,1,0,3,2,7,5,5,0
132,0,4,1,4,0,3,14,3,1,2,7,2,5,1,0,0,3,2,2,2,1,3,1,1,3,2,7,5,5,10
453,0,0,1,4,0,2,0,0,1,2,7,2,5,7,0,0,3,2,8,3,2,4,0,1,0,2,0,2,5,12
453,0,2,1,4,0,4,11,3,5,2,9,2,5,7,0,0,3,2,6,3,2,2,3,2,5,3,0,2,5,10
453,0,4,0,4,0,3,7,3,2,2,4,4,5,7,0,0,3,2,8,3,2,7,0,1,1,2,0,2,5,10
442,5,0,1,4,0,2,5,3,1,2,7,4,3,7,0,0,3,2,8,1,1,2,1,1,1,2,0,2,5,1
731,3,1,1,4,2,3,0,3,0,2,6,4,5,1,1,3,0,4,8,2,1,4,3,2,5,3,0,2,5,0
731,3,1,1,4,0,2,11,1,1,2,7,2,7,1,0,3,0,4,8,2,1,4,0,1,0,2,0,2,5,10
390,3,4,0,4,0,0,17,0,0,3,7,4,5,1,0,0,3,2,8,1,1,4,3,2,5,3,3,2,5,17
1053,6,1,1,4,0,0,0,3,5,2,7,2,5,1,0,0,3,2,8,3,1,8,2,0,0,2,0,2,5,12
1053,6,4,1,4,0,0,8,3,1,2,7,0,5,1,0,0,3,2,8,3,1,4,1,1,0,2,0,2,5,9
1053,6,1,1,2,0,1,9,3,5,1,6,4,5,1,0,0,3,2,8,3,1,4,3,2,5,3,7,5,5,5
700,2,1,1,2,2,3,5,0,0,2,7,2,5,7,0,0,0,2,2,1,1,4,0,0,0,2,0,2,5,9
369,0,0,1,1,0,1,5,4,6,3,14,7,5,3,0,0,3,2,8,2,1,2,0,1,1,2,0,2,5,1
369,0,0,1,4,0,3,5,1,5,2,7,2,5,3,0,0,3,2,8,2,1,2,0,1,1,2,1,2,5,15
403,6,0,1,2,0,1,10,3,3,3,7,7,3,7,0,0,3,2,8,2,1,2,1,1,3,2,7,5,5,5
403,6,1,1,4,1,5,5,3,5,3,6,4,5,7,0,0,3,2,8,2,1,2,3,2,5,3,0,2,5,3
438,2,1,1,4,0,0,5,3,5,2,6,1,5,1,0,3,3,4,1,2,4,2,3,2,5,3,3,2,5,10
438,2,1,1,4,2,2,6,3,3,2,2,7,5,1,0,3,3,4,8,2,4,2,0,1,0,2,3,2,5,12
438,2,0,1,4,0,0,5,3,6,2,6,0,5,1,0,3,3,4,8,2,4,2,2,1,0,2,1,2,1,15
438,2,0,1,4,0,3,12,3,3,2,6,7,5,1,0,3,3,4,8,2,4,2,0,0,0,2,0,2,5,5
762,3,4,0,4,0,0,0,3,5,2,6,2,5,1,0,0,0,2,8,2,1,2,3,2,5,3,0,2,5,1
762,3,2,1,4,0,0,5,3,5,2,6,1,5,1,0,0,0,2,8,2,1,2,2,0,0,2,1,2,5,1
351,5,0,1,4,0,1,8,3,1,2,9,4,5,1,0,0,3,2,8,2,1,2,3,2,5,3,3,2,5,1
351,5,3,1,2,0,0,11,3,3,2,9,7,5,1,0,0,3,2,2,2,1,7,0,1,0,2,0,2,5,1
36,3,4,0,4,0,0,14,3,2,3,9,4,5,1,0,3,0,4,8,2,1,2,3,2,5,3,0,2,5,9
36,3,1,1,1,0,3,0,3,2,3,6,0,5,1,3,3,0,4,8,2,1,4,3,2,5,3,3,2,5,10
352,2,1,1,4,0,3,9,3,5,2,9,2,3,3,0,0,3,2,8,2,1,13,0,1,0,2,0,2,5,15
352,2,0,1,1,0,3,0,0,5,2,7,2,5,3,0,0,3,2,8,2,1,1,2,1,1,2,0,2,1,10
545,0,4,1,4,0,3,0,0,4,2,7,2,5,1,0,3,3,3,8,1,1,2,2,0,4,2,0,2,1,3
94,3,1,1,4,0,0,0,3,6,3,7,2,9,0,0,3,3,4,8,2,1,2,3,2,5,3,3,2,5,10
94,3,1,1,4,0,2,5,3,5,2,12,0,5,0,0,3,3,4,8,2,1,2,0,1,1,2,1,2,5,10
934,1,4,1,2,2,1,0,3,5,2,12,0,5,1,0,0,3,2,8,2,1,2,2,0,0,1,7,5,5,10
934,1,0,1,4,0,1,0,3,1,2,12,4,5,1,0,0,3,2,6,2,1,9,3,2,5,3,3,2,5,1
248,5,0,1,4,0,2,9,3,5,2,9,1,5,7,0,0,3,2,8,3,1,0,0,1,0,2,0,2,5,10
248,5,4,1,4,0,2,15,3,5,2,7,4,5,7,0,0,3,2,8,3,1,0,3,2,5,3,0,2,5,12
248,5,2,1,4,0,1,0,3,5,2,6,2,5,7,0,0,3,2,8,3,1,0,0,1,0,2,0,2,5,0
490,4,1,1,2,0,3,9,3,2,2,7,2,5,5,0,0,3,2,2,2,1,0,2,0,2,2,0,2,5,9
490,4,0,1,1,0,2,14,3,3,2,12,4,5,5,0,0,3,2,8,2,1,4,0,1,0,2,3,2,5,3
157,4,4,0,4,0,3,14,3,2,2,7,0,5,5,0,0,3,2,8,1,1,0,3,2,5,3,0,2,5,0
270,2,4,1,6,0,1,0,3,1,2,4,2,5,1,0,0,3,2,8,2,1,9,3,2,5,3,0,2,5,11
270,2,0,1,4,0,1,5,3,1,2,7,2,5,1,3,0,3,2,2,2,1,0,0,1,3,2,7,5,5,10
326,1,0,1,2,0,1,0,3,5,2,6,2,5,1,0,0,3,2,8,2,1,0,3,2,5,3,3,2,5,10
326,1,1,1,4,0,0,9,3,5,2,7,2,5,1,0,0,3,2,8,2,1,0,0,0,1,2,0,2,5,17
883,5,0,1,2,0,2,0,3,5,2,7,2,5,7,0,0,3,2,8,2,1,0,3,2,5,3,0,2,5,10
883,5,4,0,1,0,1,0,1,3,2,5,4,5,7,0,0,3,2,8,2,1,0,0,0,1,2,0,2,5,6
105,0,0,1,4,0,0,5,3,5,2,7,7,5,1,2,0,3,2,2,1,1,4,2,0,1,2,2,2,6,9
352,2,1,1,1,0,0,0,3,3,2,9,2,5,7,0,0,3,2,8,2,3,2,0,1,0,2,1,2,5,11
352,2,1,1,2,0,5,6,3,3,3,6,2,5,7,0,0,3,2,8,2,3,2,3,2,5,3,0,2,5,0
352,2,1,1,4,2,2,17,3,5,3,6,0,5,7,5,0,3,2,8,2,3,4,0,1,3,2,3,2,5,0
352,2,4,1,4,0,0,0,4,1,3,3,1,9,7,3,0,3,2,8,2,3,2,3,2,5,3,0,2,5,7
903,4,1,1,4,0,1,0,3,5,3,4,2,5,1,0,0,3,2,8,2,3,2,3,2,5,3,7,5,5,10
903,4,0,1,4,0,2,0,3,1,2,7,4,5,1,5,0,3,2,1,2,3,2,0,1,3,2,0,2,5,1
903,4,0,1,7,4,6,11,3,6,3,6,4,5,1,0,0,3,2,8,2,3,2,0,1,1,2,0,2,5,1
797,0,1,1,7,4,6,17,3,5,2,6,7,5,1,2,0,0,2,8,2,1,2,1,0,4,2,3,2,5,9
797,0,4,1,4,0,1,0,3,5,3,9,2,5,1,0,0,0,2,2,2,1,7,0,1,3,2,3,2,5,2
619,2,0,1,4,0,3,0,3,5,3,9,6,5,7,0,0,3,2,8,2,1,3,0,1,2,2,0,2,5,0
619,2,0,1,4,2,3,7,3,5,2,12,2,5,7,0,0,3,2,8,2,1,5,3,2,5,3,0,2,5,1
622,2,1,1,7,4,6,14,0,5,2,7,2,5,1,0,0,3,2,1,2,3,2,3,2,5,3,3,2,5,10
622,2,1,1,1,2,3,5,0,5,2,0,4,5,1,0,0,3,2,8,2,3,2,0,1,0,2,0,2,5,1
622,2,1,1,7,4,6,15,3,5,2,6,7,5,1,2,0,3,2,8,2,3,2,2,1,1,2,3,2,5,1
906,0,4,1,4,2,2,7,3,5,2,2,2,5,7,0,0,3,2,1,3,2,2,1,1,0,2,0,2,5,10
906,0,4,1,4,2,3,9,0,5,2,2,2,5,7,0,0,3,2,1,3,2,2,0,1,0,2,0,2,5,1
906,0,0,1,2,2,3,0,3,5,2,9,0,5,7,0,0,3,2,1,3,2,2,3,2,5,3,0,2,5,3
906,0,0,1,7,4,6,0,3,3,2,9,2,5,7,0,0,3,2,2,3,2,2,2,1,4,2,0,2,5,3
340,2,0,1,1,0,2,10,3,5,2,9,0,5,4,0,0,3,2,8,2,1,7,0,1,0,1,0,2,5,1
340,2,1,1,1,2,3,5,3,3,2,9,2,5,4,0,0,3,2,8,2,1,2,3,2,5,3,7,5,5,17
379,0,0,1,4,2,4,5,3,0,2,7,0,5,7,0,0,3,2,8,2,1,2,0,1,0,2,0,2,5,1
379,0,0,1,4,2,1,4,3,5,2,7,2,5,7,0,0,3,2,8,2,1,4,3,2,5,3,0,2,5,9
143,3,1,1,4,2,1,6,3,1,2,9,2,5,0,0,0,3,2,8,2,3,0,3,2,5,3,7,5,5,10
143,3,2,1,2,2,2,5,3,5,2,7,7,5,0,0,0,3,2,8,2,3,9,3,2,5,3,3,2,5,17
143,3,2,1,4,2,6,14,3,5,2,2,4,5,0,0,0,3,2,1,2,3,2,0,1,1,2,0,2,5,3
948,0,1,1,7,2,4,0,3,5,2,7,4,5,3,2,0,3,2,2,2,1,2,2,1,0,2,0,2,1,1
948,0,2,1,1,2,3,7,3,5,2,6,4,5,3,0,0,3,2,8,2,1,2,3,2,5,3,3,2,5,2
859,1,0,1,1,2,4,7,3,1,2,6,2,5,1,0,0,3,2,8,1,1,2,0,0,1,2,0,2,5,0
920,1,3,1,4,2,2,15,3,6,3,9,4,5,1,0,0,3,2,8,2,1,2,3,2,5,3,1,2,5,3
920,1,0,1,4,2,2,0,3,5,3,7,2,5,1,0,0,3,2,8,2,1,2,0,1,1,2,0,2,5,10
446,5,0,1,7,2,6,3,3,3,3,4,4,5,3,4,0,3,2,9,2,1,2,2,1,0,2,0,2,5,9
446,5,0,1,4,0,0,3,3,5,3,6,2,5,3,3,0,3,2,8,2,1,2,3,2,5,3,7,5,5,11
195,6,0,1,2,2,2,5,1,5,3,1,2,5,1,3,0,3,2,8,1,1,1,3,2,5,3,0,2,5,9
605,1,0,1,4,0,2,5,3,0,2,9,2,5,7,0,0,0,2,8,3,2,1,2,1,0,2,0,2,5,1
605,1,0,1,4,0,2,4,3,3,3,9,4,5,7,0,0,0,2,8,3,2,1,0,1,4,2,0,2,5,10
605,1,4,1,4,0,2,0,3,2,3,2,4,3,7,2,0,0,2,8,3,2,3,3,2,5,3,0,2,5,6
605,1,4,1,4,0,3,15,3,2,3,9,4,5,7,0,0,0,2,8,3,2,2,3,2,5,3,7,5,5,1
605,1,4,1,4,0,2,7,3,5,2,14,7,5,7,0,0,0,2,8,3,2,2,0,1,0,2,0,2,5,3
605,1,4,1,4,0,5,0,3,2,2,7,4,5,7,0,0,0,2,8,3,2,12,3,2,5,3,1,2,5,4
578,2,2,1,0,0,4,0,3,5,3,7,3,5,1,0,0,3,2,8,2,1,2,0,1,1,2,7,5,5,1
578,2,0,1,1,0,2,0,3,5,2,2,3,5,1,2,0,3,2,1,2,1,4,1,0,0,1,0,2,5,1
371,2,0,1,1,0,2,0,0,6,2,7,3,5,7,0,0,3,2,2,2,1,2,1,1,4,2,7,5,5,3
371,2,0,1,4,0,2,11,3,5,2,2,3,5,7,0,0,3,2,2,2,1,2,0,1,0,2,0,2,5,0
404,6,1,1,2,0,2,4,3,5,2,2,2,5,2,0,0,3,2,8,2,1,2,3,2,5,3,0,2,5,12
404,6,1,1,4,0,2,5,3,3,2,7,4,5,2,0,0,3,2,8,2,1,2,3,2,5,3,3,2,5,3
404,6,1,1,4,0,1,5,0,2,2,7,4,5,2,0,0,3,2,8,2,1,5,0,1,0,2,0,2,5,1
404,6,1,1,6,0,2,14,3,2,2,12,7,5,2,0,0,3,2,8,2,1,2,2,1,1,1,1,2,5,3
433,1,4,0,4,0,3,7,3,3,2,9,4,5,7,0,0,3,7,8,2,1,2,0,1,0,2,0,2,5,5
433,1,1,1,4,0,0,0,4,0,2,7,2,5,7,0,0,3,7,2,2,1,2,3,2,5,3,7,5,5,10
232,3,0,1,6,0,4,8,3,3,2,6,4,5,0,0,0,3,2,8,2,1,9,0,1,1,2,0,2,5,0
232,3,0,1,1,0,0,6,3,3,2,9,4,5,0,0,0,3,2,8,2,1,2,3,2,5,3,3,2,5,12
486,6,4,1,4,0,2,0,3,3,2,7,1,3,7,2,0,3,7,8,2,1,2,3,2,5,3,7,5,5,9
486,6,1,1,1,0,3,8,3,3,2,9,2,5,7,0,0,3,7,8,2,1,1,0,1,1,2,3,2,5,9
799,2,1,1,4,0,2,6,3,2,2,9,4,5,1,0,3,0,2,8,2,1,3,0,1,0,2,3,2,5,10
799,2,1,1,1,0,1,14,3,6,2,9,2,5,1,0,3,0,2,8,2,1,1,3,2,5,3,7,5,5,1
241,1,1,1,4,0,1,5,3,0,2,7,7,5,1,0,0,3,2,1,2,1,5,3,2,5,3,0,2,5,1
241,1,4,1,4,0,3,15,3,2,2,7,4,5,1,2,0,3,2,1,2,1,2,0,1,1,2,0,2,5,9
10,3,1,1,4,0,1,0,3,2,2,7,1,5,7,0,0,0,2,2,2,2,2,3,2,5,3,2,2,5,3
10,3,1,1,4,2,4,3,3,0,2,3,4,5,7,0,0,0,2,1,2,2,2,0,0,0,2,3,2,5,5
10,3,3,1,4,0,1,0,3,1,2,9,4,5,7,0,0,0,2,8,2,2,7,0,1,1,2,3,2,5,10
448,6,4,1,4,0,3,9,3,2,2,9,1,5,5,0,0,3,2,8,2,1,1,0,1,4,2,0,2,5,10
448,6,0,1,4,0,1,4,3,2,2,9,4,5,5,0,0,3,2,8,2,1,2,2,1,2,2,1,2,1,12
479,6,4,0,1,0,3,8,3,0,2,7,2,5,1,0,0,3,2,2,2,2,2,0,1,0,2,7,5,5,4
479,6,0,1,1,0,3,5,3,0,2,6,2,5,1,0,0,3,2,2,2,2,2,3,2,5,3,0,2,5,12
479,6,0,1,1,1,3,7,3,1,2,7,7,5,1,0,0,3,2,8,2,2,7,0,1,3,1,0,2,5,12
408,4,0,1,4,0,3,0,3,5,2,6,0,5,1,4,0,3,2,8,2,1,2,3,2,5,3,0,2,5,12
408,4,1,1,4,0,4,3,3,5,2,9,2,5,1,0,0,3,2,8,2,1,8,0,0,0,2,3,2,5,10
683,1,0,1,1,0,2,4,3,5,2,6,0,1,7,0,0,0,2,8,1,1,5,3,2,5,3,7,2,5,9
486,0,4,1,4,0,1,3,3,6,2,6,0,5,1,0,3,3,4,8,1,1,2,0,1,1,2,2,2,5,1
55,3,1,1,4,0,3,0,1,5,2,7,0,5,7,0,0,3,7,8,2,1,7,1,0,3,2,0,2,5,3
55,3,0,1,4,0,4,15,3,5,2,6,2,5,7,0,0,3,7,8,2,1,2,2,0,1,2,0,2,5,0
669,0,3,1,4,2,1,15,3,5,2,6,6,5,0,0,0,0,2,8,4,1,2,0,1,0,2,0,2,5,10
669,0,0,1,4,0,3,3,0,5,3,6,1,5,0,0,0,0,2,8,4,1,7,3,2,5,3,7,5,5,1
669,0,1,1,6,0,1,4,3,5,3,7,4,5,0,2,0,0,2,2,4,1,2,0,1,0,2,0,2,5,5
669,0,1,1,4,0,1,4,3,5,3,9,6,5,0,0,0,0,2,2,4,1,12,3,2,5,3,0,2,5,10
476,2,3,1,2,0,1,3,3,1,2,9,2,1,1,0,0,3,2,1,2,1,2,1,0,0,2,7,5,5,17
476,2,0,1,4,0,0,16,3,2,3,2,2,5,1,0,0,3,2,8,2,1,2,3,2,5,3,0,2,5,10
418,4,4,1,2,0,2,3,3,2,3,7,2,5,7,0,0,3,2,8,2,1,2,0,1,1,2,0,2,5,1
418,4,0,1,1,0,1,3,3,5,3,9,2,5,7,0,0,3,2,8,2,1,2,3,2,5,3,3,2,5,12
528,5,4,0,4,0,0,10,3,1,3,7,4,5,1,0,0,3,2,8,3,1,1,0,0,0,2,0,2,5,1
528,5,1,1,1,0,0,0,3,1,3,9,4,5,1,0,0,3,2,8,3,1,2,3,2,5,3,0,2,5,0
528,5,0,1,2,0,5,0,3,1,3,9,2,5,1,0,0,3,2,8,3,1,2,0,1,1,2,0,2,5,10
213,2,4,0,4,2,2,8,3,2,2,7,2,5,1,0,0,3,2,8,2,1,2,1,0,0,2,0,2,5,11
213,2,1,1,4,0,0,17,4,6,3,7,2,5,1,0,0,3,2,8,2,1,7,1,1,3,2,0,2,5,3
46,2,0,1,4,0,1,14,3,5,2,7,4,5,0,0,0,3,2,8,2,2,9,3,2,5,3,0,2,5,10
46,2,4,1,4,0,2,17,3,5,2,7,0,5,0,0,0,3,2,1,2,2,2,0,1,0,2,0,2,5,3
711,3,0,1,7,4,6,0,3,5,3,9,2,5,0,0,0,0,2,1,2,1,2,0,0,3,2,7,5,5,3
711,3,0,1,7,4,6,0,3,1,3,1,4,5,0,0,0,0,2,8,2,1,2,3,2,5,3,0,2,5,9
697,1,0,1,4,0,1,3,3,6,3,7,7,5,7,0,0,0,2,8,1,2,2,2,0,0,2,7,5,5,16
697,1,0,1,4,0,3,10,3,6,3,6,4,5,7,2,0,0,2,8,1,2,1,0,0,1,2,0,2,5,12
985,6,0,1,4,2,3,10,4,6,3,7,4,5,0,0,0,3,2,8,2,1,2,3,2,5,3,2,2,5,12
985,6,0,1,7,4,6,4,3,5,3,6,4,5,0,5,0,3,2,8,2,1,2,2,0,1,2,3,2,6,0
407,6,0,1,1,2,3,4,3,5,3,6,1,5,0,0,3,3,4,8,2,1,2,3,2,5,3,0,2,5,12
407,6,1,1,7,4,6,8,3,5,3,6,4,5,0,0,3,3,4,8,2,1,2,0,1,1,2,7,5,5,10
196,4,0,1,4,2,2,0,3,5,2,7,4,5,7,0,0,3,2,8,2,1,2,1,0,4,2,3,2,5,9
196,4,1,1,4,2,3,0,0,5,3,7,0,5,7,0,0,3,2,8,2,1,2,1,0,3,2,7,5,5,1
204,5,2,1,2,2,3,0,3,5,2,6,3,5,7,0,0,3,2,8,2,1,2,3,2,5,3,7,5,5,10
204,5,1,1,7,4,6,3,3,5,3,9,7,5,7,0,0,3,2,8,2,1,2,0,0,0,2,0,5,5,16
346,1,2,1,1,0,2,3,0,1,3,1,4,5,1,0,0,3,2,8,2,3,2,3,2,5,3,7,5,5,10
346,1,2,1,1,2,3,0,3,0,2,7,7,5,1,0,0,3,2,8,2,3,2,0,1,1,2,5,2,5,0
346,1,2,1,4,2,4,14,3,3,2,9,7,5,1,0,0,3,2,8,2,3,7,2,1,1,2,0,2,6,5
346,1,4,0,4,2,1,17,3,5,2,7,7,5,1,3,0,3,2,8,2,3,2,3,2,5,3,0,2,5,10
336,0,2,1,4,2,1,7,3,5,3,7,7,5,1,0,3,3,3,8,1,1,9,1,0,1,2,0,2,5,10
628,0,1,1,2,2,2,13,3,2,3,7,1,5,7,0,0,3,2,8,2,2,2,3,2,5,3,7,5,5,1
628,0,1,1,4,2,6,5,3,5,2,7,2,5,7,0,0,3,2,8,2,2,2,1,0,4,2,0,2,5,0
64,1,4,0,7,2,4,8,3,1,2,7,7,5,7,0,0,3,2,8,2,1,2,0,1,1,2,0,2,5,9
64,1,1,1,1,2,3,4,3,5,2,12,4,5,7,0,0,3,2,8,2,1,2,3,2,5,3,3,2,5,10
464,0,0,1,1,2,4,5,3,6,2,6,2,5,0,0,3,3,4,8,2,2,7,0,0,1,2,0,2,5,10
464,0,1,1,4,2,2,6,3,5,2,6,2,5,0,0,3,3,4,2,2,2,2,0,1,4,2,7,5,5,3
464,0,1,1,4,2,2,0,3,2,2,6,2,5,0,0,3,3,4,2,2,2,9,1,0,0,2,6,2,5,9
942,6,1,1,7,2,6,0,3,5,2,12,6,5,7,0,0,3,2,8,2,1,2,1,0,1,2,0,2,5,10
942,6,0,1,4,0,0,0,0,6,2,12,4,5,7,0,0,3,2,8,2,1,2,3,2,5,3,7,5,5,1
491,0,0,1,2,2,2,14,3,6,2,6,2,5,7,0,0,3,2,8,2,1,2,0,1,4,2,0,2,5,3
491,0,1,1,4,0,2,17,3,6,2,6,2,5,7,0,0,3,2,8,2,1,2,0,1,3,2,2,2,5,4
735,6,0,1,4,0,2,11,0,3,2,12,2,5,4,0,3,0,4,2,1,1,2,3,2,5,3,2,2,5,1
209,1,3,1,4,0,2,11,3,0,2,14,2,5,3,0,0,3,2,8,3,1,1,0,1,1,2,3,2,5,3
209,1,2,1,4,0,3,14,3,3,2,7,2,5,3,0,0,3,2,2,3,1,3,3,2,5,3,0,2,5,1
209,1,0,1,4,0,2,0,3,4,2,7,4,5,3,0,0,3,2,2,3,1,2,2,1,4,2,0,2,1,12
634,1,0,1,4,0,5,2,3,3,2,7,2,5,1,0,3,0,4,1,2,3,9,0,1,0,2,0,2,5,1
634,1,0,1,0,0,4,0,3,5,2,9,4,5,1,4,3,0,4,8,2,3,2,2,1,3,2,7,5,5,18
634,1,0,1,1,0,2,5,0,0,2,7,4,5,1,0,3,0,4,2,2,3,13,3,2,5,3,7,5,5,12
634,1,4,0,1,0,2,0,3,0,2,7,4,5,1,0,3,0,4,8,2,3,2,0,0,1,1,0,2,5,2
680,1,4,0,4,0,2,10,3,6,2,4,4,5,1,0,0,0,2,8,2,1,2,2,1,3,2,2,2,5,10
680,1,0,1,2,0,2,13,3,6,2,1,4,5,1,0,0,0,2,8,2,1,2,2,0,0,2,0,2,6,10
360,2,0,1,4,0,2,0,3,3,2,2,2,5,1,0,0,3,2,8,2,4,2,2,0,0,2,7,5,6,3
360,2,0,1,4,0,1,10,3,6,3,6,2,5,1,0,0,3,2,8,2,4,9,2,0,0,2,0,2,5,3
360,2,0,1,6,0,2,17,3,6,3,7,2,5,1,0,0,3,2,8,2,4,9,1,1,0,2,0,2,5,9
360,2,2,1,4,0,3,5,3,6,3,6,4,5,1,4,0,3,2,2,2,4,2,3,2,5,3,1,2,5,10
506,6,3,1,4,0,0,5,3,6,3,6,2,5,1,0,0,3,2,8,3,1,1,0,1,0,2,7,5,5,1
506,6,3,1,6,0,4,9,3,6,3,7,2,5,1,0,0,3,2,2,3,1,1,3,2,5,3,4,2,5,16
506,6,1,1,1,0,0,5,3,3,3,9,4,5,1,0,0,3,2,8,3,1,2,1,0,3,2,0,2,5,10
506,6,4,1,4,0,2,5,3,3,3,6,7,7,1,0,0,3,2,8,3,1,5,2,1,1,2,3,2,5,16
506,6,4,1,4,0,0,9,3,3,2,9,7,5,1,0,0,3,2,8,3,1,7,2,0,1,2,3,2,1,9
412,6,1,1,1,2,2,11,4,6,3,12,2,5,3,0,0,3,2,2,2,1,2,3,2,5,3,0,2,5,10
412,6,1,1,4,0,1,0,3,3,2,6,2,2,3,0,0,3,2,2,2,1,1,0,1,1,2,7,5,5,10
531,4,1,1,4,2,4,8,3,2,2,7,7,5,1,0,0,3,2,8,4,5,1,0,1,4,2,0,2,5,12
531,4,1,1,6,0,2,14,3,3,2,7,4,5,1,5,0,3,2,8,4,5,7,3,2,5,3,0,2,5,12
531,4,0,1,6,0,2,7,3,3,2,2,7,5,1,4,0,3,2,8,4,5,9,0,1,0,2,3,2,5,0
531,4,0,1,4,0,2,17,3,6,2,6,2,5,1,0,0,3,2,8,4,5,3,2,0,1,2,0,2,1,10
531,4,1,1,4,0,1,0,3,6,2,7,2,5,1,0,0,3,2,8,4,5,2,2,0,3,2,7,2,5,5
531,4,0,1,4,0,3,14,3,6,2,6,2,6,1,0,0,3,2,8,4,5,2,3,2,5,3,0,2,5,0
632,4,1,1,4,0,2,8,3,6,2,6,2,5,7,0,0,3,2,8,2,1,2,0,1,1,2,7,5,5,1
632,4,1,1,4,0,3,5,3,3,2,6,2,2,7,1,0,3,2,2,2,1,2,3,2,5,3,0,2,5,4
381,4,0,1,4,0,1,0,3,3,2,2,4,2,5,5,0,3,2,2,2,1,7,0,1,3,2,7,5,5,2
381,4,3,1,4,0,4,17,3,3,2,6,4,1,5,0,0,3,2,2,2,1,2,3,2,5,3,3,3,5,16
384,1,4,1,4,0,4,5,3,2,2,7,0,1,7,0,3,3,2,8,2,1,2,0,1,0,2,0,2,5,1
384,1,1,1,4,2,2,5,3,6,3,7,2,5,7,0,3,3,2,8,2,1,2,0,0,1,2,0,2,5,1
363,5,1,1,4,0,1,5,3,2,2,2,5,7,1,0,0,3,2,8,2,1,2,3,2,5,3,2,2,5,9
363,5,3,1,1,0,4,8,3,0,3,12,4,5,1,2,0,3,2,8,2,1,1,0,1,1,2,7,5,5,9
466,5,1,1,4,0,1,8,4,6,3,2,2,5,1,0,0,3,2,1,2,1,2,3,2,5,3,7,5,5,0
466,5,1,1,4,0,2,0,3,3,3,6,4,5,1,0,0,3,2,1,2,1,2,0,1,0,2,2,2,5,9
363,4,0,1,2,0,3,7,3,1,2,7,7,5,7,0,0,3,2,8,2,1,2,2,1,2,2,0,2,5,10
363,4,0,1,2,0,3,17,3,3,3,2,2,4,7,0,0,3,2,8,2,1,2,0,1,0,2,0,2,5,9
411,2,1,1,4,0,2,0,0,0,2,7,0,5,7,0,0,3,2,8,2,2,7,3,2,5,3,7,5,5,1
411,2,1,1,1,0,0,6,0,3,3,7,0,5,7,0,0,3,2,8,2,2,3,0,1,1,2,0,2,5,0
411,2,2,1,1,0,2,0,1,2,2,6,2,1,7,0,0,3,2,8,2,2,2,3,2,5,3,7,5,5,12
577,2,0,1,4,0,2,0,1,3,2,7,2,5,7,0,0,3,2,8,2,2,2,0,1,1,2,0,2,5,10
577,2,0,1,4,0,0,9,3,1,2,7,2,5,7,0,0,3,2,8,2,2,2,3,2,5,3,0,2,5,12
1021,6,2,1,4,2,2,3,0,6,2,9,2,5,7,0,0,3,2,8,2,1,2,0,0,4,2,7,5,5,5
1021,6,2,1,2,2,3,17,3,1,2,6,2,5,7,0,0,3,2,8,2,1,2,3,2,5,3,7,5,5,1
510,5,3,1,7,2,4,0,3,1,2,2,1,5,7,3,3,3,4,8,2,4,2,2,0,3,2,7,5,5,10
510,5,3,1,6,2,2,11,3,0,2,14,4,5,7,0,3,3,4,2,2,4,9,3,2,5,3,7,5,5,10
510,5,3,1,0,0,3,8,3,3,3,0,7,3,7,0,3,3,4,6,2,4,2,0,1,0,1,2,2,5,0
510,5,3,1,2,0,4,5,3,3,3,7,2,7,7,0,3,3,4,8,2,4,4,0,0,3,2,3,2,5,1
977,4,1,1,4,0,0,0,3,6,2,7,4,7,7,0,0,3,2,8,2,1,2,3,2,5,3,7,5,5,1
977,4,1,1,4,0,3,10,3,6,2,2,4,5,7,0,0,3,2,8,2,1,2,3,2,5,3,4,2,5,5
179,4,4,0,4,2,3,0,0,0,2,9,4,5,1,0,0,3,2,8,2,2,2,0,1,0,2,2,2,5,9
179,4,0,1,4,0,3,11,3,5,2,7,4,5,1,0,0,3,2,8,2,2,2,0,1,1,2,0,2,5,0
179,4,0,1,4,0,5,9,3,5,2,7,2,5,1,0,0,3,2,2,2,2,2,2,1,0,2,2,2,1,11
393,2,3,1,4,0,0,0,3,5,2,7,0,5,1,0,0,3,2,2,1,1,3,3,2,5,3,0,2,5,10
583,0,4,1,3,2,0,5,3,6,2,1,2,5,1,0,3,3,4,8,2,1,3,0,1,1,2,2,2,5,10
583,0,0,1,4,2,4,0,3,5,2,1,1,5,1,0,3,3,4,2,2,1,3,3,2,5,3,7,2,5,0
752,5,1,1,4,2,0,8,3,6,2,7,2,5,1,0,0,0,2,8,1,1,4,2,0,0,2,0,2,5,1
739,3,0,1,4,2,1,9,1,0,2,6,2,5,1,0,0,0,2,8,3,2,2,3,2,5,3,0,2,5,3
739,3,0,1,5,2,2,0,3,1,2,9,2,5,1,0,0,0,2,8,3,2,11,0,1,0,2,3,2,5,10
739,3,0,1,5,2,3,0,3,1,2,7,2,5,1,0,0,0,2,8,3,2,9,3,2,5,3,7,5,5,0
739,3,1,1,4,2,1,0,4,0,3,9,4,3,1,0,0,0,2,8,3,2,1,2,1,1,2,7,5,5,9
538,0,1,1,1,2,3,14,3,6,2,2,0,5,7,0,0,3,2,8,2,1,2,2,0,0,2,1,2,6,10
538,0,0,1,6,2,2,7,3,1,3,7,1,5,7,0,0,3,2,1,2,1,2,1,1,4,2,0,2,5,11
270,0,4,0,7,2,6,7,3,2,2,6,2,7,7,0,0,3,2,8,2,1,2,0,1,4,2,2,2,5,0
270,0,1,1,4,2,2,7,3,1,3,7,4,5,7,0,0,3,2,2,2,1,9,0,1,0,2,0,2,5,10
966,4,0,1,4,2,4,10,3,5,3,1,2,3,1,0,3,3,2,8,4,1,7,3,2,5,3,0,2,5,3
966,4,1,1,4,2,1,5,3,6,2,7,4,5,1,0,3,3,2,2,4,1,3,3,2,5,3,0,2,5,12
966,4,0,1,1,0,1,9,3,0,2,6,2,5,1,0,3,3,2,8,4,1,4,0,1,2,2,0,2,5,1
966,4,1,1,4,0,1,0,0,6,2,9,4,5,1,0,3,3,2,8,4,1,2,3,2,5,3,0,2,5,9
428,0,0,1,4,0,1,0,3,5,2,6,1,5,7,2,0,3,2,1,2,1,2,0,1,4,2,0,2,5,12
428,0,0,1,4,0,2,14,3,6,2,6,2,5,7,0,0,3,2,8,2,1,2,0,1,0,1,0,2,5,11
624,6,3,1,4,0,2,5,3,5,2,2,0,5,1,5,3,0,2,8,2,1,2,3,2,5,3,0,2,5,0
624,6,1,1,4,0,3,5,3,6,2,2,4,5,1,5,3,0,2,8,2,1,2,0,1,4,2,7,2,5,0
448,1,0,1,1,0,2,5,3,6,2,9,4,5,5,0,3,3,2,8,2,1,2,3,2,5,3,7,2,5,5
448,1,0,1,4,0,2,11,3,6,2,7,4,5,5,2,3,3,2,1,2,1,2,2,0,0,2,7,2,1,9
120,1,0,1,4,0,3,9,3,5,3,7,7,5,1,0,0,3,2,8,2,1,2,0,1,0,1,7,2,5,1
120,1,3,1,1,2,6,7,3,6,2,14,4,5,1,0,0,3,2,8,2,1,2,3,2,5,3,7,2,5,1
371,5,0,1,4,2,2,9,3,1,3,9,4,5,1,2,0,3,2,8,2,1,4,3,2,5,3,7,2,5,10
371,5,1,1,4,0,2,7,3,5,3,6,4,5,1,0,0,3,2,8,2,1,3,0,1,0,2,7,2,5,9
235,1,2,1,4,0,4,9,3,5,3,9,4,5,3,0,0,3,2,2,2,1,2,3,2,5,3,7,2,5,10
235,1,1,1,7,4,6,14,3,5,2,7,2,5,3,0,0,3,2,8,2,1,3,0,1,0,2,0,5,5,3
1009,6,4,1,4,0,2,0,3,6,2,7,2,5,1,0,0,3,2,8,1,1,2,2,0,1,2,0,5,6,11
180,2,4,1,4,0,2,5,3,6,2,1,2,5,7,0,0,3,2,8,2,3,3,2,1,3,1,0,2,5,12
180,2,1,1,4,0,3,13,3,2,3,2,1,5,7,0,0,3,2,8,2,3,13,0,0,0,2,0,2,5,9
180,2,1,1,2,0,3,5,3,6,3,12,2,5,7,0,0,3,2,2,2,3,2,3,2,5,3,0,2,5,1
180,2,1,1,4,0,3,5,3,1,3,6,4,5,7,0,0,3,2,8,2,3,2,3,2,5,3,7,2,5,10
50,4,0,1,4,0,3,11,3,0,3,7,6,5,7,0,0,3,2,8,2,1,2,1,0,0,2,0,2,5,3
50,4,1,1,4,0,3,0,3,2,3,9,4,5,7,0,0,3,2,8,2,1,2,1,0,4,2,0,2,5,0
231,4,2,1,4,0,3,0,3,3,3,7,4,5,1,0,0,3,2,8,1,1,4,0,1,0,2,3,2,5,9
672,2,0,1,4,0,2,0,3,0,2,7,7,3,7,0,0,0,2,8,1,1,2,2,1,2,2,0,2,5,10
344,0,1,1,4,0,1,11,3,1,3,6,1,3,7,1,0,3,2,8,3,2,3,2,1,1,2,0,2,5,1
344,0,1,1,4,0,4,4,3,6,2,9,2,5,7,0,0,3,2,8,3,2,3,1,0,1,2,3,2,5,12
344,0,4,1,4,0,4,8,3,6,2,7,2,5,7,0,0,3,2,8,3,2,3,1,0,1,2,7,5,5,7
1003,0,0,1,4,0,1,4,1,1,3,9,4,5,1,0,0,3,2,8,2,2,2,0,1,0,2,0,2,5,10
1003,0,0,1,1,0,4,8,3,6,2,2,2,5,1,0,0,3,2,8,2,2,2,2,1,0,2,2,2,6,10
1003,0,4,1,4,0,4,13,0,6,2,9,2,5,1,0,0,3,2,8,2,2,2,0,1,0,2,0,2,5,0
712,1,0,1,4,0,6,4,3,6,2,6,1,5,1,0,3,0,2,2,2,1,2,3,2,5,3,3,2,5,12
712,1,4,0,7,0,2,17,0,4,2,9,2,5,1,0,3,0,2,2,2,1,4,0,1,1,2,0,2,5,3
285,6,0,1,6,0,4,17,3,5,2,7,1,5,3,0,0,3,2,2,2,2,2,1,1,3,2,0,2,5,1
285,6,0,1,4,0,4,5,3,5,3,4,2,5,3,0,0,3,2,1,2,2,2,0,0,4,2,7,5,5,10
285,6,0,1,4,0,0,7,3,5,3,2,2,5,3,0,0,3,2,8,2,2,2,3,2,5,3,0,2,5,1
132,0,4,1,1,0,3,7,3,1,2,9,4,3,1,0,0,3,7,8,2,2,7,0,0,2,2,0,2,5,10
132,0,1,1,1,0,3,0,4,6,3,14,2,5,1,0,0,3,7,1,2,2,3,0,0,4,2,7,5,5,5
132,0,1,1,1,0,4,7,4,6,3,14,2,5,1,0,0,3,7,8,2,2,2,0,1,1,2,7,5,5,0
993,6,0,1,2,0,1,0,3,0,2,6,4,5,7,0,0,3,2,8,3,3,2,3,2,5,3,0,2,5,7
993,6,0,1,4,0,1,10,3,3,2,5,2,7,7,0,0,3,2,8,3,3,7,0,1,0,2,0,2,5,14
993,6,0,1,0,0,3,5,3,3,2,2,2,3,7,0,0,3,2,8,3,3,2,2,0,0,2,4,2,5,3
993,6,1,1,4,0,1,17,3,6,2,6,7,7,7,0,0,3,2,8,3,3,7,0,1,0,2,7,5,5,16
602,1,3,1,4,0,1,0,3,3,3,2,2,3,1,0,3,0,4,8,2,1,4,3,2,5,3,7,5,5,10
602,1,1,1,2,0,0,17,4,6,3,6,7,7,1,0,3,0,4,2,2,1,13,0,1,0,2,7,2,5,17
685,6,0,1,4,0,2,5,0,6,2,6,4,5,0,3,0,0,2,1,2,1,2,3,2,5,3,0,2,5,3
685,6,3,1,4,0,4,17,3,0,2,12,2,5,0,0,0,0,2,8,2,1,2,2,1,0,1,0,2,6,11
465,4,0,1,4,0,4,5,3,4,2,9,2,5,1,0,0,3,2,8,2,1,2,0,1,0,2,7,5,5,10
465,4,0,1,1,0,6,15,3,6,2,6,7,7,1,0,0,3,2,2,2,1,2,3,2,5,3,7,5,5,12
388,5,1,1,4,0,4,5,3,5,2,11,7,5,7,0,3,3,2,8,2,1,2,0,1,0,2,7,5,5,7
388,5,2,1,4,0,0,5,3,5,2,7,2,5,7,0,3,3,2,8,2,1,2,0,1,0,2,7,5,5,11
276,0,0,1,1,0,1,7,3,5,2,9,4,5,1,0,0,3,2,8,2,2,2,2,0,1,1,0,2,5,1
276,0,1,1,2,0,0,14,3,5,2,6,4,5,1,0,0,3,2,8,2,2,2,1,0,1,2,0,2,5,9
276,0,1,1,4,0,2,14,3,5,2,6,4,5,1,0,0,3,2,8,2,2,2,1,1,0,2,0,2,5,0
501,5,1,1,4,0,4,5,3,5,2,9,4,5,1,0,3,3,4,8,1,1,2,0,1,0,2,2,2,5,10
448,4,4,1,2,0,3,5,3,5,2,6,4,5,1,0,0,3,2,8,2,1,2,1,0,0,2,0,2,5,3
448,4,3,1,1,2,2,7,3,5,2,6,4,5,1,0,0,3,2,8,2,1,2,3,2,5,3,7,5,5,5
103,4,4,0,1,0,4,0,3,5,2,6,6,5,1,0,0,3,2,2,1,1,2,0,1,0,2,0,2,5,3
674,2,2,1,4,0,2,17,3,5,2,6,2,5,0,0,3,0,3,2,2,1,2,3,2,5,3,0,2,5,3
674,2,1,1,1,2,2,15,3,5,2,7,4,5,0,0,3,0,3,2,2,1,2,0,1,1,2,5,2,5,1
611,2,3,1,4,0,1,5,3,5,2,7,2,5,1,3,3,0,4,8,1,1,3,3,2,5,3,0,2,5,10
1017,6,1,1,4,0,3,7,3,1,3,7,2,5,1,0,0,3,2,1,1,1,2,1,0,4,2,0,2,5,3
46,2,2,1,4,0,2,0,3,1,3,9,1,5,7,0,0,3,2,8,2,1,2,1,1,4,2,0,2,5,11
46,2,0,1,2,0,0,11,3,1,3,12,4,6,7,0,0,3,2,1,2,1,2,1,0,4,2,0,2,5,10
433,5,1,1,1,2,6,14,3,1,3,9,4,6,3,0,0,3,7,8,2,1,2,3,2,5,3,1,2,5,9
433,5,0,1,4,2,2,0,3,1,2,6,2,5,3,2,0,3,7,1,2,1,2,0,1,0,2,0,2,5,9
119,6,4,1,4,0,2,5,3,6,2,2,1,5,0,0,0,3,2,8,2,1,7,3,2,5,3,3,2,5,12
119,6,1,1,4,0,4,7,3,6,2,7,4,5,0,0,0,3,2,8,2,1,2,1,1,0,2,0,2,5,10
228,5,2,1,7,4,6,10,3,1,2,7,1,5,1,5,0,3,2,8,2,5,2,1,1,0,2,0,2,5,9
228,5,1,1,4,0,2,7,3,2,2,7,2,5,1,3,0,3,2,8,2,5,4,1,1,0,2,7,5,5,1
228,5,1,1,4,0,2,7,3,6,2,7,2,5,1,0,0,3,2,8,2,5,0,1,1,0,2,0,2,5,9
228,5,1,1,4,0,3,12,3,6,2,6,4,5,1,5,0,3,2,8,2,5,9,0,1,0,2,7,5,5,1
228,5,1,1,2,0,3,5,3,6,2,6,3,5,1,0,0,3,2,8,2,5,2,3,2,5,3,7,5,5,3
141,5,4,0,4,0,3,5,3,5,2,9,4,5,7,2,0,3,2,8,2,2,2,2,1,1,2,7,2,1,1
141,5,0,1,4,0,3,8,3,5,2,6,1,5,7,0,0,3,2,8,2,2,2,2,1,1,2,0,2,6,10
141,5,0,1,4,0,3,4,3,5,2,9,2,5,7,0,0,3,2,8,2,2,2,0,1,1,2,0,2,5,9
430,6,1,1,4,0,3,0,3,5,2,6,4,5,0,0,0,3,2,8,2,1,2,3,2,5,3,0,2,5,3
430,6,1,1,4,0,2,0,3,5,2,7,2,5,0,0,0,3,2,8,2,1,2,0,1,1,2,0,2,5,10
587,1,3,1,4,0,1,8,3,5,2,6,1,5,7,0,0,3,2,6,2,2,2,3,2,5,3,0,2,5,12
587,1,0,1,4,0,4,0,3,5,2,12,4,5,7,2,0,3,2,2,2,2,2,0,1,0,2,0,2,5,1
587,1,0,1,4,0,4,7,3,6,3,9,1,5,7,0,0,3,2,8,2,2,1,3,2,5,3,1,2,5,9
994,6,4,1,4,0,1,5,3,6,3,6,4,5,3,0,3,3,3,8,2,2,1,0,1,0,2,7,2,5,5
994,6,0,1,1,0,4,10,3,5,2,9,4,5,3,0,3,3,3,8,2,2,1,3,2,5,3,0,2,5,1
994,6,0,1,4,0,4,8,3,3,3,6,4,5,3,0,3,3,3,1,2,2,3,0,1,1,1,7,5,5,12
78,3,4,1,4,0,6,14,3,3,3,9,1,5,1,0,0,3,2,1,2,2,2,3,2,5,3,3,2,5,0
78,3,0,1,7,0,2,7,3,5,2,7,7,5,1,0,0,3,2,8,2,2,2,0,0,0,2,7,5,5,3
78,3,0,1,6,0,4,8,2,5,3,7,2,5,1,0,0,3,2,8,2,2,12,3,2,5,3,3,2,5,11
841,3,0,1,4,0,4,10,3,2,3,6,2,5,1,0,0,0,2,1,2,1,2,2,0,0,2,7,5,5,11
841,3,0,1,4,0,0,9,3,3,2,6,2,5,1,0,0,0,2,1,2,1,4,2,1,4,2,3,2,1,1
298,4,0,1,1,0,3,5,3,1,2,9,2,5,7,0,0,3,2,1,3,2,2,2,1,0,2,7,5,5,6
298,4,0,1,1,0,3,8,3,6,2,7,2,5,7,0,0,3,2,8,3,2,2,0,1,1,2,7,5,5,0
298,4,0,1,1,0,4,5,0,6,2,7,4,5,7,2,0,3,2,2,3,2,2,3,2,5,3,3,2,5,0
648,5,0,1,2,0,1,8,3,6,2,6,2,5,0,0,3,0,4,8,2,1,2,2,1,4,2,1,2,4,4
648,5,1,1,4,0,1,3,3,6,2,6,2,5,0,0,3,0,4,8,2,1,5,3,2,5,3,2,2,5,0
479,4,0,1,0,0,3,0,3,5,2,2,4,5,2,0,0,3,2,2,2,1,2,0,0,2,1,1,2,5,5
479,4,0,1,4,0,1,11,0,5,2,7,1,5,2,0,0,3,2,8,2,1,2,1,0,2,2,7,5,5,11
871,1,0,1,4,0,1,5,3,5,2,6,4,5,1,4,0,3,2,8,2,1,2,0,1,4,2,1,2,5,0
871,1,1,1,2,0,0,11,3,0,3,6,2,5,1,3,0,3,2,8,2,1,9,3,2,5,3,7,5,5,9
195,5,1,1,4,0,2,17,3,4,3,9,2,5,7,3,0,3,2,8,2,3,2,2,1,0,2,1,2,6,10
195,5,1,1,4,0,4,17,4,6,3,7,4,5,7,0,0,3,2,1,2,3,2,0,1,1,2,1,2,5,1
195,5,1,1,4,0,4,0,3,2,3,9,2,5,7,0,0,3,2,6,2,3,1,3,2,5,3,1,2,5,12
906,6,0,1,1,0,6,0,0,6,3,6,2,5,7,2,0,3,2,8,2,1,3,1,0,1,2,0,2,5,9
906,6,1,1,4,0,4,5,3,2,3,6,4,5,7,0,0,3,2,8,2,1,1,3,2,5,3,0,2,5,16
366,5,4,0,4,0,0,0,3,3,3,7,4,5,1,0,0,3,2,8,3,1,5,0,1,4,2,4,2,5,0
366,5,1,1,1,0,1,10,3,0,2,7,7,3,1,0,0,3,2,2,3,1,2,3,2,5,3,0,2,5,1
366,5,1,1,2,0,0,0,3,1,3,6,1,3,1,0,0,3,2,8,3,1,2,0,0,0,2,3,2,5,16
364,2,2,1,4,0,2,11,3,6,2,9,2,5,1,2,0,3,2,6,2,1,2,0,1,0,2,7,5,5,14
364,2,3,1,4,0,4,5,3,6,2,7,2,5,1,0,0,3,2,2,2,1,7,2,1,0,2,7,5,5,13
476,2,2,1,2,0,3,0,1,1,3,9,4,5,7,0,0,3,2,8,2,3,1,0,1,0,2,0,2,5,12
476,2,2,1,1,2,2,4,3,6,2,2,2,5,7,0,0,3,2,8,2,3,2,3,2,5,3,0,2,5,1
476,2,2,1,1,0,4,10,0,6,2,9,2,5,7,0,0,3,2,8,2,3,2,1,0,3,2,0,2,5,9
476,2,4,1,4,0,2,10,3,6,2,6,1,5,7,0,0,3,2,8,2,3,2,3,2,5,3,0,2,5,0
285,0,1,1,1,2,2,17,0,4,2,9,2,5,1,0,0,3,2,8,3,3,7,0,1,0,2,7,5,5,11
285,0,1,1,4,0,1,3,3,5,2,7,1,5,1,0,0,3,2,8,3,3,2,3,2,5,3,0,2,5,10
285,0,1,1,4,0,3,5,3,5,3,4,2,5,1,0,0,3,2,1,3,3,8,0,1,0,2,3,2,5,12
285,0,1,1,4,0,2,4,3,5,3,2,2,5,1,0,0,3,2,8,3,3,5,3,2,5,3,3,2,5,10
967,6,1,1,2,0,0,5,3,1,2,9,4,3,1,0,3,3,3,8,2,1,2,0,1,1,2,3,2,5,10
967,6,4,0,4,0,3,9,4,6,3,14,2,5,1,2,3,3,3,2,2,1,7,0,1,0,2,0,2,5,9
188,6,4,1,1,2,1,17,4,6,3,14,2,5,2,0,0,3,2,8,1,1,2,3,2,5,3,2,2,5,1
413,1,4,1,4,0,2,15,3,0,2,6,4,5,1,0,0,3,7,8,1,1,2,0,1,0,2,7,5,5,11
403,1,4,1,4,0,4,17,3,3,2,5,2,7,7,0,0,3,2,8,2,1,7,3,2,5,3,3,2,5,9
403,1,0,1,4,0,2,0,3,3,2,2,2,3,7,0,0,3,2,2,2,1,2,2,1,1,1,2,2,6,7
374,2,4,1,2,0,3,17,3,6,2,6,7,7,1,2,0,3,2,8,1,1,12,0,0,1,2,7,5,5,16
1009,1,3,1,4,0,2,5,3,3,3,2,2,3,1,0,0,3,2,8,2,2,2,3,2,5,3,7,5,5,14
1009,1,1,1,1,0,0,0,4,6,3,6,7,7,1,0,0,3,2,8,2,2,2,3,2,5,3,0,2,5,1
654,2,1,1,4,0,6,0,0,6,2,6,4,5,7,0,0,0,2,8,2,2,2,0,1,1,2,7,5,5,8
654,2,0,1,0,0,0,5,3,0,2,12,2,5,7,0,0,0,2,8,2,2,2,1,1,4,2,0,2,5,13
428,5,4,1,4,0,3,0,3,4,2,9,2,5,1,0,0,3,2,8,2,1,1,2,1,4,2,0,2,5,0
428,5,4,1,4,0,0,0,3,6,2,6,7,7,1,0,0,3,2,8,2,1,2,2,1,0,2,0,2,1,1
453,4,3,1,4,0,2,0,3,5,2,11,7,5,7,0,0,3,2,2,3,1,2,0,1,1,2,0,2,5,11
453,4,0,1,4,0,1,15,3,5,2,7,2,5,7,0,0,3,2,8,3,1,2,3,2,5,3,3,2,5,15
453,4,1,1,7,4,6,17,3,5,2,9,4,5,7,4,0,3,2,8,3,1,7,3,2,5,3,3,2,5,0
7,3,0,1,4,0,1,17,3,5,2,6,4,5,7,0,0,0,2,8,2,2,9,0,1,1,2,0,2,5,12
7,3,0,1,4,0,1,0,3,5,2,6,4,5,7,0,0,0,2,8,2,2,2,1,1,3,2,0,2,5,1
7,3,3,1,4,0,3,8,3,5,2,9,4,5,7,0,0,0,2,8,2,2,2,1,1,0,2,7,5,5,10
684,6,1,1,4,0,0,17,3,5,2,6,4,5,1,0,0,0,2,8,2,1,2,1,1,0,2,0,2,5,11
684,6,0,1,0,2,0,0,3,5,2,6,4,5,1,0,0,0,2,8,2,1,2,0,1,3,2,0,2,5,10
140,2,4,0,0,0,5,9,3,5,2,6,6,5,1,0,0,0,7,2,1,1,1,0,1,1,2,0,2,5,12
437,0,1,1,4,0,0,10,3,5,2,6,2,5,1,0,0,3,2,6,3,1,2,2,1,3,2,7,2,5,13
437,0,0,1,4,0,2,4,3,5,2,7,4,5,1,2,0,3,2,8,3,1,2,2,1,3,1,7,5,5,3
437,0,0,1,4,0,3,14,3,5,2,7,2,5,1,0,0,3,2,8,3,1,2,0,1,1,2,0,2,5,0
171,5,4,0,4,0,3,12,3,1,3,7,2,5,0,0,3,3,4,8,2,1,2,0,1,1,2,0,2,5,3
171,5,2,1,4,2,2,14,3,1,3,9,1,5,0,0,3,3,4,8,2,1,2,0,1,0,2,3,2,5,0
165,4,4,0,1,0,1,0,3,1,3,12,4,6,1,0,0,3,2,8,2,1,2,2,1,4,2,0,2,5,12
165,4,0,1,4,0,1,0,3,1,3,9,4,6,1,0,0,3,2,8,2,1,2,2,0,3,2,0,2,5,10
958,0,0,1,4,0,4,7,3,1,2,6,2,5,7,0,0,3,2,8,2,1,2,0,1,0,2,0,2,5,1
958,0,0,1,4,0,1,15,3,6,2,2,1,5,7,0,0,3,2,8,2,1,2,3,2,5,3,7,5,5,1
721,5,4,1,4,0,1,0,3,6,2,7,4,5,7,0,0,0,7,2,2,1,2,0,0,1,2,0,2,5,2
721,5,0,1,1,0,2,14,3,1,2,7,1,5,7,0,0,0,7,8,2,1,7,3,2,5,3,0,2,5,10
914,3,4,1,4,0,3,0,3,2,2,7,2,5,1,0,0,3,2,8,2,1,2,1,1,3,2,3,2,5,1
914,3,1,1,7,4,6,9,3,6,2,7,2,5,1,0,0,3,2,8,2,1,9,2,0,4,2,7,2,5,0
337,0,1,1,4,0,1,17,3,6,2,6,4,5,7,0,0,3,2,8,1,2,2,0,1,1,2,7,5,5,7
337,0,1,1,4,0,2,0,3,6,2,6,3,5,7,0,0,3,2,1,1,2,2,3,2,5,3,0,2,5,13
284,0,0,1,0,0,1,5,3,5,2,9,4,5,7,0,0,3,2,1,2,1,2,0,1,0,2,0,2,5,13
284,0,2,1,7,4,6,17,3,5,2,6,1,5,7,0,0,3,2,8,2,1,2,3,2,5,3,0,2,5,10
195,4,0,1,7,0,0,11,3,5,2,9,2,5,1,2,0,3,2,8,2,1,7,0,1,1,1,7,5,5,12
195,4,0,1,4,0,1,17,3,5,2,6,4,5,1,0,0,3,2,8,2,1,2,3,2,5,3,0,2,5,16
812,3,0,1,4,0,3,9,3,5,2,7,2,5,1,5,0,0,2,6,2,1,9,0,0,0,2,3,2,5,11
812,3,4,1,4,0,4,9,3,5,2,6,1,5,1,0,0,0,2,8,2,1,2,3,2,5,3,3,2,5,10
433,5,2,1,4,0,1,0,3,5,2,12,4,5,7,0,0,3,2,8,1,1,2,3,2,5,3,7,5,5,1
530,4,0,1,4,0,4,17,3,6,3,9,1,5,1,0,0,0,2,1,2,2,2,1,0,3,2,7,2,5,3
530,4,1,1,2,0,2,0,3,6,3,6,4,5,1,0,0,0,2,8,2,2,2,3,2,5,3,0,2,5,1
570,2,4,0,0,0,0,5,3,5,2,9,4,5,1,0,0,0,2,8,2,1,2,0,1,0,2,0,2,5,16
570,2,1,1,4,0,4,9,3,5,2,6,4,5,1,0,0,0,2,8,2,1,1,0,1,0,2,7,5,5,13
555,4,0,1,7,4,6,4,3,1,2,6,2,5,7,0,3,0,2,1,1,1,3,3,2,5,3,0,2,5,4
145,3,4,1,2,0,4,0,3,6,3,9,4,5,1,0,0,3,2,8,2,2,2,1,0,3,2,3,2,5,2
145,3,0,1,2,0,4,0,3,5,3,7,2,5,1,0,0,3,2,1,2,2,9,0,1,4,2,3,2,5,19
914,1,4,1,7,4,6,0,3,3,3,4,4,5,1,3,0,3,2,8,2,1,2,3,2,5,3,3,2,5,1
914,1,2,1,2,0,1,1,3,5,3,6,2,5,1,0,0,3,2,8,2,1,13,1,0,0,2,7,5,5,10
655,0,4,1,4,0,3,9,1,5,3,1,2,5,1,0,0,0,2,8,2,1,2,2,0,1,2,3,2,5,13
655,0,4,0,4,0,3,4,3,0,2,9,2,5,1,0,0,0,2,8,2,1,2,3,2,5,3,3,2,5,12
481,3,0,1,4,0,2,17,3,3,3,9,4,5,7,0,0,2,7,8,2,1,2,0,1,1,2,0,1,5,0
481,3,3,1,4,0,0,17,3,2,3,2,4,3,7,0,0,2,7,2,2,1,2,3,2,5,3,0,2,5,11
743,0,4,0,5,0,4,0,3,2,3,9,4,5,1,0,0,0,2,8,1,1,9,0,1,0,2,3,2,5,16
416,0,1,1,4,0,4,4,3,5,2,14,7,5,1,0,0,3,7,8,1,1,9,3,2,5,3,3,2,5,3
506,1,4,1,2,0,1,5,3,2,2,7,4,5,1,0,3,0,4,2,2,2,2,0,1,4,2,0,2,5,12
506,1,1,1,4,2,0,8,3,5,3,7,3,5,1,0,3,0,4,8,2,2,1,3,2,5,3,0,2,5,11
506,1,1,1,4,0,2,4,3,5,2,2,3,5,1,0,3,0,4,8,2,2,1,0,1,3,2,7,5,5,1
438,2,4,1,1,0,1,14,0,6,2,7,3,5,7,0,0,3,2,8,2,1,2,2,0,3,2,0,2,5,3
438,2,1,1,1,2,2,7,3,5,2,2,3,5,7,0,0,3,2,8,2,1,5,3,2,5,3,0,2,5,1
157,1,4,0,4,0,3,7,3,5,2,2,2,5,7,0,0,3,2,1,2,1,7,0,1,1,2,4,2,5,1
157,1,1,1,4,0,2,4,3,3,2,7,4,5,7,0,0,3,2,1,2,1,2,1,1,4,2,1,2,5,0
590,5,2,1,2,0,2,17,0,2,2,7,4,5,7,0,0,0,2,8,1,1,1,2,0,0,2,0,2,5,17
1018,3,1,1,4,0,2,0,3,2,2,12,7,5,7,0,0,3,2,8,2,1,1,2,1,3,2,2,2,5,3
1018,3,1,1,4,0,3,5,3,3,2,9,4,5,7,0,0,3,2,2,2,1,7,2,1,3,2,7,2,1,10
479,6,1,1,4,4,0,7,4,0,2,7,2,5,7,4,0,3,2,8,1,1,9,3,2,5,3,7,5,5,3
108,3,0,1,4,0,1,5,3,3,2,6,4,5,7,0,3,3,4,8,2,3,3,0,0,0,2,7,5,5,0
108,3,2,1,4,0,0,0,3,3,2,9,4,5,7,0,3,3,4,8,2,3,2,0,1,1,2,1,5,5,12
108,3,2,1,7,4,6,8,3,3,2,7,1,3,7,0,3,3,4,8,2,3,2,3,2,5,3,0,5,5,1
108,3,2,1,1,0,2,5,3,3,2,9,2,5,7,0,3,3,4,2,2,3,2,3,2,5,3,0,5,5,10
136,0,2,1,4,0,2,10,3,2,2,9,4,5,0,0,0,3,2,8,2,1,2,0,1,1,2,0,5,5,9
136,0,0,1,4,0,3,3,3,6,2,9,2,5,0,0,0,3,2,8,2,1,7,2,1,4,2,3,2,5,9
758,5,1,1,4,0,1,0,3,0,2,7,7,5,7,0,0,0,2,2,2,1,2,0,1,0,2,0,2,5,10
758,5,1,1,4,2,3,0,3,2,2,7,4,5,7,4,0,0,2,8,2,1,2,2,1,1,2,2,2,1,10
990,4,4,1,4,0,1,7,3,2,2,7,1,5,1,0,0,3,2,2,2,1,2,0,1,0,2,7,5,5,10
990,4,1,1,1,1,2,17,3,0,2,3,4,5,1,0,0,3,2,8,2,1,2,3,2,5,3,0,2,5,11
393,6,0,1,1,0,2,3,3,1,2,9,4,5,7,0,0,3,2,8,1,1,1,0,1,4,2,3,2,5,3
157,5,4,0,4,4,2,9,3,2,2,9,1,5,1,0,0,3,2,8,2,1,2,3,2,5,3,3,2,5,1
157,5,0,1,4,0,2,9,3,2,2,9,4,5,1,0,0,3,2,8,2,1,2,2,0,4,2,3,2,5,0
484,5,1,1,1,0,3,7,3,0,2,7,2,5,1,0,0,3,2,8,1,1,2,3,2,5,3,7,4,5,3
576,0,3,1,4,4,4,7,3,0,2,6,2,5,0,0,0,3,2,8,2,1,2,3,2,5,3,0,0,5,3
576,0,1,1,4,0,2,7,3,1,2,7,7,5,0,0,0,3,2,8,2,1,7,0,1,1,2,0,2,5,10
213,2,1,1,1,0,0,9,3,5,2,6,0,5,7,5,3,3,4,8,2,1,3,2,1,0,2,3,2,5,13
213,2,2,1,7,4,6,5,3,5,2,9,2,5,7,4,3,3,4,1,2,1,2,3,2,5,3,0,2,5,1
16,2,2,1,4,0,3,7,3,5,2,6,0,1,1,0,0,0,2,2,2,2,2,0,1,2,2,0,2,5,1
16,2,0,1,2,2,1,9,3,6,2,6,0,5,1,0,0,0,2,8,2,2,2,2,0,0,2,0,2,1,10
329,1,2,1,4,0,0,7,1,5,2,7,0,5,7,0,0,3,8,8,2,1,2,0,1,1,2,0,2,5,10
329,1,3,1,4,0,0,4,3,5,2,6,2,5,7,0,0,3,8,2,2,1,2,3,2,5,3,0,2,5,17
345,0,1,1,0,2,1,7,3,5,2,6,6,5,1,1,0,3,2,8,2,1,2,3,2,5,3,0,2,5,2
345,0,4,0,7,4,6,7,0,5,3,6,1,5,1,5,0,3,2,8,2,1,9,2,1,1,1,7,2,6,12
180,0,0,1,1,2,1,7,3,5,3,7,4,5,1,0,3,3,4,1,2,3,2,0,1,0,2,1,2,5,11
180,0,0,1,4,0,0,8,3,5,3,9,6,5,1,0,3,3,4,8,2,3,4,3,2,5,3,7,5,5,12
180,0,2,1,7,2,2,0,3,1,2,9,2,1,1,0,3,3,4,1,2,3,2,3,2,5,3,0,2,5,13
305,0,2,1,4,0,4,7,3,2,3,2,2,5,7,0,0,3,2,8,2,2,2,0,1,1,2,3,2,5,13
305,0,2,1,4,0,1,5,3,2,3,7,2,5,7,2,0,3,2,8,2,2,2,3,2,5,3,3,2,5,9
408,5,4,1,4,0,2,10,3,5,3,9,2,5,7,0,0,3,2,2,2,1,2,2,1,0,2,7,5,6,10
408,5,0,1,4,0,3,0,3,1,3,7,4,5,7,0,0,3,2,8,2,1,2,3,2,5,3,3,2,5,9
899,6,0,1,1,0,1,8,3,1,3,9,4,5,1,0,3,3,4,8,1,1,3,0,1,0,2,7,5,5,12
403,5,3,1,1,2,3,5,3,1,3,9,2,5,0,0,0,3,2,8,1,1,3,3,2,5,3,3,2,5,3
280,3,0,1,4,0,0,9,3,2,2,7,2,5,1,0,0,3,2,1,2,2,3,0,1,1,1,0,2,5,10
280,3,0,1,4,0,2,7,4,6,3,7,2,5,1,0,0,3,2,2,2,2,4,1,0,2,2,3,2,5,13
39,2,0,1,4,0,1,5,3,5,2,7,4,5,2,0,0,3,2,1,2,1,2,3,2,5,3,3,2,5,1
39,2,2,1,4,0,1,8,3,5,2,7,0,5,2,0,0,3,2,8,2,1,11,3,2,5,3,3,2,5,10
953,0,0,1,4,0,1,7,3,5,3,9,2,5,7,0,3,3,4,8,3,1,9,0,1,4,2,0,2,5,3
953,0,4,1,4,0,1,5,3,1,3,1,4,5,7,0,3,3,4,8,3,1,1,0,1,1,2,1,2,5,10
953,0,0,1,4,0,3,12,3,6,3,7,7,5,7,0,3,3,4,8,3,1,2,3,2,5,3,7,2,5,12
578,0,0,1,4,0,3,0,3,6,3,6,4,5,0,3,0,0,2,8,2,4,2,0,0,0,2,7,5,5,1
578,0,0,1,1,0,2,0,4,6,3,7,4,5,0,0,0,0,2,2,2,4,2,3,2,5,3,7,5,5,11
578,0,0,1,7,0,6,14,3,5,3,6,4,5,0,0,0,0,2,2,2,4,9,3,2,5,3,7,5,5,12
578,0,0,1,7,0,1,7,3,5,3,6,1,5,0,0,0,0,2,8,2,4,7,0,0,0,2,3,2,5,0
578,0,0,1,1,0,2,5,3,5,3,6,4,5,0,0,0,0,2,8,2,4,3,0,1,1,2,0,2,5,18
526,0,1,1,4,0,2,5,3,5,2,7,4,5,0,0,3,0,2,8,2,1,4,2,1,1,2,7,5,5,4
526,0,0,1,4,0,3,3,0,5,3,7,0,5,0,0,3,0,2,8,2,1,2,2,1,0,2,7,5,5,3
126,6,2,1,4,0,2,14,3,5,2,6,3,5,1,0,0,3,2,8,2,1,2,3,2,5,3,0,2,5,4
126,6,1,1,4,0,3,9,3,5,3,9,7,5,1,0,0,3,2,8,2,1,2,0,1,0,2,0,2,5,3
473,4,0,1,1,0,4,0,0,1,3,1,4,5,1,0,0,3,2,8,1,1,2,3,2,5,3,3,2,5,11
646,3,2,1,1,0,2,9,3,0,2,7,7,5,1,0,0,0,5,8,1,1,2,0,1,0,2,0,2,5,3
163,4,2,1,1,0,0,5,3,3,2,9,7,5,3,0,3,3,4,8,2,1,2,0,1,0,2,0,2,5,1
163,4,0,1,1,0,2,0,3,5,2,7,7,5,3,0,3,3,4,8,2,1,2,3,2,5,3,3,2,5,9
999,0,0,1,1,0,2,5,3,5,3,7,7,5,1,0,3,3,2,5,1,1,2,1,0,2,2,3,2,5,3
160,6,0,1,1,0,1,5,3,2,3,7,1,5,0,0,0,3,2,8,3,1,2,0,1,0,2,0,2,5,1
160,6,0,1,1,0,2,8,3,5,2,7,2,5,0,0,0,3,2,2,3,1,4,1,1,2,2,3,2,5,3
160,6,4,0,7,4,2,7,3,1,2,7,7,5,0,0,0,3,2,8,3,1,3,3,2,5,3,7,5,5,3
165,3,2,1,4,0,3,0,3,5,2,12,4,5,1,0,3,3,2,8,1,1,2,2,1,3,2,7,5,5,3
481,4,1,1,4,0,3,0,3,6,2,6,2,5,1,0,0,0,2,8,2,1,3,0,1,0,2,7,5,5,1
481,4,1,1,1,0,4,4,3,5,2,6,2,5,1,0,0,0,2,8,2,1,2,3,2,5,3,3,2,5,1
82,5,1,1,1,0,2,1,3,2,2,6,2,5,0,0,0,3,2,8,1,1,3,2,1,3,2,0,2,5,3
262,2,2,1,1,2,2,0,3,5,2,12,6,5,1,0,0,3,2,8,2,1,13,3,2,5,3,1,2,5,16
262,2,3,1,1,0,1,5,0,6,2,12,4,5,1,4,0,3,2,2,2,1,2,0,0,1,2,0,2,5,1
55,0,2,1,1,0,3,4,3,6,2,6,2,5,0,5,0,3,2,2,3,1,2,1,0,0,2,0,2,5,10
55,0,0,1,1,0,1,4,3,6,2,6,2,5,0,0,0,3,2,8,3,1,2,3,2,5,3,0,2,5,13
55,0,4,1,4,0,3,0,0,3,2,12,2,5,0,0,0,3,2,2,3,1,2,0,1,0,2,0,2,5,1
506,6,0,1,4,0,4,17,3,0,2,14,2,5,3,0,0,0,7,2,2,1,4,0,1,1,1,0,2,5,1
506,6,4,0,4,0,1,0,3,3,2,7,2,5,3,0,0,0,7,8,2,1,2,3,2,5,3,0,2,5,16
552,5,0,1,1,0,2,10,3,4,2,7,4,5,7,0,3,0,6,8,1,1,3,0,1,1,2,1,2,5,13
64,4,4,1,1,0,2,9,3,3,2,7,2,5,1,0,0,3,2,2,2,3,3,3,2,5,3,0,2,5,4
64,4,0,1,1,0,0,7,3,5,2,9,4,5,1,0,0,3,2,8,2,3,3,0,1,0,2,1,2,5,16
64,4,0,1,1,0,6,0,0,0,2,7,4,5,1,0,0,3,2,8,2,3,2,3,2,5,3,3,2,5,12
64,4,0,1,4,0,0,0,3,0,2,7,4,5,1,0,0,3,2,8,2,3,2,2,0,4,2,0,2,5,9
228,3,3,1,7,0,2,10,3,6,2,4,4,5,1,0,0,3,3,8,1,1,2,0,1,0,2,0,2,5,13
235,1,1,1,1,2,0,10,3,6,2,1,4,5,7,0,3,3,4,8,3,5,2,3,2,5,3,3,2,5,12
235,1,3,1,4,0,2,0,3,3,2,2,2,5,7,0,3,3,4,8,3,5,4,0,1,0,2,3,2,5,11
235,1,3,1,4,0,1,7,3,6,3,6,2,5,7,4,3,3,4,1,3,5,2,1,1,3,2,0,2,5,1
235,1,3,1,4,0,1,8,3,6,3,7,2,5,7,0,3,3,4,8,3,5,2,1,0,1,2,0,2,5,1
235,1,1,1,4,0,2,5,3,6,3,6,4,5,7,0,3,3,4,2,3,5,2,0,1,4,2,3,2,5,1
357,0,4,1,4,2,4,0,3,6,3,6,2,5,1,0,0,3,0,8,2,1,7,3,2,5,3,3,2,5,4
357,0,0,1,2,0,4,0,3,6,3,7,2,5,1,0,0,3,0,8,2,1,3,0,1,1,2,0,2,5,0
418,2,1,1,4,0,6,5,3,3,3,9,4,5,1,0,3,0,3,8,2,2,2,1,1,1,2,0,2,5,9
418,2,1,1,4,0,4,17,3,3,3,6,7,7,1,0,3,0,3,8,2,2,2,3,2,5,3,0,2,5,2
418,2,1,1,4,0,1,7,3,3,2,9,7,5,1,0,3,0,3,8,2,2,7,1,1,3,2,0,2,5,9
909,6,0,1,4,0,1,0,4,6,3,12,2,5,0,0,0,0,4,8,2,1,2,3,2,5,3,7,5,5,10
909,6,2,1,4,0,2,0,3,3,2,6,2,2,0,0,0,0,4,8,2,1,7,0,1,1,2,7,2,5,13
388,5,3,1,1,0,2,0,3,2,2,7,7,5,7,4,0,0,2,8,2,2,4,2,0,1,2,0,2,5,12
388,5,3,1,7,2,2,0,3,3,2,7,4,5,7,0,0,0,2,8,2,2,13,2,1,4,2,7,5,5,1
388,5,0,1,4,0,2,5,3,3,2,2,7,5,7,0,0,0,2,2,2,2,2,2,1,0,2,7,5,5,13
232,5,4,0,4,2,2,7,3,6,2,6,2,5,0,5,0,3,2,8,2,1,2,2,0,4,2,7,5,1,10
232,5,0,1,3,0,1,8,3,6,2,7,2,5,0,0,0,3,2,2,2,1,2,2,0,2,2,0,2,5,3
860,3,0,1,4,0,2,14,3,6,2,6,2,6,1,0,3,0,4,8,1,3,2,3,2,5,3,7,5,5,10
860,3,0,1,4,0,4,7,3,6,2,6,2,5,1,0,3,0,4,8,1,3,2,0,1,0,2,7,5,5,9
860,3,0,1,4,0,0,8,3,3,2,6,2,2,1,2,3,0,4,10,1,3,2,3,2,5,3,0,2,5,10
364,4,4,1,1,0,1,14,3,3,2,2,4,2,0,0,3,3,2,1,2,1,2,0,1,1,2,0,2,5,9
364,4,1,1,1,0,1,5,3,3,2,6,4,1,0,0,3,3,2,8,2,1,2,0,1,0,2,0,2,5,11
965,1,0,1,1,0,2,0,3,2,2,7,0,1,1,0,3,3,2,8,1,1,2,1,0,0,2,0,2,5,0
322,4,0,1,4,0,2,17,3,6,3,7,2,5,7,0,3,3,2,8,2,1,2,1,0,0,2,7,5,5,10
322,4,3,1,7,4,6,0,3,2,2,2,5,7,7,0,3,3,2,1,2,1,2,2,1,3,1,0,2,5,13
928,5,0,1,4,0,3,0,3,0,3,12,4,5,0,0,3,0,7,2,2,1,2,2,0,1,1,7,5,6,10
928,5,3,1,4,0,3,16,4,6,3,2,2,5,0,0,3,0,7,10,2,1,2,0,1,0,2,7,5,5,11
211,0,0,1,4,2,3,17,3,3,3,6,4,5,1,0,3,3,2,8,2,1,2,3,2,5,3,7,5,5,9
211,0,1,1,4,0,7,14,3,1,2,7,7,5,1,0,3,3,2,10,2,1,2,2,0,1,2,7,5,6,11
462,4,3,1,4,0,2,0,3,3,3,2,2,4,1,0,3,0,0,10,2,2,3,0,0,1,1,7,5,5,10
462,4,0,1,4,0,1,0,0,0,2,7,0,5,1,0,3,0,0,10,2,2,2,3,2,5,3,0,2,5,11
462,4,0,1,1,0,2,0,0,3,3,7,0,5,1,0,3,0,0,8,2,2,2,2,1,1,2,0,2,5,3
930,1,2,1,4,0,1,8,1,2,2,6,2,1,1,0,3,0,3,8,2,1,2,2,1,0,2,0,2,5,7
930,1,3,1,2,2,2,5,1,3,2,7,2,5,1,0,3,0,3,2,2,1,13,0,1,4,2,0,2,5,3
491,0,1,1,4,0,3,5,3,1,2,7,2,5,1,0,3,0,3,2,1,1,9,3,2,5,3,0,2,5,0
428,0,4,1,4,0,1,0,0,6,2,9,2,5,1,0,0,0,2,8,2,1,2,3,2,5,3,0,2,5,12
428,0,0,1,1,0,1,5,3,3,2,9,6,5,1,0,0,0,2,8,2,1,2,1,1,3,2,7,5,5,1
180,2,4,1,2,2,3,5,3,2,2,6,4,5,1,2,3,3,4,8,2,1,2,1,1,3,2,0,2,5,1
180,2,0,1,1,0,0,5,3,6,2,1,7,9,1,0,3,3,4,8,2,1,2,3,2,5,3,7,5,5,10
95,1,2,1,4,0,3,5,0,6,2,6,7,6,1,0,3,3,4,8,2,2,2,0,0,0,2,0,2,5,10
95,1,2,1,7,4,6,0,3,2,2,4,7,5,1,0,3,3,4,6,2,2,2,0,1,1,2,0,2,5,0
95,1,4,1,4,2,2,0,4,6,3,14,6,9,1,0,3,3,4,8,2,2,2,3,2,5,3,0,2,5,1
1015,0,3,1,0,0,2,0,3,6,2,9,4,5,7,0,0,3,2,2,2,1,2,0,1,2,2,7,5,5,12
1015,0,1,1,4,0,2,10,0,3,2,9,7,5,7,0,0,3,2,1,2,1,2,3,2,5,3,7,5,5,0
526,6,0,1,4,0,3,0,3,0,2,4,7,5,7,0,0,0,7,8,2,1,9,3,2,5,3,0,2,5,12
526,6,4,1,4,0,0,10,3,1,2,9,4,5,7,0,0,0,7,8,2,1,13,0,1,0,2,0,2,5,9
999,6,0,1,4,0,1,10,3,5,2,9,7,5,1,0,0,3,3,8,1,1,7,1,0,0,2,0,2,5,18
339,1,1,1,4,0,4,0,3,6,2,6,4,5,1,0,0,3,2,8,1,1,4,1,0,0,2,0,2,5,10
433,6,0,1,4,0,3,4,3,1,2,6,0,0,1,2,0,0,2,8,2,1,2,1,0,1,2,3,2,5,10
433,6,1,1,4,0,0,0,3,3,2,6,7,5,1,0,0,0,2,8,2,1,2,3,2,5,3,3,2,5,10
195,3,1,1,0,0,2,5,3,0,2,6,4,0,3,0,0,3,2,8,2,1,9,0,1,3,2,0,2,5,0
195,3,4,1,4,0,2,7,3,6,2,6,1,5,3,0,0,3,2,2,2,1,4,3,2,5,3,7,5,5,12
113,3,2,1,1,2,4,8,3,6,2,6,4,5,1,0,0,3,2,6,2,1,2,0,1,0,2,7,5,5,2
113,3,1,1,7,4,6,4,3,6,2,6,7,5,1,0,0,3,2,8,2,1,2,2,1,0,2,7,5,1,16
444,5,0,1,4,0,3,6,3,3,2,9,7,5,1,0,0,0,2,1,1,1,4,3,2,5,3,0,2,5,13
217,3,3,1,4,4,6,8,3,2,2,9,1,5,1,0,0,3,3,8,2,1,2,0,1,0,2,7,2,5,0
217,3,3,1,4,0,0,4,3,6,2,7,1,5,1,0,0,3,3,8,2,1,9,0,1,1,2,0,2,5,11
251,6,0,1,4,2,1,4,3,2,2,2,4,5,0,3,0,3,4,1,3,2,2,3,2,5,3,0,2,5,0
251,6,2,1,7,0,7,0,3,6,2,1,7,5,0,0,0,3,4,1,3,2,9,0,1,1,2,7,5,5,10
251,6,2,1,4,0,3,0,3,6,3,4,4,5,0,0,0,3,4,8,3,2,2,3,2,5,3,3,2,5,9
251,6,2,1,4,2,1,7,4,6,3,9,7,9,0,0,0,3,4,8,3,2,3,2,1,1,1,0,2,1,0
815,0,0,1,4,0,2,7,3,3,2,9,7,8,0,0,0,2,2,8,2,1,13,2,0,0,1,0,2,5,13
815,0,0,1,4,0,1,0,3,1,2,6,0,5,0,0,0,2,2,8,2,1,2,3,2,5,3,0,2,5,10
994,1,4,1,4,0,0,15,3,1,2,0,4,5,2,0,3,3,7,8,1,1,2,0,1,0,2,0,2,5,9
200,1,0,1,4,0,2,7,4,6,3,13,7,5,1,0,0,3,2,2,3,1,7,1,0,1,2,0,2,5,10
200,1,1,1,4,0,1,15,3,6,2,4,7,5,1,0,0,3,2,8,3,1,7,1,1,1,2,0,2,5,0
200,1,1,1,1,0,2,4,3,6,2,9,3,5,1,0,0,3,2,8,3,1,7,0,1,0,2,0,2,5,0
484,2,0,1,0,2,2,0,0,4,2,9,4,5,7,0,0,2,2,8,2,4,2,1,0,1,2,0,2,5,11
484,2,0,1,4,0,1,7,3,2,2,7,4,5,7,0,0,2,2,8,2,4,2,2,1,0,2,0,2,5,0
484,2,0,1,4,0,1,0,0,6,2,9,7,5,7,0,0,2,2,8,2,4,2,3,2,5,3,0,2,5,3
484,2,0,1,4,0,1,0,3,0,2,10,4,1,7,0,0,2,2,8,2,4,2,1,0,0,2,7,5,5,3
418,0,0,1,4,0,2,0,3,1,2,10,4,1,1,0,3,0,2,8,2,2,3,2,0,1,2,3,2,6,11
418,0,0,1,4,0,0,0,3,6,2,6,0,5,1,0,3,0,2,8,2,2,2,0,1,4,2,3,2,5,7
209,4,4,1,4,2,1,5,3,1,2,9,4,1,1,0,0,3,7,8,2,1,3,3,2,5,3,0,2,5,10
209,4,1,1,2,2,1,7,3,6,3,9,7,5,1,0,0,3,7,8,2,1,3,0,1,1,2,0,2,5,0
884,4,0,1,7,0,6,8,3,6,1,5,7,5,1,0,0,0,2,8,1,1,2,3,2,5,3,3,2,5,12
453,5,0,1,4,2,0,8,3,3,3,9,7,5,7,0,3,3,4,8,1,1,4,3,2,5,3,3,2,5,10
456,6,4,1,4,4,4,0,3,2,0,2,7,5,0,0,0,3,2,8,2,1,2,0,1,0,1,7,5,5,11
456,6,0,1,2,0,0,3,3,6,2,6,4,5,0,2,0,3,2,8,2,1,4,3,2,5,3,1,2,5,11
944,6,1,1,0,0,0,0,3,5,2,6,2,7,7,0,0,3,2,8,1,1,2,0,1,1,2,7,5,5,12
476,0,4,0,4,0,3,10,0,6,2,6,2,0,3,0,0,3,2,2,2,4,7,2,1,0,2,7,5,5,3
476,0,1,1,2,0,0,5,3,1,3,7,4,7,3,0,0,3,2,8,2,4,13,1,0,3,2,7,5,5,1
476,0,1,1,4,0,1,10,3,1,3,7,4,5,3,0,0,3,2,8,2,4,2,0,1,0,2,0,2,5,0
476,0,1,1,0,1,1,7,3,5,2,9,2,5,3,0,0,3,2,8,2,4,2,0,1,1,2,0,2,5,9
476,0,1,1,2,0,3,5,3,6,3,7,2,5,3,0,0,3,2,8,2,4,2,3,2,5,3,0,2,5,3
165,2,4,1,1,0,2,5,3,4,3,7,4,6,1,0,0,3,2,1,2,1,2,2,1,1,2,0,2,5,4
165,2,1,1,2,0,0,3,3,2,3,7,2,5,1,3,0,3,2,8,2,1,2,0,1,0,2,0,2,5,4
398,2,4,1,2,0,2,8,0,2,2,7,4,5,7,0,3,3,2,8,2,2,2,3,2,5,3,3,2,5,11
398,2,1,1,2,0,1,8,3,1,2,7,0,6,7,0,3,3,2,8,2,2,4,0,1,4,2,3,2,5,0
398,2,1,1,4,0,0,5,3,6,2,7,2,5,7,0,3,3,2,8,2,2,2,3,2,5,3,3,2,5,1
566,4,1,1,0,0,3,5,3,1,3,2,2,5,0,4,0,0,2,8,2,1,2,0,0,0,2,3,2,5,3
566,4,0,1,0,0,1,0,3,2,3,7,4,5,0,0,0,0,2,8,2,1,2,3,2,5,3,7,5,5,10
601,1,0,1,1,0,2,7,1,1,3,4,2,5,7,0,0,0,2,8,2,1,2,0,1,0,2,3,2,5,7
601,1,4,1,1,0,0,17,3,6,2,9,0,5,7,0,0,0,2,8,2,1,7,3,2,5,3,3,2,5,5
448,4,3,1,4,0,6,7,0,3,2,7,2,5,7,0,0,0,2,1,2,1,2,0,0,0,2,3,2,5,1
448,4,4,1,7,4,6,0,3,6,2,6,2,5,7,0,0,0,2,8,2,1,2,2,0,0,2,0,2,5,3
929,6,4,0,1,0,2,8,3,6,2,4,5,5,7,0,0,0,2,8,2,1,4,3,2,5,3,7,5,5,9
929,6,3,1,4,0,1,0,3,0,2,4,0,5,7,0,0,0,2,8,2,1,2,0,1,1,2,0,2,5,18
990,1,1,1,4,0,2,9,3,6,2,7,2,5,7,0,3,3,4,8,2,1,2,0,1,0,2,0,2,5,1
990,1,1,1,2,0,1,0,1,3,3,3,2,5,7,0,3,3,4,2,2,1,2,3,2,5,3,3,2,5,3
304,2,1,1,4,0,0,7,3,5,3,6,1,5,7,0,0,3,2,8,1,1,9,0,1,0,2,0,2,5,12
109,5,0,1,4,0,0,9,3,1,2,2,4,5,1,0,0,3,2,8,2,2,2,3,2,5,3,0,2,5,9
109,5,0,1,4,0,2,14,1,2,2,3,4,7,1,0,0,3,2,8,2,2,2,3,2,5,3,7,5,5,0
197,1,3,1,3,0,7,5,3,3,2,6,7,5,7,0,3,3,4,8,2,2,7,0,1,1,2,0,2,5,17
197,1,3,1,4,0,2,5,3,1,2,7,2,0,7,0,3,3,4,8,2,2,4,3,2,5,3,0,2,5,10
197,1,1,1,4,0,0,5,3,0,3,6,4,5,7,3,3,3,4,8,2,2,2,0,1,0,2,0,2,5,3
177,2,4,0,4,0,1,0,3,1,3,6,2,7,1,0,3,3,2,8,1,1,2,3,2,5,3,0,2,5,10
1041,5,4,1,4,0,3,5,3,6,2,7,0,3,7,0,0,3,2,2,2,1,3,0,1,1,2,0,2,5,0
1041,5,2,1,4,2,2,17,3,0,2,6,4,6,7,0,0,3,2,8,2,1,7,3,2,5,3,3,2,5,11
141,2,4,1,2,0,0,9,3,6,2,9,4,5,3,4,0,3,2,8,2,1,2,2,1,3,2,7,5,5,10
141,2,2,1,4,0,3,0,3,5,3,7,2,5,3,0,0,3,2,8,2,1,2,0,1,1,2,3,2,5,10
673,6,1,1,4,0,0,14,3,1,3,6,0,5,3,4,0,0,2,8,1,1,3,3,2,5,3,0,2,5,0
239,2,2,1,4,0,1,0,3,2,3,6,4,7,1,0,3,3,2,6,3,4,2,0,1,4,2,7,5,5,10
239,2,2,1,4,0,3,5,4,6,3,6,7,5,1,0,3,3,2,8,3,4,2,3,2,5,3,7,5,5,0
239,2,2,1,4,0,1,7,3,2,2,7,2,6,1,0,3,3,2,8,3,4,2,3,2,5,3,0,2,5,10
239,2,1,1,1,0,2,8,3,6,2,2,4,5,1,0,3,3,2,2,3,4,2,0,1,1,2,0,2,5,10
170,1,0,1,7,4,6,17,3,5,2,4,4,5,3,0,0,3,2,8,2,1,2,0,1,2,2,0,2,5,10
170,1,1,1,1,0,0,5,3,0,2,6,0,5,3,0,0,3,2,8,2,1,2,3,2,5,3,3,2,5,0
695,2,0,1,1,0,2,0,3,5,2,2,4,5,1,0,0,0,3,8,2,2,13,0,0,0,2,0,2,5,1
695,2,0,1,1,0,2,10,3,6,3,6,4,5,1,0,0,0,3,2,2,2,2,0,1,3,1,3,2,5,9
471,3,4,1,4,0,0,0,3,6,2,6,7,5,1,0,0,3,3,2,1,1,7,3,2,5,3,0,2,5,1
343,3,0,1,4,0,2,5,3,6,3,9,2,5,1,0,3,3,2,8,1,1,2,2,1,1,2,0,2,5,10
992,3,0,1,4,0,2,9,3,2,3,6,2,5,1,0,0,3,2,8,2,1,2,0,0,0,2,7,5,5,16
992,3,1,1,4,0,1,6,3,2,3,9,4,5,1,0,0,3,2,2,2,1,2,2,0,1,2,7,5,6,13
678,6,4,1,4,0,0,9,3,1,3,6,0,5,7,0,0,0,2,2,1,1,2,3,2,5,3,3,2,5,13
550,3,4,0,4,0,2,5,3,1,2,6,0,5,0,0,0,0,2,8,2,1,2,0,1,1,2,0,2,5,1
550,3,1,1,4,0,4,0,4,6,2,7,2,5,0,0,0,0,2,8,2,1,2,3,2,5,3,0,2,5,11
369,0,4,1,4,0,2,5,3,5,2,7,2,5,0,0,0,3,2,8,1,1,4,0,1,3,1,3,2,5,12
581,5,0,1,4,2,2,14,3,3,2,9,2,5,1,0,0,2,2,2,2,3,3,3,2,5,3,0,2,5,0
581,5,0,1,7,2,2,8,3,5,3,2,2,5,1,0,0,2,2,8,2,3,4,0,1,0,2,0,2,5,0
581,5,0,1,4,0,2,0,0,5,2,2,0,5,1,0,0,2,2,8,2,3,2,3,2,5,3,7,2,5,16
106,5,3,1,2,0,1,0,3,1,2,9,0,5,3,0,0,3,2,8,2,2,2,0,1,1,2,0,2,5,10
106,5,3,1,0,0,2,17,3,6,2,6,2,6,3,0,0,3,2,6,2,2,2,1,1,0,2,3,2,5,12
479,4,0,1,4,0,3,7,3,2,2,6,2,6,1,2,0,3,2,8,1,2,4,1,1,2,2,3,2,5,1
479,4,0,1,4,0,4,0,3,1,3,9,2,5,1,0,0,3,2,8,1,2,2,3,2,5,3,7,2,5,0
579,0,4,1,1,0,2,10,3,2,3,2,7,5,0,0,0,0,2,1,2,1,13,3,2,5,3,3,2,5,10
579,0,0,1,1,0,1,10,3,6,3,7,2,5,0,0,0,0,2,8,2,1,2,0,0,0,2,0,2,5,3
1024,5,0,1,4,0,1,0,3,6,3,6,2,5,1,0,0,3,2,8,2,1,2,3,2,5,3,0,2,5,11
1024,5,4,1,4,0,0,9,3,6,3,7,2,5,1,0,0,3,2,8,2,1,2,0,1,0,2,7,2,5,3
423,0,3,1,4,0,1,9,3,6,3,7,2,5,7,0,0,3,2,8,2,1,2,2,1,0,2,0,2,4,9
423,0,4,1,4,0,1,5,3,6,3,14,6,5,7,0,0,3,2,2,2,1,3,3,2,5,3,0,2,5,10
680,4,3,1,4,0,3,0,0,1,3,9,2,9,1,0,0,0,2,8,2,1,3,0,0,3,1,0,2,5,10
680,4,3,1,2,0,4,8,3,4,3,2,4,5,1,0,0,0,2,8,2,1,2,0,1,0,2,3,2,5,10
295,4,4,1,4,0,1,8,4,6,3,7,4,5,7,0,0,3,2,8,3,1,2,3,2,5,3,0,2,5,0
295,4,1,1,2,0,3,5,3,5,3,7,1,5,7,3,0,3,2,8,3,1,9,2,0,4,2,0,2,1,0
295,4,0,1,4,0,3,0,3,5,2,9,2,5,7,0,0,3,2,2,3,1,2,0,1,1,2,7,2,5,9
388,4,4,1,2,0,2,14,3,5,3,6,1,5,1,2,0,3,2,8,1,2,2,0,1,0,2,0,2,5,1
388,4,4,1,4,0,3,6,3,5,2,4,2,5,1,0,0,3,2,2,1,2,2,0,1,0,1,7,5,5,12
442,1,0,1,4,0,0,17,0,6,2,9,0,5,1,0,0,3,2,8,2,2,2,3,2,5,3,7,5,5,9
442,1,0,1,4,0,1,7,3,6,2,6,5,5,1,0,0,3,2,6,2,2,2,3,2,5,3,7,5,5,3
442,1,1,1,1,0,1,0,3,1,3,7,6,5,1,2,0,3,2,8,2,2,2,0,1,1,2,3,2,5,3
484,0,1,1,1,1,2,0,3,5,3,2,7,5,1,0,0,3,2,8,1,1,2,0,1,1,2,3,2,5,5
727,4,0,1,4,0,2,17,3,3,3,4,6,5,3,0,0,0,2,8,3,1,2,3,2,5,3,0,2,5,11
727,4,1,1,2,2,2,11,3,5,2,1,1,5,3,0,0,0,2,8,3,1,13,0,1,0,2,3,2,5,12
727,4,1,1,4,0,3,0,3,5,2,0,4,5,3,0,0,0,2,8,3,1,4,2,1,4,2,0,2,5,3
506,4,0,1,4,0,4,7,3,5,2,7,2,5,1,0,0,3,2,1,1,1,1,2,1,3,2,3,2,1,9
413,0,1,1,4,1,4,0,3,5,3,7,2,5,1,0,0,3,2,6,2,3,2,0,1,1,2,1,2,5,3
413,0,1,1,4,0,3,7,3,5,2,4,2,9,1,0,0,3,2,8,2,3,2,3,2,5,3,0,2,5,12
413,0,1,1,2,2,2,5,0,1,3,7,2,5,1,0,0,3,2,6,2,3,2,2,0,0,2,0,2,1,1
398,6,3,1,1,2,2,8,0,6,3,6,7,5,1,0,0,3,2,8,2,1,4,3,2,5,3,0,2,5,0
398,6,0,1,4,0,1,10,3,5,3,14,7,5,1,0,0,3,2,8,2,1,2,0,1,0,2,0,2,5,12
709,0,0,1,4,0,1,0,3,6,3,6,2,5,7,0,0,0,2,8,2,4,3,1,0,4,2,0,2,5,3
709,0,0,1,0,0,2,8,3,6,3,6,4,5,7,0,0,0,2,4,2,4,4,2,1,1,2,0,2,5,9
709,0,1,1,4,2,1,0,1,5,3,7,7,5,7,0,0,0,2,8,2,4,2,0,1,3,2,3,2,5,10
709,0,1,1,7,4,6,5,0,1,3,7,7,5,7,0,0,0,2,2,2,4,2,3,2,5,3,3,2,5,0
574,0,1,1,4,0,1,0,3,5,2,7,4,5,0,0,0,3,2,8,2,1,2,2,0,1,1,3,2,5,0
574,0,1,1,4,0,2,5,3,3,3,7,7,5,0,0,0,3,2,8,2,1,13,3,2,5,3,0,2,5,10
64,1,0,1,4,0,1,5,4,6,3,9,4,5,1,0,0,3,2,8,2,1,2,0,1,0,1,7,2,5,0
64,1,4,1,1,0,0,5,3,1,2,2,4,5,1,0,0,3,2,1,2,1,2,0,1,1,1,7,2,5,3
448,6,4,1,2,0,6,10,3,1,3,6,0,5,4,0,0,0,2,8,2,1,2,0,1,4,2,3,2,5,0
448,6,4,1,4,2,0,0,3,1,3,2,7,5,6,0,0,0,2,8,2,1,2,2,1,3,2,0,2,5,10
360,5,2,1,4,0,1,7,3,1,3,7,2,5,7,2,0,3,2,8,2,2,2,2,1,4,2,1,2,5,1
360,5,1,1,4,0,0,7,3,6,3,14,7,5,7,0,0,3,2,6,2,2,2,0,0,0,2,2,2,5,10
360,5,1,1,1,0,3,7,3,0,3,12,7,3,7,0,0,3,2,2,2,2,2,3,2,5,3,0,2,5,4
466,4,4,1,4,0,1,0,3,2,3,6,2,6,1,4,0,3,2,8,2,1,2,3,2,5,3,0,2,5,10
466,4,2,1,4,0,1,7,3,4,3,7,7,3,1,0,0,3,2,8,2,1,2,0,1,1,2,0,2,5,16
580,3,4,1,4,0,1,5,3,5,3,6,4,5,0,0,0,3,2,2,2,1,2,2,0,1,2,7,2,1,5
580,3,0,1,4,0,1,9,3,6,3,7,4,5,0,0,0,3,2,8,2,1,2,2,1,4,2,1,2,5,11
369,1,3,1,1,0,1,5,3,1,3,7,2,5,7,0,0,3,2,8,2,2,13,0,1,0,2,7,2,5,9
369,1,0,1,4,0,1,9,3,6,3,6,4,5,7,0,0,3,2,8,2,2,2,3,2,5,3,7,2,5,1
369,1,0,1,1,0,2,5,3,6,2,7,0,5,7,0,0,3,2,6,2,2,2,0,1,1,2,7,2,5,0
989,1,0,1,1,0,1,7,3,6,3,2,7,5,7,0,0,3,2,6,3,1,2,1,0,1,2,7,5,5,1
989,1,2,1,4,0,3,5,3,6,2,6,2,5,7,0,0,3,2,1,3,1,2,0,0,1,2,0,2,5,5
989,1,1,1,4,0,3,17,3,3,2,6,2,5,7,0,0,3,2,8,3,1,9,1,0,0,2,3,2,5,12
73,6,4,1,2,0,3,11,3,1,3,7,4,7,1,0,0,3,7,8,3,3,3,1,0,3,2,7,5,5,12
73,6,4,1,4,0,2,5,3,1,3,9,4,5,1,0,0,3,7,8,3,3,2,3,2,5,3,0,2,5,0
73,6,4,1,4,2,1,7,3,5,2,9,4,5,1,0,0,3,7,1,3,3,2,0,0,0,2,0,2,5,1
73,6,4,0,1,0,0,7,3,2,1,14,2,5,1,0,0,3,7,1,3,3,3,2,0,0,1,0,2,5,1
73,6,4,0,4,0,1,0,3,5,1,7,7,5,1,0,0,3,7,8,3,3,2,2,1,0,2,0,2,5,0
273,6,0,1,4,0,2,5,3,5,2,6,6,3,7,0,0,3,2,8,2,1,3,2,1,3,2,3,2,1,0
273,6,0,1,7,4,6,8,0,5,2,12,0,5,7,0,0,3,2,8,2,1,2,3,2,5,3,7,5,5,7
902,5,2,1,1,2,2,0,3,5,2,7,2,3,0,0,3,3,2,2,2,1,2,0,1,0,2,7,5,5,16
902,5,1,1,2,1,3,17,3,2,2,7,2,8,0,0,3,3,2,8,2,1,2,0,1,1,2,0,2,5,0
1042,6,0,1,4,0,3,7,0,5,2,2,2,5,0,0,0,3,2,2,2,1,4,1,0,0,2,0,2,5,5
1042,6,1,1,4,0,0,0,4,6,3,6,6,6,0,0,0,3,2,8,2,1,4,3,2,5,3,7,5,5,3
686,1,0,1,2,2,6,14,3,6,3,7,2,6,1,3,3,3,2,8,2,1,2,0,1,1,2,3,2,5,9
686,1,1,1,4,0,1,7,0,6,2,9,0,5,1,0,3,3,2,2,2,1,7,3,2,5,3,7,5,5,10
583,5,4,0,4,0,2,17,3,6,3,6,2,5,1,0,3,0,4,8,2,1,2,3,2,5,3,7,5,5,12
583,5,1,1,4,0,1,12,3,6,3,6,4,5,1,0,3,0,4,8,2,1,2,0,1,1,2,0,2,5,17
555,3,4,1,4,0,3,17,3,4,3,6,2,5,0,0,0,3,2,2,2,1,2,2,1,0,2,0,2,5,0
555,3,0,1,1,0,2,7,1,0,3,2,6,5,0,0,0,3,2,2,2,1,2,2,1,0,2,0,2,5,10
200,0,4,1,4,0,2,5,3,6,3,6,2,5,1,0,0,3,7,8,2,2,3,3,2,5,3,0,2,5,9
200,0,0,1,0,0,0,5,3,0,3,6,2,6,1,0,0,3,7,8,2,2,2,0,1,0,2,0,2,5,12
200,0,0,1,1,0,3,5,3,6,3,6,2,6,1,0,0,3,7,8,2,2,2,1,1,0,2,0,2,5,12
511,3,0,1,1,0,2,14,3,2,2,6,2,5,0,0,0,3,2,8,2,1,2,0,0,1,2,3,2,5,10
511,3,1,1,1,0,1,5,3,6,2,7,2,5,0,0,0,3,2,8,2,1,2,1,1,1,2,0,2,5,10
545,2,4,1,1,0,1,0,3,6,2,9,0,5,7,0,0,3,2,8,2,1,2,2,0,0,2,0,2,1,16
545,2,3,1,4,0,2,0,3,6,2,2,4,5,7,0,0,3,2,8,2,1,3,2,0,1,2,7,5,5,5
403,6,0,1,4,0,0,8,3,6,2,7,2,5,1,0,0,3,0,8,2,1,2,2,0,0,1,0,2,5,1
403,6,1,1,4,0,2,15,3,6,2,1,2,5,1,0,0,3,0,8,2,1,2,1,0,3,2,0,2,5,0
494,6,1,1,4,0,2,17,3,3,2,9,6,5,3,0,0,3,2,8,2,1,3,1,0,4,2,1,2,5,3
494,6,3,1,0,0,2,0,3,2,2,6,4,5,3,0,0,3,2,8,2,1,3,3,2,5,3,7,5,5,9
228,5,2,1,4,0,3,17,3,6,2,1,7,9,7,0,0,3,2,8,2,1,2,0,1,1,2,0,2,5,9
228,5,4,1,1,0,1,3,0,6,2,6,7,6,7,3,0,3,2,8,2,1,9,2,0,4,2,3,2,1,1
64,1,2,1,4,0,2,9,3,2,2,4,7,5,1,0,0,3,2,8,2,1,9,0,1,0,2,3,2,5,12
64,1,2,1,7,4,6,8,4,6,3,14,6,9,1,3,0,3,2,8,2,1,2,3,2,5,3,1,2,5,2
413,1,1,1,4,0,2,17,3,6,2,9,4,5,3,0,0,3,2,8,2,6,2,0,1,0,2,0,2,5,5
413,1,1,1,4,0,6,7,0,3,2,9,7,5,3,0,0,3,2,8,2,6,2,3,2,5,3,0,2,5,1
413,1,3,1,4,0,6,5,3,0,2,4,7,5,3,0,0,3,2,8,2,6,2,2,0,0,1,1,2,1,3
413,1,3,1,4,0,0,0,3,1,2,9,4,5,3,0,0,3,2,2,2,6,2,2,1,3,2,3,2,5,10
413,1,3,1,0,2,2,8,3,5,2,9,7,5,3,0,0,3,2,8,2,6,2,0,1,0,2,0,2,5,0
413,1,3,1,4,0,1,5,3,6,2,6,4,5,3,0,0,3,2,1,2,6,1,1,0,0,2,0,2,5,10
334,5,1,1,4,2,2,5,3,1,2,6,0,0,0,0,0,3,2,8,2,2,3,3,2,5,3,3,2,5,10
334,5,1,1,2,0,1,3,3,3,2,6,7,5,0,0,0,3,2,2,2,2,4,3,2,5,3,0,2,5,7
334,5,0,1,4,0,3,11,3,0,2,6,4,0,0,0,0,3,2,8,2,2,2,0,1,1,2,0,2,5,16
578,5,4,1,4,0,4,11,3,6,2,6,1,5,1,0,0,0,3,8,2,1,2,0,1,1,2,0,2,5,3
578,5,0,1,4,0,4,0,3,6,2,6,4,5,1,0,0,0,3,8,2,1,2,3,2,5,3,3,2,5,5
245,0,1,1,7,2,6,0,3,6,2,6,7,5,7,0,0,3,2,8,2,1,2,3,2,5,3,1,2,5,9
245,0,3,1,4,0,1,0,3,3,2,9,7,5,7,0,0,3,2,8,2,1,2,0,1,0,2,7,5,5,17
398,3,0,1,7,4,6,7,3,2,2,9,1,5,7,0,3,3,2,6,3,1,2,3,2,5,3,3,2,5,5
398,3,4,1,1,0,5,9,3,6,2,7,1,5,7,0,3,3,2,2,3,1,2,2,0,0,2,0,2,5,1
398,3,4,1,4,0,3,0,3,2,2,2,4,5,7,0,3,3,2,8,3,1,2,0,0,0,2,0,2,5,0
13,0,4,1,4,2,3,14,3,6,2,1,7,5,7,0,0,0,2,2,2,2,2,3,2,5,3,0,2,5,10
13,0,3,1,4,0,3,0,3,6,3,4,4,5,7,0,0,0,2,8,2,2,2,0,1,1,2,0,2,5,10
13,0,3,1,4,0,3,0,4,6,3,9,7,9,7,0,0,0,2,8,2,2,2,3,2,5,3,3,2,5,12
13,2,3,1,4,2,2,0,3,3,2,9,7,8,1,0,0,0,2,8,2,1,2,0,1,1,2,0,2,5,9
13,2,4,1,4,0,4,17,3,1,2,6,0,5,1,0,0,0,2,8,2,1,3,3,2,5,3,0,2,5,9
925,6,3,1,4,0,1,17,3,1,2,0,4,5,1,0,3,3,5,8,2,2,2,2,1,0,2,7,5,6,7
925,6,3,1,4,0,6,8,4,6,3,13,7,5,1,0,3,3,5,2,2,2,3,2,1,3,2,3,2,5,0
925,6,2,1,0,0,0,16,3,6,2,4,7,5,1,0,3,3,5,8,2,2,3,0,0,0,2,0,2,5,0
822,3,4,0,4,0,0,8,3,6,2,9,3,5,0,0,0,0,2,2,1,1,2,3,2,5,3,0,2,5,12
207,4,4,1,4,0,0,7,0,4,2,9,4,5,1,0,0,3,7,8,2,1,2,3,2,5,3,0,2,5,1
207,4,2,1,5,0,2,14,3,2,2,7,4,5,1,0,0,3,7,8,2,1,2,0,1,2,2,2,2,5,1
707,1,1,1,4,0,3,8,0,6,2,9,7,5,3,0,0,0,2,8,2,1,2,3,2,5,3,1,2,5,3
707,1,3,1,4,0,3,5,3,0,2,10,4,1,3,0,0,0,2,8,2,1,2,0,1,1,2,0,2,5,0
206,2,1,1,4,0,2,5,3,1,2,10,4,1,1,0,0,3,2,8,2,1,2,0,1,1,2,3,2,5,1
206,2,0,1,4,0,1,0,3,6,2,6,0,5,1,0,0,3,2,8,2,1,13,3,2,5,3,0,2,5,5
301,1,0,1,4,0,4,0,3,1,2,9,4,1,1,0,0,3,2,8,2,2,4,3,2,5,3,7,5,5,3
301,1,2,1,4,0,0,8,3,6,3,9,7,5,1,0,0,3,2,8,2,2,2,0,1,3,2,0,2,5,10
515,6,0,1,4,0,2,8,3,6,1,5,7,5,1,0,0,3,2,8,2,1,13,3,2,5,3,0,2,5,12
515,6,4,1,4,0,4,5,3,3,3,9,7,5,1,0,0,3,2,8,2,1,5,1,1,1,2,3,2,5,12
578,2,3,1,1,0,2,9,3,2,0,2,7,5,7,0,3,3,8,8,3,4,7,3,2,5,3,3,2,5,12
578,2,3,1,4,0,1,7,3,6,2,6,4,5,7,0,3,3,8,6,3,4,2,0,1,3,2,0,2,5,0
578,2,1,1,4,0,2,14,3,5,2,6,2,7,7,0,3,3,8,2,3,4,4,0,1,3,2,0,2,5,9
578,2,3,1,1,0,2,0,0,6,2,6,2,0,7,0,3,3,8,8,3,4,3,3,2,5,3,3,2,5,3
306,0,1,1,4,0,3,0,3,1,3,7,4,7,3,0,0,3,2,8,2,1,2,2,1,3,2,0,2,5,5
306,0,0,1,4,0,0,5,3,1,3,7,4,5,3,0,0,3,2,2,2,1,4,1,0,1,2,3,2,5,1
703,0,0,1,2,0,4,14,3,5,2,9,2,5,1,0,0,0,2,8,2,2,3,1,0,1,2,0,2,5,12
703,0,0,1,1,0,3,5,3,6,3,7,2,5,1,0,0,0,2,8,2,2,2,1,0,4,2,0,2,5,1
403,1,3,1,2,2,0,11,3,4,3,7,4,6,7,0,0,3,2,8,1,1,2,1,1,4,2,0,2,5,4
469,3,1,1,4,0,1,0,3,2,3,7,2,5,1,0,0,3,2,6,2,1,3,1,0,4,2,0,2,5,9
469,3,1,1,7,0,2,0,0,2,2,7,4,5,1,0,0,3,2,6,2,1,2,1,1,4,2,0,2,5,12
501,6,2,1,2,2,1,0,3,1,2,7,0,6,0,0,0,3,2,1,3,1,1,3,2,5,3,7,5,5,10
501,6,1,1,2,0,3,17,3,6,2,7,2,5,0,0,0,3,2,8,3,1,2,0,1,4,2,0,2,5,3
501,6,1,1,4,0,0,5,3,1,3,2,2,5,0,0,0,3,2,8,3,1,2,0,1,1,2,0,2,5,0
141,2,1,1,1,0,0,5,3,2,3,7,4,5,0,0,0,3,2,8,2,2,3,3,2,5,3,7,5,5,12
141,2,1,1,2,0,0,0,1,1,3,4,2,5,0,0,0,3,2,1,2,2,2,1,0,3,2,3,2,5,12
141,2,1,1,0,0,2,14,3,6,2,9,0,5,0,0,0,3,2,1,2,2,2,2,0,1,1,0,2,5,10
505,4,0,1,7,4,6,9,0,3,2,7,2,5,1,0,0,3,2,8,2,4,2,3,2,5,3,0,2,5,4
505,4,0,1,4,0,2,9,3,6,2,6,2,5,1,0,0,3,2,8,2,4,2,0,1,2,2,3,2,5,3
505,4,0,1,1,2,2,0,3,6,2,4,5,5,1,0,0,3,2,8,2,4,2,0,1,1,2,0,2,5,3
505,4,2,1,1,0,2,9,3,0,2,4,0,5,1,0,0,3,2,2,2,4,3,3,2,5,3,1,2,5,1
1009,6,1,1,2,2,2,9,3,6,2,7,2,5,1,0,0,3,2,8,2,1,2,0,1,0,2,0,2,5,3
1009,6,4,1,4,0,2,5,1,3,3,3,2,5,1,0,0,3,2,2,2,1,2,3,2,5,3,0,2,5,0
260,1,1,1,4,2,0,0,3,5,3,6,1,5,7,0,3,3,2,8,2,2,3,3,2,5,3,7,5,5,3
260,1,1,1,4,0,1,5,3,1,2,2,4,5,7,0,3,3,2,8,2,2,3,3,2,5,3,0,2,5,3
260,1,1,1,4,2,2,17,1,2,2,3,4,7,7,0,3,3,2,2,2,2,2,0,1,1,2,0,2,5,5
475,0,1,1,4,2,3,0,3,3,2,6,7,5,1,0,0,3,2,8,1,1,2,0,0,1,2,0,2,5,3
933,6,0,1,2,0,2,14,3,1,2,7,2,0,7,0,0,3,2,8,2,1,2,3,2,5,3,0,2,5,10
933,6,1,1,2,2,1,17,3,0,3,6,4,5,7,0,0,3,2,2,2,1,2,3,2,5,3,7,5,5,3
317,0,0,1,4,0,2,17,3,1,3,6,2,7,2,0,0,3,2,2,2,1,2,0,1,0,2,0,2,5,4
317,0,1,1,1,0,1,0,3,6,2,7,0,3,2,0,0,3,2,8,2,1,2,3,2,5,3,1,2,5,16
84,1,4,1,1,0,2,14,3,0,2,6,4,6,7,0,0,3,2,8,1,1,2,0,0,1,2,7,5,5,10
149,5,4,1,4,0,0,0,3,6,2,9,4,5,1,0,0,3,2,8,1,1,2,0,1,1,2,0,2,5,3
309,2,4,1,4,0,2,7,3,5,3,7,2,5,1,0,0,3,2,8,2,1,2,3,2,5,3,7,5,5,12
309,2,1,1,7,4,6,7,3,1,3,6,0,5,1,0,0,3,2,8,2,1,2,0,1,0,2,0,2,5,12
266,6,4,1,1,0,3,0,3,2,3,6,4,7,7,0,0,3,2,8,4,5,4,3,2,5,3,0,2,5,12
266,6,4,1,1,0,4,5,4,6,3,6,7,5,7,0,0,3,2,8,4,5,2,2,0,0,2,3,2,5,12
266,6,4,1,4,0,1,5,3,2,2,7,2,6,7,0,0,3,2,8,4,5,7,2,0,4,2,0,2,6,10
266,6,2,1,1,2,0,5,3,6,2,2,4,5,7,0,0,3,2,8,4,5,2,2,0,2,2,1,2,1,9
266,6,1,1,4,2,2,0,3,5,2,4,4,5,7,0,0,3,2,8,4,5,7,1,0,1,2,0,2,5,10
266,6,0,1,4,0,1,0,3,0,2,6,0,5,7,0,0,3,2,8,4,5,2,3,2,5,3,7,5,5,0
452,1,1,1,4,0,1,10,3,5,2,2,4,5,7,0,0,3,2,8,2,2,7,0,1,1,2,0,2,5,0
452,1,2,1,2,0,1,10,3,6,3,6,4,5,7,0,0,3,2,8,2,2,13,3,2,5,3,3,2,5,11
141,5,4,1,4,0,3,5,3,6,2,6,7,5,1,0,0,3,2,8,2,1,2,3,2,5,3,7,5,5,9
141,5,0,1,4,0,1,5,3,6,3,9,2,5,1,0,0,3,2,8,2,1,7,0,1,0,2,3,2,5,0
704,1,0,1,4,0,0,9,3,2,3,6,2,5,7,0,3,0,4,8,2,1,4,1,0,4,2,3,2,5,10
704,1,0,1,4,0,1,7,3,2,3,9,4,5,7,0,3,0,4,8,2,1,2,0,1,3,2,7,5,5,12
631,4,2,1,4,0,2,5,3,1,3,6,0,5,1,0,0,3,2,8,1,1,2,3,2,5,3,0,2,5,1
443,6,0,1,4,0,0,0,3,1,2,6,0,5,1,0,0,3,7,2,3,1,2,0,1,0,2,0,2,5,10
443,6,4,1,1,0,0,7,4,6,2,7,2,5,1,0,0,3,7,8,3,1,3,3,2,5,3,2,2,5,10
443,6,4,1,4,0,1,6,3,5,2,7,2,5,1,0,0,3,7,1,3,1,2,0,1,3,2,3,2,5,7
353,5,0,1,4,0,3,0,3,3,2,9,2,5,0,0,0,3,2,8,1,1,2,3,2,5,3,3,2,5,11
78,4,2,1,4,0,4,0,3,5,3,2,2,5,7,0,0,3,2,2,3,1,2,0,1,0,2,0,2,5,0
78,4,0,1,4,0,3,5,0,5,2,2,0,5,7,0,0,3,2,8,3,1,2,3,2,5,3,1,2,5,10
78,4,2,1,1,2,2,0,3,1,2,9,0,5,7,0,0,3,2,8,3,1,4,3,2,5,3,7,5,5,3
357,0,1,1,1,0,3,11,3,6,2,6,2,6,7,0,0,3,2,8,2,1,13,0,1,0,2,0,2,5,10
357,0,0,1,4,0,0,5,3,2,2,6,2,6,7,0,0,3,2,8,2,1,2,0,1,0,2,0,2,5,1
441,4,0,1,7,4,6,11,3,1,3,9,2,5,7,0,0,3,2,8,2,3,9,3,2,5,3,0,2,5,16
441,4,1,1,2,2,2,5,3,2,3,2,7,5,7,0,0,3,2,6,2,3,2,1,0,3,2,3,2,5,3
441,4,1,1,1,0,1,5,3,6,3,7,2,5,7,0,0,3,2,2,2,3,3,0,1,0,2,7,2,5,9
259,4,2,1,7,4,6,5,3,6,3,6,2,5,6,0,0,3,2,8,2,1,3,2,0,3,1,2,2,6,10
259,4,1,1,7,4,6,9,3,6,3,7,2,5,6,0,0,3,2,8,2,1,2,3,2,5,3,0,2,5,16
321,4,0,1,2,2,0,9,3,6,3,7,2,5,0,0,0,3,2,2,2,1,4,0,1,1,2,0,2,5,3
321,4,3,1,4,0,0,14,3,6,3,14,6,5,0,0,0,3,2,8,2,1,2,3,2,5,3,0,2,5,3
410,3,0,1,4,0,0,5,0,1,3,9,2,9,7,0,0,3,2,8,2,1,2,0,1,0,2,7,5,5,9
410,3,1,1,4,0,3,0,3,4,3,2,4,5,7,0,0,3,2,8,2,1,2,3,2,5,3,0,2,5,3
1010,0,2,1,4,0,0,8,3,3,2,9,6,5,0,0,0,3,2,8,1,1,2,0,1,1,2,0,2,5,4
1019,1,2,1,2,2,3,0,3,2,2,6,4,5,1,0,3,3,2,8,2,1,2,1,1,0,2,7,5,5,0
1019,1,0,1,4,0,3,10,3,6,2,1,7,9,1,0,3,3,2,8,2,1,2,1,0,0,2,0,2,5,10
436,3,4,0,4,0,0,11,0,6,2,6,7,6,1,5,0,3,2,1,2,3,2,0,1,1,2,0,2,5,10
436,3,0,1,4,0,0,14,3,2,2,4,7,5,1,0,0,3,2,8,2,3,2,0,1,0,2,3,2,5,1
436,3,0,1,2,0,1,17,4,6,3,14,6,9,1,0,0,3,2,2,2,3,4,3,2,5,3,0,2,5,5
470,0,1,1,4,0,1,5,3,6,2,9,4,5,1,0,0,3,2,8,1,1,2,0,1,0,1,0,2,5,1
736,4,0,1,4,0,0,14,0,3,2,9,7,5,1,0,0,0,2,8,1,1,5,2,0,4,2,0,2,2,0
7,3,4,1,1,0,2,5,3,0,2,4,7,5,1,0,0,0,2,8,2,3,2,2,1,3,2,0,2,1,9
7,3,4,1,4,0,2,9,3,1,2,9,4,5,1,0,0,0,2,8,2,3,2,3,2,5,3,0,2,5,10
7,3,1,1,4,0,0,5,3,5,2,9,7,5,1,0,0,0,2,8,2,3,2,0,1,4,2,0,2,5,1
705,5,0,1,1,1,2,7,3,6,2,6,4,5,0,0,0,0,2,8,3,5,10,3,2,5,3,0,2,5,9
705,5,1,1,4,0,1,14,3,1,2,6,0,0,0,0,0,0,2,8,3,5,2,0,1,0,2,7,5,5,10
705,5,1,1,1,0,2,0,3,3,2,6,7,5,0,0,0,0,2,8,3,5,2,3,2,5,3,0,2,5,4
705,5,1,1,4,0,3,11,3,0,2,6,4,0,0,0,0,0,2,8,3,5,2,0,1,0,2,7,5,5,4
705,5,1,1,4,0,3,7,3,6,2,6,1,5,0,0,0,0,2,2,3,5,2,3,2,5,3,0,2,5,9
166,0,1,1,1,2,1,5,3,6,2,6,4,5,0,0,0,3,2,8,1,1,9,0,1,0,2,2,2,5,9
410,6,0,1,1,0,2,0,3,6,2,6,7,5,1,0,0,3,2,2,2,1,2,0,1,1,2,3,2,5,16
410,6,0,1,4,2,0,11,3,3,2,9,7,5,1,0,0,3,2,8,2,1,2,3,2,5,3,0,2,5,3
985,0,2,1,1,0,3,17,3,2,2,9,1,5,7,0,0,3,2,8,1,1,3,0,1,1,2,7,5,5,0
787,2,4,1,4,0,2,0,3,6,2,7,1,5,7,0,0,0,2,10,2,1,2,3,2,5,3,3,2,5,5
787,2,0,1,4,0,1,8,3,2,2,2,4,5,7,0,0,0,2,1,2,1,3,2,0,4,2,7,5,1,10
374,0,2,1,1,0,3,9,3,6,2,1,7,5,7,0,0,3,2,8,2,1,2,2,0,0,2,7,5,7,9
374,0,2,1,4,0,1,5,3,6,3,4,4,5,7,0,0,3,2,8,2,1,2,0,1,0,2,0,5,5,0
348,1,1,1,1,0,3,5,4,6,3,9,7,9,3,0,0,3,7,8,1,1,2,3,2,5,3,7,5,5,1
454,1,4,1,4,0,3,5,3,3,2,9,7,8,0,0,0,3,2,1,3,1,2,3,2,5,3,5,2,5,10
454,1,0,1,4,0,1,10,3,1,2,6,0,5,0,0,0,3,2,2,3,1,10,0,1,2,2,0,2,5,2
454,1,0,1,4,0,3,5,3,1,2,0,4,5,0,0,0,3,2,10,3,1,2,1,1,1,2,0,2,5,1
206,2,2,1,4,0,3,5,4,6,3,13,7,5,1,0,3,3,4,8,2,1,2,2,0,0,2,0,2,0,12
206,2,0,1,4,0,4,6,3,6,2,4,7,5,1,0,3,3,4,10,2,1,2,0,0,1,2,7,5,5,10
157,1,1,1,4,2,3,5,3,6,2,9,3,5,1,0,0,3,2,10,1,1,2,3,2,5,3,0,2,5,18
368,0,2,1,2,1,3,12,0,4,2,9,4,5,7,0,0,3,2,10,2,1,2,3,2,5,3,0,2,5,10
368,0,3,1,4,0,2,0,3,2,2,7,4,5,7,3,0,3,2,8,2,1,2,0,1,3,1,3,2,5,1
645,5,0,1,1,4,6,5,0,6,2,9,7,5,7,0,0,3,2,8,1,1,8,2,1,4,2,0,2,2,10
320,5,0,1,4,0,2,8,3,0,2,10,4,1,7,0,0,3,2,2,3,1,9,0,1,1,2,7,5,5,0
320,5,2,1,4,0,2,11,3,1,2,10,4,1,7,0,0,3,2,2,3,1,1,3,2,5,3,6,2,5,3
320,5,4,0,4,2,4,14,3,6,2,6,0,5,7,0,0,3,2,8,3,1,3,0,1,0,2,0,2,5,1
345,5,3,1,4,0,2,0,3,1,2,9,4,1,1,0,0,3,2,8,2,1,3,3,2,5,3,7,5,5,12
345,5,3,1,1,0,1,9,3,6,3,9,7,5,1,0,0,3,2,8,2,1,2,2,0,0,2,0,2,0,10
388,1,0,1,4,2,1,0,3,6,1,5,7,5,1,0,0,3,2,8,2,2,9,2,0,0,2,2,2,0,11
388,1,1,1,1,0,1,0,3,3,3,9,7,5,1,0,0,3,2,8,2,2,2,0,1,1,2,2,2,5,11
115,1,2,1,4,2,1,0,3,2,0,2,7,5,7,0,3,3,2,6,3,1,2,3,2,5,3,3,2,5,12
115,1,1,1,4,0,3,5,3,6,2,6,4,5,7,1,3,3,2,8,3,1,10,2,0,0,2,0,2,1,0
115,1,4,1,4,0,1,0,3,5,2,6,2,7,7,0,3,3,2,2,3,1,2,3,2,5,3,0,2,5,0
565,4,3,2,4,0,0,0,0,6,2,6,2,0,1,0,3,3,2,1,2,3,2,0,1,4,2,0,2,5,10
565,4,0,1,4,0,1,9,3,1,3,7,4,7,1,0,3,3,2,8,2,3,10,3,2,5,3,7,5,5,12
565,4,0,1,4,0,0,15,3,1,3,7,4,5,1,0,3,3,2,8,2,3,8,0,1,0,2,7,5,5,10
532,0,4,1,4,0,2,0,3,5,2,9,2,5,1,0,0,3,2,8,2,2,2,2,0,1,2,0,2,6,10
532,0,4,1,4,0,2,9,3,6,3,7,2,5,1,0,0,3,2,8,2,2,3,0,1,0,2,2,2,5,1
532,0,1,1,1,2,1,14,3,4,3,7,4,6,1,0,0,3,2,8,2,2,1,3,2,5,3,0,2,5,0
379,0,1,1,1,0,4,14,3,2,3,7,2,5,1,0,0,3,2,8,1,1,2,3,2,5,3,7,5,5,10
232,2,0,1,7,4,6,0,0,2,2,7,4,5,0,0,0,3,2,8,2,1,2,0,1,0,2,0,2,5,17
232,2,1,1,4,0,3,5,3,1,2,7,0,6,0,0,0,3,2,2,2,1,9,3,2,5,3,0,2,5,12
622,2,4,1,2,0,0,0,3,6,2,7,2,5,3,0,0,3,2,6,2,1,3,0,1,1,2,1,2,5,9
622,2,1,1,4,2,2,9,3,1,3,2,2,5,3,0,0,3,2,8,2,1,2,1,0,3,2,7,5,5,5
496,1,1,1,4,0,0,0,3,2,3,7,4,5,7,0,0,3,2,1,2,2,3,0,1,0,2,4,2,5,9
496,1,0,1,4,0,3,0,1,1,3,4,2,5,7,0,0,3,2,8,2,2,2,3,2,5,3,0,2,5,1
496,1,0,1,4,0,4,5,3,6,2,9,0,5,7,0,0,3,2,8,2,2,13,0,0,4,2,3,2,5,15
334,1,0,1,1,0,1,0,0,3,2,7,2,5,0,0,3,3,4,1,2,1,2,2,0,0,2,3,2,1,5
334,1,3,1,4,0,2,6,3,6,2,6,2,5,0,0,3,3,4,1,2,1,13,0,1,0,2,0,2,5,3
141,3,2,1,1,0,2,17,3,6,2,4,5,5,1,0,0,3,2,8,3,4,2,3,2,5,3,7,5,5,10
141,3,1,1,4,2,0,0,3,0,2,4,0,5,1,0,0,3,2,8,3,4,13,2,0,4,2,0,2,6,12
141,3,0,1,4,0,2,0,3,6,2,7,2,5,1,0,0,3,2,8,3,4,2,0,1,4,2,0,2,5,15
141,3,0,1,5,1,6,0,1,3,3,3,2,5,1,0,0,3,2,8,3,4,2,1,0,0,2,3,2,5,5
363,3,0,1,2,0,1,11,3,5,3,6,1,5,1,0,0,3,2,8,2,1,2,3,2,5,3,0,2,5,1
363,3,2,1,4,0,0,17,3,1,2,2,4,5,1,0,0,3,2,2,2,1,2,0,1,1,2,7,2,5,1
373,0,0,1,4,0,2,0,1,2,2,3,4,7,3,0,0,3,2,8,2,1,2,3,2,5,3,0,2,5,1
373,0,2,1,4,0,1,0,3,3,2,6,7,5,3,0,0,3,2,8,2,1,4,0,1,0,2,7,5,5,1
158,2,1,1,4,0,5,7,3,1,2,7,2,0,1,0,0,3,2,8,2,1,4,2,0,0,2,0,2,2,9
158,2,0,1,4,0,3,14,3,0,3,6,4,5,1,0,0,3,2,8,2,1,2,2,0,3,2,7,5,1,10
670,2,1,1,4,0,3,5,3,1,3,6,2,7,7,0,0,3,2,8,3,1,2,0,1,0,2,3,3,5,15
670,2,1,1,4,0,2,15,3,6,2,7,0,3,7,0,0,3,2,8,3,1,1,3,2,5,3,0,2,5,10
670,2,2,1,2,0,1,7,3,0,2,6,4,6,7,0,0,3,2,8,3,1,2,3,2,5,3,0,2,5,3
951,0,1,1,2,2,1,9,3,6,2,9,4,5,7,0,0,3,2,8,2,2,2,0,0,0,2,2,2,5,10
951,0,0,1,4,0,4,0,3,5,3,7,2,5,7,0,0,3,2,8,2,2,2,2,1,0,1,7,5,5,10
711,1,0,1,4,2,3,0,3,1,3,6,0,5,1,0,0,0,2,8,2,1,2,3,2,5,3,7,5,5,10
711,1,1,1,4,0,3,10,3,2,3,6,4,7,1,0,0,0,2,8,2,1,2,0,1,0,2,2,2,5,1
734,4,0,1,1,0,1,5,4,6,3,6,7,5,7,0,0,0,2,8,2,1,1,1,1,3,2,0,2,5,10
734,4,0,1,4,0,1,5,3,2,2,7,2,6,7,0,0,0,2,8,2,1,2,2,1,0,2,0,2,1,12
447,5,1,1,5,0,3,4,3,6,2,2,4,5,7,0,0,3,2,8,2,1,2,0,1,0,2,7,5,5,0
447,5,2,1,1,0,2,6,3,5,2,4,4,5,7,0,0,3,2,8,2,1,4,3,2,5,3,0,2,5,9
273,0,0,1,4,0,4,5,3,0,2,6,0,5,7,0,0,3,2,2,2,2,2,0,1,0,2,7,5,5,3
273,0,0,1,1,0,4,14,3,5,2,2,4,5,7,0,0,3,2,8,2,2,2,3,2,5,3,0,2,5,0
273,0,1,1,4,0,4,0,3,6,3,6,4,5,7,0,0,3,2,8,2,2,2,2,1,0,2,0,2,1,11
476,2,0,1,4,0,2,7,3,6,2,6,7,5,7,0,0,3,2,8,2,2,2,3,2,5,3,7,5,5,10
476,2,1,1,4,2,2,7,3,6,3,9,2,5,7,0,0,3,2,8,2,2,2,0,1,2,2,7,5,5,10
232,3,1,1,2,2,2,15,3,2,3,6,2,5,7,0,0,3,2,1,1,1,7,3,2,5,3,7,5,5,17
215,2,0,1,4,0,2,0,3,2,3,9,4,5,3,0,3,3,4,8,2,1,4,0,1,0,2,7,5,5,10
215,2,1,1,4,0,1,3,3,1,3,6,0,5,3,0,3,3,4,8,2,1,2,2,0,1,2,2,2,6,6
356,6,0,1,1,0,2,3,3,1,2,6,0,5,1,0,0,3,2,8,2,1,2,0,1,0,2,3,2,5,9
356,6,1,1,4,0,1,5,4,6,2,7,2,5,1,0,0,3,2,8,2,1,2,3,2,5,3,7,5,5,11
221,2,2,1,4,0,4,5,3,5,2,7,2,5,7,0,0,3,2,8,2,1,2,3,2,5,3,4,2,5,0
221,2,2,1,1,0,1,4,3,3,2,9,2,5,7,0,0,3,2,8,2,1,2,0,1,1,2,2,2,5,0
535,1,4,0,4,0,1,0,3,5,3,2,2,5,1,0,0,3,2,8,2,1,2,1,1,3,2,0,2,5,7
535,1,1,1,4,0,1,15,0,5,2,2,0,5,1,0,0,3,2,8,2,1,2,2,1,0,2,2,2,6,10
413,3,3,1,4,0,2,7,3,1,2,9,0,5,1,0,0,3,2,1,2,1,2,2,1,0,2,0,2,1,1
413,3,0,1,4,0,2,0,3,6,2,6,2,6,1,0,0,3,2,8,2,1,2,0,1,0,2,2,2,5,1
1009,0,1,1,4,0,6,0,3,2,2,6,2,6,1,0,0,3,7,8,1,1,3,3,2,5,3,7,2,5,9
260,1,1,1,4,2,2,0,3,1,3,9,2,5,7,0,0,3,2,8,2,1,3,0,1,0,2,0,2,5,2
260,1,0,1,4,0,1,0,3,2,3,2,7,5,7,0,0,3,2,8,2,1,9,3,2,5,3,0,2,5,0
561,1,4,1,4,0,4,11,3,6,3,7,2,5,3,0,3,3,2,2,2,1,4,0,0,0,1,3,2,5,1
561,1,2,1,4,0,0,4,3,6,3,6,2,5,3,0,3,3,2,8,2,1,4,3,2,5,3,7,5,5,10
245,1,0,1,4,0,4,5,3,6,3,7,2,5,0,0,0,3,2,8,2,1,2,2,1,3,2,7,5,8,1
245,1,1,1,4,0,3,5,3,6,3,7,2,5,0,0,0,3,2,8,2,1,2,2,1,0,1,1,2,6,1
101,3,2,1,4,0,4,14,3,6,3,14,6,5,7,0,0,3,2,8,2,1,4,3,2,5,3,0,2,5,10
101,3,2,1,4,0,1,7,0,1,3,9,2,9,7,0,0,3,2,8,2,1,4,0,1,0,2,2,2,5,1
448,2,1,1,4,0,0,0,3,4,3,2,4,5,1,0,0,3,2,8,1,1,2,0,1,4,2,0,2,5,3
317,4,3,1,1,0,2,8,4,6,3,7,4,5,1,1,0,3,2,8,3,2,7,3,2,5,3,0,2,5,3
317,4,1,1,4,2,4,6,3,5,3,7,1,5,1,0,0,3,2,2,3,2,4,0,0,1,2,0,2,5,1
317,4,0,1,4,0,4,0,3,5,2,9,2,5,1,0,0,3,2,8,3,2,9,2,0,1,2,0,2,6,17
499,6,2,1,6,0,4,8,3,5,3,6,1,5,7,0,0,3,2,8,3,1,2,0,1,0,2,0,2,5,1
499,6,0,1,4,0,0,6,3,5,2,4,2,5,7,0,0,3,2,8,3,1,2,2,1,0,2,0,2,6,9
499,6,2,1,1,2,2,14,0,6,2,9,0,5,7,3,0,3,2,8,3,1,2,2,1,4,2,0,2,6,10
491,6,0,1,4,0,1,5,3,6,2,6,5,5,0,0,0,3,2,6,2,1,2,0,1,0,2,0,2,5,17
491,6,1,1,4,2,4,15,3,1,3,7,6,5,0,0,0,3,2,8,2,1,2,3,2,5,3,7,2,5,3
967,0,0,1,6,0,2,0,3,5,3,2,7,5,7,0,0,3,2,8,2,1,2,1,0,1,2,7,2,5,1
967,0,0,1,6,0,2,3,3,3,3,4,6,5,7,0,0,3,2,2,2,1,2,3,2,5,3,7,2,5,2
199,1,2,1,4,0,2,0,3,5,2,1,1,5,3,0,0,3,2,8,1,1,2,0,1,0,2,7,2,5,0
400,6,4,1,4,0,1,9,3,5,2,0,4,5,3,0,0,3,2,8,2,1,2,2,1,0,2,7,2,2,3
400,6,0,1,4,0,3,4,3,5,2,7,2,5,3,0,0,3,2,8,2,1,4,3,2,5,3,7,2,5,10
140,4,0,1,4,0,2,8,3,5,3,7,2,5,1,0,0,3,2,2,2,1,2,0,1,0,2,7,2,5,9
140,4,0,1,4,0,3,5,3,5,2,4,2,9,1,0,0,3,2,2,2,1,2,2,1,1,2,7,2,6,11
115,6,0,1,4,0,1,7,0,1,3,7,2,5,0,0,0,3,2,8,2,1,3,0,0,1,2,0,5,5,9
115,6,0,1,4,0,4,0,0,6,3,6,7,5,0,0,0,3,2,8,2,1,2,3,2,5,3,0,5,5,1
452,0,0,1,4,0,4,3,3,5,3,14,7,5,1,0,3,3,2,2,2,1,3,2,1,0,2,0,2,5,10
452,0,1,1,4,2,2,4,3,6,3,6,2,5,1,0,3,3,2,2,2,1,4,2,0,4,2,0,2,5,6
909,1,1,1,4,0,1,3,3,6,3,6,4,5,7,0,0,3,2,8,2,3,2,2,1,1,2,0,2,0,1
909,1,3,1,1,0,4,0,1,5,3,7,7,5,7,0,0,3,2,1,2,3,7,2,0,4,2,7,2,1,3
909,1,3,1,4,0,1,15,0,1,3,7,7,5,7,0,0,3,2,8,2,3,2,2,0,3,2,0,2,3,4
119,0,1,1,4,0,2,15,3,5,2,7,4,5,1,0,3,3,4,8,2,2,4,3,2,5,3,0,2,5,1
119,0,1,1,2,0,3,3,3,3,3,7,7,5,1,0,3,3,4,8,2,2,4,0,0,1,2,3,2,5,1
119,0,4,1,2,0,3,4,4,6,3,9,4,5,1,0,3,3,4,8,2,2,4,1,1,4,2,0,2,5,3
607,3,0,1,4,0,2,4,3,1,2,2,4,5,1,0,0,0,2,8,2,1,8,0,1,0,2,0,2,5,0
607,3,2,1,1,0,0,3,3,1,3,6,0,5,1,2,0,0,2,2,2,1,4,3,2,5,3,3,2,5,12
309,6,4,0,1,0,2,16,3,1,3,2,7,5,1,0,0,3,2,2,2,1,4,0,1,0,2,7,5,5,3
309,6,3,2,4,0,2,3,3,1,3,7,2,5,1,0,0,3,2,8,2,1,4,2,0,0,2,0,2,6,1
234,1,1,1,4,0,0,3,3,6,3,14,7,5,7,0,0,3,2,8,1,1,2,2,0,0,2,2,2,6,3
299,1,4,1,4,2,2,10,3,0,3,12,7,3,1,0,0,3,2,8,2,1,2,0,1,1,2,0,2,5,5
299,1,1,1,2,2,3,0,3,2,3,6,2,6,1,0,0,3,2,8,2,1,2,3,2,5,3,3,2,5,10
452,1,4,1,7,2,4,0,3,4,3,7,7,3,1,0,0,3,2,8,2,2,2,1,0,4,2,0,2,5,0
452,1,1,1,6,2,2,8,3,5,3,6,4,5,1,0,0,3,2,8,2,2,2,0,1,3,2,0,2,5,12
321,5,1,1,0,0,3,17,3,6,3,7,4,5,7,0,0,3,2,8,2,2,2,3,2,5,3,7,5,5,9
321,5,2,1,2,0,4,14,3,1,3,7,2,5,7,0,0,3,2,8,2,2,2,0,1,0,2,0,2,5,9
159,2,3,1,4,0,0,17,3,6,3,6,4,5,3,1,0,3,2,8,2,2,2,3,2,5,3,0,2,5,10
159,2,3,1,4,0,3,0,3,6,2,7,0,5,3,0,0,3,2,8,2,2,2,0,1,0,2,7,5,5,1
159,2,1,1,4,2,3,0,3,6,3,2,7,5,3,0,0,3,2,5,2,2,2,3,2,5,3,7,5,5,1
427,2,3,1,4,0,3,3,3,6,2,6,2,5,7,0,3,3,4,8,2,2,2,3,2,5,3,0,2,5,9
427,2,1,1,4,0,5,10,3,3,2,6,2,5,7,0,3,3,4,2,2,2,7,0,1,1,2,0,2,5,3
427,2,1,1,4,0,0,10,3,1,3,7,4,7,7,0,3,3,4,8,2,2,2,3,2,5,3,7,5,5,5
944,0,0,1,3,2,0,4,3,1,3,9,4,5,3,0,0,3,2,8,2,1,4,3,2,5,3,7,5,5,10
944,0,0,1,4,2,4,4,3,5,2,9,4,5,3,0,0,3,2,8,2,1,13,0,1,1,2,0,2,5,10
216,3,0,1,4,2,0,8,3,2,1,14,2,5,0,0,3,3,4,8,2,3,1,0,0,3,2,0,2,5,12
216,3,0,1,4,2,1,0,3,5,1,7,7,5,0,0,3,3,4,8,2,3,2,3,2,5,3,7,5,5,4
216,3,0,1,5,2,2,0,3,5,2,6,6,3,0,0,3,3,4,8,2,3,2,3,2,5,3,7,5,5,12
407,5,1,1,5,2,3,0,0,5,2,12,0,5,1,0,0,3,2,2,1,2,2,3,2,5,3,0,2,5,12
407,5,1,1,4,2,1,3,3,5,2,7,2,3,1,0,0,3,2,2,1,2,2,0,1,0,2,0,2,5,12
375,5,4,1,1,2,3,3,3,2,2,7,2,8,1,0,3,3,4,8,2,2,9,3,2,5,3,7,5,5,10
375,5,1,1,6,2,2,0,0,5,2,2,2,5,1,0,3,3,4,2,2,2,0,0,1,0,2,0,5,5,9
375,5,1,1,7,2,6,14,4,6,3,6,6,6,1,0,3,3,4,2,2,2,0,2,0,1,2,0,2,1,1
949,5,0,1,4,2,2,17,3,6,3,7,2,6,7,0,0,3,2,8,2,1,0,0,1,3,2,0,2,5,3
949,5,1,1,4,2,4,7,0,6,2,9,0,5,7,0,0,3,2,8,2,1,0,3,2,5,3,0,2,5,0
371,2,1,1,4,2,1,13,3,6,3,6,2,5,1,0,0,3,2,2,3,2,4,1,1,4,2,0,2,5,10
371,2,1,1,1,0,1,5,3,6,3,6,4,5,1,5,0,3,2,8,3,2,0,3,2,5,3,7,5,5,1
371,2,1,1,4,0,1,8,3,4,3,6,2,5,1,0,0,3,2,8,3,2,9,2,0,3,2,0,5,2,5
371,2,4,1,4,0,1,4,1,0,3,2,6,5,1,0,0,3,2,8,3,2,0,2,1,0,2,0,2,6,10
343,5,1,1,4,0,2,5,3,6,3,6,2,5,0,0,0,3,2,8,1,1,0,0,1,1,2,3,2,5,17
534,1,0,1,4,0,2,6,3,0,3,6,2,6,1,0,3,3,4,8,2,1,0,0,1,0,2,1,2,5,10
534,1,0,1,4,0,3,0,3,6,3,6,2,6,1,0,3,3,4,8,2,1,0,0,1,0,2,0,2,5,1
939,0,1,1,1,0,2,0,3,2,2,6,2,5,2,0,0,3,2,1,2,1,0,3,2,5,3,2,2,5,12
939,0,4,1,4,0,2,0,3,6,2,7,2,5,2,0,0,3,2,8,2,1,4,2,1,0,2,3,2,5,1
216,1,3,1,4,0,3,14,3,6,2,9,0,5,7,0,0,3,2,2,2,1,2,1,0,3,2,3,2,5,0
216,1,2,1,1,2,6,17,3,6,2,2,4,5,7,0,0,3,2,8,2,1,2,3,2,5,3,1,2,5,10
99,4,4,1,4,2,2,11,3,6,2,7,2,5,0,0,0,3,2,8,4,1,4,3,2,5,3,3,2,5,11
99,4,4,1,4,0,2,11,3,6,2,1,2,5,0,0,0,3,2,8,4,1,2,0,1,0,1,7,5,5,3
99,4,4,1,4,0,4,14,4,6,3,14,6,5,0,0,0,3,2,8,4,1,2,2,0,1,2,0,2,0,10
99,4,1,1,7,4,6,0,3,5,2,4,4,6,0,0,0,3,2,8,4,1,2,0,1,0,2,0,2,5,3
963,5,0,1,4,0,2,2,3,6,2,7,2,5,7,0,0,3,2,8,2,1,2,3,2,5,3,0,2,5,3
963,5,1,1,4,0,2,0,3,5,3,7,7,5,7,0,0,3,2,8,2,1,2,2,1,1,2,0,2,6,9
473,0,1,1,4,0,3,5,3,2,2,2,7,5,1,0,0,3,2,8,1,1,7,0,1,0,1,7,5,5,16
485,5,4,1,2,0,3,0,3,2,2,2,4,5,0,0,0,3,2,8,2,1,3,3,2,5,3,0,2,5,12
485,5,2,1,4,0,3,10,3,6,2,7,2,5,0,0,0,3,2,2,2,1,5,0,1,1,2,7,5,5,12
329,5,0,1,4,0,3,13,3,6,2,7,1,5,3,0,0,3,2,8,1,1,2,1,1,0,1,0,2,5,0
429,4,2,1,4,0,3,0,0,1,3,1,2,5,1,0,0,3,2,2,2,3,2,1,0,0,2,3,2,5,12
429,4,2,1,4,0,3,10,3,1,3,7,4,5,1,0,0,3,2,8,2,3,2,3,2,5,3,0,2,5,10
429,4,1,1,4,0,2,17,3,2,3,6,4,5,1,0,0,3,2,8,2,3,2,3,2,5,3,0,2,5,9
152,6,4,1,4,0,1,5,3,2,2,2,2,5,7,0,0,3,2,10,2,1,2,3,2,5,3,3,2,5,1
152,6,2,1,4,0,4,5,3,1,3,6,2,5,7,0,0,3,2,1,2,1,2,2,1,0,2,0,2,5,10
389,4,3,1,4,0,4,9,4,6,2,6,4,7,7,0,0,3,2,8,3,4,2,0,1,1,2,0,2,5,16
389,4,0,1,4,0,1,5,3,1,2,7,4,5,7,0,0,3,2,8,3,4,2,3,2,5,3,3,2,5,10
389,4,0,1,1,0,4,5,0,6,3,9,2,5,7,0,0,3,2,8,3,4,2,0,1,1,2,7,5,5,0
389,4,2,1,4,0,4,9,3,1,2,6,2,6,7,0,0,3,2,1,3,4,2,3,2,5,3,3,2,5,5
114,5,1,1,4,0,6,11,3,1,3,9,7,5,1,0,0,3,2,2,2,4,2,1,1,4,2,3,2,5,10
114,5,1,1,7,0,2,0,3,5,2,9,2,5,1,0,0,3,2,10,2,4,4,3,2,5,3,3,2,5,10
114,5,1,1,6,0,4,8,3,6,2,7,0,5,1,0,0,3,2,8,2,4,2,2,1,0,2,0,2,6,1
114,5,0,1,4,0,4,14,3,6,2,3,1,5,1,0,0,3,2,10,2,4,3,0,1,3,2,7,5,5,0
326,4,4,1,4,0,0,7,0,6,2,7,4,5,3,0,0,3,2,10,2,1,4,3,2,5,3,4,2,5,9
326,4,3,1,1,0,3,17,3,6,2,7,4,5,3,0,0,3,2,10,2,1,2,3,2,5,3,0,2,5,10
929,4,4,0,1,0,3,0,3,6,2,1,1,6,1,0,0,3,2,8,2,1,2,3,2,5,3,7,5,5,10
929,4,0,1,1,0,4,14,3,6,2,7,4,5,1,0,0,3,2,8,2,1,2,3,2,5,3,3,2,5,3
582,2,1,1,2,0,1,8,3,6,2,7,4,5,7,0,0,0,2,2,2,1,2,0,1,2,2,3,2,5,9
582,2,0,1,4,0,1,5,3,6,2,7,4,5,7,0,0,0,2,2,2,1,2,3,2,5,3,0,2,5,10
536,4,0,1,0,0,3,0,3,4,2,6,2,5,3,0,0,0,2,8,2,1,2,0,1,0,2,7,2,5,1
536,4,2,1,4,0,1,17,3,1,2,7,2,6,3,0,0,0,2,8,2,1,2,0,1,1,2,7,5,5,3
369,5,1,1,4,0,1,5,3,6,2,9,2,5,7,0,0,3,2,8,2,1,2,3,2,5,3,3,2,5,4
369,5,4,1,2,0,0,5,3,2,2,7,4,5,7,0,0,3,2,8,2,1,2,3,2,5,3,0,2,5,1
1009,0,2,1,4,0,2,5,3,5,2,7,4,5,1,0,0,3,2,8,2,1,4,0,1,1,1,7,2,5,3
1009,0,0,1,4,0,4,8,3,6,3,2,4,5,1,0,0,3,2,6,2,1,7,2,0,1,2,7,2,6,1
408,5,4,1,4,0,4,8,3,0,0,6,4,5,7,0,0,3,2,8,3,2,4,0,1,1,2,3,2,5,12
408,5,4,1,1,0,6,0,3,3,2,12,7,5,7,0,0,3,2,2,3,2,4,2,1,0,2,3,2,0,1
408,5,0,1,4,0,4,7,3,1,2,7,4,5,7,0,0,3,2,1,3,2,7,1,0,1,2,7,2,5,18
408,5,0,1,4,0,0,17,3,0,2,6,4,5,7,0,0,3,2,8,3,2,2,3,2,5,3,0,2,5,12
87,0,0,1,1,0,1,0,3,0,2,9,7,3,7,0,0,3,2,8,1,1,2,3,2,5,3,2,2,5,2
68,2,2,1,2,0,0,6,3,0,2,4,1,5,1,0,0,3,2,8,2,2,2,1,0,4,2,1,2,5,10
68,2,1,1,4,0,2,0,3,1,2,7,4,5,1,0,0,3,2,8,2,2,2,1,0,4,2,0,2,5,10
330,5,1,1,4,0,4,0,3,0,2,9,4,5,7,0,0,3,2,8,1,1,9,0,1,1,2,0,2,5,3
1019,0,2,1,2,0,3,9,3,0,2,1,2,5,0,0,0,3,2,8,1,1,2,3,2,5,3,1,2,5,3
149,2,4,0,1,2,2,3,3,5,1,6,7,5,1,0,0,3,2,8,2,1,2,0,1,0,2,0,2,5,9
149,2,1,1,1,0,4,17,3,6,2,5,2,5,1,0,0,3,2,2,2,1,2,3,2,5,3,0,2,5,10
502,2,3,1,4,0,2,0,3,0,2,5,2,5,0,0,0,3,2,6,2,1,2,0,1,0,2,0,2,5,1
502,2,1,1,1,2,2,11,3,0,2,5,4,5,0,0,0,3,2,8,2,1,2,0,1,1,2,0,2,5,16
578,3,4,0,4,0,1,8,0,4,2,5,4,5,1,0,0,0,2,1,3,1,3,1,0,0,2,7,2,5,10
578,3,1,1,4,0,3,5,3,6,2,5,7,3,1,0,0,0,2,8,3,1,2,3,2,5,3,7,2,5,16
578,3,1,1,4,0,2,0,3,6,2,12,7,3,1,0,0,0,2,8,3,1,2,1,0,0,2,7,2,5,9
345,4,1,1,2,0,0,10,3,3,2,5,2,5,7,0,0,3,2,1,2,2,9,1,1,4,2,7,2,5,10
345,4,2,1,1,0,2,0,3,6,2,5,4,5,7,0,0,3,2,1,2,2,2,0,1,3,2,7,2,5,10
796,2,4,1,1,0,1,11,3,6,2,5,2,0,1,0,0,0,7,8,2,1,2,3,2,5,3,7,2,5,12
796,2,0,1,4,0,4,9,3,1,2,5,2,7,1,0,0,0,7,8,2,1,2,3,2,5,3,7,5,5,12
223,1,2,1,4,0,4,0,3,1,2,6,4,7,1,0,0,3,2,8,2,1,2,0,0,0,2,3,5,5,0
223,1,4,0,4,0,2,5,3,1,2,5,4,7,1,0,0,3,2,8,2,1,2,3,2,5,3,3,2,5,10
314,6,0,1,4,2,2,0,3,6,2,5,4,7,2,0,0,3,2,8,2,1,2,0,0,1,2,7,2,5,5
314,6,2,1,1,0,0,8,3,1,2,5,4,5,2,0,0,3,2,2,2,1,3,0,1,1,2,7,5,5,0
922,6,0,1,4,0,6,9,3,6,2,6,4,5,1,0,3,3,2,8,2,1,2,3,2,5,3,0,2,5,1
922,6,0,1,1,0,3,0,3,6,2,1,4,5,1,0,3,3,2,8,2,1,2,2,1,4,1,7,5,5,4
477,3,0,1,4,2,0,0,3,3,2,6,4,5,3,0,0,3,2,8,2,2,2,1,0,1,2,7,5,5,2
477,3,0,1,7,4,6,0,3,1,2,7,2,6,3,0,0,3,2,8,2,2,2,0,1,1,2,7,5,5,16
477,3,0,1,4,0,3,14,3,3,2,9,2,5,3,0,0,3,2,8,2,2,3,3,2,5,3,2,2,5,1
406,2,0,1,1,2,1,7,3,3,2,9,7,5,7,2,0,3,2,8,1,1,2,3,2,5,3,1,2,5,1
982,0,1,1,4,0,2,7,3,6,2,9,4,5,7,0,0,3,2,8,1,1,4,0,1,1,2,3,2,5,9
60,4,2,1,4,0,4,7,3,3,2,7,4,5,3,0,0,3,2,8,1,1,4,0,1,1,2,0,2,5,9
334,6,4,1,4,0,2,10,3,6,2,6,2,5,7,0,0,3,2,8,1,1,2,3,2,5,3,7,5,5,0
33,6,0,1,2,0,3,5,3,6,3,7,2,5,1,0,3,0,3,8,1,1,2,3,2,5,3,2,2,5,9
968,1,1,1,4,0,2,9,3,3,3,7,7,5,7,0,3,3,4,8,2,5,2,0,0,1,2,7,5,5,10
968,1,1,1,1,0,0,0,3,2,3,6,2,5,7,0,3,3,4,8,2,5,2,0,1,0,2,0,2,5,9
968,1,1,1,4,0,6,0,3,4,3,2,7,5,7,0,3,3,4,8,2,5,4,3,2,5,3,0,2,5,1
968,1,1,1,1,0,0,14,3,5,2,7,2,5,7,0,3,3,4,8,2,5,2,0,1,1,2,0,2,5,0
968,1,1,1,4,2,0,5,3,6,3,7,1,5,7,0,3,3,4,8,2,5,1,3,2,5,3,0,2,5,12
968,1,0,1,0,2,0,5,3,6,3,6,0,5,7,0,3,3,4,2,2,5,2,2,1,4,2,0,2,5,10
116,0,1,1,4,2,2,5,3,6,3,6,1,6,1,0,0,3,2,8,2,1,2,2,0,4,2,0,2,5,12
116,0,0,1,4,0,2,11,3,6,3,6,4,5,1,0,0,3,2,8,2,1,2,2,1,4,2,0,2,5,5
605,3,3,1,1,0,2,9,3,6,2,6,0,5,0,0,0,0,2,8,2,4,2,3,2,5,3,0,2,5,1
605,3,3,1,2,2,4,7,3,5,3,14,2,5,0,0,0,0,2,8,2,4,2,0,0,0,2,3,2,5,10
605,3,3,1,4,0,3,9,3,4,3,6,4,5,0,0,0,0,2,1,2,4,2,0,1,0,2,2,2,5,10
605,3,1,1,4,0,2,7,3,5,3,7,6,5,0,0,0,0,2,8,2,4,3,2,1,4,2,0,2,5,0
567,0,1,1,4,0,4,9,3,6,3,7,0,5,1,0,0,0,2,8,1,1,2,3,2,5,3,0,2,5,1
972,0,4,1,4,0,3,14,0,5,3,7,2,5,7,0,0,3,3,8,2,2,4,0,1,0,2,3,2,5,1
972,0,0,1,4,0,2,0,3,6,3,6,6,5,7,0,0,3,3,8,2,2,2,0,1,3,2,0,2,5,5
972,0,0,2,4,2,3,5,3,6,3,6,6,5,7,0,0,3,3,8,2,2,2,1,1,4,2,0,2,5,9
519,6,1,1,4,0,2,13,3,6,3,6,2,5,1,0,3,3,4,8,1,1,2,3,2,5,3,0,2,5,0
651,3,1,1,4,0,0,5,0,6,2,6,2,5,0,0,0,3,2,8,2,1,2,0,1,0,2,2,2,5,11
651,3,4,0,4,0,0,5,3,1,3,2,4,5,0,0,0,3,2,8,2,1,13,0,1,4,2,7,2,5,10
973,5,0,1,4,0,0,11,0,6,3,6,2,5,1,0,0,3,2,1,1,1,3,3,2,5,3,0,2,5,10
981,6,0,1,2,0,1,0,0,5,3,9,2,5,0,0,0,3,2,8,2,1,13,0,1,0,2,0,2,5,0
981,6,1,1,2,2,3,0,3,6,3,12,2,5,0,0,0,3,2,8,2,1,2,3,2,5,3,0,2,5,1
294,0,0,1,1,0,1,0,3,5,3,6,4,5,1,0,0,3,3,8,2,2,2,2,0,4,2,0,2,5,3
294,0,0,1,4,0,3,11,3,2,3,7,4,5,1,0,0,3,3,8,2,2,13,0,1,1,2,0,2,5,10
294,0,0,1,2,0,1,4,3,6,3,7,0,5,1,0,0,3,3,2,2,2,2,3,2,5,3,7,5,5,0
379,0,1,1,4,1,5,8,0,6,2,7,0,5,1,0,0,3,2,8,1,1,2,1,1,1,2,0,2,5,9
646,0,1,1,4,0,0,4,3,2,2,7,2,5,1,0,0,0,7,8,2,2,2,0,0,3,2,0,2,5,10
646,0,1,1,4,2,2,8,3,5,2,6,0,6,1,0,0,0,7,8,2,2,2,2,0,4,2,0,2,2,11
646,0,4,1,4,0,0,13,3,6,3,6,2,5,1,0,0,0,7,8,2,2,2,0,1,4,2,0,2,5,0
152,2,1,1,4,0,3,4,3,6,3,6,6,6,7,0,0,3,2,8,2,1,2,3,2,5,3,3,2,5,10
152,2,4,0,4,0,0,17,3,6,3,6,6,6,7,0,0,3,2,8,2,1,2,0,1,4,2,7,5,5,3
448,3,0,1,4,0,0,17,3,6,3,6,1,5,7,0,0,3,2,8,2,2,4,3,2,5,3,0,2,5,12
448,3,1,1,4,0,1,5,3,3,2,9,6,5,7,0,0,3,2,2,2,2,2,0,1,0,2,3,2,5,1
637,1,1,1,2,0,0,7,3,2,2,6,4,5,1,0,0,0,2,8,2,1,2,3,2,5,3,0,2,5,9
637,1,0,1,4,0,0,7,3,6,2,1,7,9,1,0,0,0,2,8,2,1,2,3,2,5,3,1,2,5,12
481,1,4,1,1,0,3,0,0,6,2,6,7,6,1,0,0,0,2,8,1,1,2,0,1,1,2,0,2,5,11
348,1,4,1,4,0,3,7,3,2,2,4,7,5,1,0,0,3,2,8,1,1,2,0,1,0,2,3,2,5,0
985,1,0,1,1,0,3,0,4,6,3,14,6,9,0,0,3,3,2,6,2,1,2,3,2,5,3,7,5,5,0
985,1,3,1,4,0,3,10,3,6,2,9,4,5,0,0,3,3,2,8,2,1,3,3,2,5,3,0,2,5,5
136,6,4,0,4,0,0,5,0,3,2,9,7,5,7,0,0,3,2,8,2,1,2,0,1,0,2,0,2,5,9
136,6,1,1,4,0,2,17,3,0,2,4,7,5,7,0,0,3,2,2,2,1,2,0,1,1,2,0,2,5,1
186,6,1,1,2,2,1,0,3,1,2,9,4,5,0,0,0,3,2,8,3,2,2,0,1,0,2,7,2,5,1
186,6,2,1,4,0,1,17,3,5,2,9,7,5,0,0,0,3,2,8,3,2,2,3,2,5,3,7,5,5,10
186,6,0,1,4,0,2,5,3,6,2,6,4,5,0,0,0,3,2,8,3,2,2,0,1,0,2,0,2,5,9
619,0,4,1,4,0,2,17,3,1,2,6,0,0,7,0,0,0,2,2,1,1,2,2,0,0,2,7,2,1,10
629,0,4,1,4,0,1,5,3,3,2,6,7,5,2,0,0,0,2,2,1,1,2,2,0,3,2,7,2,3,3
572,6,0,1,2,0,3,15,3,0,2,6,4,0,1,0,3,0,2,8,2,1,2,2,0,0,2,3,2,2,11
572,6,1,1,1,0,2,5,3,6,2,6,1,5,1,0,3,0,2,8,2,1,2,3,2,5,3,3,2,5,12
981,1,0,1,4,0,3,5,3,6,2,6,4,5,3,0,3,3,5,2,2,1,2,0,0,0,2,7,2,5,9
981,1,2,1,6,0,1,7,3,6,2,6,7,5,3,0,3,3,5,2,2,1,2,0,1,0,1,0,2,5,1
237,4,1,1,4,0,1,14,3,3,2,9,7,5,0,0,3,3,4,8,2,1,2,3,2,5,3,2,2,5,10
237,4,1,1,2,0,1,14,3,2,2,9,1,5,0,0,3,3,4,8,2,1,4,3,2,5,3,1,2,5,3
463,5,4,0,4,0,0,5,3,6,2,7,1,5,7,0,3,0,4,8,1,1,2,0,1,1,2,0,2,5,0
263,6,4,1,2,0,2,5,3,2,2,2,4,5,0,0,0,3,2,2,2,1,2,3,2,5,3,0,2,5,9
263,6,1,1,1,0,1,7,3,6,2,1,7,5,0,0,0,3,2,8,2,1,2,0,1,1,2,1,2,5,10
418,6,4,1,4,0,0,0,3,6,3,4,4,5,1,0,0,0,2,8,2,1,2,1,0,1,2,0,2,5,1
418,6,0,1,1,0,0,17,4,6,3,9,7,9,1,0,0,0,2,8,2,1,2,1,0,3,2,0,2,5,12
458,0,1,1,2,0,5,15,3,3,2,9,7,8,3,0,3,1,4,6,1,1,2,0,0,0,2,0,2,5,7
752,2,1,1,4,2,2,5,3,1,2,6,0,5,7,0,0,1,2,8,2,2,2,3,2,5,3,0,2,5,10
752,2,0,1,4,0,0,7,3,1,2,0,4,5,7,0,0,1,2,8,2,2,4,0,1,1,2,7,2,5,10
570,4,2,1,4,0,1,0,4,6,3,13,7,5,7,0,0,0,2,1,2,2,2,2,1,1,2,7,2,1,0
570,4,0,1,4,0,2,11,3,6,2,4,7,5,7,0,0,0,2,8,2,2,2,2,0,0,2,7,2,6,12
570,4,0,1,7,4,6,14,3,6,2,9,3,5,7,0,0,0,2,8,2,2,2,3,2,5,3,7,2,5,3
589,5,0,1,7,4,6,0,0,4,2,9,4,5,1,0,0,0,2,8,1,1,2,0,1,1,2,7,2,5,1
172,5,0,1,4,0,1,5,3,2,2,7,4,5,1,0,0,3,2,8,2,2,2,3,2,5,3,7,2,5,10
172,5,2,1,4,0,3,7,0,6,2,9,7,5,1,0,0,3,2,2,2,2,2,0,1,3,2,7,5,5,1
994,5,2,1,4,2,3,10,3,0,2,10,4,1,7,0,0,3,2,8,2,1,2,3,2,5,3,3,5,5,10
994,5,4,1,7,4,6,7,3,1,2,10,4,1,7,0,0,3,2,8,2,1,2,0,1,0,2,3,2,5,5
78,0,2,1,1,2,3,7,3,6,2,6,0,5,1,0,0,3,2,8,2,1,2,0,1,0,2,7,2,5,0
78,0,0,1,7,4,6,12,3,1,2,9,4,1,1,0,0,3,2,8,2,1,3,3,2,5,3,7,5,5,7
669,1,1,1,4,2,2,5,3,6,3,9,7,5,1,0,3,0,2,2,1,1,2,1,0,0,2,0,2,5,14
23,0,0,1,4,2,3,5,3,6,1,5,7,5,1,0,3,0,4,8,1,1,2,3,2,5,3,7,5,5,3
1031,6,1,1,2,2,3,8,3,3,3,9,7,5,1,0,0,3,2,2,4,2,2,0,0,3,2,7,5,5,16
1031,6,1,1,7,4,6,4,3,2,0,2,7,5,1,0,0,3,2,8,4,2,2,3,2,5,3,7,5,5,10
1031,6,1,1,1,0,2,0,3,6,2,6,4,5,1,0,0,3,2,6,4,2,3,1,0,1,2,2,2,5,17
1031,6,0,1,1,2,3,0,3,5,2,6,2,7,1,0,0,3,2,8,4,2,2,0,1,0,2,1,2,5,3
989,6,0,1,4,2,4,8,0,6,2,6,2,0,1,0,3,3,3,8,2,2,4,3,2,5,3,3,2,5,11
989,6,1,1,4,2,1,0,3,1,3,7,4,7,1,0,3,3,3,8,2,2,4,2,1,4,1,0,2,5,10
146,6,1,1,4,2,1,7,3,1,3,7,4,5,0,0,3,3,4,8,2,1,2,0,0,0,2,7,5,5,12
146,6,1,1,2,2,2,5,3,5,2,9,2,5,0,0,3,3,4,8,2,1,2,1,1,4,2,2,2,5,7
35,0,0,1,4,2,6,10,3,6,3,7,2,5,0,5,3,0,4,1,2,1,2,1,0,1,2,7,5,5,11
35,0,0,1,7,2,4,8,3,4,3,7,4,6,0,0,3,0,4,6,2,1,2,3,2,5,3,0,2,5,1
989,2,0,1,1,2,3,14,3,2,3,7,2,5,0,0,0,3,2,8,2,1,4,3,2,5,3,0,2,5,9
989,2,1,1,1,2,4,7,0,2,2,7,4,5,0,0,0,3,2,6,2,1,2,0,1,0,2,0,2,5,0
412,1,4,0,4,2,2,8,3,1,2,7,0,6,7,0,3,0,2,8,2,1,1,2,1,3,2,0,2,5,10
412,1,0,1,4,2,2,10,3,6,2,7,2,5,7,0,3,0,2,8,2,1,2,2,1,1,2,0,2,5,3
295,3,4,1,7,2,6,9,3,1,3,2,2,5,7,0,3,3,2,8,2,1,2,1,1,4,2,0,2,5,5
295,3,0,1,4,0,0,5,3,2,3,7,4,5,7,0,3,3,2,4,2,1,2,1,1,1,2,0,2,5,3
341,6,1,1,2,2,2,8,1,1,3,4,2,5,3,0,3,3,2,8,2,1,2,1,1,1,2,0,2,5,3
341,6,1,1,4,0,2,5,3,6,2,9,0,5,3,0,3,3,2,2,2,1,2,0,1,1,2,3,2,5,1
967,6,1,1,4,0,2,8,0,3,2,7,2,5,7,0,2,3,6,8,2,1,2,3,2,5,3,2,2,5,10
967,6,2,1,4,0,2,3,3,6,2,6,2,5,7,0,2,3,6,8,2,1,3,0,1,1,2,0,2,5,3
115,1,0,1,4,0,3,17,3,6,2,4,5,5,7,0,3,3,4,8,2,1,2,3,2,5,3,0,2,5,11
115,1,0,1,4,0,2,7,3,0,2,4,0,5,7,0,3,3,4,1,2,1,4,0,1,1,1,3,2,5,10
1041,4,1,1,4,0,5,17,3,6,2,7,2,5,3,0,3,3,2,8,2,1,2,3,2,5,3,0,2,5,9
1041,4,0,1,0,0,4,10,1,3,3,3,2,5,3,0,3,3,2,8,2,1,2,0,0,0,2,0,2,5,9
544,6,1,1,1,0,2,13,3,5,3,6,1,5,7,0,3,0,0,8,1,1,2,3,2,5,3,0,2,5,12
521,2,0,1,1,0,2,5,3,1,2,2,4,5,1,0,0,0,2,6,2,3,2,0,1,3,2,2,2,5,10
521,2,0,1,4,0,2,5,1,2,2,3,4,7,1,0,0,0,2,2,2,3,13,3,2,5,3,7,2,5,9
521,2,0,1,2,0,2,11,3,3,2,6,7,5,1,0,0,0,2,8,2,3,3,3,2,5,3,0,2,5,1
521,2,4,1,4,0,2,0,3,1,2,7,2,0,1,0,0,0,2,8,2,3,13,0,1,1,2,0,2,5,9
232,2,4,1,4,0,1,0,3,0,3,6,4,5,7,0,0,3,2,2,2,1,2,3,2,5,3,0,2,5,1
232,2,1,1,6,0,2,0,3,1,3,6,2,7,7,0,0,3,2,8,2,1,2,0,1,3,2,0,2,5,3
576,1,3,1,4,0,3,11,3,6,2,7,0,3,1,0,0,0,2,8,1,1,13,2,1,1,2,0,2,0,1
490,2,1,1,4,0,0,4,3,0,2,6,4,6,1,0,3,0,2,8,1,1,2,3,2,5,3,0,2,5,10
582,6,0,1,6,0,4,8,3,6,2,9,4,5,1,0,3,0,2,6,3,1,2,0,1,1,2,0,2,5,9
582,6,1,1,1,0,0,4,3,5,3,7,2,5,1,0,3,0,2,6,3,1,2,3,2,5,3,7,5,5,3
582,6,1,1,4,0,2,8,3,1,3,6,0,5,1,0,3,0,2,1,3,1,2,0,1,0,2,0,2,5,10
360,4,4,0,1,0,3,13,3,2,3,6,4,7,7,0,2,3,1,8,1,1,2,0,1,0,2,0,2,5,12
506,4,4,1,4,0,2,4,4,6,3,6,7,5,7,3,3,0,3,8,2,1,2,3,2,5,3,3,2,5,1
506,4,3,1,1,0,1,17,3,2,2,7,2,6,7,0,3,0,3,8,2,1,2,2,0,1,1,0,2,6,9
114,0,0,1,4,0,1,17,3,6,2,2,4,5,3,0,0,3,2,1,1,1,4,0,1,4,2,7,5,5,5
362,6,3,1,4,0,3,5,3,5,2,4,4,5,0,0,3,3,2,1,1,1,2,3,2,5,3,6,2,5,1
956,6,3,1,4,0,1,7,3,0,2,6,0,5,1,0,0,3,2,8,1,1,2,2,1,3,2,0,2,5,12
526,0,3,1,4,2,4,7,3,5,2,2,4,5,7,0,0,0,2,8,3,2,2,0,1,1,2,7,5,5,0
526,0,3,1,4,0,1,0,3,6,3,6,4,5,7,0,0,0,2,8,3,2,2,3,2,5,3,0,2,5,3
526,0,4,1,4,0,3,7,3,6,2,6,7,5,7,0,0,0,2,2,3,2,2,3,2,5,3,2,2,5,11
526,0,4,0,4,0,1,0,3,6,3,9,2,5,7,0,0,0,2,8,3,2,2,0,1,1,2,2,2,5,11
141,6,4,1,1,0,3,10,3,2,3,6,2,5,7,0,0,3,2,2,2,1,3,3,2,5,3,3,2,5,1
141,6,2,1,1,0,3,5,3,2,3,9,4,5,7,1,0,3,2,8,2,1,2,3,2,5,3,0,2,5,6
680,0,4,1,1,1,3,17,3,1,3,6,0,5,0,0,0,0,2,8,2,1,2,0,1,2,2,0,2,5,0
680,0,0,1,4,0,3,0,3,1,2,6,0,5,0,0,0,0,2,2,2,1,2,1,0,3,2,0,2,5,0
699,5,3,1,4,0,4,17,4,6,2,7,2,5,7,0,3,0,2,8,1,2,2,0,1,1,2,7,5,5,4
699,5,3,1,1,0,2,5,3,5,2,7,2,5,7,0,3,0,2,8,1,2,2,3,2,5,3,7,5,5,0
362,1,2,1,4,0,1,17,3,3,2,9,2,5,0,0,3,3,4,2,1,3,2,3,2,5,3,0,2,5,5
362,1,2,1,4,0,3,5,3,5,3,2,2,5,0,0,3,3,4,2,1,3,2,0,1,2,2,2,2,5,11
362,1,2,1,4,0,4,15,0,5,2,2,0,5,0,0,3,3,4,8,1,3,1,0,0,1,2,0,2,5,0
395,5,1,1,4,2,1,5,3,1,2,9,0,5,7,0,0,3,2,8,2,1,2,3,2,5,3,7,5,5,9
395,5,1,1,4,0,3,5,3,6,2,6,2,6,7,0,0,3,2,8,2,1,2,3,2,5,3,0,2,5,16
235,1,1,1,6,0,1,7,3,2,2,6,2,6,0,0,0,3,2,8,2,1,9,0,1,1,1,0,2,5,0
235,1,1,1,4,0,1,14,3,1,3,9,2,5,0,0,0,3,2,8,2,1,3,2,1,1,2,1,2,2,1
967,6,0,1,2,0,1,14,3,2,3,2,7,5,0,0,0,0,3,8,2,1,2,2,0,1,2,7,5,1,16
967,6,0,1,4,0,0,5,3,3,2,9,6,5,0,0,0,0,3,8,2,1,3,2,0,0,2,4,2,6,14
193,4,4,1,2,0,2,5,3,2,2,6,4,5,1,0,2,3,6,8,2,5,2,3,2,5,3,0,2,5,13
193,4,0,1,1,0,1,7,3,6,2,1,7,9,1,0,2,3,6,8,2,5,13,0,1,1,2,3,2,5,12
193,4,0,1,4,0,0,0,0,6,2,6,7,6,1,0,2,3,6,8,2,5,2,3,2,5,3,3,2,5,1
193,4,0,1,1,0,0,17,3,2,2,4,7,5,1,0,2,3,6,8,2,5,13,2,0,0,2,0,2,6,9
193,4,0,1,2,0,5,15,4,6,3,14,6,9,1,0,2,3,6,8,2,5,2,2,0,1,2,7,5,6,0
193,4,0,1,4,2,2,5,3,6,2,9,4,5,1,0,2,3,6,8,2,5,13,2,1,3,2,0,2,6,11
1024,5,1,1,4,0,0,7,0,3,2,9,7,5,1,0,0,3,2,8,1,1,2,3,2,5,3,0,2,5,10
418,4,4,0,4,0,1,0,3,0,2,4,7,5,1,0,0,3,7,8,1,1,2,0,1,0,2,3,2,5,12
315,5,0,1,4,0,2,11,3,1,2,9,4,5,7,0,0,3,2,8,1,1,2,3,2,5,3,0,2,5,10
1023,4,1,1,7,4,6,14,3,5,2,9,7,5,7,0,3,3,4,8,2,1,2,0,0,1,2,7,2,5,10
1023,4,0,1,7,4,6,0,3,6,2,6,4,5,7,0,3,3,4,8,2,1,2,2,1,1,2,0,2,5,9
270,0,0,1,4,0,1,5,3,1,2,6,0,0,0,0,0,3,2,2,2,1,4,0,1,0,2,7,5,5,1
270,0,1,1,4,0,3,7,3,3,2,6,7,5,0,0,0,3,2,8,2,1,4,3,2,5,3,0,2,5,11
395,0,0,1,4,2,3,10,3,0,2,6,4,0,1,0,0,3,2,1,2,1,2,3,2,5,3,7,5,5,9
395,0,1,1,7,4,6,7,3,6,2,6,1,5,1,0,0,3,2,8,2,1,2,0,1,2,2,3,3,5,9
931,6,1,1,1,2,3,7,3,6,2,6,4,5,2,0,0,3,2,2,2,1,1,3,2,5,3,0,2,5,16
931,6,4,1,7,4,6,12,3,6,2,6,7,5,2,0,0,3,2,8,2,1,2,0,1,0,2,0,2,5,0
433,3,1,1,4,2,2,5,3,3,2,9,7,5,7,0,3,0,2,8,2,1,2,3,2,5,3,2,2,5,1
433,3,0,1,4,2,3,5,3,2,2,9,1,5,7,0,3,0,2,8,2,1,2,0,1,1,2,7,5,5,16
232,5,2,1,2,2,3,8,3,6,2,7,1,5,0,0,0,3,3,8,2,1,2,0,0,0,2,7,5,5,14
232,5,2,1,7,4,6,4,3,2,2,2,4,5,0,0,0,3,3,8,2,1,2,3,2,5,3,2,2,5,13
1065,4,2,1,1,0,2,0,3,6,2,1,7,5,7,0,0,3,2,6,2,2,1,0,1,1,2,0,2,5,12
1065,4,1,1,1,2,3,0,3,6,3,4,4,5,7,0,0,3,2,2,2,2,2,1,1,0,2,0,2,5,1
16,1,3,1,4,2,4,4,4,6,3,9,7,9,7,0,3,0,3,8,1,2,2,3,2,5,3,7,5,5,9
16,1,3,1,4,2,1,6,3,3,2,9,7,8,7,0,3,0,3,2,1,2,4,0,1,1,2,0,2,5,0
575,4,0,1,4,2,1,5,3,1,2,6,0,5,7,0,3,0,4,8,3,1,2,2,0,2,2,7,5,1,11
575,4,1,1,2,2,2,14,3,1,2,0,4,5,7,0,3,0,4,8,3,1,2,3,2,5,3,0,2,5,10
575,4,0,1,4,2,6,0,4,6,3,13,7,5,7,0,3,0,4,8,3,1,2,0,1,0,2,0,2,5,12
360,5,1,1,7,2,4,7,3,6,2,4,7,5,7,0,0,3,2,8,1,1,2,3,2,5,3,7,5,5,10
953,1,4,0,1,2,3,7,3,6,2,9,3,5,1,0,0,3,2,8,2,1,2,0,0,1,2,7,5,5,9
953,1,1,1,1,2,4,15,0,4,2,9,4,5,1,0,0,3,2,2,2,1,7,3,2,5,3,7,5,5,16
167,6,0,1,4,2,2,0,3,2,2,7,4,5,1,0,0,3,2,8,2,2,4,0,1,0,2,7,5,5,0
167,6,0,1,4,2,2,3,0,6,2,9,7,5,1,0,0,3,2,2,2,2,2,0,1,0,2,2,2,5,1
167,6,4,1,7,2,6,3,3,0,2,10,4,1,1,0,0,3,2,8,2,2,2,2,0,0,2,3,2,1,16
985,5,0,1,4,0,0,5,3,1,2,10,4,1,1,0,0,3,2,8,2,1,2,1,0,0,2,7,5,5,14
985,5,1,1,2,2,2,5,3,6,2,6,0,5,1,0,0,3,2,8,2,1,2,3,2,5,3,4,2,5,13
691,3,1,1,4,0,2,4,3,1,2,9,4,1,1,0,0,0,7,8,2,1,2,3,2,5,3,2,2,5,12
691,3,0,1,4,0,2,0,3,6,3,9,7,5,1,0,0,0,7,8,2,1,2,3,2,5,3,0,2,5,1
476,5,4,2,4,0,2,15,3,6,1,5,7,5,1,0,3,0,2,8,2,1,2,0,1,1,2,2,2,5,9
476,5,2,1,4,0,3,7,3,3,3,9,7,5,1,0,3,0,2,8,2,1,2,3,2,5,3,0,2,5,0
418,4,4,1,4,0,2,0,3,2,0,2,7,5,7,0,3,0,4,8,2,1,2,0,1,0,2,2,2,5,11
418,4,0,1,4,0,5,0,3,6,2,6,4,5,7,0,3,0,4,8,2,1,3,3,2,5,3,7,2,5,10
360,0,4,1,0,0,4,0,3,5,2,6,2,7,7,0,0,3,7,8,2,1,3,1,0,0,2,0,2,5,12
360,0,0,1,1,0,2,0,0,6,2,6,2,0,7,0,0,3,7,8,2,1,9,3,2,5,3,0,2,5,10
398,2,2,1,1,0,2,11,3,1,3,7,4,7,1,0,0,3,2,6,1,1,4,1,1,3,2,3,2,5,10
399,2,1,1,4,0,2,4,3,1,3,7,4,5,0,0,0,3,2,2,3,1,4,1,0,3,2,7,5,5,9
399,2,1,1,2,0,2,5,3,5,2,9,2,5,0,0,0,3,2,8,3,1,2,3,2,5,3,7,5,5,1
191,1,1,1,4,0,2,5,3,6,3,7,2,5,7,0,0,3,2,8,2,1,2,0,1,0,2,1,2,5,11
356,2,0,1,4,0,1,14,3,4,3,7,4,6,0,0,0,3,2,2,2,1,4,3,2,5,3,0,2,5,9
356,2,1,1,6,0,2,7,3,2,3,7,2,5,0,0,0,3,2,8,2,1,4,3,2,5,3,2,2,5,7
50,6,1,1,4,0,3,0,0,2,2,7,4,5,1,0,0,3,2,8,1,1,2,0,1,0,2,0,2,5,16
970,0,0,1,4,0,0,8,3,1,2,7,0,6,7,1,0,3,2,8,2,1,7,2,1,0,2,0,2,5,14
970,0,1,1,6,0,4,6,3,6,2,7,2,5,7,0,0,3,2,6,2,1,4,3,2,5,3,0,2,5,1
651,4,0,1,1,0,0,0,3,1,3,2,2,5,0,0,0,2,2,6,2,1,9,0,1,1,2,0,2,5,8
651,4,0,1,4,0,2,8,3,2,3,7,4,5,0,0,0,2,2,1,2,1,2,1,0,1,2,0,2,5,13
433,4,0,1,4,0,0,6,1,1,3,4,2,5,7,0,0,3,2,8,1,1,2,1,1,3,2,0,2,5,0
676,4,0,1,1,2,2,14,3,6,2,9,0,5,1,3,0,0,2,8,2,1,2,2,1,1,2,0,2,1,1
676,4,1,1,4,0,1,5,0,3,2,7,2,5,1,0,0,0,2,8,2,1,2,3,2,5,3,0,2,5,11
733,6,0,1,4,2,4,15,3,6,2,6,2,5,0,0,0,0,2,1,2,1,2,0,0,3,2,7,2,5,15
733,6,1,1,6,0,2,0,3,6,2,4,5,5,0,0,0,0,2,1,2,1,2,0,1,1,2,7,2,5,0
994,6,1,1,6,0,2,3,3,0,2,4,0,5,0,0,0,3,2,8,3,1,2,3,2,5,3,7,2,5,12
994,6,0,1,4,0,2,0,3,6,2,7,2,5,0,0,0,3,2,8,3,1,2,3,2,5,3,7,2,5,1
994,6,1,1,4,0,1,9,1,3,3,3,2,5,0,0,0,3,2,8,3,1,2,0,1,0,1,7,2,5,10
994,6,1,1,4,0,3,4,3,5,3,6,1,5,0,0,0,3,2,2,3,1,4,0,1,0,1,7,2,5,11
994,6,1,1,4,0,2,8,3,1,2,2,4,5,0,0,0,3,2,8,3,1,2,3,2,5,3,7,2,5,10
337,1,1,1,4,0,3,5,1,2,2,3,4,7,0,0,3,3,4,2,2,1,2,3,2,5,3,7,2,5,12
337,1,3,1,4,0,1,7,3,3,2,6,7,5,0,0,3,3,4,8,2,1,3,0,1,1,2,0,5,5,13
258,6,1,1,4,0,4,0,3,1,2,7,2,0,1,0,0,3,2,8,2,3,2,3,2,5,3,0,5,5,3
258,6,0,1,4,0,4,3,3,0,3,6,4,5,1,0,0,3,2,2,2,3,3,0,1,0,2,0,2,5,0
258,6,0,1,4,2,2,4,3,1,3,6,2,7,1,0,0,3,2,8,2,3,4,3,2,5,3,0,2,5,3
258,6,0,1,4,0,1,3,3,6,2,7,0,3,1,2,0,3,2,8,2,3,2,0,0,0,2,0,2,5,0
114,2,1,1,1,0,4,0,3,0,2,6,4,6,7,0,0,3,2,2,2,1,7,2,1,4,2,7,2,1,12
114,2,1,1,4,0,1,15,3,6,2,9,4,5,7,5,0,3,2,2,2,1,2,3,2,5,3,0,2,5,10
423,4,1,1,4,0,2,15,3,5,3,7,2,5,7,5,0,3,2,8,1,1,4,0,1,0,2,0,2,5,1
237,6,1,1,2,0,3,3,3,1,3,6,0,5,0,0,0,3,2,8,2,1,4,1,0,0,2,3,2,5,1
237,6,1,1,2,0,3,4,3,2,3,6,4,7,0,2,0,3,2,8,2,1,4,1,1,1,2,0,2,5,2
925,3,0,1,4,0,2,4,4,6,3,6,7,5,1,0,0,3,2,8,1,1,8,0,1,1,2,0,2,5,10
411,6,4,0,1,0,0,3,3,2,2,7,2,6,1,0,0,3,2,8,2,2,4,3,2,5,3,3,2,5,1
411,6,0,1,1,0,2,16,3,6,2,2,4,5,1,2,0,3,2,8,2,2,4,0,1,1,2,7,5,5,0
411,6,0,1,4,0,2,3,3,5,2,4,4,5,1,0,0,3,2,8,2,2,4,3,2,5,3,0,2,5,7
329,2,3,1,4,0,0,3,3,0,2,6,0,5,0,0,0,3,2,8,2,1,2,3,2,5,3,2,2,5,13
329,2,0,1,4,2,2,10,3,5,2,2,4,5,0,0,0,3,2,8,2,1,2,0,0,0,2,0,2,5,13
334,0,4,0,2,2,3,0,3,6,3,6,4,5,1,0,0,3,2,8,1,1,2,0,1,1,2,3,2,5,10
82,2,0,1,7,2,4,0,3,6,2,6,7,5,1,0,0,3,2,8,2,1,2,0,1,1,2,0,2,5,12
82,2,0,1,6,2,2,8,3,6,3,9,2,5,1,0,0,3,2,8,2,1,2,1,1,1,2,0,2,5,16
351,3,0,1,0,0,3,17,3,2,3,6,2,5,0,0,0,3,2,8,2,1,2,0,1,3,1,7,5,5,11
351,3,0,1,2,0,4,14,3,2,3,9,4,5,0,0,0,3,2,8,2,1,2,3,2,5,3,0,2,5,10
516,3,0,1,4,0,0,17,3,1,3,6,0,5,1,0,0,3,2,8,3,2,2,0,1,0,2,0,2,5,1
516,3,1,1,4,0,3,0,3,1,2,6,0,5,1,0,0,3,2,8,3,2,2,3,2,5,3,7,5,5,3
516,3,0,1,4,2,3,0,4,6,2,7,2,5,1,0,0,3,2,8,3,2,2,0,1,3,2,7,5,5,1
779,4,0,1,4,0,3,3,3,5,2,7,2,5,1,0,0,0,2,8,1,1,2,3,2,5,3,0,2,5,16
160,4,3,1,4,0,5,10,3,3,2,9,2,5,7,1,0,3,2,2,2,1,7,0,1,1,2,0,2,5,13
160,4,1,1,4,0,0,10,3,5,3,2,2,5,7,0,0,3,2,8,2,1,2,3,2,5,3,7,5,5,4
506,4,0,1,3,2,0,4,0,5,2,2,0,5,1,0,0,3,2,1,2,1,4,0,1,1,2,7,5,5,2
506,4,0,1,4,2,4,4,3,1,2,9,0,5,1,0,0,3,2,8,2,1,13,3,2,5,3,0,2,5,19
1009,6,1,1,4,2,0,8,3,6,2,6,2,6,7,0,0,3,2,2,2,1,1,0,1,0,2,0,2,5,9
1009,6,0,1,4,2,1,0,3,2,2,6,2,6,7,0,0,3,2,8,2,1,2,3,2,5,3,7,5,5,16
906,0,2,1,5,2,2,0,3,1,3,9,2,5,0,0,0,3,2,8,2,1,2,0,1,0,1,7,5,5,0
906,0,0,1,5,2,3,0,3,2,3,2,7,5,0,0,0,3,2,8,2,1,2,0,1,1,2,0,2,5,1
145,4,1,1,4,2,1,3,3,3,2,9,6,5,1,0,0,3,2,8,3,2,2,3,2,5,3,0,2,5,16
145,4,1,1,1,2,3,3,3,2,2,6,4,5,1,0,0,3,2,8,3,2,9,2,1,0,2,7,5,6,14
145,4,0,1,6,2,2,0,3,6,2,1,7,9,1,0,0,3,2,6,3,2,0,3,2,5,3,0,5,5,13
745,2,0,1,7,2,6,14,0,6,2,6,7,6,1,0,0,0,2,2,1,1,0,0,1,4,2,0,2,5,12
50,5,1,1,4,2,2,17,3,2,2,4,7,5,3,0,0,3,2,8,3,1,0,1,0,4,2,0,2,5,1
50,5,1,2,4,2,4,7,4,6,3,14,6,9,3,0,0,3,2,8,3,1,0,3,2,5,3,0,2,5,9
50,5,1,1,4,2,1,13,3,6,2,9,4,5,3,0,0,3,2,2,3,1,4,3,2,5,3,0,2,5,0
64,1,0,1,1,0,1,5,0,3,2,9,7,5,1,0,0,3,2,8,2,1,0,3,2,5,3,7,5,5,11
64,1,0,1,4,0,1,8,3,0,2,4,7,5,1,0,0,3,2,8,2,1,9,1,1,1,2,4,2,5,10
655,6,0,1,4,0,1,4,3,1,2,9,4,5,5,0,0,0,2,8,2,1,0,2,0,4,2,7,5,0,12
655,6,3,1,4,0,2,5,3,5,2,9,7,5,5,0,0,0,2,8,2,1,0,0,0,0,2,7,5,5,10
39,1,2,1,4,0,2,6,3,6,2,6,4,5,7,0,0,3,2,8,2,3,0,3,2,5,3,7,2,5,10
39,1,2,1,4,0,3,0,3,1,2,6,0,0,7,3,0,3,2,8,2,3,0,1,1,3,2,0,2,5,9
39,1,2,1,1,0,2,0,3,3,2,6,7,5,7,0,0,3,2,1,2,3,0,1,1,1,2,0,2,5,1
39,1,2,1,4,0,2,0,3,0,2,6,4,0,7,0,0,3,2,8,2,3,4,2,0,1,2,7,5,6,11
453,3,0,1,4,0,3,14,3,6,2,6,1,5,3,0,0,3,2,2,2,1,2,2,1,0,2,7,5,1,9
453,3,1,1,1,2,6,17,3,6,2,6,4,5,3,0,0,3,2,8,2,1,2,0,1,0,2,7,5,5,7
18,2,0,1,4,2,2,11,3,6,2,6,7,5,7,0,0,0,2,8,2,2,4,3,2,5,3,7,5,5,16
18,2,0,1,4,0,2,11,3,3,2,9,7,5,7,0,0,0,2,8,2,2,2,2,0,1,2,0,2,6,14
18,2,1,1,4,0,4,14,3,2,2,9,1,5,7,0,0,0,2,8,2,2,2,0,1,0,2,0,2,5,1
1044,2,0,1,7,4,6,0,3,6,2,7,1,5,0,0,0,3,2,8,2,2,2,3,2,5,3,0,2,5,8
1044,2,2,1,4,0,2,2,3,2,2,2,4,5,0,0,0,3,2,8,2,2,2,2,1,3,2,2,2,2,13
900,6,1,1,4,0,2,0,3,6,2,1,7,5,0,0,3,3,2,8,2,1,2,3,2,5,3,0,2,5,0
900,6,1,1,4,0,3,5,3,6,3,4,4,5,0,0,3,3,2,8,2,1,7,0,1,2,2,7,5,5,1
718,5,4,0,2,0,3,0,4,6,3,9,7,9,7,0,0,0,2,8,1,1,3,2,0,0,2,0,2,2,11
865,4,1,1,4,0,3,10,3,3,2,9,7,8,7,0,3,3,4,2,2,1,5,3,2,5,3,0,2,5,15
865,4,0,1,4,0,3,13,3,1,2,6,0,5,7,0,3,3,4,8,2,1,2,0,1,0,2,5,2,5,0
55,2,1,1,4,0,3,0,3,1,2,0,4,5,0,3,0,3,2,2,2,1,2,0,0,0,2,0,2,5,12
55,2,1,1,4,0,3,10,4,6,3,13,7,5,0,0,0,3,2,8,2,1,2,3,2,5,3,0,2,5,1
741,2,0,1,4,0,2,17,3,6,2,4,7,5,1,0,0,0,2,8,2,1,2,2,0,1,2,0,2,1,10
741,2,1,1,4,0,1,5,3,6,2,9,3,5,1,0,0,0,2,10,2,1,2,0,1,0,1,0,2,5,11
314,4,0,1,4,0,4,5,0,4,2,9,4,5,7,0,0,3,2,1,1,1,2,1,0,0,2,1,2,5,10
405,1,0,1,4,0,4,9,3,2,2,7,4,5,0,2,0,3,2,8,2,1,2,0,1,4,2,0,2,5,12
405,1,1,1,4,0,1,5,0,6,2,9,7,5,0,0,0,3,2,8,2,1,7,1,0,4,2,3,2,5,13
424,4,1,1,1,0,4,5,3,0,2,10,4,1,0,0,0,3,2,8,2,1,2,3,2,5,3,0,2,5,3
424,4,1,1,4,0,4,9,3,1,2,10,4,1,0,5,0,3,2,1,2,1,2,0,1,1,2,0,2,5,0
433,5,0,0,4,0,6,11,3,6,2,6,0,5,1,3,0,3,2,2,2,1,4,3,2,5,3,7,5,5,3
433,5,0,1,7,0,2,0,3,1,2,9,4,1,1,0,0,3,2,10,2,1,0,3,2,5,3,0,2,5,0
619,5,1,1,6,0,4,8,3,6,3,9,7,5,7,5,0,3,2,8,2,1,9,0,1,4,2,7,5,5,12
619,5,1,1,4,0,4,14,3,6,1,5,7,5,7,0,0,3,2,10,2,1,2,2,0,0,1,7,5,6,10
317,6,1,1,4,0,0,7,3,3,3,9,7,5,7,2,0,3,2,10,2,1,2,0,1,3,2,7,2,5,1
317,6,0,1,1,0,3,17,3,2,0,2,7,5,7,0,0,3,2,10,2,1,2,3,2,5,3,0,2,5,1
1029,1,1,1,1,0,3,0,3,6,2,6,4,5,7,0,0,3,2,8,4,1,2,2,0,3,2,0,2,1,2
1029,1,1,1,1,0,4,14,3,5,2,6,2,7,7,0,0,3,2,8,4,1,2,3,2,5,3,0,2,5,10
1029,1,0,1,2,0,1,8,0,6,2,6,2,0,7,0,0,3,2,2,4,1,2,0,0,0,2,0,2,5,1
1029,1,0,1,4,0,1,5,3,1,3,7,4,7,7,0,0,3,2,2,4,1,2,0,1,3,2,0,2,5,0
299,4,1,1,0,0,3,0,3,1,3,7,4,5,3,2,0,3,2,8,2,2,2,3,2,5,3,0,2,5,7
299,4,2,1,4,0,1,17,3,5,2,9,2,5,3,0,0,3,2,8,2,2,1,2,1,1,2,1,2,5,13
458,3,1,1,4,0,1,5,3,6,3,7,2,5,1,0,0,3,2,8,2,1,1,3,2,5,3,7,2,5,13
458,3,1,1,2,0,0,5,3,4,3,7,4,6,1,0,0,3,2,8,2,1,1,0,0,0,2,0,2,5,10
502,5,0,1,4,0,2,5,3,2,3,7,2,5,1,0,0,3,2,8,2,1,3,2,1,0,2,7,5,5,12
502,5,1,1,4,0,4,8,0,2,2,7,4,5,1,0,0,3,2,6,2,1,2,3,2,5,3,3,2,5,16
325,3,0,1,4,0,4,8,3,1,2,7,0,6,1,0,0,3,2,8,2,1,2,0,1,1,2,7,5,5,11
325,3,0,1,1,0,6,0,3,6,2,7,2,5,1,0,0,3,2,2,2,1,12,1,0,3,2,3,2,5,10
374,2,0,1,4,0,4,7,3,1,3,2,2,5,0,0,0,3,2,1,2,1,2,3,2,5,3,7,5,5,1
374,2,0,1,4,0,0,17,3,2,3,7,4,5,0,0,0,3,2,8,2,1,4,0,1,4,1,3,2,5,3
506,4,1,1,1,0,1,0,1,1,3,4,2,5,1,0,0,3,2,8,4,1,2,3,2,5,3,7,5,5,1
506,4,0,1,2,0,0,6,3,6,2,9,0,5,1,0,0,3,2,8,4,1,2,0,1,1,2,7,5,5,16
506,4,1,1,4,0,2,0,0,3,2,7,2,5,1,2,0,3,2,8,4,1,2,2,1,1,2,3,2,6,13
506,4,2,1,4,0,4,0,3,6,2,6,2,5,1,0,0,3,2,8,4,1,2,0,1,0,2,1,2,5,4
343,6,0,1,2,0,3,9,3,6,2,4,5,5,1,0,0,3,2,8,2,1,5,3,2,5,3,2,2,5,2
343,6,2,1,1,2,2,0,3,0,2,4,0,5,1,0,0,3,2,8,2,1,2,3,2,5,3,1,2,5,19
528,2,1,1,1,0,4,11,3,6,2,7,2,5,0,0,0,3,2,2,2,2,2,3,2,5,3,7,5,5,1
528,2,0,1,4,0,2,5,1,3,3,3,2,5,0,4,0,3,2,6,2,2,2,0,1,0,2,1,2,5,10
528,2,0,1,1,2,2,11,3,5,3,6,1,5,0,3,0,3,2,8,2,2,9,0,0,0,2,7,5,5,13
498,6,0,1,4,0,1,17,3,1,2,2,4,5,1,3,0,3,2,1,2,1,2,3,2,5,3,1,2,5,12
498,6,0,1,4,0,3,17,1,2,2,3,4,7,1,0,0,3,2,8,2,1,2,0,1,0,2,1,2,5,0
39,3,0,1,4,0,2,0,3,3,2,6,7,5,1,0,0,3,2,8,3,1,1,3,2,5,3,1,2,5,11
39,3,0,1,2,0,0,0,3,1,2,7,2,0,1,2,0,3,2,1,3,1,3,3,2,5,3,0,2,5,16
39,3,0,1,4,0,2,5,3,0,3,6,4,5,1,0,0,3,2,1,3,1,1,1,0,4,2,0,2,5,3
39,1,0,1,4,0,3,0,3,1,3,6,2,7,7,0,0,3,2,8,2,1,5,0,0,0,2,4,2,5,12
39,1,1,1,1,2,6,10,3,6,2,7,0,3,7,0,0,3,2,8,2,1,2,3,2,5,3,0,2,5,11
195,4,2,1,4,2,2,0,3,0,2,6,4,6,1,0,0,3,2,8,2,1,2,1,1,1,2,3,2,5,1
195,4,0,1,4,0,2,11,3,6,2,9,4,5,1,2,0,3,2,8,2,1,2,3,2,5,3,7,5,5,3
718,6,0,1,4,0,4,5,3,5,3,7,2,5,1,0,0,0,2,8,1,2,7,0,1,1,2,7,5,5,1
718,6,0,1,7,4,6,0,3,1,3,6,0,5,1,0,0,0,2,2,1,2,1,0,1,1,2,0,2,5,1
170,6,2,1,4,0,2,4,3,2,3,6,4,7,7,0,0,3,2,8,2,1,2,3,2,5,3,0,2,5,0
170,6,0,1,4,0,2,10,4,6,3,6,7,5,7,0,0,3,2,8,2,1,2,0,1,3,2,0,2,5,17
67,4,2,1,4,0,3,10,3,2,2,7,2,6,1,0,0,3,2,8,1,1,2,3,2,5,3,0,2,5,3
466,4,0,1,2,0,3,17,3,6,2,2,4,5,1,0,0,3,2,8,3,2,7,0,1,0,2,7,5,5,10
466,4,0,1,4,0,3,3,3,5,2,4,4,5,1,0,0,3,2,8,3,2,2,3,2,5,3,0,2,5,3
466,4,0,1,4,0,3,5,3,0,2,6,0,5,1,0,0,3,2,8,3,2,8,0,0,1,2,3,2,5,0
466,4,1,0,4,0,3,4,3,5,2,2,4,5,1,0,0,3,2,8,3,2,5,3,2,5,3,3,2,5,12
506,0,2,1,4,0,3,5,3,6,3,6,4,5,6,0,0,3,2,8,4,4,2,0,1,1,2,3,2,5,1
506,0,1,1,4,0,2,9,3,6,2,6,7,5,6,2,0,3,2,8,4,4,7,3,2,5,3,0,2,5,10
506,0,2,1,4,0,1,17,3,6,3,9,2,5,6,0,0,3,2,8,4,4,2,0,1,0,2,2,2,5,9
506,0,2,1,4,0,4,15,3,2,3,6,2,5,6,0,0,3,2,8,4,4,2,2,0,3,2,7,5,1,9
526,6,3,1,4,0,4,17,3,2,3,9,4,5,1,0,0,3,2,8,2,2,7,0,1,2,2,3,2,5,10
526,6,0,1,4,0,1,0,3,1,3,6,0,5,1,0,0,3,2,8,2,2,2,3,2,5,3,2,2,5,10
526,6,0,1,1,0,4,17,3,1,2,6,0,5,1,2,0,3,2,8,2,2,12,0,1,0,2,7,5,5,10
433,2,1,1,4,0,4,5,4,6,2,7,2,5,7,0,0,3,2,8,1,1,2,2,0,0,2,7,5,0,11
535,0,0,1,4,0,6,0,3,5,2,7,2,5,1,0,0,3,2,2,3,1,2,3,2,5,3,0,2,5,3
535,0,0,1,7,0,2,0,3,3,2,9,2,5,1,0,0,3,2,8,3,1,2,0,0,0,2,7,5,5,1
535,0,1,1,6,0,4,5,3,5,3,2,2,5,1,0,0,3,2,8,3,1,2,1,0,0,2,0,2,5,0
1032,5,0,1,4,0,4,0,0,5,2,2,0,5,7,0,0,3,2,8,2,2,1,1,1,4,2,0,2,5,3
1032,5,2,1,4,0,0,0,3,1,2,9,0,5,7,0,0,3,2,8,2,2,2,1,0,4,2,0,2,5,3
693,2,3,1,1,0,3,0,3,6,2,6,2,6,7,0,0,3,2,1,1,1,2,3,2,5,3,0,2,5,10
723,0,0,1,1,0,3,15,3,2,2,6,2,6,7,0,0,0,2,8,2,1,2,3,2,5,3,3,2,5,13
723,0,1,2,1,0,4,17,3,1,3,9,2,5,7,4,0,0,2,8,2,1,7,2,1,0,2,3,2,0,1
398,2,0,1,2,0,1,17,3,2,3,2,7,5,7,0,0,3,2,8,2,2,9,0,1,0,2,0,2,5,1
398,2,2,1,4,0,1,0,3,6,3,7,2,5,7,0,0,3,2,8,2,2,2,3,2,5,3,0,2,5,10
969,4,1,1,0,0,3,8,3,6,3,6,2,5,1,0,0,3,2,8,2,1,2,0,0,0,2,7,5,5,10
969,4,1,1,4,0,1,17,3,6,3,7,2,5,1,0,0,3,2,8,2,1,2,3,2,5,3,0,2,5,17
496,4,2,1,4,0,1,0,3,3,2,9,6,5,1,0,0,3,2,8,2,2,2,0,1,0,2,0,2,5,2
496,4,2,1,2,0,0,9,3,2,2,6,4,5,1,0,0,3,2,8,2,2,1,3,2,5,3,0,2,5,12
194,5,2,1,4,0,2,10,3,6,2,1,7,9,0,0,0,3,2,1,2,1,2,0,1,1,1,7,2,5,11
194,5,2,1,4,0,4,4,0,6,2,6,7,6,0,2,0,3,2,8,2,1,2,3,2,5,3,7,5,5,12
555,1,0,1,4,0,4,14,3,2,2,4,7,5,7,0,3,3,4,8,2,2,2,0,1,4,2,0,2,5,13
555,1,0,1,1,0,6,12,4,6,3,14,6,9,7,0,3,3,4,8,2,2,2,1,1,4,1,0,2,5,13
555,1,0,1,4,0,4,14,3,6,2,9,4,5,7,0,3,3,4,8,2,2,2,3,2,5,3,3,2,5,9
503,0,1,1,4,0,0,0,0,3,2,9,7,5,0,0,0,3,2,2,2,1,2,0,1,4,2,0,2,5,10
503,0,0,1,1,0,1,0,3,0,2,4,7,5,0,0,0,3,2,8,2,1,2,3,2,5,3,0,2,5,9
575,4,3,1,2,0,0,7,3,1,2,9,4,5,7,0,0,3,2,8,2,1,2,0,1,0,2,0,2,5,12
575,4,3,1,4,0,2,15,3,5,2,9,7,5,7,0,0,3,2,8,2,1,2,0,1,0,2,7,5,5,3
185,1,0,1,4,0,4,0,3,6,2,6,4,5,1,0,3,3,4,8,1,1,2,3,2,5,3,0,2,5,10
190,4,0,1,2,0,3,14,3,1,2,6,0,0,1,0,0,3,2,8,2,1,7,0,1,0,2,0,2,5,13
190,4,1,1,1,2,2,0,3,3,2,6,7,5,1,0,0,3,2,8,2,1,2,1,0,0,2,3,2,5,1
251,0,1,1,1,0,4,9,3,0,2,6,4,0,7,0,0,3,2,8,2,1,9,0,1,0,2,7,2,5,10
251,0,0,1,4,0,2,17,3,6,2,6,1,5,7,0,0,3,2,2,2,1,2,3,2,5,3,7,5,5,3
739,3,0,1,1,2,2,0,3,6,2,6,4,5,7,0,0,0,2,8,2,1,2,2,0,4,1,0,2,1,10
739,3,1,1,4,0,1,5,3,6,2,6,7,5,7,0,0,0,2,8,2,1,2,3,2,5,3,0,2,5,12
496,1,1,1,4,0,3,17,3,3,2,9,7,5,7,0,0,3,2,8,2,1,2,0,0,0,2,0,2,5,1
496,1,0,1,4,0,2,11,3,2,2,9,1,5,7,2,0,3,2,8,2,1,7,3,2,5,3,7,5,5,11
184,3,2,1,2,0,0,17,3,6,2,7,1,5,7,0,0,3,2,6,2,1,2,1,1,1,2,0,2,5,12
184,3,1,1,4,0,3,9,3,2,2,2,4,5,7,5,0,3,2,8,2,1,9,2,1,0,2,3,2,0,0
360,5,0,1,1,2,1,9,3,6,2,1,7,5,0,0,0,3,2,8,1,1,2,2,0,1,2,3,2,5,18
765,2,4,0,4,0,2,0,3,6,3,4,4,5,3,0,0,0,2,2,2,1,2,0,1,1,1,7,5,5,4
765,2,3,1,4,0,4,17,4,6,3,9,7,9,3,0,0,0,2,8,2,1,2,3,2,5,3,7,2,5,3
1004,6,1,1,4,0,2,0,3,3,2,9,7,8,1,0,0,3,2,8,2,2,2,0,1,0,2,0,2,5,4
1004,6,1,1,2,0,3,5,3,1,2,6,0,5,1,0,0,3,2,8,2,2,2,2,1,4,1,0,2,0,3
1004,6,1,1,4,0,2,9,3,1,2,0,4,5,1,0,0,3,2,2,2,2,1,0,1,0,2,7,5,5,11
496,6,3,1,1,0,0,4,4,6,3,13,7,5,7,0,0,3,2,2,2,1,3,3,2,5,3,0,2,5,3
496,6,3,1,4,0,6,0,3,6,2,4,7,5,7,0,0,3,2,8,2,1,2,3,2,5,3,3,2,5,1
39,0,0,1,0,0,0,0,3,6,2,9,3,5,7,0,0,3,2,8,2,1,9,0,1,0,2,3,2,5,9
39,0,0,1,4,0,3,0,0,4,2,9,4,5,7,3,0,3,2,2,2,1,2,0,1,0,2,3,2,5,3
676,2,4,0,4,0,0,1,3,2,2,7,4,5,1,0,0,3,2,2,2,2,13,0,1,2,2,7,5,5,1
676,2,0,1,4,0,2,9,0,6,2,9,7,5,1,0,0,3,2,8,2,2,2,0,1,0,2,3,2,5,3
676,2,0,1,4,0,1,4,3,0,2,10,4,1,1,0,0,3,2,8,2,2,2,3,2,5,3,3,2,5,3
471,4,0,1,7,4,6,17,3,1,2,10,4,1,1,0,0,3,2,8,2,3,2,0,1,0,2,0,1,5,3
471,4,0,1,4,0,1,17,3,6,2,6,0,5,1,0,0,3,2,2,2,3,2,3,2,5,3,0,2,5,1
471,4,0,1,4,0,1,0,3,1,2,9,4,1,1,0,0,3,2,8,2,3,9,0,1,1,2,3,2,5,1
426,1,0,1,4,0,3,4,3,6,3,9,7,5,1,0,0,3,2,3,2,1,9,3,2,5,3,3,2,5,3
426,1,0,1,4,0,0,5,3,6,1,5,7,5,1,0,0,3,2,8,2,1,2,0,0,1,2,0,2,5,16
209,3,1,1,0,2,0,8,3,3,3,9,7,5,0,0,0,3,2,2,2,1,1,0,0,0,2,0,2,5,1
209,3,3,1,0,0,5,4,3,2,0,2,7,5,0,0,0,3,2,8,2,1,1,3,2,5,3,7,5,5,10
309,6,0,1,4,0,0,14,3,6,2,6,4,5,0,0,0,3,2,8,2,1,2,3,2,5,3,0,2,5,13
309,6,1,1,4,0,2,7,3,5,2,6,2,7,0,0,0,3,2,8,2,1,5,0,1,1,2,0,2,5,1
565,3,0,1,4,0,3,7,0,6,2,6,2,0,0,0,0,3,2,8,2,2,7,0,1,1,2,4,2,5,1
565,3,0,1,4,0,3,4,3,1,3,7,4,7,0,0,0,3,2,8,2,2,2,3,2,5,3,1,2,5,16
565,3,0,1,4,2,2,17,3,1,3,7,4,5,0,0,0,3,2,3,2,2,1,0,1,0,1,0,2,5,13
501,4,0,1,1,0,1,0,3,5,2,9,2,5,1,0,0,3,3,3,1,1,1,3,2,5,3,2,2,5,4
431,4,1,1,4,0,1,5,3,6,3,7,2,5,7,0,0,3,2,0,1,1,7,2,0,0,2,7,2,1,16
329,4,3,1,4,0,4,7,3,4,3,7,4,6,7,4,0,3,2,0,2,1,9,3,2,5,3,7,5,5,12
329,4,0,1,4,0,1,5,3,2,3,7,2,5,7,0,0,3,2,0,2,1,3,0,1,0,2,7,5,5,9
328,3,2,1,4,0,1,0,0,2,2,7,4,5,7,0,3,3,2,0,1,1,2,1,0,3,2,1,5,5,13
985,0,0,1,1,0,2,8,3,1,2,7,0,6,7,0,0,3,2,0,2,1,2,3,2,5,3,0,5,5,12
985,0,2,1,4,0,3,5,3,6,2,7,2,5,7,0,0,3,2,0,2,1,2,3,2,5,3,0,5,5,11
512,1,1,1,7,4,6,10,3,1,3,2,2,5,7,0,0,3,2,0,2,7,2,0,0,1,2,0,5,5,1
512,1,1,1,4,0,1,3,3,2,3,7,4,5,7,0,0,3,2,0,2,7,7,3,2,5,3,3,2,5,1
512,1,1,1,4,0,2,0,1,1,3,4,2,5,7,0,0,3,2,0,2,7,2,3,2,5,3,0,2,5,1
512,1,1,1,0,0,1,0,3,6,2,9,0,5,7,4,0,3,2,0,2,7,2,0,1,1,2,2,2,5,4
512,1,0,1,7,4,6,7,0,3,2,7,2,5,7,0,0,3,2,0,2,7,2,1,0,3,2,7,5,5,0
512,1,0,1,7,0,0,17,3,6,2,6,2,5,7,0,0,3,2,0,2,7,2,1,1,3,2,0,2,5,9
512,1,0,1,4,0,1,3,3,6,2,4,5,5,7,0,0,3,2,5,2,7,1,1,1,3,2,3,2,5,2
927,3,1,1,4,0,3,9,3,0,2,4,0,5,7,0,0,3,2,6,1,1,2,3,2,5,3,3,2,5,9
204,2,0,1,4,0,4,9,3,6,2,7,2,5,0,0,0,3,2,0,2,1,2,0,1,0,2,3,2,5,10
204,2,0,1,4,0,1,7,1,3,3,3,2,5,0,0,0,3,2,6,2,1,2,0,1,0,2,7,4,5,13
466,0,0,2,4,0,4,7,3,5,3,6,1,5,0,0,0,3,2,0,2,2,2,3,2,5,3,0,0,5,12
466,0,0,1,2,0,2,7,3,1,2,2,4,5,0,0,0,3,2,0,2,2,7,2,0,3,2,0,2,5,1
1024,0,0,0,0,0,0,9,1,2,2,3,4,7,1,5,0,3,2,8,2,1,3,2,1,4,2,3,2,1,13
1024,0,1,1,4,0,4,5,3,3,2,6,7,5,1,4,0,3,2,4,2,1,2,0,1,0,2,0,2,5,10
1040,2,0,1,7,4,6,7,3,1,2,7,2,0,7,0,0,3,2,3,2,1,2,0,1,3,2,0,2,5,3
1040,2,0,1,2,0,4,9,3,0,3,6,4,5,7,0,0,3,2,3,2,1,2,3,2,5,3,0,2,5,10
662,2,1,1,2,0,4,7,3,1,3,6,2,7,1,0,0,0,2,6,1,1,2,2,1,3,2,0,2,5,9
343,3,0,1,7,4,6,4,3,6,2,7,0,3,7,0,0,3,2,0,2,1,2,2,0,4,2,0,2,5,10
343,3,1,1,2,0,1,7,3,0,2,6,4,6,7,1,0,3,2,0,2,1,2,3,2,5,3,0,2,5,9
418,5,0,1,4,0,3,7,3,6,2,9,4,5,7,5,0,3,2,4,2,1,9,0,1,1,2,7,2,5,11
418,5,1,1,4,0,3,7,3,5,3,7,2,5,7,0,0,3,2,3,2,1,2,3,2,5,3,1,2,5,0
625,0,0,1,4,0,2,8,3,1,3,6,0,5,1,0,0,0,2,0,1,1,4,2,1,4,2,7,5,1,10
76,4,1,1,4,0,0,0,3,2,3,6,4,7,1,0,0,3,2,0,1,1,2,0,0,0,2,0,2,5,13
954,4,1,1,5,0,4,7,4,6,3,6,7,5,5,0,0,3,2,1,2,1,2,3,2,5,3,3,2,5,10
954,4,0,1,4,0,4,5,3,2,2,7,2,6,5,2,0,3,2,8,2,1,2,0,1,0,2,3,2,5,11
1065,4,0,1,2,0,1,10,3,6,2,2,4,5,1,0,0,3,2,8,1,1,2,3,2,5,3,7,5,5,9
575,5,1,1,4,2,0,0,3,5,2,4,4,5,7,0,0,0,2,1,3,1,2,0,1,0,2,3,2,5,11
575,5,2,1,4,0,2,8,3,0,2,6,0,5,7,0,0,0,2,8,3,1,3,3,2,5,3,7,5,5,10
575,5,0,1,1,0,1,5,3,5,2,2,4,5,7,0,0,0,2,2,3,1,3,2,0,3,2,3,2,5,11
481,5,0,1,1,2,2,9,3,6,3,6,4,5,0,0,0,3,2,8,1,1,3,0,0,1,2,0,2,5,3
458,1,1,1,4,0,3,7,3,6,2,6,7,5,7,0,0,3,2,8,2,1,4,3,2,5,3,3,2,5,7
458,1,0,1,4,0,2,5,3,6,3,9,2,5,7,0,0,3,2,8,2,1,2,1,1,1,2,3,2,5,3
463,5,2,1,2,0,2,8,3,2,3,6,2,5,0,0,3,3,4,6,2,1,11,1,0,3,2,3,2,5,0
463,5,0,1,4,0,2,7,3,2,3,9,4,5,0,0,3,3,4,8,2,1,9,1,0,1,2,0,2,5,9
990,4,0,1,4,0,3,5,3,1,3,6,0,5,0,0,0,3,2,8,2,1,1,1,0,1,2,1,2,5,16
990,4,1,1,4,4,0,12,3,1,2,6,0,5,0,0,0,3,2,8,2,1,2,1,0,3,2,7,2,5,0
1026,1,0,1,4,0,1,0,4,6,2,7,2,5,5,3,0,3,2,1,2,1,2,3,2,5,3,7,5,5,1
1026,1,1,1,4,0,0,0,3,5,2,7,2,5,5,0,0,3,2,8,2,1,2,0,1,0,2,7,5,5,16
627,3,2,1,7,4,6,14,3,3,2,9,2,5,0,0,0,0,2,2,2,2,9,0,1,3,1,7,5,5,14
627,3,2,1,1,0,2,7,3,5,3,2,2,5,0,0,0,0,2,8,2,2,7,1,1,2,2,3,2,5,13
877,4,2,1,4,0,2,5,0,5,2,2,0,5,1,0,0,0,2,6,2,2,3,2,1,0,2,0,2,6,12
877,4,1,1,4,0,3,5,3,1,2,9,0,5,1,0,0,0,2,8,2,2,4,2,1,3,2,7,5,5,1
632,0,1,1,4,0,1,3,3,6,2,6,2,6,7,0,0,0,2,8,3,3,2,2,1,1,1,7,5,6,9
632,0,0,1,4,2,3,14,3,2,2,6,2,6,7,0,0,0,2,8,3,3,2,2,1,4,2,0,2,1,0
632,0,0,1,4,0,1,9,3,1,3,9,2,5,7,0,0,0,2,8,3,3,2,3,2,5,3,0,2,5,11
648,5,0,1,1,1,2,0,3,2,3,2,7,5,1,0,0,0,2,8,3,1,2,0,1,1,2,3,2,5,10
648,5,1,1,1,0,2,9,3,6,3,7,2,5,1,0,0,0,2,2,3,1,2,3,2,5,3,0,2,5,12
648,5,0,1,4,4,2,5,3,6,3,6,2,5,1,0,0,0,2,8,3,1,2,2,0,0,2,0,2,5,10
388,1,0,1,4,0,2,0,3,6,3,7,2,5,1,0,0,3,2,8,2,1,2,1,0,0,2,3,2,5,10
388,1,2,1,1,0,3,5,3,6,3,7,2,5,1,0,0,3,2,2,2,1,2,1,1,3,2,3,2,5,9
619,5,4,1,4,4,4,5,3,6,3,14,6,5,1,0,0,0,2,2,2,1,2,1,1,4,2,0,2,5,1
619,5,0,1,4,0,2,8,0,1,3,9,2,9,1,0,0,0,2,8,2,1,4,2,0,0,2,3,2,0,11
339,1,1,1,1,0,0,7,3,4,3,2,4,5,7,0,0,3,2,8,1,1,3,2,0,3,2,7,5,1,9
352,1,0,1,7,4,6,0,4,6,3,7,4,5,7,0,0,3,2,8,1,1,2,0,1,1,2,7,5,5,7
751,0,3,1,4,0,3,0,3,5,3,7,1,5,3,0,0,0,2,8,2,1,3,3,2,5,3,7,5,5,16
751,0,0,1,2,2,1,4,3,5,2,9,2,5,3,0,0,0,2,2,2,1,2,0,1,1,2,3,2,5,14
752,2,0,1,4,0,0,1,3,5,3,6,1,5,7,0,0,0,2,8,1,1,3,0,1,1,2,0,2,5,1
374,4,0,1,4,0,0,0,3,5,2,4,2,5,0,0,0,3,2,8,2,2,13,3,2,5,3,1,2,5,8
374,4,1,1,0,2,1,5,0,6,2,9,0,5,0,4,0,3,2,8,2,2,2,0,1,0,2,0,2,5,13
906,1,4,0,7,4,6,4,3,6,2,6,5,5,1,5,0,2,2,8,1,1,2,3,2,5,3,0,2,5,0
332,4,3,1,1,2,1,4,3,1,3,7,6,5,7,0,0,3,2,8,2,2,2,0,1,0,2,0,2,5,1
332,4,2,1,4,0,0,0,3,5,3,2,7,5,7,0,0,3,2,8,2,2,2,2,1,1,2,0,2,1,11
425,2,0,1,7,2,2,17,3,3,3,4,6,5,7,0,0,3,2,2,3,1,4,0,1,0,2,0,2,5,15
425,2,1,1,4,0,4,0,3,5,2,1,1,5,7,0,0,3,2,8,3,1,2,1,0,0,2,0,2,5,0
425,2,2,1,4,0,1,10,3,5,2,0,4,5,7,0,0,3,2,1,3,1,3,3,2,5,3,1,2,5,12
207,1,0,1,4,0,2,9,3,5,2,7,2,5,0,0,0,3,2,2,2,3,3,0,1,1,2,0,2,5,1
207,1,0,1,4,0,3,7,3,5,3,7,2,5,0,0,0,3,2,2,2,3,3,1,0,0,2,1,2,5,10
207,1,1,1,1,0,1,0,3,5,2,4,2,9,0,0,0,3,2,8,2,3,2,3,2,5,3,3,2,5,11
120,6,2,1,1,2,3,0,0,1,3,7,2,5,1,0,0,3,2,6,2,1,2,0,1,4,1,0,2,5,10
120,6,4,0,4,0,0,10,0,6,3,6,7,5,1,0,0,3,2,8,2,1,2,3,2,5,3,0,2,5,12
1014,0,0,1,4,0,2,10,3,5,3,14,7,5,1,0,0,3,2,8,2,1,2,1,0,3,2,3,2,5,13
1014,0,1,1,4,0,1,0,3,6,3,6,2,5,1,0,0,3,2,8,2,1,4,0,1,1,2,3,2,5,3
270,4,3,1,4,0,1,7,3,6,3,6,4,5,7,4,0,3,2,8,2,1,2,3,2,5,3,0,2,5,0
270,4,1,1,4,0,1,8,1,5,3,7,7,5,7,0,0,3,2,8,2,1,2,2,0,1,1,0,2,6,3
446,4,0,1,4,0,1,5,0,1,3,7,7,5,1,0,0,3,2,8,2,1,2,3,2,5,3,3,2,5,0
446,4,1,1,4,0,3,0,3,5,2,7,4,5,1,0,0,3,2,8,2,1,7,0,0,1,2,3,2,5,12
944,0,3,1,4,0,3,0,3,3,3,7,7,5,7,0,3,3,4,8,2,1,3,0,1,0,2,0,2,5,10
944,0,0,1,1,0,2,5,4,6,3,9,4,5,7,0,3,3,4,2,2,1,2,3,2,5,3,0,2,5,1
847,6,4,0,7,0,6,17,3,1,2,2,4,5,7,0,3,0,4,8,2,1,2,0,1,1,1,0,2,5,1
847,6,0,1,7,0,1,7,3,1,3,6,0,5,7,0,3,0,4,8,2,1,7,3,2,5,3,0,2,5,2
71,2,0,1,1,0,2,0,3,1,3,2,7,5,0,0,3,3,4,8,2,1,2,0,1,1,2,7,5,5,10
71,2,1,1,4,0,2,0,3,1,3,7,2,5,0,0,3,3,4,8,2,1,7,3,2,5,3,7,2,5,1
461,0,0,1,4,0,3,0,3,3,2,9,6,5,1,4,3,0,4,1,2,1,4,2,0,1,2,0,2,1,0
461,0,2,1,4,0,2,0,3,2,2,6,4,5,1,0,3,0,4,8,2,1,13,3,2,5,3,7,5,5,7
207,0,0,1,4,0,3,5,3,6,2,1,7,9,7,0,3,3,4,8,3,1,2,0,1,1,2,7,5,5,13
207,0,2,1,1,0,4,7,0,6,2,6,7,6,7,5,3,3,4,8,3,1,2,3,2,5,3,7,5,5,13
207,0,0,1,1,0,2,8,3,2,2,4,7,5,7,0,3,3,4,8,3,1,2,0,1,1,2,0,2,5,10
603,6,0,1,1,0,0,14,4,6,3,14,6,9,0,0,0,0,2,8,2,1,2,3,2,5,3,7,5,5,12
603,6,1,1,1,0,2,7,3,6,2,9,4,5,0,0,0,0,2,8,2,1,2,0,1,0,2,7,5,5,16
467,6,2,1,1,0,2,8,0,3,2,9,7,5,1,2,0,0,2,2,1,1,2,2,1,0,2,0,2,5,11
586,6,0,1,1,0,1,14,3,0,2,4,7,5,7,0,3,0,2,8,2,1,2,2,1,3,2,0,2,1,10
586,6,0,1,1,0,2,5,3,1,2,9,4,5,7,0,3,0,2,8,2,1,2,3,2,5,3,0,2,5,1
91,3,0,1,7,4,2,0,3,5,2,9,7,5,7,0,3,3,2,8,2,1,2,0,1,0,2,0,2,5,3
91,3,0,1,4,0,3,17,3,6,2,6,4,5,7,0,3,3,2,8,2,1,2,3,2,5,3,7,5,5,1
620,6,3,2,4,0,3,0,3,1,2,6,0,0,0,0,3,0,2,8,2,2,2,0,1,1,2,0,2,5,16
620,6,1,1,1,0,4,0,3,3,2,6,7,5,0,0,3,0,2,8,2,2,2,3,2,5,3,7,5,5,13
521,6,4,0,1,0,2,16,3,0,2,6,4,0,7,0,0,0,0,8,2,1,2,0,1,0,2,7,5,5,4
521,6,2,1,1,2,2,17,3,6,2,6,1,5,7,0,0,0,0,8,2,1,2,2,0,0,2,7,5,3,2
95,2,0,1,1,0,1,14,3,6,2,6,4,5,7,0,0,3,2,6,3,2,2,0,1,4,2,7,5,5,19
95,2,2,1,1,0,3,0,3,6,2,6,7,5,7,0,0,3,2,8,3,2,3,1,1,4,2,7,5,5,1
95,2,2,1,1,0,1,0,3,3,2,9,7,5,7,0,0,3,2,8,3,2,2,3,2,5,3,0,2,5,10
95,2,0,1,4,0,3,0,3,2,2,9,1,5,7,0,0,3,2,8,3,2,2,3,2,5,3,0,2,5,13
427,6,4,0,4,0,4,8,3,6,2,7,1,5,1,0,3,0,2,2,1,1,2,1,0,1,2,0,2,5,12
944,6,1,1,4,0,1,5,3,2,2,2,4,5,0,0,3,3,4,8,2,1,13,3,2,5,3,0,2,5,0
944,6,1,1,1,0,2,5,3,6,2,1,7,5,0,0,3,3,4,8,2,1,9,2,1,1,1,0,2,1,11
511,6,1,1,1,0,2,0,3,6,3,4,4,5,0,0,3,0,4,8,2,1,2,1,0,0,2,0,2,5,16
511,6,1,1,1,0,0,5,4,6,3,9,7,9,0,0,3,0,4,2,2,1,2,1,1,0,2,7,5,5,3
200,3,1,1,1,0,6,5,3,3,2,9,7,8,7,2,0,3,2,8,2,1,2,3,2,5,3,0,2,5,12
200,3,2,1,4,0,0,5,3,1,2,6,0,5,7,0,0,3,2,8,2,1,2,0,1,4,2,7,5,5,11
397,5,1,1,7,0,2,5,3,1,2,0,4,5,7,0,3,0,4,8,1,1,2,3,2,5,3,0,2,5,1
985,6,1,1,1,2,0,0,4,6,3,13,7,5,7,0,3,3,4,8,1,1,2,3,2,5,3,0,2,5,3
364,6,1,0,4,0,2,0,3,6,2,4,7,5,7,0,3,0,4,2,2,1,2,0,1,1,2,0,2,5,1
364,6,0,1,4,0,1,0,3,6,2,9,3,5,7,0,3,0,4,8,2,1,2,3,2,5,3,7,5,5,1
735,2,1,1,4,0,1,10,0,4,2,9,4,5,1,0,3,0,8,8,1,1,2,0,1,0,1,7,5,5,0
244,2,1,1,4,0,2,0,3,2,2,7,4,5,7,0,3,3,2,8,2,3,9,0,1,0,2,0,2,5,17
244,2,0,1,4,2,4,10,0,6,2,9,7,5,7,0,3,3,2,8,2,3,13,3,2,5,3,0,2,5,3
244,2,0,1,2,0,4,10,3,0,2,10,4,1,7,0,3,3,2,8,2,3,7,3,2,5,3,0,2,5,10
241,2,0,1,4,0,6,0,3,1,2,10,4,1,5,0,0,3,0,1,2,2,4,0,0,1,2,0,2,5,3
241,2,0,1,4,0,4,4,3,6,2,6,0,5,5,2,0,3,0,8,2,2,2,0,1,0,2,3,2,5,0
241,2,0,0,4,0,1,0,3,1,2,9,4,1,5,0,0,3,0,8,2,2,2,1,1,1,2,3,2,5,12
309,0,1,1,4,0,1,5,3,6,3,9,7,5,7,0,0,3,2,2,2,1,9,3,2,5,3,0,2,5,1
309,0,1,1,4,0,2,7,3,6,1,5,7,5,7,0,0,3,2,8,2,1,4,3,2,5,3,7,5,5,10
632,5,0,1,1,0,2,8,3,3,3,9,7,5,7,0,0,0,2,8,2,1,2,3,2,5,3,7,5,5,9
632,5,0,1,7,2,2,4,3,2,0,2,7,5,7,0,0,0,2,1,2,1,2,0,1,0,2,7,5,5,9
508,3,0,1,4,0,2,6,3,6,2,6,4,5,7,0,3,0,4,8,1,1,4,3,2,5,3,0,2,5,10
1065,5,0,1,4,2,2,8,3,5,2,6,2,7,1,0,0,3,2,8,2,1,2,0,1,0,2,7,2,5,10
1065,5,2,1,3,0,1,4,0,6,2,6,2,0,1,0,0,3,2,1,2,1,9,2,1,1,2,0,2,5,10
550,1,1,1,4,0,2,4,3,1,3,7,4,7,0,3,3,0,2,1,2,1,2,0,1,1,2,0,2,5,11
550,1,0,1,4,0,4,0,3,1,3,7,4,5,0,0,3,0,2,1,2,1,9,3,2,5,3,7,5,5,3
563,3,0,1,4,0,0,0,3,5,2,9,2,5,0,0,0,2,2,2,2,2,2,2,0,0,2,3,2,5,1
563,3,0,1,1,0,1,7,3,6,3,7,2,5,0,0,0,2,2,8,2,2,3,3,2,5,3,0,2,5,0
563,3,0,1,1,0,1,7,3,4,3,7,4,6,0,0,0,2,2,8,2,2,13,0,1,1,2,0,2,5,3
209,6,0,1,1,0,2,0,3,2,3,7,2,5,7,0,3,3,2,8,2,1,2,3,2,5,3,0,2,5,3
209,6,2,1,4,0,2,15,0,2,2,7,4,5,7,0,3,3,2,8,2,1,2,0,0,4,2,0,2,5,10
39,4,3,1,7,4,6,7,3,1,2,7,0,6,7,0,3,3,2,8,2,1,7,0,0,0,2,0,2,5,13
39,4,3,1,4,0,3,15,3,6,2,7,2,5,7,0,3,3,2,8,2,1,7,1,0,0,2,0,2,5,1
223,1,2,1,4,0,3,4,3,1,3,2,2,5,7,0,3,3,2,1,1,2,7,3,2,5,3,0,2,5,1
223,1,2,1,4,2,3,0,3,2,3,7,4,5,7,0,3,3,2,2,1,2,2,0,1,0,2,0,2,5,10
68,5,1,1,4,0,7,7,1,1,3,4,2,5,1,0,3,3,2,8,3,1,2,0,0,1,2,0,2,5,10
68,5,1,1,4,0,2,0,3,6,2,9,0,5,1,0,3,3,2,8,3,1,2,0,1,3,2,0,2,5,17
68,5,1,1,4,0,1,0,0,3,2,7,2,5,1,0,3,3,2,8,3,1,2,3,2,5,3,7,5,5,2
448,4,1,1,1,0,2,0,3,6,2,6,2,5,7,0,3,2,4,8,2,1,3,2,1,1,2,3,2,6,12
448,4,0,1,4,0,1,0,3,6,2,4,5,5,7,0,3,2,4,9,2,1,2,0,0,1,2,3,2,5,11
878,2,0,1,2,2,2,5,3,0,2,4,0,5,0,0,3,0,2,8,2,1,3,3,2,5,3,0,2,5,12
878,2,0,1,4,0,3,7,3,6,2,7,2,5,0,0,3,0,2,8,2,1,3,2,0,0,2,0,2,1,13
1032,4,1,1,4,0,1,8,1,3,3,3,2,5,0,0,3,3,2,8,2,2,2,3,2,5,3,3,2,5,13
1032,4,1,1,1,0,1,8,3,5,3,6,1,5,0,0,3,3,2,8,2,2,4,0,1,4,2,3,2,5,9
869,3,0,1,2,2,3,0,3,1,2,2,4,5,3,0,3,0,8,8,2,1,2,0,1,0,2,7,5,5,10
869,3,1,1,1,0,0,3,1,2,2,3,4,7,3,2,3,0,8,8,2,1,4,3,2,5,3,1,2,5,9
471,0,0,1,4,0,3,0,3,3,2,6,7,5,7,0,3,0,4,8,2,1,2,0,1,2,2,7,5,5,12
471,0,1,1,7,4,6,10,3,1,2,7,2,0,7,0,3,0,4,8,2,1,7,3,2,5,3,7,5,5,3
223,1,2,1,4,2,2,5,3,0,3,6,4,5,7,0,0,3,2,8,1,1,13,2,0,3,1,7,5,5,10
576,5,3,1,0,0,2,10,3,1,3,6,2,7,0,0,3,0,2,1,2,1,2,1,1,2,2,0,2,5,13
576,5,3,1,4,0,2,7,3,6,2,7,0,3,0,0,3,0,2,2,2,1,2,1,0,0,2,0,2,5,1
1050,2,1,1,4,0,3,5,3,0,2,6,4,6,7,0,3,3,2,2,3,6,2,0,1,1,2,0,2,5,10
1050,2,1,1,4,0,0,5,3,6,2,9,4,5,7,0,3,3,2,8,3,6,2,1,0,0,2,0,2,5,3
1050,2,1,1,4,0,1,3,3,5,3,7,2,5,7,3,3,3,2,8,3,6,2,0,1,1,2,0,2,5,10
1050,2,1,1,4,0,4,8,3,1,3,6,0,5,7,0,3,3,2,8,3,6,2,0,0,0,2,3,2,5,12
1050,2,1,1,4,0,3,8,3,2,3,6,4,7,7,0,3,3,2,8,3,6,4,3,2,5,3,3,2,5,1
1050,2,1,1,4,0,0,5,4,6,3,6,7,5,7,0,3,3,2,8,3,6,2,0,0,3,2,3,2,5,11
850,4,1,1,0,0,2,5,3,2,2,7,2,6,0,4,3,0,4,2,2,2,2,1,0,3,2,3,2,5,12
850,4,0,1,4,0,2,0,3,6,2,2,4,5,0,0,3,0,4,8,2,2,2,2,0,1,2,7,5,0,0
850,4,0,1,1,2,4,7,3,5,2,4,4,5,0,0,3,0,4,8,2,2,2,3,2,5,3,3,2,5,18
728,0,0,1,7,4,6,17,3,0,2,6,0,5,0,0,3,0,2,8,2,1,7,0,1,1,2,3,2,5,4
728,0,1,1,4,0,3,7,3,5,2,2,4,5,0,0,3,0,2,8,2,1,2,0,1,1,2,3,2,5,3
132,3,0,1,4,4,6,0,3,6,3,6,4,5,2,0,0,3,2,8,2,1,2,3,2,5,3,0,2,5,4
132,3,1,1,4,0,0,8,3,6,2,6,7,5,2,0,0,3,2,8,2,1,4,2,1,4,2,7,5,5,3
748,0,3,1,4,2,1,0,3,6,3,9,2,5,7,0,0,1,2,1,1,1,2,3,2,5,3,0,2,5,11
152,5,2,1,7,0,7,9,3,2,3,6,2,5,7,0,3,3,2,1,2,3,2,0,1,0,2,0,2,5,3
152,5,2,1,4,0,3,0,3,2,3,9,4,5,7,0,3,3,2,2,2,3,2,0,1,0,1,3,2,5,1
152,5,1,1,4,2,1,7,3,1,3,6,0,5,7,0,3,3,2,1,2,3,9,3,2,5,3,0,2,5,9
376,4,1,1,4,0,2,9,3,1,2,6,0,5,7,0,3,3,0,8,1,1,2,2,0,4,2,0,2,5,3
966,4,1,1,4,0,1,14,4,6,2,7,2,5,1,0,3,3,2,8,1,1,2,0,1,0,2,7,5,5,1
441,5,2,1,4,0,0,5,3,5,2,7,2,5,7,0,3,2,2,8,3,1,7,3,2,5,3,0,2,5,3
441,5,0,1,4,0,2,5,3,3,2,9,2,5,7,0,3,2,2,2,3,1,4,0,1,0,2,0,2,5,3
441,5,1,2,4,0,1,5,3,5,3,2,2,5,7,3,3,2,2,2,3,1,2,3,2,5,3,0,2,5,3
982,4,0,1,1,0,2,0,0,5,2,2,0,5,7,0,3,3,2,8,2,1,2,0,1,1,2,0,2,5,1
982,4,1,1,0,2,2,5,3,1,2,9,0,5,7,0,3,3,2,8,2,1,3,2,1,1,2,0,2,5,1
429,1,0,1,4,0,1,17,3,6,2,6,2,6,0,0,0,0,2,8,2,1,7,0,0,3,2,3,2,5,3
429,1,1,1,4,0,1,9,3,2,2,6,2,6,0,4,0,0,2,8,2,1,2,3,2,5,3,7,5,5,16
461,5,1,1,4,0,1,0,3,1,3,9,2,5,2,0,3,0,2,8,2,1,2,3,2,5,3,3,2,5,1
461,5,2,1,4,0,2,14,3,2,3,2,7,5,2,4,3,0,2,8,2,1,3,0,1,0,2,0,2,5,10
570,0,2,1,4,0,0,0,3,6,3,7,2,5,1,0,3,0,2,8,1,1,2,3,2,5,3,7,5,5,13
977,4,1,1,4,2,1,5,3,6,3,6,2,5,7,0,3,3,2,8,1,1,2,0,1,3,2,7,5,5,1
619,4,1,1,2,2,1,7,3,6,3,7,2,5,7,0,0,0,2,8,2,2,2,0,1,4,2,0,2,5,1
619,4,0,1,7,0,6,8,3,6,3,7,2,5,7,0,0,0,2,2,2,2,2,3,2,5,3,0,2,5,16
755,2,1,1,4,2,0,17,3,6,3,14,6,5,7,0,0,0,2,2,1,1,2,3,2,5,3,0,2,5,13
844,0,0,1,4,4,4,5,0,1,3,9,2,9,7,0,0,0,2,1,1,1,2,0,1,1,2,3,2,5,4
1013,1,0,1,2,0,0,0,3,4,3,2,4,5,7,0,3,3,2,8,2,3,13,0,1,0,2,0,2,5,16
1013,1,1,1,0,0,0,10,4,6,3,7,4,5,7,0,3,3,2,8,2,3,2,3,2,5,3,3,2,5,12
1013,1,1,1,4,0,3,0,3,5,3,7,1,5,7,0,3,3,2,8,2,3,7,3,2,5,3,0,2,5,9
1066,0,3,1,2,0,0,5,3,5,2,9,2,5,7,0,0,3,2,8,2,2,2,0,1,1,2,0,2,5,13
1066,0,2,1,4,0,1,9,3,5,3,6,1,5,7,0,0,3,2,8,2,2,2,1,1,1,2,7,5,5,12
388,1,1,1,0,1,1,6,3,5,2,4,2,5,0,0,0,0,2,8,2,1,2,2,0,3,2,7,5,1,11
388,1,1,1,2,0,3,9,0,6,2,9,0,5,0,0,0,0,2,8,2,1,2,0,1,0,1,3,2,5,1
398,4,0,1,1,0,2,5,3,6,2,6,5,5,1,0,3,3,2,8,2,1,2,3,2,5,3,0,2,5,1
398,4,1,1,2,0,0,0,3,1,3,7,6,5,1,0,3,3,2,8,2,1,2,0,1,1,1,0,2,5,1
463,5,0,1,2,0,2,5,3,5,3,2,7,5,1,0,3,0,4,1,2,1,4,2,0,1,2,3,2,5,4
463,5,1,1,2,0,1,14,3,3,3,4,6,5,1,0,3,0,4,1,2,1,3,2,1,1,2,0,2,1,0
823,2,0,1,4,0,0,8,3,5,2,1,1,5,1,0,0,0,2,8,2,1,4,0,1,0,2,0,2,5,9
823,2,4,0,0,0,3,0,3,5,2,0,4,5,1,0,0,0,2,8,2,1,2,3,2,5,3,7,2,5,2
533,4,0,1,0,0,1,0,3,5,2,7,2,5,0,0,0,0,2,8,1,1,2,0,1,1,2,0,2,5,9
619,4,2,1,1,0,2,17,3,5,3,7,2,5,7,0,0,2,7,8,2,2,2,3,2,5,3,3,2,5,10
619,4,2,1,1,0,0,7,3,5,2,4,2,9,7,2,0,2,7,8,2,2,4,3,2,5,3,3,2,5,13
619,4,0,1,4,0,6,0,0,1,3,7,2,5,7,0,0,2,7,8,2,2,2,0,1,0,2,7,2,5,12
491,5,1,1,7,4,6,10,0,6,3,6,7,5,7,0,0,0,2,8,1,1,13,3,2,5,3,3,2,5,1
758,4,1,1,1,0,2,10,3,5,3,14,7,5,7,0,0,0,2,8,1,1,2,0,1,0,2,0,2,5,13
99,5,2,1,4,0,1,0,3,6,3,6,2,5,0,0,0,3,2,8,2,1,2,3,2,5,3,0,2,5,10
99,5,2,1,4,0,2,9,3,6,3,6,4,5,0,0,0,3,2,8,2,1,2,0,1,4,2,7,2,5,3
232,0,1,1,2,0,1,9,1,5,3,7,7,5,7,0,0,3,2,8,2,1,2,0,1,0,2,0,2,5,10
232,0,2,1,4,0,0,5,0,1,3,7,7,5,7,0,0,3,2,8,2,1,3,2,1,0,2,0,2,5,9
1037,5,0,1,4,0,0,0,3,5,2,7,4,5,7,0,0,3,2,8,1,1,3,2,1,4,2,0,2,5,10
418,4,0,1,4,0,2,8,3,3,3,7,7,5,7,0,0,0,2,8,2,1,2,2,0,0,2,3,2,1,9
418,4,3,1,3,0,7,8,4,6,3,9,4,5,7,0,0,0,2,8,2,1,2,0,0,2,2,0,2,5,11
324,1,0,1,4,0,2,5,3,1,2,2,4,5,0,3,3,3,3,8,2,1,9,3,2,5,3,0,2,5,0
324,1,1,1,4,0,0,0,3,1,3,6,0,5,0,0,3,3,3,8,2,1,2,2,0,0,2,7,2,5,10
73,5,0,1,4,0,1,14,3,1,3,2,7,5,0,2,0,3,2,8,2,2,2,0,1,0,2,0,2,5,13
73,5,2,1,4,0,3,6,3,1,3,7,2,5,0,0,0,3,2,8,2,2,2,1,0,1,2,7,5,5,10
73,5,2,1,4,2,2,17,3,6,3,14,7,5,0,0,0,3,2,8,2,2,2,0,1,1,2,7,5,5,11
441,5,1,1,2,0,0,7,3,0,3,12,7,3,1,0,0,3,2,8,1,1,2,3,2,5,3,7,5,5,9
403,6,0,1,4,0,3,0,3,2,3,6,2,6,1,2,0,3,2,2,2,1,2,0,1,1,2,3,2,5,11
403,6,1,1,4,0,0,0,3,4,3,7,7,3,1,0,0,3,2,2,2,1,2,3,2,5,3,3,2,5,10
232,3,3,1,4,0,1,17,3,5,3,6,4,5,7,0,3,3,4,8,2,1,2,1,0,3,2,0,2,5,11
232,3,3,1,4,0,3,11,3,6,3,7,4,5,7,0,3,3,4,8,2,1,13,0,1,0,2,3,2,5,3
408,1,0,1,4,0,1,0,3,1,3,7,2,5,7,0,0,3,2,8,2,1,4,0,0,3,2,0,2,5,7
408,1,2,1,1,0,2,7,3,6,3,6,4,5,7,0,0,3,2,8,2,1,1,3,2,5,3,3,2,5,3
637,4,0,1,7,4,6,0,3,6,2,7,0,5,0,0,3,0,2,2,3,2,2,3,2,5,3,1,2,5,0
637,4,1,1,1,0,0,7,3,6,3,2,7,5,0,0,3,0,2,8,3,2,2,0,1,0,2,0,2,5,12
637,4,1,1,1,0,2,5,3,6,2,6,2,5,0,0,3,0,2,2,3,2,2,3,2,5,3,0,2,5,1
637,4,1,1,1,0,2,8,3,3,2,6,2,5,0,0,3,0,2,2,3,2,4,0,1,0,2,0,2,5,1
78,3,0,1,4,0,0,10,3,1,3,7,4,7,0,0,3,3,4,1,2,1,2,1,0,0,2,0,2,5,10
78,3,2,1,4,0,2,0,3,1,3,9,4,5,0,0,3,3,4,8,2,1,3,3,2,5,3,0,2,5,10
3,2,1,1,4,0,2,8,3,5,2,9,4,5,0,0,0,0,2,2,1,1,4,0,1,0,2,0,2,5,0
476,5,0,1,4,0,1,0,3,2,1,14,2,5,7,0,0,0,2,8,1,1,2,2,1,1,2,3,2,5,1
932,4,0,1,4,0,0,5,3,5,1,7,7,5,3,0,0,3,2,8,2,1,2,2,1,3,2,3,2,1,12
932,4,2,1,4,0,2,0,3,5,2,6,6,3,3,0,0,3,2,8,2,1,2,1,1,0,2,3,2,5,0
624,3,0,1,4,0,4,5,0,5,2,12,0,5,0,0,0,0,2,8,2,1,13,3,2,5,3,0,2,5,12
624,3,1,1,4,0,2,5,3,5,2,7,2,3,0,0,0,0,2,8,2,1,2,3,2,5,3,7,2,5,9
273,6,1,1,4,2,2,5,3,2,2,7,2,8,0,0,3,3,2,8,1,1,2,0,1,0,2,7,2,5,18
541,2,1,1,7,2,2,10,0,5,2,2,2,5,5,0,0,0,2,2,2,2,2,0,1,3,2,3,2,5,10
541,2,1,1,4,0,2,0,4,6,3,6,6,6,5,0,0,0,2,8,2,2,2,0,1,1,2,0,2,5,10
328,6,0,1,2,0,1,7,3,6,3,7,2,6,7,2,3,3,4,2,1,1,2,0,1,1,2,1,2,5,10
496,1,3,1,0,0,2,7,0,6,2,9,0,5,7,0,0,0,2,8,4,1,2,3,2,5,3,2,2,5,0
496,1,0,1,4,0,3,7,3,6,3,6,2,5,7,0,0,0,2,8,4,1,2,0,1,1,2,0,2,5,12
496,1,4,0,4,0,4,0,3,6,3,6,4,5,7,4,0,0,2,8,4,1,2,0,1,1,2,0,2,5,2
496,1,4,0,1,0,2,7,3,4,3,6,2,5,7,0,0,0,2,2,4,1,2,3,2,5,3,0,2,5,16
13,4,0,1,1,0,1,5,1,0,3,2,6,5,0,0,0,0,2,2,2,2,2,0,1,1,1,7,2,5,13
13,4,1,1,4,0,1,9,3,6,3,6,2,5,0,0,0,0,2,8,2,2,2,0,1,1,2,1,2,5,0
101,0,0,1,4,0,0,5,3,0,3,6,2,6,1,0,0,3,2,8,1,1,13,3,2,5,3,7,2,5,11
128,5,2,1,4,0,1,9,3,6,3,6,2,6,3,0,0,3,2,8,1,1,2,0,1,0,2,7,2,5,0
868,0,0,1,4,0,1,5,3,2,2,6,2,5,1,0,3,3,4,8,2,1,2,3,2,5,3,7,2,5,10
868,0,1,1,4,0,3,7,3,6,2,7,2,5,1,0,3,3,4,8,2,1,2,0,1,1,2,7,5,5,9
942,3,1,1,2,0,4,5,3,6,2,9,0,5,0,0,0,3,2,8,2,2,2,2,0,1,2,0,2,5,0
942,3,0,1,4,0,1,17,3,6,2,2,4,5,0,0,0,3,2,8,2,2,9,0,1,1,2,3,2,5,13
942,3,0,1,2,0,3,11,3,6,2,7,2,5,0,0,0,3,2,2,2,2,3,3,2,5,3,7,5,5,10
934,5,0,1,4,0,3,5,3,6,2,1,2,5,5,0,0,3,2,2,3,1,2,0,1,1,2,0,2,5,9
934,5,1,1,2,0,2,7,4,6,3,14,6,5,5,0,0,3,2,2,3,1,2,1,1,2,2,0,2,5,10
934,5,4,0,4,0,3,7,3,5,2,4,4,6,5,0,0,3,2,8,3,1,3,3,2,5,3,0,2,5,0
114,0,0,1,4,0,0,0,3,6,2,7,2,5,2,0,3,3,4,8,3,2,2,3,2,5,3,0,2,5,0
114,0,1,1,4,0,1,5,3,5,3,7,7,5,2,0,3,3,4,8,3,2,3,0,1,2,2,3,2,5,11
114,0,1,1,1,0,1,8,3,2,2,2,7,5,2,0,3,3,4,8,3,2,2,3,2,5,3,7,5,5,0
114,0,4,0,1,1,2,0,3,2,2,2,4,5,2,0,3,3,4,1,3,2,2,0,1,4,2,7,5,5,3
712,0,0,1,4,0,2,17,3,6,2,7,2,5,0,0,3,0,7,1,1,1,2,0,1,0,2,0,2,5,3
657,5,0,1,2,2,2,7,3,6,2,7,1,5,1,0,0,0,2,8,1,1,4,3,2,5,3,0,2,5,11
925,1,0,1,4,0,3,0,0,1,3,1,2,5,1,0,3,3,2,8,2,1,4,0,1,0,2,7,5,5,7
925,1,0,1,4,0,4,14,3,1,3,7,4,5,1,3,3,3,2,8,2,1,2,3,2,5,3,3,2,5,10
437,5,2,1,4,1,4,7,3,2,3,6,4,5,7,0,0,3,2,8,3,1,7,2,1,4,2,7,5,5,0
437,5,1,1,4,0,3,17,3,2,2,2,2,5,7,0,0,3,2,8,3,1,2,0,1,0,2,7,5,5,12
437,5,0,0,2,2,2,12,3,1,3,6,2,5,7,0,0,3,2,8,3,1,2,0,1,1,2,0,2,5,10
669,1,4,0,1,2,2,17,4,6,2,6,4,7,0,0,0,0,2,8,2,1,2,3,2,5,3,0,2,5,11
669,1,0,1,4,0,1,7,3,1,2,7,4,5,0,0,0,0,2,8,2,1,2,0,0,0,2,0,2,5,11
825,0,4,0,4,0,1,5,0,6,3,9,2,5,1,0,0,2,2,8,1,2,3,1,0,1,2,0,2,5,12
825,0,4,0,0,0,2,5,3,1,2,6,2,6,1,0,0,2,2,8,1,2,2,2,0,4,2,0,2,1,3
967,1,0,1,4,2,1,5,3,1,3,9,7,5,0,0,0,3,2,2,2,1,2,0,1,0,2,0,2,5,1
967,1,0,1,7,4,6,14,3,5,2,9,2,5,0,0,0,3,2,6,2,1,2,2,0,0,2,3,2,1,0
1024,6,0,1,4,0,1,5,3,6,2,7,0,5,7,0,0,3,2,8,2,1,2,3,2,5,3,0,2,5,9
1024,6,0,1,4,0,2,0,3,6,2,3,1,5,7,0,0,3,2,8,2,1,2,0,1,3,2,0,2,5,3
200,4,0,1,4,0,1,0,0,6,2,7,4,5,1,0,0,3,2,8,1,1,3,2,0,4,2,7,5,5,4
1036,2,3,1,1,0,0,8,3,6,2,7,4,5,1,0,0,3,2,8,1,1,2,0,1,1,2,0,2,5,4
691,4,0,1,2,0,6,15,3,6,2,1,1,6,0,0,0,0,2,8,1,1,2,0,1,3,2,0,2,5,11
852,3,0,1,4,2,0,0,3,6,2,7,4,5,7,0,0,0,2,2,2,7,3,1,0,1,1,1,2,5,0
852,3,0,1,4,0,1,11,3,6,2,7,4,5,7,0,0,0,2,2,2,7,3,1,0,3,1,7,5,5,1
852,3,0,1,4,0,0,5,3,6,2,7,4,5,7,0,0,0,2,8,2,7,2,1,0,1,2,0,2,5,3
852,3,0,1,1,0,3,11,3,4,2,6,2,5,7,3,0,0,2,2,2,7,9,1,1,3,1,3,2,5,10
852,3,1,1,4,0,1,17,3,1,2,7,2,6,7,0,0,0,2,8,2,7,9,2,0,1,2,3,2,1,7
852,3,1,1,4,0,1,17,3,6,2,9,2,5,7,3,0,0,2,8,2,7,2,2,0,3,2,1,2,3,5
852,3,1,1,4,0,1,0,3,2,2,7,4,5,7,0,0,0,2,8,2,7,2,1,0,1,2,0,2,5,1
360,2,1,1,4,0,1,0,3,5,2,7,4,5,0,0,3,3,2,8,1,1,2,2,1,4,1,0,2,1,3
877,1,1,1,1,0,1,5,3,6,3,2,4,5,0,0,0,3,2,8,2,3,2,3,2,5,3,1,2,5,9
877,1,1,1,4,0,1,0,3,0,0,6,4,5,0,0,0,3,2,8,2,3,2,0,1,0,2,3,2,5,18
877,1,1,1,1,0,2,10,3,3,2,12,7,5,0,0,0,3,2,1,2,3,2,1,0,1,2,0,2,5,1
613,1,4,0,1,0,1,0,3,1,2,7,4,5,7,0,3,0,2,8,2,1,1,2,0,3,1,0,2,5,3
613,1,1,1,4,0,3,11,3,0,2,6,4,5,7,0,3,0,2,2,2,1,3,0,1,0,2,3,2,5,12
219,0,2,1,4,0,3,5,3,0,2,9,7,3,2,0,0,3,2,8,1,1,4,0,1,0,2,0,2,5,9
275,1,0,1,2,0,3,0,3,0,2,4,1,5,0,0,0,3,2,2,2,1,2,3,2,5,3,0,2,5,0
275,1,2,1,4,0,2,4,3,1,2,7,4,5,0,0,0,3,2,8,2,1,2,2,1,4,2,0,2,5,17
255,2,2,1,4,2,1,10,3,0,2,9,4,5,7,0,3,3,4,8,3,2,2,0,1,1,2,3,2,5,10
255,2,1,1,1,0,0,10,3,0,2,1,2,5,7,0,3,3,4,1,3,2,2,3,2,5,3,1,2,5,3
255,2,1,1,4,0,1,17,3,5,1,6,7,5,7,0,3,3,4,8,3,2,2,0,1,1,2,7,5,5,10
270,2,2,1,4,0,2,3,3,6,2,5,2,5,7,0,0,3,2,8,2,1,2,3,2,5,3,3,2,5,0
270,2,0,1,7,4,6,5,3,0,2,5,2,5,7,0,0,3,2,8,2,1,2,0,1,1,2,0,2,5,11
209,4,0,1,1,2,2,4,3,0,2,5,4,5,0,0,0,3,2,8,2,1,2,3,2,5,3,0,2,5,10
209,4,2,1,2,1,3,5,0,4,2,5,4,5,0,0,0,3,2,1,2,1,2,3,2,5,3,0,2,5,10
15,2,0,1,4,0,3,9,3,6,2,5,7,3,7,0,0,0,2,8,3,1,2,0,1,1,2,0,2,5,0
15,2,1,1,4,0,0,17,3,6,2,12,7,3,7,0,0,0,2,8,3,1,2,1,1,1,2,3,2,5,10
15,2,1,1,2,2,6,15,3,3,2,5,2,5,7,0,0,0,2,8,3,1,2,1,0,1,2,0,2,5,0
724,6,4,0,4,0,1,17,3,6,2,5,4,5,0,0,3,0,2,8,2,1,3,0,1,1,2,0,2,5,10
724,6,1,1,4,0,2,0,3,6,2,5,2,0,0,0,3,0,2,2,2,1,2,3,2,5,3,7,5,5,10
38,5,0,1,4,0,1,17,3,1,2,5,2,7,1,0,3,0,4,8,2,1,3,0,1,1,2,3,2,5,10
38,5,0,1,4,0,3,5,3,1,2,6,4,7,1,0,3,0,4,8,2,1,3,3,2,5,3,0,2,5,0
977,0,0,1,1,0,2,0,3,1,2,5,4,7,7,0,0,3,2,8,2,1,2,2,0,0,2,0,2,1,1
977,0,3,1,4,0,2,0,3,6,2,5,4,7,7,0,0,3,2,8,2,1,2,2,1,4,2,0,2,1,9
283,3,0,1,0,0,0,5,3,1,2,5,4,5,0,0,0,3,2,2,1,1,2,2,0,2,2,2,2,5,1
337,0,2,2,1,0,3,0,3,6,2,6,4,5,1,0,3,3,4,8,1,1,2,3,2,5,3,1,2,5,10
967,1,3,1,1,0,2,0,3,6,2,1,4,5,2,0,3,3,2,8,1,1,2,0,0,0,2,0,2,5,16
31,3,1,1,1,0,1,0,3,3,2,6,4,5,1,0,3,1,4,8,2,1,2,3,2,5,3,3,2,5,13
31,3,4,0,1,0,1,15,3,1,2,7,2,6,1,0,3,1,4,8,2,1,13,0,0,2,2,0,2,5,13
106,4,0,1,4,0,2,17,3,3,2,9,2,5,7,0,0,3,2,8,2,1,4,1,1,2,2,7,5,5,1
106,4,1,1,4,0,0,17,3,3,2,9,7,5,7,0,0,3,2,8,2,1,2,1,1,2,2,0,2,5,11
388,2,0,1,4,0,2,0,3,6,2,9,4,5,7,0,0,3,2,8,2,1,13,3,2,5,3,0,2,5,12
388,2,1,1,4,0,2,8,3,3,2,7,4,5,7,0,0,3,2,8,2,1,5,0,1,0,1,3,2,5,0
1014,0,1,1,0,0,2,17,3,6,2,6,2,5,7,0,0,3,2,8,2,1,7,1,1,3,2,3,2,5,0
1014,0,3,1,4,0,3,0,3,6,3,7,2,5,7,0,0,3,2,8,2,1,2,3,2,5,3,0,2,5,16
787,3,0,1,1,0,1,9,3,3,3,7,7,5,1,0,0,2,7,8,1,1,4,0,1,1,2,0,2,5,10
967,6,0,1,4,0,2,10,3,2,3,6,2,5,0,0,0,3,2,2,2,1,3,0,1,4,2,3,2,5,12
967,6,0,1,7,4,6,4,3,4,3,2,7,5,0,0,0,3,2,2,2,1,2,0,1,1,2,0,2,5,1
925,6,0,1,4,0,2,14,3,5,2,7,2,5,7,0,0,3,2,2,2,1,4,3,2,5,3,3,2,5,0
925,6,0,1,4,0,6,12,3,6,3,7,1,5,7,0,0,3,2,1,2,1,3,3,2,5,3,0,2,5,10
319,1,1,1,4,0,6,14,3,6,3,6,0,5,7,0,0,3,2,8,1,1,2,0,1,0,2,0,2,5,3
401,1,1,1,4,0,0,0,3,6,3,6,1,6,1,0,0,3,2,8,1,1,2,0,1,0,2,0,2,5,11
775,5,4,0,0,2,2,0,3,6,3,6,4,5,0,0,3,0,4,1,3,1,3,0,0,0,2,0,2,5,3
775,5,0,1,4,0,1,7,3,6,2,6,0,5,0,0,3,0,4,8,3,1,2,0,1,0,2,0,2,5,9
775,5,4,0,4,2,2,15,3,5,3,14,2,5,0,0,3,0,4,8,3,1,1,3,2,5,3,7,5,5,10
565,4,0,1,2,0,1,0,3,4,3,6,4,5,0,0,0,3,2,8,2,1,2,3,2,5,3,0,2,5,10
565,4,1,1,4,0,3,14,3,5,3,7,6,5,0,0,0,3,2,8,2,1,2,0,1,1,2,0,2,5,10
265,1,2,1,4,0,4,0,3,6,3,7,0,5,0,0,3,3,8,8,2,3,3,3,2,5,3,7,5,5,0
265,1,2,1,4,0,4,9,0,5,3,7,2,5,0,0,3,3,8,8,2,3,2,1,1,1,2,3,2,5,0
265,1,2,1,7,2,6,0,3,6,3,6,6,5,0,0,3,3,8,2,2,3,2,1,1,2,2,0,2,5,9
326,4,0,1,4,0,1,11,3,6,3,6,6,5,7,0,0,3,2,1,3,3,2,2,0,0,2,0,2,1,1
326,4,1,1,7,4,6,5,3,6,3,6,2,5,7,0,0,3,2,8,3,3,2,2,1,4,2,3,2,1,12
326,4,1,1,1,0,5,11,0,6,2,6,2,5,7,0,0,3,2,8,3,3,2,1,0,4,2,0,2,5,9
326,4,1,1,4,0,3,17,3,1,3,2,4,5,7,0,0,3,2,2,3,3,3,0,1,3,2,1,2,5,3
152,1,2,1,4,2,3,17,0,6,3,6,2,5,7,0,3,3,2,8,2,3,2,3,2,5,3,0,2,5,3
152,1,1,1,4,0,3,0,0,5,3,9,2,5,7,0,3,3,2,8,2,3,2,3,2,5,3,0,2,5,5
152,1,1,1,4,0,3,0,3,6,3,12,2,5,7,0,3,3,2,8,2,3,3,0,1,0,2,7,5,5,11
152,1,1,1,4,2,2,5,3,5,3,6,4,5,7,0,3,3,2,8,2,3,3,3,2,5,3,0,2,5,12
114,5,0,1,4,0,4,0,3,2,3,7,4,5,5,0,3,3,2,8,1,1,2,0,1,0,2,0,2,5,3
25,2,3,1,4,0,1,10,3,6,3,7,0,5,7,0,0,0,2,8,2,1,2,0,1,0,2,0,2,5,9
25,2,0,1,4,0,6,0,0,6,2,7,0,5,7,0,0,0,2,8,2,1,2,3,2,5,3,0,2,5,3
408,4,1,1,0,0,0,11,3,2,2,7,2,5,1,0,0,3,2,8,1,1,2,0,0,0,2,7,5,5,12
863,6,1,1,4,0,0,5,3,5,2,6,0,6,7,0,0,3,2,2,2,1,2,3,2,5,3,0,2,5,1
863,6,0,1,4,0,0,0,3,6,3,6,2,5,7,0,0,3,2,2,2,1,2,2,0,4,2,1,2,2,0
535,6,0,1,5,0,2,4,3,6,3,6,6,6,0,0,0,3,2,2,2,1,2,0,0,1,2,7,5,5,12
535,6,0,1,4,0,3,10,3,6,3,6,6,6,0,0,0,3,2,8,2,1,2,3,2,5,3,0,2,5,3
840,3,0,1,4,0,3,10,3,6,3,6,1,5,7,0,0,3,2,1,1,4,2,2,1,0,1,7,5,5,9
840,3,0,1,4,0,2,17,4,6,3,6,2,5,7,0,0,3,2,8,1,4,2,0,1,0,2,0,2,5,10
840,3,0,1,4,0,1,3,3,6,3,6,6,5,7,0,0,3,2,1,1,4,4,3,2,5,3,0,2,5,0
840,3,0,1,4,0,4,5,3,2,3,7,4,5,7,0,0,3,2,8,1,4,2,3,2,5,3,3,2,5,0
1026,6,0,1,4,0,0,4,3,6,2,7,2,5,0,0,0,3,2,1,3,1,7,0,1,1,2,0,2,5,10
1026,6,1,1,4,0,2,5,4,1,2,9,2,5,0,0,0,3,2,8,3,1,2,1,0,3,2,1,2,5,0
1026,6,1,1,4,0,4,9,3,6,2,7,2,5,0,0,0,3,2,8,3,1,7,0,1,0,2,0,2,5,3
232,3,0,1,1,0,2,17,3,2,2,7,2,5,0,0,0,3,2,8,4,7,2,3,2,5,3,7,5,5,0
232,3,0,1,4,0,1,15,0,6,2,7,2,5,0,0,0,3,2,8,4,7,7,2,1,1,1,0,2,5,10
232,3,0,1,4,0,2,17,3,2,3,7,4,5,0,0,0,3,2,8,4,7,13,0,1,0,2,3,2,5,1
232,3,1,1,1,0,2,0,3,6,3,4,4,5,0,0,0,3,2,8,4,7,2,3,2,5,3,7,5,5,10
232,3,1,1,4,0,3,17,3,2,3,4,4,5,0,0,0,3,2,8,4,7,7,0,1,0,2,3,2,5,4
232,3,1,1,4,0,0,5,3,6,2,2,0,5,0,0,0,3,2,8,4,7,4,3,2,5,3,3,2,5,10
232,3,0,1,2,0,4,0,3,6,2,7,4,5,0,0,0,3,2,8,4,7,2,0,1,1,2,7,5,5,16
232,3,0,1,1,0,3,0,3,3,3,7,4,5,0,0,0,3,2,8,4,7,2,3,2,5,3,0,2,5,5
418,3,2,1,2,2,0,5,3,5,2,6,4,5,1,0,0,3,2,8,1,1,2,0,1,0,2,0,2,5,11
331,1,1,1,4,0,1,0,3,5,2,6,4,5,0,0,0,3,2,8,2,1,3,3,2,5,3,2,2,5,9
331,1,0,1,7,0,2,0,0,4,3,9,2,5,0,0,0,3,2,6,2,1,2,0,1,1,2,3,2,5,1
360,6,0,1,2,2,1,0,3,5,2,4,4,5,7,0,0,3,2,2,2,1,2,3,2,5,3,3,2,5,0
360,6,1,1,2,0,3,15,3,6,2,6,4,5,7,0,0,3,2,8,2,1,2,3,2,5,3,0,2,5,1
953,6,1,1,4,0,0,17,3,6,2,7,4,5,7,0,0,3,2,8,2,1,2,0,0,1,2,1,2,5,5
953,6,0,1,1,0,0,17,3,6,3,7,2,5,7,0,0,3,2,8,2,1,4,0,1,0,2,7,5,5,12
769,0,0,1,2,0,0,0,3,6,2,9,4,5,1,0,0,0,2,1,2,1,13,3,2,5,3,0,2,5,12
769,0,0,1,0,0,2,8,3,6,3,6,2,5,1,0,0,0,2,1,2,1,2,1,0,3,2,0,2,5,0
343,4,0,2,7,4,6,17,1,6,3,9,7,5,0,0,0,3,2,8,2,1,9,1,0,3,2,0,2,5,1
343,4,1,1,4,0,2,0,3,6,3,6,2,5,0,0,0,3,2,8,2,1,2,1,0,0,2,3,2,5,1
329,4,2,1,1,2,2,9,4,6,3,2,2,5,1,0,0,3,2,1,1,1,3,1,1,4,2,7,2,5,0
366,3,3,1,1,0,2,10,1,2,3,9,2,5,7,0,0,3,2,1,3,6,3,1,1,2,2,2,2,5,0
366,3,3,1,2,2,2,4,3,3,3,12,7,5,7,0,0,3,2,1,3,6,2,1,0,0,2,0,2,5,7
366,3,1,1,4,0,2,14,3,2,3,3,7,3,7,2,0,3,2,8,3,6,4,1,0,4,2,0,2,5,16
366,3,1,1,4,2,0,12,3,1,3,7,4,5,7,0,0,3,2,2,3,6,2,1,0,0,2,0,2,5,0
366,3,1,1,4,0,1,14,3,6,3,12,0,5,7,5,0,3,2,8,3,6,2,1,0,4,2,7,5,5,5
366,3,1,1,4,2,2,0,3,3,2,7,7,5,7,5,0,3,2,8,3,6,2,1,0,4,2,0,2,5,3
466,2,3,1,4,2,3,0,3,2,3,4,4,5,0,0,0,3,2,2,2,1,2,1,0,4,2,0,2,5,9
466,2,1,1,2,0,2,7,3,5,2,2,2,5,0,2,0,3,2,8,2,1,2,2,1,0,2,7,5,3,10
570,4,0,1,2,2,1,15,3,6,2,6,2,5,7,0,0,3,2,8,2,1,2,0,1,1,2,0,2,5,12
570,4,3,1,4,0,2,0,3,6,2,7,2,5,7,0,0,3,2,8,2,1,2,3,2,5,3,0,2,5,17
693,2,0,1,1,0,1,14,3,6,2,6,0,5,1,2,0,3,2,8,1,1,2,0,1,1,2,3,2,5,0
967,5,2,1,1,0,2,0,3,6,2,6,0,5,7,0,0,3,2,1,2,1,4,0,1,0,2,0,2,5,10
967,5,1,1,4,0,0,9,0,6,2,6,0,5,7,0,0,3,2,6,2,1,2,1,0,1,2,0,2,5,9
672,6,0,1,4,0,2,17,3,6,2,9,0,5,7,0,0,0,2,8,2,1,5,3,2,5,3,0,2,5,12
672,6,2,1,7,4,6,0,3,6,2,6,0,5,7,0,0,0,2,8,2,1,2,0,1,4,2,0,2,5,12
1004,1,0,1,1,0,3,5,3,1,3,7,4,5,7,0,0,3,2,8,2,1,2,3,2,5,3,0,2,5,10
1004,1,1,1,1,0,4,17,3,1,3,4,1,9,7,0,0,3,2,2,2,1,2,1,0,0,2,0,2,5,10
413,1,0,1,4,0,1,11,3,6,2,7,1,5,7,0,3,3,4,8,2,1,10,1,0,1,2,0,2,5,16
413,1,2,1,1,2,0,17,3,6,2,6,0,5,7,0,3,3,4,6,2,1,2,0,0,0,2,7,5,5,5
1063,2,0,1,4,2,2,9,0,5,3,6,2,5,0,0,0,3,2,2,2,3,2,3,2,5,3,0,2,5,1
1063,2,1,1,4,0,1,9,0,6,2,14,0,5,0,0,0,3,2,8,2,3,2,0,0,0,2,7,5,5,0
1063,2,1,1,4,0,1,0,3,6,3,7,6,5,0,0,0,3,2,8,2,3,2,2,0,0,2,0,2,5,3
1063,2,1,1,2,0,1,17,3,5,3,6,0,5,0,0,0,3,2,8,2,3,9,2,1,1,2,2,2,3,9
413,3,0,1,4,0,3,0,3,6,2,6,2,5,1,1,3,3,2,8,2,1,2,2,0,0,2,3,2,3,9
413,3,0,1,4,0,1,5,3,2,3,6,4,5,1,0,3,3,2,8,2,1,2,3,2,5,3,0,2,5,1
55,0,2,1,4,0,0,9,3,6,3,7,4,5,0,0,0,3,2,8,3,1,3,0,1,0,2,7,5,5,12
55,0,1,1,4,0,1,4,3,6,2,7,4,5,0,0,0,3,2,1,3,1,2,3,2,5,3,3,2,5,2
55,0,0,1,4,0,2,0,3,6,2,1,4,5,0,0,0,3,2,8,3,1,3,0,1,1,2,7,5,5,5
504,2,3,1,4,0,0,0,3,6,2,2,4,5,7,0,0,3,2,8,2,1,2,3,2,5,3,7,5,5,1
504,2,1,1,1,0,0,0,2,0,2,1,7,5,7,0,0,3,2,2,2,1,2,0,1,3,2,0,5,5,3
348,0,1,1,4,0,1,1,3,2,2,12,7,5,7,0,0,3,2,8,3,2,2,3,2,5,3,7,5,5,10
348,0,0,1,4,0,3,9,3,6,2,2,0,5,7,0,0,3,2,8,3,2,2,0,1,1,2,5,2,5,0
348,0,1,1,4,0,4,4,3,2,3,6,6,5,7,0,0,3,2,8,3,2,10,0,1,0,2,0,2,5,10
8,3,4,0,4,0,3,17,3,1,3,9,1,3,7,0,0,0,2,2,1,1,2,3,2,5,3,0,2,5,10
968,4,1,1,1,2,2,17,3,6,2,7,1,5,1,0,0,3,2,8,2,1,2,0,1,1,2,0,2,5,7
968,4,1,1,1,0,3,0,3,6,2,7,4,5,1,0,0,3,2,8,2,1,2,3,2,5,3,7,5,5,16
1030,2,0,1,4,0,0,4,0,0,2,4,1,5,7,0,3,3,2,8,2,2,2,0,1,1,2,0,2,5,3
1030,2,1,1,7,4,6,5,0,0,2,2,7,3,7,0,3,3,2,8,2,2,2,3,2,5,3,0,2,5,5
949,6,2,1,2,2,2,8,1,0,2,6,7,5,5,0,3,3,4,8,2,2,2,0,1,1,1,3,2,5,9
949,6,1,1,1,0,1,4,3,5,2,6,4,5,5,0,3,3,4,8,2,2,8,3,2,5,3,0,2,5,17
949,6,1,1,7,4,6,14,3,6,3,6,0,5,5,0,3,3,4,8,2,2,9,3,2,5,3,7,5,5,5
438,6,3,1,7,4,6,7,3,1,3,7,2,5,5,0,0,3,2,2,2,1,1,0,0,0,2,6,2,5,1
438,6,1,1,2,2,0,7,3,6,3,6,4,5,5,0,0,3,2,8,2,1,3,0,1,0,2,0,2,5,0
309,4,0,1,4,0,0,4,3,6,2,7,0,5,0,3,0,3,2,8,2,1,3,3,2,5,3,7,5,5,10
309,4,1,1,4,0,0,17,3,3,2,4,2,5,0,0,0,3,2,8,2,1,2,1,0,3,2,0,2,5,10
471,1,3,1,4,0,3,0,3,6,2,9,7,5,0,0,3,3,4,8,2,1,9,2,0,0,2,2,2,3,12
471,1,0,1,4,0,0,5,3,6,2,7,2,5,0,0,3,3,4,8,2,1,2,0,0,3,2,2,2,5,9
70,5,1,1,2,2,3,7,3,2,3,7,1,5,7,0,0,3,2,8,2,2,2,3,2,5,3,3,2,5,9
70,5,1,1,4,0,3,5,3,0,2,7,1,5,7,0,0,3,2,8,2,2,10,3,2,5,3,0,2,5,7
70,5,0,1,4,0,0,0,3,6,3,7,4,5,7,0,0,3,2,2,2,2,2,0,1,0,2,0,2,5,0
223,0,0,1,4,0,0,8,4,6,3,7,2,5,7,0,0,3,2,6,2,1,2,0,1,0,2,0,2,5,0
223,0,3,1,2,0,1,5,0,4,2,9,7,3,7,0,0,3,2,8,2,1,10,3,2,5,3,7,5,5,12
170,1,2,1,4,0,1,10,3,6,2,6,2,5,7,0,3,3,4,8,1,1,8,2,0,4,2,7,5,1,1
309,3,0,1,4,0,0,3,3,6,3,6,2,5,7,0,0,3,2,8,2,2,2,2,0,4,2,0,2,1,1
309,3,1,1,1,0,2,0,3,5,2,7,2,5,7,0,0,3,2,8,2,2,3,2,1,1,2,2,2,2,3
73,6,1,1,4,0,2,0,3,3,2,7,1,5,5,0,3,3,2,8,3,2,1,1,0,0,2,0,2,5,0
73,6,1,1,4,0,0,7,3,6,2,6,2,5,5,0,3,3,2,8,3,2,2,0,1,0,2,7,5,5,1
73,6,0,1,1,1,2,17,3,1,3,6,4,5,5,0,3,3,2,8,3,2,2,1,0,0,2,0,2,5,5
628,6,0,1,4,0,1,3,3,6,2,7,2,5,7,3,0,3,2,8,2,1,9,0,1,3,2,0,2,5,3
628,6,0,1,1,0,2,9,3,6,2,7,2,5,7,0,0,3,2,2,2,1,3,1,1,1,2,1,2,5,10
817,3,4,0,4,0,3,9,0,5,3,9,2,5,1,0,0,0,2,8,2,1,2,1,1,0,2,7,5,5,12
817,3,0,1,4,0,3,7,3,0,2,7,4,5,1,0,0,0,2,8,2,1,3,1,1,4,2,4,2,5,12
535,0,0,1,1,2,1,7,3,6,2,6,4,5,0,0,3,3,2,8,3,1,2,1,1,4,2,0,2,5,12
535,0,1,1,1,0,2,7,3,1,2,6,4,5,0,2,3,3,2,8,3,1,2,0,1,3,2,3,2,5,0
535,0,2,1,4,2,0,9,4,6,3,7,4,5,0,0,3,3,2,1,3,1,2,3,2,5,3,3,2,5,9
627,1,0,1,1,0,3,5,3,5,3,7,6,5,7,0,0,3,2,1,2,1,7,0,1,1,2,0,2,5,3
627,1,1,1,4,0,2,7,3,3,3,7,4,5,7,5,0,3,2,8,2,1,2,3,2,5,3,7,5,5,5
100,1,2,1,4,0,1,9,3,6,2,6,6,5,7,3,0,3,2,8,2,1,2,0,1,1,2,0,2,5,1
100,1,0,1,1,0,3,7,3,3,2,6,2,5,7,0,0,3,2,8,2,1,2,3,2,5,3,0,2,5,12
68,6,1,1,4,0,1,4,3,6,2,7,2,3,7,5,3,3,2,6,1,1,2,0,1,1,2,3,2,5,1
428,5,1,1,1,0,3,7,3,3,2,2,7,5,1,0,3,3,2,8,1,1,7,3,2,5,3,0,2,5,4
638,4,0,1,4,0,3,7,0,6,2,4,4,5,7,2,0,3,2,8,2,1,2,2,0,3,2,7,2,2,9
638,4,0,1,4,0,1,7,1,1,3,7,4,5,7,0,0,3,2,1,2,1,2,0,0,1,2,0,2,5,12
851,2,0,1,4,0,3,8,3,2,2,7,2,5,1,0,3,0,4,8,2,2,4,1,1,4,2,7,5,5,10
851,2,0,1,4,0,3,0,3,0,3,6,4,7,1,0,3,0,4,8,2,2,0,0,1,0,2,0,2,5,3
851,2,0,1,4,0,4,7,3,5,2,7,1,5,1,0,3,0,4,8,2,2,9,3,2,5,3,7,5,5,0
165,5,0,1,4,2,3,5,3,5,2,1,4,3,0,0,3,3,3,1,2,3,2,0,1,1,2,3,3,5,12
165,5,0,1,2,1,3,10,0,5,2,7,2,3,0,2,3,3,3,8,2,3,2,2,1,0,2,0,2,5,12
165,5,0,1,4,0,2,0,0,2,2,2,2,5,0,0,3,3,3,1,2,3,2,0,1,0,2,0,2,5,10
642,2,3,1,1,4,6,8,3,6,3,9,4,5,0,0,0,3,2,8,2,1,2,3,2,5,3,2,2,5,4
642,2,0,1,4,0,2,5,3,2,2,6,2,9,0,0,0,3,2,8,2,1,2,3,2,5,3,7,5,5,3
499,2,1,1,4,0,2,9,3,1,2,7,2,5,1,0,0,3,2,8,1,1,2,0,0,1,2,7,5,5,3
816,3,0,1,4,2,4,7,0,1,3,6,4,5,1,0,0,0,2,8,2,2,2,3,2,5,3,2,2,5,1
816,3,1,1,4,0,2,5,3,6,3,6,7,5,1,0,0,0,2,8,2,2,2,0,1,0,2,0,2,5,3
816,3,1,1,1,0,1,8,3,6,2,7,1,0,1,0,0,0,2,2,2,2,1,0,1,0,2,0,2,5,0
667,5,3,1,4,2,1,7,3,6,2,9,4,5,7,0,0,0,2,8,2,4,1,3,2,5,3,7,5,5,3
667,5,2,1,1,0,1,5,3,6,2,1,1,5,7,0,0,0,2,8,2,4,1,0,1,1,2,0,2,5,3
667,5,2,1,4,2,1,12,3,6,2,2,4,5,7,0,0,0,2,2,2,4,3,3,2,5,3,7,5,5,5
667,5,2,1,4,0,3,0,3,6,2,7,1,5,7,0,0,0,2,8,2,4,2,0,1,1,2,0,2,5,3
369,0,2,1,4,0,1,0,3,6,2,7,4,5,5,2,0,3,2,8,2,1,2,3,2,5,3,0,2,5,10
369,0,2,1,4,0,0,14,3,5,2,7,2,5,5,0,0,3,2,8,2,1,12,2,1,3,2,7,5,1,3
0,0,0,1,4,0,1,7,0,6,2,9,7,5,0,0,0,0,2,8,2,1,2,0,0,2,2,7,5,5,4
0,0,1,1,4,0,0,5,3,3,2,12,7,5,0,0,0,0,2,1,2,1,4,3,2,5,3,7,5,5,16
443,3,0,1,4,0,2,5,3,3,2,2,2,5,0,0,0,3,2,1,2,1,2,3,2,5,3,7,5,5,10
443,3,1,1,4,0,2,3,3,3,2,7,7,5,0,4,0,3,2,8,2,1,2,0,1,3,2,2,2,5,3
1003,5,0,1,1,2,1,14,3,4,3,7,2,5,1,3,0,3,2,8,1,1,2,0,1,0,2,3,2,5,12
507,5,0,1,1,0,4,9,3,1,3,6,4,5,7,3,0,3,2,2,2,2,2,0,1,0,2,7,5,5,12
507,5,0,1,7,4,6,0,3,1,3,6,2,5,7,0,0,3,2,8,2,2,5,0,0,0,2,4,2,5,12
114,5,2,1,4,0,3,9,3,1,2,7,4,5,7,0,0,3,2,8,3,3,2,3,2,5,3,2,2,5,12
114,5,1,1,2,0,0,5,3,4,2,3,4,5,7,2,0,3,2,8,3,3,2,3,2,5,3,0,2,5,10
114,5,2,1,4,2,2,0,3,1,3,7,4,5,7,0,0,3,2,8,3,3,2,3,2,5,3,2,2,5,9
348,4,0,1,4,0,0,5,3,6,3,7,2,5,7,0,0,3,2,2,2,1,9,0,1,1,2,0,2,5,10
348,4,3,1,4,0,3,5,3,6,3,7,4,5,7,0,0,3,2,8,2,1,2,3,2,5,3,2,2,5,0
157,0,0,1,4,0,4,8,4,6,3,7,0,5,1,0,0,3,2,8,1,1,2,0,1,1,2,7,2,5,0
560,0,0,1,1,0,1,7,0,6,2,7,2,6,0,2,0,3,2,2,3,5,1,0,1,1,1,0,2,5,11
560,0,0,1,4,0,2,0,3,3,2,3,2,5,0,0,0,3,2,8,3,5,3,3,2,5,3,0,2,5,9
560,0,0,1,1,0,2,0,4,3,2,7,2,5,0,0,0,3,2,2,3,5,1,3,2,5,3,3,2,5,0
560,0,1,1,4,2,0,4,3,6,2,7,1,5,0,0,0,3,2,8,3,5,5,0,0,1,2,7,5,5,10
560,0,1,1,4,0,2,1,3,1,2,7,2,6,0,0,0,3,2,8,3,5,2,0,1,1,2,7,5,5,12
560,0,1,1,5,1,6,0,3,6,3,6,2,5,0,0,0,3,2,8,3,5,2,3,2,5,3,1,2,5,1
560,0,1,1,2,0,1,5,3,5,3,9,2,5,0,0,0,3,2,8,3,5,2,1,0,3,2,0,2,5,10
535,5,3,1,4,0,0,4,3,1,2,7,2,5,1,0,3,3,2,8,2,1,7,0,1,0,2,2,2,5,10
535,5,2,1,4,0,2,4,3,5,3,9,2,5,1,0,3,3,2,8,2,1,1,3,2,5,3,0,2,5,7
624,1,0,1,4,0,1,0,3,5,3,7,4,5,7,0,0,3,2,8,2,1,2,0,1,1,2,0,2,5,11
624,1,1,1,4,0,5,17,3,1,3,9,0,5,7,0,0,3,2,8,2,1,2,3,2,5,3,0,2,5,0
11,3,0,1,4,0,3,0,3,6,3,6,2,5,1,2,0,0,2,1,2,2,2,0,1,0,2,0,2,5,10
11,3,2,1,4,0,3,10,3,2,3,6,2,6,1,0,0,0,2,2,2,2,7,3,2,5,3,0,2,5,3
334,0,0,1,4,0,2,9,3,5,3,6,0,5,7,0,0,3,2,8,2,1,2,0,1,1,2,0,2,5,10
334,0,1,1,2,0,1,7,3,6,3,1,2,5,7,0,0,3,2,8,2,1,8,3,2,5,3,0,2,5,1
701,2,0,1,2,2,1,0,3,6,3,7,2,5,0,0,0,0,2,2,2,2,5,0,0,1,2,0,2,5,16
701,2,0,1,4,0,4,0,3,6,3,7,7,5,0,2,0,0,2,8,2,2,2,3,2,5,3,7,2,5,3
994,5,1,1,4,2,3,10,3,2,3,7,2,5,7,0,0,3,2,8,2,1,7,0,1,0,2,7,2,5,9
994,5,1,1,4,0,3,10,3,6,3,7,0,5,7,0,0,3,2,1,2,1,2,3,2,5,3,7,2,5,10
181,5,0,1,1,0,1,0,3,1,2,7,4,7,7,0,0,3,2,8,2,3,2,0,1,0,2,7,2,5,16
181,5,0,1,4,0,1,7,3,1,2,6,2,5,7,0,0,3,2,1,2,3,7,2,1,3,2,7,2,5,3
181,5,0,1,5,0,3,8,3,3,2,6,2,5,7,0,0,3,2,8,2,3,2,1,1,0,2,7,2,5,3
676,1,0,1,1,0,2,5,3,5,2,6,1,5,0,0,3,0,2,8,2,3,12,1,0,1,2,7,2,5,9
676,1,0,1,4,0,4,0,3,3,2,9,0,5,0,0,3,0,2,2,2,3,2,1,0,4,2,7,2,5,3
676,1,0,1,1,0,4,0,0,4,2,1,2,5,0,0,3,0,2,8,2,3,2,3,2,5,3,0,5,5,4
334,0,4,0,4,0,4,5,3,5,2,2,0,5,7,4,0,3,2,8,3,1,2,2,1,0,2,0,5,2,0
334,0,1,1,4,0,2,17,3,5,2,6,4,5,7,0,0,3,2,8,3,1,2,2,1,1,2,0,2,6,10
334,0,1,1,4,2,2,7,3,5,2,7,2,5,7,0,0,3,2,1,3,1,1,3,2,5,3,4,2,5,10
1057,2,1,1,2,2,2,0,3,6,3,9,7,3,7,0,0,3,2,2,2,3,2,0,1,3,2,7,5,5,1
1057,2,1,1,4,0,2,0,3,6,2,12,7,5,7,0,0,3,2,1,2,3,2,3,2,5,3,7,5,5,5
1057,2,0,1,4,0,1,0,3,0,2,6,2,5,7,0,0,3,2,8,2,3,2,2,1,4,2,7,2,5,1
551,5,0,1,1,0,2,0,3,3,2,7,7,5,7,0,0,3,2,8,2,1,7,3,2,5,3,0,2,5,0
551,5,0,1,4,0,1,5,3,5,2,7,2,5,7,0,0,3,2,8,2,1,9,0,1,0,2,0,2,5,9
417,1,1,1,4,0,4,7,1,1,3,6,2,7,7,2,0,3,2,8,1,1,2,2,1,0,2,7,5,5,10
334,6,3,1,1,0,1,8,3,6,3,6,2,5,7,0,3,3,4,8,2,1,2,2,0,0,2,7,5,5,1
334,6,2,1,4,0,1,14,3,2,3,7,4,5,7,0,3,3,4,2,2,1,2,0,1,0,2,7,5,5,9
150,5,2,1,4,0,1,7,3,2,2,6,2,5,1,0,0,3,2,2,1,1,2,3,2,5,3,7,5,5,10
448,5,4,0,4,0,2,8,3,1,2,4,2,5,1,0,0,3,2,8,1,1,1,2,1,1,2,0,2,5,4
691,6,3,1,4,0,2,14,3,5,2,6,4,5,0,0,3,0,4,8,2,1,2,0,1,1,2,0,2,5,4
691,6,1,1,4,0,6,5,3,6,3,7,4,5,0,0,3,0,4,8,2,1,2,3,2,5,3,0,2,5,9
154,4,0,1,4,2,2,0,3,3,3,7,2,5,1,0,0,3,2,8,3,2,2,0,1,0,2,2,2,5,9
154,4,2,1,4,0,1,17,3,5,3,6,2,5,1,0,0,3,2,8,3,2,2,3,2,5,3,0,2,5,16
154,4,1,1,4,0,4,0,4,6,3,2,6,5,1,0,0,3,2,8,3,2,2,0,1,1,2,7,5,5,3
807,2,0,1,4,0,0,0,3,6,3,6,7,5,7,0,0,0,7,8,2,1,2,3,2,5,3,0,2,5,0
807,2,4,0,4,0,4,16,3,6,3,9,7,5,7,0,0,0,7,8,2,1,2,0,1,1,2,0,2,5,5
321,4,0,1,4,0,3,17,3,5,2,1,2,5,7,0,0,3,2,8,2,1,2,1,0,0,2,5,2,5,10
321,4,2,1,4,0,4,14,0,2,3,7,7,5,7,0,0,3,2,8,2,1,2,0,0,1,2,0,2,5,9
929,6,0,1,4,0,1,0,3,5,2,2,4,5,7,0,0,3,2,5,2,1,2,3,2,5,3,0,2,5,0
929,6,0,1,4,0,0,0,3,5,2,7,1,5,7,0,0,3,2,8,2,1,7,3,2,5,3,0,2,5,1
675,5,1,1,1,0,2,0,3,3,2,7,2,5,5,2,3,0,4,2,1,1,2,0,1,0,2,0,2,5,10
944,5,1,1,4,2,4,8,3,2,3,2,4,5,1,0,3,3,2,8,1,1,9,0,1,3,2,1,2,5,2
1014,0,0,1,4,0,4,5,3,5,3,6,2,6,0,5,0,3,2,8,1,1,2,3,2,5,3,0,2,5,1
967,6,1,1,6,0,4,5,3,5,3,6,0,5,7,0,0,3,2,8,2,1,2,0,1,1,2,3,2,5,12
967,6,1,1,4,0,0,0,1,2,2,2,2,5,7,0,0,3,2,8,2,1,2,0,1,0,2,0,2,5,10
1036,3,1,1,1,2,2,5,1,1,2,7,4,7,1,0,0,3,2,8,2,1,2,0,1,1,2,0,2,5,18
1036,3,0,1,4,0,1,5,3,5,2,7,4,5,1,0,0,3,2,8,2,1,7,3,2,5,3,7,5,5,10
624,0,4,0,4,2,4,5,3,5,2,2,4,5,7,0,0,0,2,2,2,1,2,0,1,0,2,0,2,5,1
624,0,0,1,6,0,2,5,3,2,2,4,2,6,7,0,0,0,2,2,2,1,9,3,2,5,3,7,5,5,10
195,5,1,1,6,0,2,0,3,5,2,6,4,5,1,0,0,3,2,8,2,2,2,2,1,1,2,7,5,5,0
195,5,1,1,4,0,2,0,3,5,2,12,4,5,1,0,0,3,2,2,2,2,2,2,0,0,2,7,2,6,3
458,2,0,1,4,0,1,0,3,5,2,7,4,5,7,0,0,3,2,2,2,1,2,2,0,0,2,0,2,6,1
458,2,2,1,4,0,3,10,3,5,2,2,1,5,7,3,0,3,2,8,2,1,2,0,1,0,2,0,2,5,12
383,6,1,1,4,0,2,0,3,5,2,6,4,5,7,0,0,3,2,8,2,1,2,3,2,5,3,0,2,5,10
383,6,0,1,4,0,3,10,3,5,2,7,7,3,7,0,0,3,2,2,2,1,1,0,0,0,2,0,2,5,11
99,0,2,1,4,0,1,10,3,1,2,7,7,5,7,0,0,3,2,8,2,1,3,3,2,5,3,0,2,5,11
99,0,1,1,4,0,4,0,3,5,3,7,2,5,7,0,0,3,2,8,2,1,2,3,2,5,3,0,2,5,12
271,0,1,1,4,0,4,4,3,1,3,7,1,5,0,0,0,3,2,8,1,1,9,0,1,1,2,1,2,5,0
953,6,2,1,4,2,2,0,3,3,2,2,2,6,7,0,3,3,4,8,1,1,2,0,1,0,2,7,2,5,0
721,5,0,1,4,0,1,5,0,1,2,9,2,5,1,0,3,0,2,8,2,2,13,3,2,5,3,0,2,5,10
721,5,0,1,1,0,4,7,3,1,2,6,2,6,1,0,3,0,2,8,2,2,2,0,1,0,2,7,5,5,12
1019,0,2,1,4,0,1,8,3,1,2,7,2,5,1,0,0,3,2,1,3,5,2,3,2,5,3,3,2,5,10
1019,0,2,1,4,0,2,4,3,1,2,6,2,6,1,0,0,3,2,8,3,5,2,0,1,0,2,7,5,5,10
1019,0,1,1,2,0,3,6,3,1,2,7,2,5,1,0,0,3,2,2,3,5,2,1,0,0,2,3,2,5,1
1019,0,1,1,2,0,3,8,3,0,2,2,4,5,1,0,0,3,2,8,3,5,9,3,2,5,3,7,5,5,0
1019,0,1,1,4,0,2,4,3,5,2,6,2,5,1,0,0,3,2,8,3,5,9,0,1,1,2,3,2,5,10
339,3,0,1,1,0,0,4,3,5,2,7,2,5,1,0,0,3,2,8,1,1,2,3,2,5,3,7,5,5,17
583,0,0,1,1,0,2,0,3,5,2,7,2,5,7,0,0,0,2,8,2,2,1,0,1,1,2,7,5,5,12
583,0,2,1,4,0,2,0,3,3,3,12,2,5,7,0,0,0,2,8,2,2,1,3,2,5,3,3,2,5,9
610,1,4,0,4,0,0,7,3,5,2,2,0,6,2,0,0,0,2,8,2,3,2,0,1,1,2,1,2,5,5
610,1,1,1,4,2,2,7,3,5,3,12,4,5,2,4,0,0,2,8,2,3,5,3,2,5,3,2,2,5,9
610,1,1,1,2,2,3,0,3,1,2,9,0,5,2,0,0,0,2,8,2,3,7,0,1,0,2,1,2,5,1
610,1,1,1,7,2,4,15,4,6,3,6,2,5,2,0,0,0,2,8,2,3,2,3,2,5,3,7,5,5,15
316,4,4,0,6,2,2,7,3,5,3,6,4,5,1,0,0,3,2,2,2,2,1,3,2,5,3,1,2,5,5
316,4,0,1,0,0,3,15,0,2,2,2,2,5,1,0,0,3,2,8,2,2,1,0,1,0,2,7,5,5,3
316,4,0,1,2,0,4,4,3,1,3,9,4,5,1,0,0,3,2,2,2,2,7,0,1,1,2,1,2,5,10
348,5,1,1,4,0,0,0,3,5,2,6,7,5,7,0,3,3,4,8,1,1,9,3,2,5,3,1,2,5,12
203,6,0,1,4,0,3,7,3,1,2,9,1,5,0,0,0,3,2,8,2,1,3,1,0,4,2,1,2,5,15
203,6,1,1,4,2,3,0,3,1,2,7,2,5,0,4,0,3,2,10,2,1,2,1,0,4,2,0,2,5,5
458,4,1,1,4,0,3,0,0,1,2,7,2,5,0,0,0,3,2,1,1,1,2,3,2,5,3,0,2,5,1
299,1,0,1,4,0,5,0,3,5,2,9,2,5,7,0,0,3,2,8,2,1,2,3,2,5,3,4,2,5,1
299,1,0,1,4,0,0,0,3,2,2,4,4,5,7,0,0,3,2,8,2,1,2,0,1,1,2,0,2,5,1
550,4,2,1,3,2,0,5,3,1,2,7,4,3,0,0,3,0,2,8,1,1,7,3,2,5,3,3,2,5,1
270,1,1,1,4,2,4,7,3,0,2,6,4,5,7,0,0,3,2,1,1,2,2,0,0,0,2,7,5,5,9
270,1,1,1,4,2,0,8,1,1,2,7,2,7,7,0,0,3,2,2,1,2,2,0,1,1,2,7,5,5,10
452,0,2,1,4,2,1,8,0,0,3,7,4,5,3,0,3,0,2,10,2,1,2,3,2,5,3,0,2,5,15
452,0,4,0,5,2,2,0,3,5,2,7,2,5,3,0,3,0,2,8,2,1,2,3,2,5,3,0,2,5,10
583,1,1,1,5,2,3,3,3,1,2,7,0,5,7,5,0,0,5,10,2,1,1,1,0,3,2,0,2,5,3
583,1,1,1,4,2,1,0,3,5,1,6,4,5,7,4,0,0,5,10,2,1,2,3,2,5,3,0,2,5,9
304,5,0,1,1,2,3,10,0,0,2,7,2,5,0,0,0,3,2,10,3,3,2,0,1,0,2,7,5,5,16
304,5,0,1,6,2,2,5,4,6,3,14,7,5,0,0,0,3,2,8,3,3,2,3,2,5,3,0,2,5,0
304,5,0,1,7,2,6,10,1,5,2,7,2,5,0,0,0,3,2,8,3,3,2,0,0,1,2,3,2,5,1
304,5,0,1,4,2,2,7,3,3,3,7,7,3,0,0,0,3,2,2,3,3,7,3,2,5,3,3,2,5,16
185,6,0,1,4,2,4,5,3,5,3,6,4,5,0,1,0,3,2,2,2,3,3,2,0,0,2,3,2,5,14
185,6,0,1,4,2,1,5,3,5,2,6,1,5,0,5,0,3,2,8,2,3,2,0,1,3,2,0,2,5,13
185,6,2,1,1,0,1,3,3,3,2,2,7,5,0,0,0,3,2,8,2,3,2,3,2,5,3,2,2,5,12
491,5,0,1,4,0,1,8,3,6,2,6,0,5,7,0,0,0,2,8,2,1,2,0,1,1,2,7,5,5,1
491,5,3,1,4,0,1,8,3,3,2,6,7,5,7,0,0,0,2,8,2,1,2,3,2,5,3,3,2,5,9
1004,1,1,1,4,0,2,5,3,5,2,6,2,5,7,0,3,3,4,8,2,1,2,0,1,4,2,2,2,5,0
1004,1,1,1,4,0,2,5,3,5,2,6,1,5,7,2,3,3,4,6,2,1,2,3,2,5,3,7,5,5,11
209,2,0,1,4,0,3,0,3,1,2,9,4,5,7,0,3,3,4,8,2,1,9,3,2,5,3,7,5,5,10
209,2,0,1,1,0,2,7,3,3,2,9,7,5,7,0,3,3,4,2,2,1,2,0,1,3,2,0,2,5,12
165,1,0,1,4,0,2,17,3,2,3,9,4,5,7,0,0,3,2,1,1,2,4,3,2,5,3,7,5,5,10
165,1,0,1,4,0,3,7,3,2,3,6,0,5,7,0,0,3,2,8,1,2,2,0,1,1,2,0,2,5,10
999,2,2,1,1,2,6,0,3,5,2,9,2,3,7,0,3,3,4,8,2,1,2,3,2,5,3,0,2,5,9
999,2,0,1,4,2,2,8,0,5,2,7,2,5,7,0,3,3,4,8,2,1,2,0,1,1,2,0,2,5,1
351,5,1,1,4,0,2,0,0,4,2,7,2,5,7,0,3,0,4,8,2,1,2,2,1,4,2,0,2,2,11
351,5,1,1,4,0,4,9,3,6,3,7,2,9,7,0,3,0,4,8,2,1,2,0,1,0,2,3,2,5,9
305,3,0,1,7,4,6,0,3,5,2,12,0,5,7,0,0,3,2,8,1,1,3,3,2,5,3,3,2,5,7
731,4,0,1,4,0,2,7,3,5,2,12,0,5,7,0,3,0,4,8,2,1,3,0,1,1,2,0,2,5,16
731,4,0,1,4,0,2,9,3,1,2,12,4,5,7,0,3,0,4,2,2,1,3,3,2,5,3,0,2,5,14
981,6,1,1,4,0,3,14,3,5,2,9,1,5,7,3,0,3,2,6,2,1,4,3,2,5,3,7,5,5,1
981,6,1,1,2,0,3,5,3,5,2,7,4,5,7,0,0,3,2,8,2,1,2,0,1,0,2,0,2,5,8
1032,1,2,1,4,0,3,5,3,5,2,6,2,5,7,0,3,3,2,1,1,1,11,0,1,1,2,0,2,5,13
400,5,1,1,4,0,3,5,3,2,2,7,2,5,7,0,3,2,4,8,3,1,9,3,2,5,3,0,2,5,0
400,5,1,1,4,0,3,0,3,3,2,12,4,5,7,0,3,2,4,8,3,1,1,2,1,3,2,7,2,1,1
400,5,1,1,4,0,3,5,3,2,2,7,0,5,7,0,3,2,4,1,3,1,2,2,0,2,2,7,5,6,11
570,6,0,1,4,0,2,17,3,1,2,4,2,5,7,0,0,2,7,1,1,1,2,3,2,5,3,0,2,5,15
1009,1,3,1,4,0,1,9,3,1,2,7,2,5,1,0,3,3,2,8,3,1,2,0,0,0,2,0,2,5,0
1009,1,4,0,4,0,4,0,3,5,2,6,2,5,1,0,3,3,2,8,3,1,9,0,1,0,2,3,2,5,12
1009,1,4,0,4,0,4,14,3,5,2,7,2,5,1,0,3,3,2,8,3,1,7,3,2,5,3,0,2,5,1
334,5,1,1,4,0,1,0,3,5,2,7,2,5,1,0,3,3,3,8,1,1,3,0,1,1,2,0,2,5,10
144,3,0,1,1,0,4,5,1,3,2,5,4,5,7,0,3,3,2,8,2,1,4,3,2,5,3,0,2,5,11
144,3,2,1,4,0,4,7,3,5,2,7,7,5,7,0,3,3,2,2,2,1,2,2,1,1,2,7,5,5,10
339,5,3,1,4,0,6,8,3,3,2,9,2,5,7,0,3,0,4,8,2,2,2,0,1,0,2,0,2,5,12
339,5,1,1,7,0,2,17,3,3,3,6,2,5,7,0,3,0,4,8,2,2,2,3,2,5,3,0,2,5,13
535,0,0,0,6,0,4,5,3,5,3,6,0,5,7,0,0,0,2,8,2,1,2,0,1,0,2,3,2,5,3
535,0,1,1,4,0,4,0,4,1,3,3,1,9,7,0,0,0,2,8,2,1,2,3,2,5,3,7,2,5,0
772,4,0,1,4,0,0,10,3,5,3,4,2,5,7,0,3,2,4,8,1,1,2,2,0,0,2,7,5,5,3
232,4,0,1,1,0,3,0,3,1,2,7,4,5,7,0,3,3,0,8,2,1,2,0,1,0,2,0,2,5,0
232,4,3,1,1,0,3,5,3,6,3,6,4,5,7,0,3,3,0,8,2,1,2,1,0,0,2,0,2,5,12
423,4,0,1,1,0,4,9,3,5,2,6,7,5,7,0,0,0,2,8,2,1,2,3,2,5,3,0,2,5,10
423,4,1,1,2,0,1,6,3,5,3,9,2,5,7,0,0,0,2,8,2,1,4,0,1,1,2,7,5,5,1
442,4,0,1,4,0,1,9,3,5,3,9,6,5,1,4,3,0,4,8,2,1,3,3,2,5,3,0,2,5,1
442,4,1,1,0,0,3,5,3,5,2,12,2,5,1,5,3,0,4,8,2,1,2,2,0,1,2,3,2,2,2
517,0,2,1,4,0,1,0,0,5,2,7,2,5,1,0,0,0,2,8,2,1,3,3,2,5,3,3,2,5,10
517,0,1,1,4,0,1,5,0,5,2,0,4,5,1,0,0,0,2,8,2,1,2,0,1,1,2,7,5,5,1
646,4,0,1,2,0,0,14,3,5,2,6,7,5,0,0,0,0,2,8,2,2,3,0,1,1,2,7,2,5,0
646,4,1,1,4,0,2,8,3,5,2,2,2,5,0,0,0,0,2,8,2,2,13,0,1,1,2,0,2,5,7
453,6,0,1,4,0,4,0,0,5,2,2,2,5,1,0,3,0,4,2,2,3,2,3,2,5,3,0,2,5,13
453,6,0,1,4,0,4,0,3,5,2,9,0,5,1,0,3,0,4,8,2,3,2,2,1,3,2,7,5,5,13
453,6,0,1,1,0,6,17,3,3,2,9,2,5,1,0,3,0,4,8,2,3,2,3,2,5,3,0,2,5,10
453,6,0,1,4,0,4,7,3,5,2,9,0,5,1,0,3,0,4,8,2,3,2,0,1,0,2,3,2,5,12
550,0,2,1,4,0,0,0,3,3,2,9,2,5,7,0,3,0,2,8,2,1,4,3,2,5,3,3,2,5,16
550,0,1,1,1,0,1,10,3,0,2,7,0,5,7,0,3,0,2,1,2,1,2,0,1,0,2,3,2,5,11
902,1,0,1,2,0,0,10,3,5,2,7,2,5,1,0,3,0,2,8,2,1,3,3,2,5,3,7,5,5,10
902,1,1,1,4,0,2,0,3,1,2,9,2,5,1,0,3,0,2,8,2,1,3,3,2,5,3,3,2,5,1
545,2,0,1,4,0,4,9,3,5,2,7,7,5,1,4,3,0,4,8,2,1,3,0,1,0,2,3,2,5,3
545,2,2,1,2,0,3,9,3,5,2,2,4,5,1,0,3,0,4,8,2,1,2,0,1,1,2,0,1,5,1
637,4,0,1,1,2,2,5,3,5,2,7,4,5,1,0,3,0,2,8,2,1,2,3,2,5,3,0,2,5,16
637,4,0,1,1,0,4,0,3,5,2,6,4,5,1,0,3,0,2,8,2,1,2,3,2,5,3,3,2,5,13
990,1,1,1,4,0,2,8,3,1,2,6,2,5,7,0,3,3,4,8,1,1,2,0,1,0,2,3,2,5,4
1032,1,0,1,1,2,2,8,3,6,3,9,4,5,7,0,3,3,2,8,3,1,4,0,1,1,2,0,2,5,2
1032,1,0,2,4,0,1,5,3,5,3,7,2,5,7,0,3,3,2,1,3,1,2,3,2,5,3,0,2,5,19
1032,1,0,1,4,0,3,0,3,3,3,4,4,5,7,0,3,3,2,8,3,1,2,3,2,5,3,7,5,5,1
554,0,4,0,4,0,2,14,3,5,3,6,2,5,7,0,3,0,4,8,2,1,2,0,1,1,2,0,2,5,10
554,0,2,1,2,0,0,6,1,5,3,1,2,5,7,0,3,0,4,8,2,1,7,0,1,0,2,0,2,5,13
1041,4,1,1,1,0,2,17,3,0,2,9,2,5,2,4,3,3,2,8,2,1,3,1,1,1,2,4,2,5,12
1041,4,0,1,1,0,1,7,3,3,3,9,4,5,2,0,3,3,2,2,2,1,2,0,1,3,2,1,2,5,0
1054,4,1,1,4,0,4,0,3,2,3,2,4,3,7,0,2,3,2,8,2,2,2,3,2,5,3,0,2,5,11
1054,4,1,1,4,0,4,0,3,2,3,9,4,5,7,5,2,3,2,8,2,2,7,0,1,1,2,2,2,5,16
1054,4,1,1,4,0,2,17,3,5,2,14,7,5,7,0,2,3,2,8,2,2,2,3,2,5,3,7,2,5,3
356,2,2,1,4,2,2,11,3,2,2,7,4,5,0,0,0,3,2,8,1,1,7,0,0,0,2,7,5,5,12
118,6,0,1,1,0,0,0,3,5,3,7,3,5,3,0,0,3,2,8,3,2,4,0,1,0,2,7,5,5,11
118,6,1,1,4,0,6,7,3,5,2,2,3,5,3,2,0,3,2,8,3,2,13,3,2,5,3,1,5,5,1
118,6,0,0,1,0,3,0,0,6,2,7,3,5,3,0,0,3,2,8,3,2,2,3,2,5,3,0,5,5,3
899,5,1,1,4,2,0,7,3,5,2,2,3,5,0,0,3,0,2,2,2,2,2,0,1,0,1,0,5,5,1
899,5,0,1,7,4,6,5,3,5,2,2,2,5,0,0,3,0,2,8,2,2,2,0,0,1,2,0,5,5,1
700,6,1,1,4,0,3,8,3,3,2,7,4,5,7,0,3,0,2,8,2,3,2,3,2,5,3,3,2,5,0
700,6,3,1,1,2,1,10,0,2,2,7,4,5,7,0,3,0,2,8,2,3,2,3,2,5,3,0,2,5,17
700,6,3,1,4,0,2,0,3,2,2,12,7,5,7,0,3,0,2,8,2,3,2,0,0,3,2,2,2,5,3
453,4,1,1,4,0,4,8,3,3,2,9,4,5,1,0,0,0,2,6,2,1,2,3,2,5,3,7,5,5,10
453,4,3,1,4,0,2,0,4,0,2,7,2,5,1,0,0,0,2,8,2,1,2,3,2,5,3,0,2,5,3
91,6,2,1,2,0,3,5,3,3,2,6,4,5,7,0,0,3,2,8,2,2,2,3,2,5,3,3,2,5,0
91,6,1,1,4,0,2,0,3,3,2,9,4,5,7,0,0,3,2,2,2,2,2,1,0,1,2,3,2,5,12
91,6,1,1,1,0,0,5,3,3,2,7,1,3,7,0,0,3,2,8,2,2,2,0,1,0,1,3,2,5,1
999,6,3,1,4,0,6,5,3,3,2,9,2,5,6,0,0,3,2,8,2,1,2,0,1,4,2,7,4,5,10
999,6,1,1,1,0,0,5,3,2,2,9,4,5,6,0,0,3,2,8,2,1,2,3,2,5,3,0,0,5,9
1053,4,0,1,4,2,0,10,3,6,2,9,2,5,0,0,3,3,7,2,2,1,2,0,1,0,2,0,2,5,9
1053,4,0,1,0,2,0,0,3,0,2,7,7,5,0,0,3,3,7,2,2,1,2,3,2,5,3,3,2,5,10
570,6,1,1,4,2,2,7,3,2,2,7,4,5,7,0,0,0,2,8,2,2,3,2,1,0,2,0,2,0,10
570,6,0,1,4,0,2,7,3,2,2,7,1,5,7,0,0,0,2,8,2,2,2,2,1,0,2,0,2,5,10
877,0,2,1,1,0,2,7,3,0,2,3,4,5,7,2,0,2,2,2,2,3,2,2,0,0,2,0,2,0,11
877,0,0,1,2,2,4,0,3,1,2,9,4,5,7,0,0,2,2,2,2,3,2,3,2,5,3,0,2,5,3
877,0,0,1,4,0,3,7,3,2,2,9,1,5,7,0,0,2,2,8,2,3,13,0,1,0,2,0,2,5,1
152,1,3,1,4,0,2,5,3,2,2,9,4,5,7,0,3,3,2,8,2,1,9,0,1,0,2,0,2,5,0
152,1,0,1,4,0,4,9,3,0,2,7,2,5,7,0,3,3,2,8,2,1,2,3,2,5,3,7,2,5,3
506,0,3,1,4,0,3,5,3,0,2,6,2,5,7,0,3,0,2,2,2,1,2,0,1,1,2,1,2,5,3
506,0,1,1,4,0,2,9,3,1,2,7,7,5,7,0,3,0,2,8,2,1,2,3,2,5,3,7,5,5,10
750,2,3,1,4,2,3,5,3,5,2,6,0,5,1,0,0,0,2,8,4,1,2,0,1,1,2,0,2,5,13
750,2,4,0,4,0,2,7,3,5,2,9,2,5,1,0,0,0,2,8,4,1,2,3,2,5,3,3,2,5,1
750,2,4,0,4,0,0,5,3,5,2,6,0,1,1,0,0,0,2,6,4,1,2,0,1,0,2,3,2,5,1
750,2,4,0,4,0,0,17,3,6,2,6,0,5,1,0,0,0,2,8,4,1,2,3,2,5,3,7,5,5,10
814,4,0,1,4,0,0,11,1,5,2,7,0,5,7,2,0,0,2,8,2,1,2,2,1,1,2,3,2,5,10
814,4,0,1,2,0,1,5,3,5,2,6,2,5,7,0,0,0,2,1,2,1,2,2,1,1,1,7,5,5,17
209,0,2,1,2,2,3,7,3,5,2,6,6,5,7,0,0,3,2,8,2,1,9,0,1,1,2,3,2,5,2
209,0,1,1,1,0,1,7,0,5,3,6,1,5,7,0,0,3,2,8,2,1,13,0,1,1,2,0,2,5,12
921,6,2,1,4,0,3,0,3,5,3,7,4,5,7,0,0,3,2,8,2,1,7,0,1,0,2,3,2,5,11
921,6,0,1,2,0,1,5,3,5,3,9,6,5,7,0,0,3,2,8,2,1,4,3,2,5,3,3,2,5,12
496,5,0,1,4,1,5,8,3,1,2,9,2,1,0,0,3,0,4,2,2,2,2,3,2,5,3,3,2,5,13
496,5,0,1,4,0,0,0,3,2,3,2,2,5,0,0,3,0,4,8,2,2,2,0,1,0,2,0,2,5,13
496,5,0,1,4,2,2,17,3,2,3,7,2,5,0,0,3,0,4,8,2,2,9,2,0,3,2,1,2,0,9
383,5,3,1,4,0,0,7,3,5,3,9,2,5,7,3,3,3,2,8,1,1,4,2,0,0,2,4,2,1,10
783,2,4,0,4,0,3,0,3,1,3,7,4,5,7,0,3,0,2,8,2,1,2,2,1,0,2,7,5,1,9
783,2,0,1,4,0,0,14,3,1,3,9,4,5,7,0,3,0,2,2,2,1,2,2,0,4,2,7,5,5,12
448,4,1,1,4,0,0,7,3,1,3,9,2,5,1,0,0,0,2,8,2,1,4,2,1,0,2,7,2,5,3
448,4,1,1,4,0,1,17,3,2,2,7,2,5,1,0,0,0,2,2,2,1,2,0,0,3,2,0,2,5,10
805,3,0,1,2,0,0,12,4,6,3,7,2,5,0,0,0,0,2,8,2,3,9,3,2,5,3,0,2,5,13
805,3,1,1,4,0,0,17,3,5,2,7,4,5,0,0,0,0,2,6,2,3,2,0,1,1,2,7,5,5,1
805,3,1,1,1,0,3,7,3,5,2,7,0,5,0,0,0,0,2,8,2,3,9,1,0,1,2,7,5,5,10
374,2,1,1,4,0,3,5,3,5,3,9,2,5,7,0,0,3,2,8,2,1,2,0,1,1,2,7,5,5,3
374,2,0,1,1,0,3,5,3,1,3,1,4,5,7,0,0,3,2,8,2,1,3,1,1,0,2,7,5,5,10
1036,3,3,1,4,0,3,5,3,6,3,7,7,5,7,0,0,3,2,8,2,1,13,1,1,2,2,0,2,5,12
1036,3,1,1,4,0,0,14,3,6,3,6,4,5,7,0,0,3,2,8,2,1,2,0,1,0,2,0,2,5,1
379,6,2,1,4,0,2,5,4,6,3,7,4,5,5,0,0,3,2,1,1,1,2,0,0,1,2,0,2,5,11
891,6,0,1,2,2,1,0,3,5,3,6,4,5,7,0,0,0,2,6,1,1,7,3,2,5,3,2,2,5,12
326,0,0,1,4,0,1,0,3,5,3,6,1,5,1,0,0,3,2,8,1,1,7,2,0,4,2,0,2,2,0
398,5,1,1,4,0,2,8,3,5,3,6,4,5,7,0,0,3,2,6,2,1,7,0,1,0,2,7,5,5,18
398,5,2,1,4,0,2,15,3,5,2,7,4,5,7,0,0,3,2,8,2,1,2,3,2,5,3,0,2,5,4
959,1,1,1,4,0,1,17,0,5,3,7,0,5,7,0,3,3,4,8,2,1,2,3,2,5,3,0,2,5,3
959,1,1,1,2,0,3,0,3,5,2,6,3,5,7,0,3,3,4,8,2,1,2,0,1,1,2,5,2,5,4
408,3,4,0,1,0,2,17,3,5,3,9,7,5,0,0,3,3,4,4,2,3,2,2,1,1,1,0,2,0,3
408,3,0,1,4,0,3,3,0,1,3,1,4,5,0,0,3,3,4,8,2,3,3,3,2,5,3,0,2,5,11
408,3,0,1,6,0,1,9,3,0,2,7,7,5,0,2,3,3,4,2,2,3,2,0,1,1,2,0,2,5,3
408,3,0,1,4,0,1,8,3,3,2,9,7,5,0,0,3,3,4,8,2,3,3,3,2,5,3,0,2,5,1
64,0,2,1,2,0,1,17,3,5,2,7,7,5,2,0,3,3,3,8,3,1,3,0,1,0,2,1,2,5,9
64,0,0,1,4,0,0,7,3,5,3,7,7,5,2,0,3,3,3,8,3,1,2,3,2,5,3,0,2,5,3
64,0,4,0,2,0,2,5,3,2,3,7,1,5,2,0,3,3,3,1,3,1,4,0,1,0,2,3,2,5,1
570,4,1,1,1,0,1,0,3,5,2,7,2,5,7,0,0,0,2,8,1,1,2,3,2,5,3,0,2,5,3
280,0,0,1,4,0,0,8,3,1,2,7,7,5,0,0,0,3,7,8,2,1,4,0,1,0,2,0,2,5,3
280,0,0,1,1,0,0,5,3,5,2,12,4,5,0,0,0,3,7,8,2,1,2,3,2,5,3,7,5,5,3
433,5,0,1,2,0,5,5,3,6,2,6,2,5,7,3,0,3,2,6,2,1,7,0,1,1,2,0,2,5,1
433,5,1,1,4,2,2,3,3,5,2,6,2,5,7,0,0,3,2,2,2,1,13,3,2,5,3,7,5,5,1
418,6,0,1,4,0,0,11,3,2,2,6,2,5,1,0,0,3,2,8,1,1,2,3,2,5,3,7,5,5,3
313,6,2,1,4,0,1,11,3,5,2,12,6,5,7,0,0,3,2,8,3,1,2,2,1,0,2,7,2,0,16
313,6,1,1,4,0,2,0,0,6,2,12,4,5,7,4,0,3,2,2,3,1,2,2,1,0,2,0,2,0,1
313,6,1,1,7,4,6,0,3,6,2,6,2,5,7,0,0,3,2,8,3,1,2,0,1,1,2,0,2,5,10
219,5,1,1,7,4,6,0,3,6,2,6,2,5,7,0,3,3,2,8,1,1,2,3,2,5,3,0,2,5,13
491,2,2,1,4,0,1,7,0,3,2,12,2,5,7,0,0,3,2,8,1,1,2,0,1,0,2,0,2,5,1
398,2,2,1,4,0,3,9,3,0,2,14,2,5,0,0,0,3,2,6,2,2,4,3,2,5,3,0,2,5,1
398,2,0,1,4,2,3,0,3,3,2,7,2,5,0,0,0,3,2,6,2,2,2,2,1,4,2,0,2,0,16
160,2,0,1,7,4,6,14,3,4,2,7,4,5,1,0,0,3,2,1,2,1,2,0,1,0,2,1,2,5,13
160,2,0,1,1,2,3,0,3,3,2,7,2,5,1,0,0,3,2,8,2,1,2,3,2,5,3,7,2,5,4
769,1,0,1,7,4,6,0,3,5,2,9,4,5,0,0,0,0,2,8,2,2,2,3,2,5,3,0,2,5,16
769,1,1,1,4,2,2,0,0,0,2,7,4,5,0,0,0,0,2,8,2,2,7,0,1,0,1,7,5,5,12
769,1,1,1,4,2,3,17,3,0,2,7,4,5,0,0,0,0,2,1,2,2,2,1,1,3,2,3,2,5,9
448,5,2,1,2,2,3,17,3,6,2,4,4,5,1,0,0,3,2,1,1,1,2,0,1,1,2,7,5,5,13
418,1,0,1,7,4,6,8,3,6,2,1,4,5,7,0,3,3,4,8,2,1,4,3,2,5,3,3,2,5,12
418,1,0,1,1,0,2,16,3,3,2,2,2,5,7,0,3,3,4,8,2,1,2,0,1,1,2,7,5,5,11
574,3,1,1,1,2,3,8,3,6,3,6,2,5,7,0,0,0,2,8,2,1,2,3,2,5,3,3,2,5,1
574,3,2,1,4,2,4,7,3,6,3,7,2,5,7,3,0,0,2,2,2,1,2,0,1,0,2,7,5,5,1
573,4,3,1,4,2,1,14,3,6,3,6,4,5,7,0,0,3,2,8,2,1,9,3,2,5,3,7,5,5,1
573,4,1,1,4,2,1,8,3,6,3,6,2,5,7,0,0,3,2,2,2,1,2,3,2,5,3,3,2,5,4
403,5,1,1,2,2,2,5,3,6,3,7,2,5,7,0,0,3,2,8,3,3,2,0,1,0,2,1,2,5,0
403,5,3,1,4,2,6,5,3,3,3,9,4,5,7,4,0,3,2,8,3,3,7,0,0,0,2,2,2,5,9
403,5,3,1,4,0,3,0,3,3,3,6,7,7,7,0,0,3,2,2,3,3,4,3,2,5,3,1,2,5,2
403,5,3,1,1,2,1,0,3,3,2,9,7,5,7,4,0,3,2,8,3,3,2,3,2,5,3,7,5,5,9
149,3,1,1,4,0,2,8,4,6,3,12,2,5,7,0,0,3,2,8,1,1,2,0,1,1,2,1,2,5,10
530,3,1,1,4,0,4,8,3,3,2,6,2,2,7,0,0,3,2,2,3,2,3,1,0,1,2,7,5,5,13
530,3,1,1,4,0,2,5,3,2,2,7,7,5,7,0,0,3,2,2,3,2,7,3,2,5,3,1,2,5,12
530,3,0,1,2,0,3,9,3,3,2,7,4,5,7,0,0,3,2,8,3,2,2,0,0,1,2,1,2,5,1
367,4,0,1,4,0,2,7,3,3,2,2,7,5,3,0,0,3,2,8,2,1,2,1,0,3,2,1,2,5,13
367,4,0,1,1,0,0,14,3,6,2,6,2,5,3,0,0,3,2,8,2,1,3,2,0,0,2,0,2,5,10
0,2,0,1,4,0,6,0,3,6,2,7,2,5,0,0,0,0,2,8,3,3,2,3,2,5,3,0,2,5,3
0,2,0,1,0,0,0,0,3,6,2,6,2,6,0,0,0,0,2,8,3,3,2,0,1,4,2,4,2,5,10
0,2,0,1,4,0,3,5,3,6,2,6,2,5,0,0,0,0,2,8,3,3,2,0,1,0,2,0,2,5,9
0,2,0,1,4,0,0,14,3,3,2,6,2,2,0,0,0,0,2,8,3,3,2,3,2,5,3,3,2,5,10
0,2,0,1,4,0,2,5,3,3,2,2,4,2,0,0,0,0,2,8,3,3,2,3,2,5,3,7,5,5,9
312,6,0,1,4,0,1,11,3,3,2,6,4,1,1,0,0,3,2,8,2,3,2,0,1,0,2,7,5,5,11
312,6,1,1,7,4,6,0,3,2,2,7,0,1,1,0,0,3,2,8,2,3,13,1,1,4,2,0,2,5,0
312,6,1,1,4,0,1,0,3,6,3,7,2,5,1,0,0,3,2,8,2,3,2,1,1,2,2,0,2,5,10
312,6,1,1,4,0,1,0,3,2,2,2,5,7,1,0,0,3,2,8,2,3,7,0,1,3,2,0,2,5,13
309,3,1,1,4,0,3,17,3,0,3,12,4,5,7,0,0,3,2,8,2,1,2,0,1,0,2,0,2,5,10
309,3,2,1,4,0,0,5,4,6,3,2,2,5,7,0,0,3,2,8,2,1,2,1,0,1,2,7,5,5,11
1069,3,0,1,0,2,0,5,3,3,3,6,4,5,7,0,0,3,0,8,2,1,2,0,1,1,1,0,2,5,9
1069,3,2,1,0,0,5,0,3,1,2,7,7,5,7,0,0,3,0,8,2,1,2,3,2,5,3,3,2,5,11
339,3,2,1,4,0,0,14,3,3,3,2,2,4,0,0,0,3,2,8,2,2,2,0,1,0,2,3,2,5,10
339,3,2,1,4,0,2,9,0,0,2,7,0,5,0,0,0,3,2,8,2,2,2,3,2,5,3,3,2,5,11
352,4,2,1,4,0,3,9,0,3,3,7,0,5,1,2,0,3,2,2,2,1,4,0,1,0,2,0,2,5,3
352,4,1,1,4,0,3,0,1,2,2,6,2,1,1,0,0,3,2,8,2,1,3,2,1,1,2,2,2,1,7
798,5,1,1,4,2,2,9,1,3,2,7,2,5,7,0,0,0,2,1,2,1,4,2,0,0,2,7,5,5,3
798,5,1,1,1,0,1,9,3,1,2,7,2,5,7,0,0,0,2,8,2,1,2,2,0,4,2,3,2,5,0
929,1,0,1,4,0,1,5,0,6,2,9,2,5,7,0,0,3,2,2,2,2,2,3,2,5,3,2,2,5,12
929,1,1,1,4,0,4,0,3,1,2,6,2,5,7,0,0,3,2,8,2,2,2,0,1,1,2,7,5,5,1
929,1,1,1,4,0,1,5,3,1,2,2,1,5,7,0,0,3,2,8,2,2,4,0,1,1,2,7,5,5,1
265,6,4,0,4,0,1,17,3,0,2,14,4,5,7,0,0,3,2,8,3,1,2,0,0,1,2,0,2,5,10
265,6,1,1,1,0,2,0,3,3,3,0,7,3,7,0,0,3,2,8,3,1,13,1,0,1,2,7,5,5,10
265,6,0,1,4,0,3,14,3,3,3,7,2,7,7,0,0,3,2,8,3,1,2,0,1,0,2,0,2,5,0
317,5,2,1,7,4,6,17,3,6,2,7,4,7,7,0,0,3,2,6,2,1,2,2,1,1,2,0,2,2,1
317,5,0,1,4,0,1,17,3,6,2,2,4,5,7,3,0,3,2,2,2,1,2,3,2,5,3,0,2,5,12
270,2,4,0,4,0,2,0,0,0,2,9,4,5,7,0,3,3,4,8,1,1,2,0,1,0,2,0,2,5,0
463,5,0,1,0,0,1,14,3,5,2,7,4,5,1,2,0,3,2,2,2,1,3,0,0,0,2,3,2,5,12
463,5,2,1,7,4,6,0,3,5,2,7,2,5,1,0,0,3,2,8,2,1,3,3,2,5,3,3,2,5,9
1028,6,2,1,7,0,0,7,3,5,2,7,0,5,1,0,0,3,2,8,2,1,2,0,1,4,2,0,2,5,18
1028,6,1,1,4,0,1,7,3,6,2,1,2,5,1,0,0,3,2,8,2,1,2,1,0,0,2,0,2,5,10
82,6,1,1,4,0,3,0,3,5,2,1,1,5,7,2,3,3,4,8,1,1,9,3,2,5,3,7,5,5,10
413,4,1,1,4,0,4,5,3,6,2,7,2,5,1,0,0,3,2,8,2,1,2,2,0,1,2,0,2,1,10
413,4,1,1,4,0,1,5,1,0,2,6,2,5,1,0,0,3,2,2,2,1,2,0,1,0,2,0,2,5,0
1019,5,0,1,4,0,4,5,3,1,2,9,2,5,7,0,0,3,2,8,3,2,2,2,0,0,2,0,2,5,12
1019,5,1,1,2,0,2,0,3,1,2,7,2,5,7,0,0,3,2,2,3,2,2,0,1,3,2,7,2,5,2
1019,5,0,1,0,0,0,0,4,0,3,9,4,3,7,0,0,3,2,8,3,2,2,3,2,5,3,7,5,5,16
462,0,1,1,4,0,4,10,3,6,2,2,0,5,7,0,3,3,4,8,2,1,2,3,2,5,3,0,2,5,13
462,0,3,1,7,4,6,10,3,1,3,7,1,5,7,0,3,3,4,8,2,1,2,0,1,0,2,0,2,5,0
1032,0,2,1,2,0,4,5,3,2,2,6,2,7,7,0,0,3,2,8,2,1,2,1,1,3,2,3,2,5,11
1032,0,4,0,2,0,4,5,3,1,3,7,4,5,7,0,0,3,2,8,2,1,13,1,0,1,1,0,2,5,0
1004,6,2,1,7,4,6,9,3,5,3,1,2,3,7,0,3,3,2,8,2,1,4,0,1,0,2,0,2,5,10
1004,6,2,1,2,0,1,7,3,6,2,7,4,5,7,0,3,3,2,8,2,1,1,3,2,5,3,0,2,5,9
309,3,1,1,4,0,3,5,3,0,2,6,2,5,1,0,0,3,2,8,2,1,2,2,0,1,2,7,5,3,0
309,3,4,0,4,0,3,0,0,6,2,9,4,5,1,0,0,3,2,8,2,1,2,2,1,0,2,0,2,2,13
228,0,1,1,4,0,2,7,3,5,2,6,1,5,1,0,0,3,2,8,2,1,2,2,1,0,2,0,2,2,10
228,0,1,1,4,0,0,6,3,6,2,6,2,5,1,0,0,3,2,8,2,1,4,3,2,5,3,3,2,5,9
548,6,3,1,5,0,4,0,3,5,2,2,0,5,1,0,0,3,2,6,1,2,2,0,1,0,2,7,2,5,10
548,6,3,1,4,0,4,0,3,6,2,2,4,5,1,0,0,3,2,2,1,2,3,3,2,5,3,7,5,5,0
982,0,1,1,2,0,1,5,3,6,2,9,4,5,7,0,3,3,2,8,2,1,4,0,1,1,2,0,2,5,0
982,0,2,1,4,2,0,0,3,6,2,7,4,5,7,0,3,3,2,8,2,1,2,3,2,5,3,0,2,5,11
646,2,0,1,4,0,2,11,3,5,3,7,7,5,7,0,0,3,2,2,2,2,2,0,1,4,2,0,2,5,0
646,2,0,1,1,0,1,5,3,6,2,14,4,5,7,2,0,3,2,8,2,2,2,0,1,1,2,7,5,5,3
646,2,0,1,1,2,2,11,3,1,3,9,4,5,7,0,0,3,2,8,2,2,13,3,2,5,3,0,2,5,3
251,3,1,1,4,0,3,5,3,5,3,6,4,5,1,0,0,3,2,8,1,1,2,0,0,0,2,3,2,5,11
1036,6,0,1,4,0,2,5,3,5,3,9,4,5,7,4,3,3,2,6,3,4,2,3,2,5,3,3,2,5,7
1036,6,3,1,2,0,2,5,3,5,2,7,2,5,7,0,3,3,2,6,3,4,2,0,1,1,2,7,5,5,10
1036,6,3,1,4,0,2,9,3,6,2,7,2,5,7,0,3,3,2,1,3,4,2,3,2,5,3,7,2,5,0
1036,6,0,1,4,0,3,9,3,6,2,1,2,5,7,0,3,3,2,8,3,4,2,2,1,3,2,0,2,5,12
1014,1,4,0,4,4,0,14,3,2,3,2,1,5,1,0,3,3,2,8,2,1,2,3,2,5,3,0,2,5,10
1014,1,0,1,4,0,1,5,3,6,3,12,2,5,1,0,3,3,2,8,2,1,2,0,1,1,2,7,5,5,11
371,6,1,1,4,0,0,0,3,1,3,6,4,5,7,0,0,3,3,1,2,1,2,3,2,5,3,0,2,5,11
371,6,2,1,4,0,3,8,3,0,3,7,6,5,7,0,0,3,3,1,2,1,2,0,1,0,2,3,2,5,12
393,0,0,1,1,2,1,0,3,2,3,9,4,5,7,0,3,3,3,8,2,3,2,1,1,1,2,3,2,5,3
393,0,0,1,4,0,2,10,3,3,3,7,4,5,7,0,3,3,3,8,2,3,2,1,1,2,2,3,2,5,1
393,0,0,1,4,0,4,11,3,0,2,7,7,3,7,0,3,3,3,8,2,3,13,0,1,2,2,7,5,5,0
393,0,0,1,4,0,2,14,3,1,3,6,1,3,7,0,3,3,3,2,2,3,2,1,0,2,2,3,2,5,9
384,6,4,0,2,0,3,17,3,6,2,9,2,5,7,0,0,3,2,8,2,1,2,3,2,5,3,3,2,5,3
384,6,0,1,4,0,2,5,3,6,2,7,2,5,7,0,0,3,2,2,2,1,2,0,0,0,2,0,1,5,4
533,3,1,1,1,0,0,14,1,1,3,9,4,5,0,0,0,3,2,8,1,1,2,3,2,5,3,0,2,5,4
1009,4,3,1,4,0,6,5,3,6,2,2,2,5,7,0,0,3,2,8,3,1,9,0,1,1,2,3,2,5,11
1009,4,0,1,0,0,0,9,0,6,2,9,2,5,7,0,0,3,2,2,3,1,3,3,2,5,3,3,2,5,0
1009,4,2,1,4,0,3,5,3,6,2,6,1,5,7,0,0,3,2,8,3,1,2,3,2,5,3,0,2,5,1
983,5,0,1,4,0,0,7,0,4,2,9,2,5,7,0,3,3,4,8,2,2,2,0,1,0,2,0,2,5,3
983,5,0,1,4,0,2,14,3,5,2,7,1,5,7,0,3,3,4,2,2,2,3,0,0,3,2,7,5,5,10
321,6,0,1,4,0,1,0,3,5,3,4,2,5,7,0,0,3,2,2,2,1,2,3,2,5,3,0,2,5,7
321,6,1,1,7,4,6,11,3,5,3,2,2,5,7,3,0,3,2,8,2,1,3,1,0,0,1,0,2,5,5
891,1,1,1,4,0,1,7,3,1,2,9,4,3,1,0,0,3,2,8,3,1,2,3,2,5,3,4,2,5,1
891,1,4,0,4,0,1,5,4,6,3,14,2,5,1,0,0,3,2,8,3,1,2,1,1,3,2,1,2,5,3
891,1,4,0,4,0,3,0,4,6,3,14,2,5,1,0,0,3,2,8,3,1,2,3,2,5,3,0,2,5,9
466,5,0,1,4,0,0,11,3,0,2,6,4,5,7,0,0,3,2,8,1,1,4,0,1,0,2,2,2,5,18
705,2,0,1,0,2,0,17,3,3,2,5,2,7,0,0,0,0,2,8,4,1,4,3,2,5,3,7,2,5,1
705,2,4,0,0,0,5,0,3,3,2,2,2,3,0,0,0,0,2,8,4,1,2,0,1,0,2,7,5,5,3
705,2,4,0,4,0,0,8,3,6,2,6,7,7,0,0,0,0,2,8,4,1,7,3,2,5,3,7,5,5,12
705,2,1,1,4,0,2,9,3,3,3,2,2,3,0,0,0,0,2,8,4,1,2,0,1,0,2,1,5,5,9
190,1,0,1,4,0,3,5,4,6,3,6,7,7,7,0,0,3,2,8,3,3,2,0,1,1,2,0,5,5,0
190,1,1,1,4,0,3,5,0,6,2,6,4,5,7,0,0,3,2,8,3,3,2,3,2,5,3,0,5,5,17
190,1,1,1,4,2,2,5,3,0,2,12,2,5,7,0,0,3,2,8,3,3,2,3,2,5,3,0,5,5,10
676,2,1,1,1,0,1,10,3,4,2,9,2,5,1,0,0,3,2,8,2,1,3,0,1,1,2,3,2,5,3
676,2,0,1,4,0,1,5,3,6,2,6,7,7,1,0,0,3,2,8,2,1,2,0,0,1,2,0,2,5,10
1004,4,1,1,4,0,4,5,3,5,2,11,7,5,0,0,0,3,2,8,2,1,2,3,2,5,3,2,2,5,0
1004,4,1,1,4,0,1,6,3,5,2,7,2,5,0,0,0,3,2,8,2,1,2,3,2,5,3,7,5,5,11
506,2,1,1,4,0,1,5,3,5,2,9,4,5,0,0,0,3,2,8,2,1,2,0,1,1,2,0,2,5,10
506,2,3,1,1,0,2,12,3,5,2,6,4,5,0,0,0,3,2,8,2,1,2,2,0,0,2,3,2,5,10
246,4,3,1,4,0,3,0,3,5,2,6,4,5,3,3,0,3,2,2,2,1,3,2,1,0,1,3,2,5,0
246,4,0,1,7,4,6,5,3,5,2,9,4,5,3,0,0,3,2,8,2,1,2,2,0,3,1,3,2,5,10
309,3,2,1,4,0,1,8,3,5,2,6,4,5,7,3,0,3,2,1,1,1,2,2,0,1,2,7,4,1,0
1004,4,3,1,4,0,2,11,3,5,2,6,4,5,7,0,0,3,2,8,2,1,3,3,2,5,3,0,0,5,10
1004,4,0,1,0,0,1,14,3,5,2,6,6,5,7,0,0,3,2,2,2,1,3,0,1,1,2,0,2,5,10
985,0,0,1,7,4,6,0,3,5,2,6,2,5,1,0,0,3,2,8,3,1,2,0,1,1,2,3,2,5,10
985,0,0,1,7,0,0,9,3,5,2,7,4,5,1,0,0,3,2,8,3,1,9,3,2,5,3,0,2,5,0
985,0,0,0,4,0,1,0,3,5,2,7,2,5,1,0,0,3,2,8,3,1,9,0,0,0,2,0,2,5,1
516,4,0,1,4,0,3,0,3,1,3,7,2,5,1,0,0,3,2,8,1,1,2,3,2,5,3,0,2,5,9
73,2,1,1,4,0,4,0,3,1,3,9,1,5,7,0,0,3,2,8,2,1,2,3,2,5,3,0,2,5,1
73,2,0,1,4,0,1,5,3,1,3,12,4,6,7,0,0,3,2,6,2,1,2,0,1,0,2,0,2,5,10
94,6,1,1,4,0,4,0,3,1,3,9,4,6,1,0,0,3,2,2,1,2,2,2,0,0,2,0,2,6,16
94,6,1,1,2,0,2,0,3,1,2,6,2,5,1,0,0,3,2,8,1,2,2,3,2,5,3,7,2,5,13
334,6,0,1,0,0,0,9,3,6,2,2,1,5,1,0,0,3,2,8,3,1,2,0,1,1,2,1,2,5,13
334,6,1,1,4,0,4,15,3,6,2,7,4,5,1,0,0,3,2,2,3,1,1,3,2,5,3,7,5,5,1
334,6,0,1,7,4,6,0,3,1,2,7,1,5,1,0,0,3,2,8,3,1,3,2,1,1,2,0,2,5,11
624,5,2,1,2,0,4,9,3,2,2,7,2,5,0,0,0,3,2,8,2,1,4,0,1,0,2,3,2,5,12
624,5,0,1,2,0,4,14,3,6,2,7,2,5,0,0,0,3,2,8,2,1,2,3,2,5,3,3,2,5,0
587,1,0,1,7,4,6,14,3,6,2,6,4,5,0,0,0,3,2,8,2,1,2,0,1,0,2,7,5,5,0
587,1,0,1,2,0,1,0,3,6,2,6,3,5,0,0,0,3,2,8,2,1,2,3,2,5,3,3,2,5,16
247,4,0,1,4,0,3,5,3,5,2,9,4,5,1,0,0,3,2,8,3,1,2,0,1,2,2,7,5,5,10
247,4,1,1,4,0,3,0,3,5,2,6,1,5,1,0,0,3,2,1,3,1,2,0,1,0,2,3,2,5,12
247,4,1,1,4,0,2,9,3,5,2,9,2,5,1,0,0,3,2,8,3,1,2,3,2,5,3,0,2,5,1
129,2,2,1,4,0,0,0,3,5,2,6,4,5,7,0,0,3,2,2,2,1,2,2,0,0,1,3,2,5,0
129,2,2,1,5,0,4,0,3,5,2,7,2,5,7,0,0,3,2,8,2,1,2,3,2,5,3,3,2,5,10
748,2,3,1,4,0,4,5,3,5,2,6,1,5,1,0,0,0,2,8,1,2,2,0,1,0,2,3,2,5,3
748,2,3,1,2,0,1,0,3,5,2,12,4,5,1,0,0,0,2,8,1,2,2,2,0,0,2,0,2,1,11
364,6,2,1,4,2,0,6,3,6,3,9,1,5,7,0,0,3,2,8,3,1,2,2,0,0,2,1,2,5,3
364,6,1,1,4,0,2,17,3,6,3,6,4,5,7,0,0,3,2,8,3,1,2,3,2,5,3,7,2,5,9
364,6,0,1,1,0,1,0,3,5,2,9,4,5,7,0,0,3,2,8,3,1,3,0,1,0,2,7,5,5,10
728,5,3,1,1,2,2,0,3,3,3,6,4,5,0,0,0,0,2,8,2,2,2,0,1,0,2,7,5,5,10
728,5,0,1,4,0,3,0,3,3,3,9,1,5,0,0,0,0,2,8,2,2,3,3,2,5,3,7,5,5,10
530,0,1,1,4,0,2,11,3,5,2,7,7,5,7,0,0,3,2,8,1,2,3,0,1,1,2,3,2,5,0
530,0,1,1,2,0,2,17,2,5,3,7,2,5,7,0,0,3,2,2,1,2,2,3,2,5,3,0,2,5,0
195,0,2,1,4,0,2,0,3,2,3,6,2,5,1,0,0,3,2,8,2,1,2,3,2,5,3,7,5,5,9
195,0,2,1,4,0,3,0,3,3,2,6,2,5,1,0,0,3,2,2,2,1,2,0,1,0,2,7,5,5,1
767,1,0,1,4,4,0,7,3,1,2,9,2,5,7,0,0,0,2,8,1,1,2,0,1,1,2,0,2,5,12
241,3,0,1,4,0,1,14,3,6,2,7,2,5,1,0,0,3,2,8,1,1,2,0,0,0,2,0,2,5,9
91,2,1,1,4,0,0,5,0,6,2,7,4,5,0,0,0,3,2,10,2,2,2,0,1,4,2,3,2,5,3
91,2,2,1,7,4,6,15,3,6,2,6,2,5,0,0,0,3,2,1,2,2,13,0,0,0,2,0,2,5,3
461,0,1,1,1,0,2,7,3,6,2,6,2,5,1,0,0,3,2,8,2,1,4,3,2,5,3,0,2,5,5
461,0,0,1,4,0,2,9,3,5,2,2,4,5,1,0,0,3,2,8,2,1,2,3,2,5,3,3,2,5,11
384,3,0,1,4,0,3,0,0,5,2,7,1,5,1,0,3,3,4,8,2,4,13,0,1,4,2,3,2,5,12
384,3,0,1,4,0,1,0,3,5,2,6,4,5,1,0,3,3,4,1,2,4,5,0,1,0,2,0,2,5,3
384,3,0,1,4,2,3,10,3,0,3,6,2,5,1,0,3,3,4,2,2,4,7,3,2,5,3,3,2,5,9
384,3,0,1,4,0,1,5,3,4,3,9,2,5,1,0,3,3,4,10,2,4,2,0,1,3,2,7,5,5,3
1072,2,1,1,1,1,2,5,4,6,3,7,4,5,7,0,0,3,2,8,1,1,4,3,2,5,3,7,5,5,12
480,2,1,1,1,0,2,4,3,2,3,9,2,5,7,0,0,3,2,10,1,1,3,0,0,3,2,7,5,5,1
132,3,1,1,4,4,2,6,0,6,3,6,2,5,1,0,0,3,2,10,2,1,2,3,2,5,3,3,2,5,0
281,2,1,1,4,0,2,5,3,2,3,6,4,5,1,0,3,3,4,10,2,1,4,0,1,0,2,0,2,5,12
591,2,3,1,1,0,3,14,3,3,3,7,4,5,1,0,3,0,3,8,2,1,3,3,2,5,3,1,2,5,3
591,2,1,1,4,4,4,0,3,0,2,7,7,3,1,0,3,0,3,8,2,1,2,3,2,5,3,0,2,5,9
877,0,0,1,4,0,2,7,3,1,3,6,1,3,7,0,0,3,2,2,2,1,2,3,2,5,3,0,2,5,10
877,0,1,1,1,0,0,7,3,6,2,9,2,5,7,0,0,3,2,2,2,1,3,0,1,0,2,0,2,5,0
458,0,1,1,7,4,6,15,3,6,2,7,2,5,7,0,3,3,4,8,2,2,2,0,1,1,2,0,2,5,0
458,0,0,1,4,0,3,0,1,1,3,9,4,5,7,0,3,3,4,8,2,2,1,3,2,5,3,0,2,5,10
317,5,2,1,2,2,1,3,3,6,2,2,2,5,7,0,0,3,2,8,3,1,2,0,1,0,2,0,2,5,0
317,5,2,1,4,0,0,3,0,6,2,9,2,5,7,0,0,3,2,8,3,1,2,3,2,5,3,1,2,5,3
317,5,1,1,4,0,0,5,3,6,2,6,1,5,7,0,0,3,2,8,3,1,3,0,1,0,2,0,2,5,0
481,6,0,1,0,2,1,5,0,4,2,9,2,5,3,0,0,3,2,6,2,1,2,3,2,5,3,1,2,5,10
481,6,1,1,4,0,3,4,3,5,2,7,1,5,3,0,0,3,2,8,2,1,2,0,1,2,2,3,2,5,1
91,6,3,1,1,2,1,0,3,5,3,4,2,5,1,0,0,3,2,2,1,1,2,3,2,5,3,0,2,5,10
506,3,1,1,4,0,2,15,3,5,3,2,2,5,7,0,0,3,2,1,1,1,2,3,2,5,3,0,2,5,4
241,4,1,1,4,0,4,7,3,1,2,9,4,3,7,0,0,3,2,8,1,1,2,0,1,0,2,3,2,5,10
1050,5,2,1,4,0,2,0,4,6,3,14,2,5,0,0,0,3,2,8,2,1,3,3,2,5,3,3,2,5,16
1050,5,0,1,2,0,3,0,4,6,3,14,2,5,0,0,0,3,2,8,2,1,2,0,1,1,2,0,2,5,5
491,6,4,0,4,0,2,0,3,0,2,6,4,5,1,0,0,3,2,8,1,1,2,3,2,5,3,0,2,5,11
379,2,3,1,1,0,0,0,3,3,2,5,2,7,7,0,0,3,2,8,2,1,3,0,1,2,2,3,2,5,9
379,2,0,1,4,0,6,11,3,3,2,2,2,3,7,0,0,3,2,8,2,1,3,3,2,5,3,3,2,5,1
64,5,4,0,0,0,0,4,3,6,2,6,7,7,1,0,0,3,2,8,1,1,2,0,1,0,1,0,2,5,0
334,5,2,1,4,0,3,5,3,3,3,2,2,3,1,0,3,3,4,2,2,4,2,1,1,2,1,0,2,5,1
334,5,0,1,4,0,0,5,4,6,3,6,7,7,1,0,3,3,4,6,2,4,2,3,2,5,3,0,2,5,5
334,5,0,1,4,0,2,14,0,6,2,6,4,5,1,0,3,3,4,8,2,4,2,0,1,0,2,0,2,5,12
334,5,0,1,4,0,1,7,3,0,2,12,2,5,1,0,3,3,4,1,2,4,2,3,2,5,3,7,5,5,12
364,3,1,1,7,4,6,0,3,4,2,9,2,5,7,0,0,3,2,8,1,1,2,0,0,1,2,7,2,5,0
572,4,4,0,4,0,1,8,3,6,2,6,7,7,7,0,0,3,7,8,1,1,2,3,2,5,3,0,2,5,1
705,0,0,1,4,0,1,6,3,5,2,11,7,5,3,0,3,2,4,1,1,1,2,3,2,5,3,7,5,5,1
526,0,0,1,4,0,3,0,3,5,2,7,2,5,0,0,0,3,2,1,2,1,2,0,0,3,2,7,5,5,0
526,0,3,1,4,0,0,8,3,5,2,9,4,5,0,0,0,3,2,8,2,1,2,0,1,3,2,7,5,5,0
491,4,0,1,0,2,0,6,3,5,2,6,4,5,7,0,0,3,2,8,2,1,4,1,1,3,2,0,2,5,7
491,4,0,1,0,0,5,14,3,5,2,6,4,5,7,0,0,3,2,8,2,1,2,3,2,5,3,7,5,5,16
990,4,2,1,4,0,0,5,3,5,2,9,4,5,7,0,0,3,2,8,1,1,7,3,2,5,3,7,5,5,0
672,5,0,1,4,0,2,15,3,5,2,6,4,5,0,0,3,0,2,8,2,2,2,3,2,5,3,0,2,5,5
672,5,0,1,4,0,3,0,3,5,2,6,4,5,0,0,3,0,2,2,2,2,7,0,1,0,2,0,2,5,3
535,4,1,1,4,0,3,3,3,5,2,6,6,5,7,0,0,3,2,8,1,1,2,1,1,3,2,0,2,5,9
925,0,0,1,4,2,2,0,3,5,2,6,2,5,0,0,0,3,2,8,2,1,7,3,2,5,3,0,2,5,10
925,0,2,1,1,0,1,9,3,5,2,7,4,5,0,0,0,3,2,8,2,1,13,3,2,5,3,7,5,5,12
574,1,3,1,4,0,1,4,3,5,2,7,2,5,1,0,0,3,2,8,1,1,2,0,1,1,2,0,2,5,17
585,3,3,1,4,0,4,8,3,1,3,7,2,5,7,0,0,0,2,8,2,1,7,3,2,5,3,7,5,5,0
585,3,0,1,4,0,1,5,3,1,3,9,1,5,7,0,0,0,2,8,2,1,4,2,0,2,2,7,5,1,10
329,5,0,1,4,0,1,7,3,1,3,12,4,6,7,0,0,3,2,8,1,1,2,0,1,1,2,7,5,5,9
309,4,1,1,1,0,2,0,3,1,3,9,4,6,1,0,0,3,2,8,2,1,2,1,0,2,2,7,5,5,12
309,4,2,1,4,0,3,3,3,1,2,6,2,5,1,0,0,3,2,8,2,1,2,3,2,5,3,7,5,5,12
141,2,2,1,7,4,6,4,3,6,2,2,1,5,0,0,0,3,2,8,1,1,3,2,0,0,1,0,2,5,10
1024,1,0,1,4,0,1,3,3,6,2,7,4,5,7,0,3,3,2,8,2,1,2,3,2,5,3,0,2,5,10
1024,1,1,1,4,0,2,0,3,1,2,7,1,5,7,0,3,3,2,8,2,1,2,0,1,1,2,0,2,5,16
440,2,2,1,0,0,1,15,3,2,2,7,2,5,7,0,0,3,2,8,2,1,2,2,0,1,1,0,2,5,5
440,2,1,1,7,4,6,15,3,6,2,7,2,5,7,0,0,3,2,8,2,1,2,0,0,0,2,0,2,5,1
270,1,0,1,7,0,0,3,3,6,2,6,4,5,7,0,0,3,2,8,2,1,4,1,1,2,2,0,2,5,0
270,1,0,1,4,0,1,4,3,6,2,6,3,5,7,0,0,3,2,2,2,1,13,0,1,1,2,7,5,5,3
232,0,1,1,4,0,3,4,3,5,2,9,4,5,1,0,0,3,2,8,2,1,2,2,0,1,2,0,2,5,9
232,0,0,1,4,0,4,3,3,5,2,6,1,5,1,0,0,3,2,8,2,1,9,3,2,5,3,7,5,5,9
458,4,0,1,4,0,1,16,3,5,2,9,2,5,7,0,0,3,2,8,2,2,2,0,1,0,2,0,2,5,1
458,4,1,1,4,0,4,3,3,5,2,6,4,5,7,0,0,3,2,8,2,2,3,0,1,0,2,0,2,5,12
458,4,1,1,2,0,2,3,3,5,2,7,2,5,7,0,0,3,2,1,2,2,3,1,1,0,2,0,2,5,2
124,5,0,1,0,0,0,10,3,5,2,6,1,5,7,0,3,3,2,8,2,2,2,1,1,0,2,7,5,5,5
124,5,0,1,4,0,4,0,3,5,2,12,4,5,7,0,3,3,2,8,2,2,4,1,1,4,2,7,5,5,1
124,5,0,1,7,4,6,0,3,6,3,9,1,5,7,5,3,3,2,8,2,2,2,1,1,4,2,0,2,5,3
985,5,3,1,2,0,4,8,3,6,3,6,4,5,7,0,0,3,2,8,2,1,2,3,2,5,3,0,2,5,10
985,5,1,1,2,0,4,17,3,5,2,9,4,5,7,0,0,3,2,8,2,1,2,3,2,5,3,0,2,5,0
1050,5,2,1,7,4,6,14,3,5,2,6,4,5,1,0,0,3,2,8,2,1,2,2,1,0,2,0,2,3,10
1050,5,0,0,2,0,1,17,3,1,2,6,2,5,1,0,0,3,2,8,2,1,2,0,1,0,2,3,2,5,10
295,6,3,1,4,0,3,0,3,6,3,9,4,5,7,0,0,3,2,8,2,1,2,3,2,5,3,3,2,5,7
295,6,3,1,4,0,3,0,3,5,3,7,2,5,7,0,0,3,2,1,2,1,2,2,1,3,2,0,2,5,16
521,4,1,1,4,0,2,3,3,3,3,4,4,5,7,0,0,3,2,8,2,1,2,0,1,0,2,7,5,5,3
521,4,1,1,4,0,0,10,3,5,3,6,2,5,7,0,0,3,2,8,2,1,4,3,2,5,3,7,5,5,5
945,1,2,1,5,0,4,10,1,5,3,1,2,5,1,0,3,3,4,8,3,2,2,0,0,3,2,7,5,5,9
945,1,0,1,4,0,4,4,3,0,2,9,2,5,1,0,3,3,4,8,3,2,5,3,2,5,3,0,2,5,17
945,1,1,1,2,0,1,4,3,3,3,9,4,5,1,0,3,3,4,2,3,2,2,1,0,0,2,7,2,5,5
317,6,0,1,4,2,0,8,3,2,3,2,4,3,0,0,0,3,2,8,1,1,2,0,0,0,2,0,2,5,1
73,0,1,1,4,0,2,0,3,2,3,9,4,5,0,0,0,3,2,8,2,1,2,3,2,5,3,0,2,5,0
73,0,1,1,1,0,1,0,3,5,2,14,7,5,0,0,0,3,2,8,2,1,10,2,0,3,2,7,5,6,10
438,5,1,1,1,2,2,0,3,2,2,7,4,5,7,0,3,3,2,8,2,1,2,3,2,5,3,3,2,5,10
438,5,0,1,4,0,3,3,3,5,3,7,3,5,7,0,3,3,2,8,2,1,2,0,0,1,2,0,2,5,12
535,4,0,1,4,0,2,3,3,5,2,2,3,5,1,0,0,1,2,8,2,1,2,3,2,5,3,0,2,5,9
535,4,1,1,2,0,2,0,0,6,2,7,3,5,1,0,0,1,2,8,2,1,2,0,1,0,2,0,2,5,9
893,0,2,1,4,0,2,14,3,5,2,2,3,5,1,0,3,0,2,2,2,1,9,2,0,4,2,0,2,1,7
893,0,1,1,4,0,3,17,3,5,2,2,2,5,1,0,3,0,2,8,2,1,2,2,0,1,2,0,2,1,0
801,3,0,1,4,4,0,7,3,3,2,7,4,5,7,0,0,0,2,8,1,2,2,0,0,0,2,0,2,5,0
801,3,0,1,4,0,1,13,0,2,2,7,4,5,7,0,0,0,2,8,1,2,3,3,2,5,3,0,2,5,12
999,2,3,1,4,0,0,5,3,2,2,12,7,5,1,0,0,3,2,8,2,1,2,2,0,0,2,0,2,1,1
999,2,0,1,7,4,6,8,3,3,2,9,4,5,1,0,0,3,2,6,2,1,3,0,0,0,2,0,2,5,1
917,4,0,1,1,0,2,4,4,0,2,7,2,5,1,0,3,0,2,8,1,1,2,3,2,5,3,0,2,5,3
55,4,2,1,4,0,2,5,3,3,2,6,4,5,7,0,0,3,2,8,2,2,2,0,1,0,2,7,5,5,0
55,4,2,1,4,0,3,6,3,3,2,9,4,5,7,0,0,3,2,2,2,2,2,2,0,4,2,3,2,1,1
55,4,2,1,4,0,1,0,3,3,2,7,1,3,7,0,0,3,2,8,2,2,2,2,1,3,1,3,2,5,5
494,2,0,1,4,2,3,0,3,3,2,9,2,5,0,3,0,0,2,8,2,3,10,2,1,4,2,0,2,5,3
494,2,1,1,4,0,1,0,3,2,2,9,4,5,0,0,0,0,2,8,2,3,2,3,2,5,3,0,2,5,10
494,2,1,1,1,1,2,14,3,6,2,9,2,5,0,0,0,0,2,2,2,3,2,0,1,0,2,3,2,5,12
494,2,1,1,1,0,2,17,3,0,2,7,7,5,0,0,0,0,2,2,2,3,2,3,2,5,3,3,2,5,12
1004,6,1,1,4,4,2,11,3,2,2,7,4,5,1,0,0,3,2,8,1,1,2,0,1,1,2,7,5,5,12
806,2,0,1,4,0,2,11,3,2,2,7,1,5,1,0,0,0,2,8,1,1,2,3,2,5,3,1,2,5,0
420,1,1,1,1,0,3,14,3,0,2,3,4,5,7,0,0,3,2,2,2,1,2,0,1,4,2,7,5,5,9
420,1,0,1,4,4,4,0,3,1,2,9,4,5,7,0,0,3,2,2,2,1,8,0,1,0,2,7,5,5,3
476,6,1,1,4,0,2,2,3,2,2,9,1,5,1,0,0,0,2,8,2,1,9,3,2,5,3,7,5,5,5
476,6,1,1,1,0,0,0,3,2,2,9,4,5,1,0,0,0,2,1,2,1,1,3,2,5,3,0,2,5,1
550,0,1,1,7,4,6,5,3,0,2,7,2,5,7,1,0,0,2,8,2,1,3,0,1,0,2,0,2,5,12
550,0,2,1,4,0,3,0,3,0,2,6,2,5,7,0,0,0,2,8,2,1,3,2,1,1,2,0,2,5,1
655,5,1,1,2,2,1,10,3,1,2,7,7,5,7,0,0,0,2,8,1,1,2,0,1,4,2,0,2,5,4
453,6,1,1,4,0,0,13,3,5,2,6,0,5,3,0,3,0,4,8,2,1,9,3,2,5,3,0,2,5,9
453,6,0,1,4,0,0,0,3,5,2,9,2,5,3,0,3,0,4,8,2,1,2,3,2,5,3,3,2,5,12
968,4,1,1,0,2,1,10,3,5,2,6,0,1,7,0,0,3,2,2,2,1,2,0,0,0,2,3,2,5,10
968,4,1,1,4,0,3,17,3,6,2,6,0,5,7,0,0,3,2,2,2,1,10,3,2,5,3,3,2,5,3
60,1,2,1,1,2,1,5,1,5,2,7,0,5,7,0,0,3,2,8,2,1,2,0,1,0,1,3,2,5,0
60,1,0,1,4,0,2,5,3,5,2,6,2,5,7,0,0,3,2,8,2,1,2,0,1,1,2,7,5,5,12
114,0,2,1,4,0,4,9,3,5,2,6,6,5,1,0,3,3,2,8,1,1,10,3,2,5,3,3,2,5,12
953,4,2,1,4,0,2,5,0,5,3,6,1,5,7,0,0,3,2,8,2,1,8,3,2,5,3,3,2,5,10
953,4,2,1,2,0,3,5,3,5,3,7,4,5,7,0,0,3,2,8,2,1,2,0,1,1,2,3,2,5,4
474,1,0,1,4,0,2,9,3,5,3,9,6,5,7,0,3,0,2,8,2,2,3,3,2,5,3,0,2,5,3
474,1,0,1,1,0,0,11,3,1,2,9,2,1,7,0,3,0,2,8,2,2,1,0,1,0,2,7,5,5,3
450,5,0,1,4,0,6,0,3,2,3,2,2,5,7,0,0,3,2,8,3,1,2,2,0,0,2,0,2,1,1
450,5,0,1,0,0,0,8,3,2,3,7,2,5,7,0,0,3,2,8,3,1,2,0,1,1,2,0,2,5,3
450,5,0,1,4,0,3,14,3,5,3,9,2,5,7,0,0,3,2,8,3,1,9,1,0,1,2,3,2,5,0
1014,6,2,1,4,0,0,7,3,1,3,7,4,5,7,0,0,3,2,5,2,1,3,0,0,0,2,0,2,5,3
1014,6,2,1,4,0,2,17,3,1,3,9,4,5,7,0,0,3,2,8,2,1,2,1,0,1,2,0,2,5,3
157,2,0,1,4,0,1,0,3,1,3,9,2,5,0,0,0,3,2,2,2,3,3,2,1,3,2,7,5,1,5
157,2,0,1,7,4,6,14,3,2,2,7,2,5,0,0,0,3,2,8,2,3,2,2,1,2,2,0,2,0,3
157,2,0,1,4,0,1,8,4,6,3,7,2,5,0,0,0,3,2,8,2,3,13,0,1,4,2,0,2,5,10
491,2,1,1,4,0,1,5,3,5,2,7,4,5,1,0,0,0,2,8,1,1,2,1,1,4,2,0,2,5,3
130,3,2,1,4,0,3,0,3,5,2,7,0,5,7,0,0,3,2,8,2,1,13,1,0,1,2,0,2,5,4
130,3,0,1,4,0,0,17,3,5,3,9,2,5,7,0,0,3,2,8,2,1,2,3,2,5,3,0,2,5,16
129,4,0,1,0,2,0,5,3,1,3,1,4,5,1,0,3,3,4,8,2,1,13,3,2,5,3,3,2,5,10
129,4,1,1,0,0,5,5,3,6,3,7,7,5,1,0,3,3,4,2,2,1,2,0,1,0,2,7,5,5,3
963,0,1,1,4,0,0,5,3,6,3,6,4,5,7,0,3,3,4,2,2,1,2,3,2,5,3,3,2,5,12
963,0,1,1,4,0,2,8,4,6,3,7,4,5,7,0,3,3,4,8,2,1,2,0,1,4,2,0,2,5,12
46,5,2,1,4,0,3,8,3,5,3,6,4,5,7,0,0,3,2,2,2,2,2,1,0,3,1,7,5,5,12
46,5,2,1,4,0,3,0,3,5,3,6,1,5,7,0,0,3,2,2,2,2,2,3,2,5,3,7,5,5,12
676,5,0,1,4,2,2,7,3,5,3,6,4,5,7,0,3,0,2,8,2,1,4,2,1,3,2,0,2,5,10
676,5,1,1,1,0,1,17,3,5,2,7,4,5,7,0,3,0,2,8,2,1,4,3,2,5,3,0,2,5,9
1064,0,2,1,4,0,1,0,0,5,3,7,0,5,7,0,3,3,4,2,2,2,2,0,1,0,2,0,2,5,10
1064,0,2,1,4,0,4,6,3,5,2,6,3,5,7,0,3,3,4,8,2,2,2,1,0,2,2,3,2,5,0
1064,0,1,1,4,0,1,0,3,5,3,9,7,5,7,0,3,3,4,8,2,2,1,3,2,5,3,0,2,5,0
627,6,0,1,4,0,1,0,0,1,3,1,4,5,7,0,3,0,0,8,2,1,2,0,1,0,2,3,2,5,11
627,6,0,1,1,0,2,9,3,0,2,7,7,5,7,0,3,0,0,8,2,1,2,0,1,4,2,0,2,5,9
438,5,1,1,4,0,3,3,3,3,2,9,7,5,7,0,3,0,4,8,2,1,2,3,2,5,3,0,2,5,0
438,5,3,1,7,4,6,17,3,5,2,7,7,5,7,0,3,0,4,8,2,1,2,0,1,1,2,7,5,5,10
329,3,0,1,4,0,1,0,3,5,3,7,7,5,1,0,3,3,4,1,2,2,2,3,2,5,3,7,5,5,12
329,3,1,1,4,0,2,11,3,2,3,7,1,5,1,0,3,3,4,8,2,2,1,0,1,0,2,3,2,5,1
329,3,1,1,0,0,1,8,3,5,2,7,2,5,1,0,3,3,4,2,2,2,2,3,2,5,3,0,2,5,10
339,6,2,1,7,4,6,5,3,1,2,7,7,5,7,0,3,3,4,8,1,1,2,0,0,1,2,0,2,5,10
334,5,0,1,7,0,0,0,3,5,2,12,4,5,0,0,0,3,2,8,3,2,4,3,2,5,3,3,2,5,7
334,5,2,1,4,0,1,10,3,6,2,6,2,5,0,0,0,3,2,8,3,2,2,0,1,0,2,0,2,5,11
334,5,2,1,4,0,3,0,3,5,2,6,2,5,0,0,0,3,2,8,3,2,2,3,2,5,3,0,2,5,0
334,5,1,1,4,0,4,11,3,2,2,6,2,5,0,0,0,3,2,8,3,2,2,0,0,1,2,7,2,5,10
99,4,2,1,4,0,1,9,3,5,2,12,6,5,1,0,0,3,2,8,1,1,2,3,2,5,3,0,2,5,3
496,5,4,0,4,0,4,0,0,6,2,12,4,5,1,0,3,0,8,8,1,1,2,0,0,1,2,3,2,5,10
754,0,0,1,2,0,2,5,3,6,2,6,2,5,0,0,0,0,2,8,1,1,7,3,2,5,3,3,2,5,1
741,1,0,1,0,0,0,0,3,6,2,6,2,5,7,0,3,0,2,8,2,5,4,0,1,0,2,7,2,5,16
741,1,3,1,4,0,4,8,0,3,2,12,2,5,7,0,3,0,2,2,2,5,2,3,2,5,3,3,2,5,3
741,1,3,1,7,4,6,9,3,0,2,14,2,5,7,0,3,0,2,8,2,5,2,2,0,3,2,0,2,5,9
741,1,3,1,2,0,4,0,3,3,2,7,2,5,7,0,3,0,2,2,2,5,2,2,1,1,2,0,2,5,10
741,1,3,1,2,0,4,0,3,4,2,7,4,5,7,0,3,0,2,8,2,5,2,0,1,1,2,7,2,5,16
496,1,0,1,7,4,6,0,3,3,2,7,2,5,1,0,3,0,4,8,2,1,2,3,2,5,3,0,2,5,3
496,1,0,1,2,0,1,14,3,5,2,9,4,5,1,0,3,0,4,10,2,1,2,0,1,0,2,0,2,5,3
967,4,1,1,4,0,3,7,0,0,2,7,4,5,7,0,3,3,4,1,2,1,2,1,1,0,2,0,2,5,9
967,4,0,1,4,0,3,7,3,0,2,7,4,5,7,0,3,3,4,8,2,1,2,3,2,5,3,3,2,5,3
840,2,0,1,4,0,2,7,3,6,2,4,4,5,1,0,3,0,7,8,2,1,2,0,1,0,2,0,2,5,4
840,2,2,1,4,0,0,10,3,6,2,1,4,5,1,0,3,0,7,8,2,1,3,3,2,5,3,0,2,5,0
491,1,0,1,5,0,4,5,3,3,2,2,2,5,7,0,3,1,4,1,2,1,3,2,0,4,2,7,2,0,10
491,1,0,1,4,0,4,9,3,6,3,6,2,5,7,0,3,1,4,2,2,1,9,3,2,5,3,0,2,5,10
73,5,3,1,2,0,1,0,3,6,3,7,2,5,7,0,0,3,2,10,2,1,4,0,0,0,2,7,5,5,1
73,5,2,1,4,2,0,0,3,6,3,6,4,5,7,1,0,3,2,8,2,1,4,3,2,5,3,7,5,5,5
141,5,2,1,4,0,2,14,3,6,3,6,2,5,7,0,0,3,2,10,2,1,2,2,0,1,2,7,5,5,1
141,5,0,1,1,0,1,5,3,6,3,7,2,5,7,0,0,3,2,10,2,1,2,0,1,1,2,3,2,5,0
142,5,0,1,1,2,2,5,3,3,3,9,4,5,0,0,0,3,2,10,1,1,4,3,2,5,3,3,2,5,9
708,1,1,1,4,0,3,5,3,3,3,6,7,7,7,0,0,0,2,8,3,1,4,0,1,4,2,0,2,5,10
708,1,4,0,4,0,2,11,3,3,2,9,7,5,7,3,0,0,2,8,3,1,2,3,2,5,3,3,2,5,1
708,1,4,0,2,0,2,9,4,6,3,12,2,5,7,0,0,0,2,2,3,1,7,3,2,5,3,0,2,5,9
1026,4,0,1,4,0,2,7,3,3,2,6,2,2,1,0,3,3,2,2,1,1,4,2,0,0,1,3,2,0,10
379,2,4,0,4,0,3,9,3,2,2,7,7,5,7,0,3,0,2,8,3,1,9,2,0,1,2,1,2,2,4
379,2,0,1,4,4,0,7,3,3,2,7,4,5,7,0,3,0,2,8,3,1,2,2,1,4,2,0,2,5,4
379,2,0,1,4,0,1,9,3,3,2,2,7,5,7,0,3,0,2,8,3,1,2,0,1,0,2,0,2,5,9
398,5,0,1,4,0,0,14,3,6,2,6,2,5,1,0,0,1,2,8,2,1,2,3,2,5,3,0,2,5,9
398,5,0,1,7,4,6,0,3,6,2,7,2,5,1,0,0,1,2,8,2,1,2,2,1,1,1,0,2,1,16
928,2,1,1,1,0,2,5,3,6,2,6,2,6,7,0,3,0,8,6,1,1,2,0,0,3,1,0,2,5,3
786,4,0,1,4,0,2,13,3,6,2,6,2,5,7,0,3,0,2,8,1,1,2,1,0,3,2,0,2,5,0
448,5,2,1,4,0,3,5,3,3,2,6,2,2,0,0,3,0,2,2,2,1,2,2,1,4,2,3,2,6,5
448,5,1,1,4,0,1,5,3,3,2,2,4,2,0,0,3,0,2,1,2,1,2,2,0,0,2,3,2,0,10
627,4,1,1,4,2,3,11,3,3,2,6,4,1,7,0,3,0,2,8,1,1,2,3,2,5,3,3,2,5,9
497,5,0,1,4,0,1,0,3,2,2,7,0,1,1,0,0,0,2,8,2,1,4,0,1,0,2,0,2,5,0
497,5,0,1,1,1,2,0,3,6,3,7,2,5,1,0,0,0,2,8,2,1,2,3,2,5,3,7,2,5,1
1014,6,1,1,1,0,2,0,3,2,2,2,5,7,1,0,3,3,2,8,1,1,2,0,1,0,2,7,2,5,10
246,5,1,1,4,4,2,11,3,0,3,12,4,5,7,0,0,3,2,8,1,1,3,0,1,0,2,3,2,5,2
548,5,0,1,4,0,2,4,4,6,3,2,2,5,7,0,3,0,4,8,2,1,2,3,2,5,3,0,2,5,1
548,5,0,1,1,0,3,8,3,3,3,6,4,5,7,0,3,0,4,8,2,1,3,2,0,1,2,1,2,1,12
458,4,1,1,4,4,4,4,3,1,2,7,7,5,7,0,3,0,0,2,2,1,4,3,2,5,3,2,2,5,10
458,4,0,1,4,0,2,8,3,3,3,2,2,4,7,0,3,0,0,6,2,1,2,0,0,0,2,0,2,5,18
348,0,0,1,1,0,0,13,0,0,2,7,0,5,7,2,3,3,2,8,1,1,7,1,0,0,2,0,2,5,10
237,1,2,1,7,4,6,4,0,3,3,7,0,5,1,0,3,3,4,1,2,2,2,0,1,0,2,0,2,5,1
237,1,2,1,4,0,3,17,1,2,2,6,2,1,1,0,3,3,4,8,2,2,4,0,1,3,2,7,2,5,10
1002,4,3,1,2,2,1,17,1,3,2,7,2,5,7,0,0,3,2,8,2,2,4,3,2,5,3,1,2,5,0
1002,4,2,1,4,0,0,5,3,1,2,7,2,5,7,0,0,3,2,1,2,2,4,3,2,5,3,7,2,5,3
557,0,1,1,4,0,0,7,0,6,2,9,2,5,1,0,0,0,8,1,1,1,8,0,1,0,2,7,2,5,1
775,0,3,1,0,2,1,7,3,1,2,6,2,5,0,0,3,0,4,8,2,1,4,0,1,1,1,7,2,5,12
775,0,0,1,7,4,6,0,3,1,2,2,1,5,0,0,3,0,4,8,2,1,4,3,2,5,3,7,5,5,10
530,4,1,1,1,2,1,7,3,0,2,14,4,5,7,0,0,0,2,8,1,1,4,0,1,0,2,0,2,5,11
985,6,0,1,4,0,0,0,3,3,3,0,7,3,1,0,3,3,4,8,2,1,2,0,1,0,2,3,2,5,11
985,6,0,1,7,2,2,10,3,3,2,9,6,5,1,1,3,3,4,8,2,1,2,3,2,5,3,7,5,5,12
784,4,0,1,4,0,4,5,3,2,2,6,4,5,7,0,2,0,3,2,2,1,2,0,1,0,2,0,2,5,0
784,4,1,1,4,0,1,17,3,6,2,1,7,9,7,0,2,0,3,8,2,1,2,3,2,5,3,0,2,5,0
360,5,1,1,4,0,2,0,0,6,2,6,7,6,7,0,0,3,2,8,3,1,2,0,1,1,2,0,2,5,10
360,5,1,1,4,0,3,17,3,2,2,4,7,5,7,0,0,3,2,8,3,1,2,3,2,5,3,0,2,5,12
360,5,1,1,1,0,1,5,4,6,3,14,6,9,7,0,0,3,2,8,3,1,2,0,1,1,2,3,2,5,10
711,6,3,1,1,2,3,17,3,6,2,9,4,5,1,0,0,0,2,8,2,1,2,1,0,4,2,7,5,5,10
711,6,0,1,4,0,0,5,0,3,2,9,7,5,1,0,0,0,2,8,2,1,2,1,0,1,2,7,5,5,1
228,0,2,1,4,0,2,15,3,0,2,4,7,5,1,0,0,3,2,8,2,1,2,3,2,5,3,0,2,5,0
228,0,0,1,4,0,1,5,3,1,2,9,4,5,1,0,0,3,2,8,2,1,2,0,1,1,2,0,2,5,10
82,5,2,1,4,0,1,5,3,5,2,9,7,5,7,0,0,3,2,8,1,1,7,3,2,5,3,7,5,5,17
198,2,3,1,4,0,1,7,3,6,2,6,4,5,7,0,3,3,2,8,2,1,2,1,1,4,2,3,2,5,12
198,2,1,1,4,0,1,14,3,1,2,6,0,0,7,0,3,3,2,8,2,1,4,3,2,5,3,7,5,5,9
655,2,1,1,4,0,3,14,3,3,2,6,7,5,0,0,0,0,2,8,1,1,13,1,0,1,2,7,5,5,5
874,4,1,1,4,0,3,5,3,0,2,6,4,0,1,0,3,0,2,8,1,1,1,0,1,1,1,0,2,5,9
388,1,0,1,1,0,2,5,3,6,2,6,1,5,1,0,0,3,2,8,1,2,2,3,2,5,3,0,2,5,1
388,1,0,1,7,0,6,7,3,6,2,6,4,5,1,0,0,3,2,8,1,2,2,3,2,5,3,0,2,5,15
352,4,4,0,7,0,1,0,3,6,2,6,7,5,7,0,3,3,2,2,1,1,2,0,1,0,2,0,2,5,5
619,0,0,1,1,0,2,17,3,3,2,9,7,5,0,0,0,0,7,8,1,2,2,0,1,0,2,0,2,5,3
619,0,0,1,4,0,2,15,3,2,2,9,1,5,0,5,0,0,7,8,1,2,9,0,1,0,1,0,2,5,10
321,5,2,1,4,0,3,5,3,6,2,7,1,5,5,0,0,3,2,8,1,1,0,1,0,4,2,3,2,5,12
583,6,2,1,4,0,2,7,3,2,2,2,4,5,1,0,3,0,2,8,2,1,0,3,2,5,3,0,2,5,15
583,6,1,1,4,0,3,0,3,6,2,1,7,5,1,0,3,0,2,1,2,1,0,3,2,5,3,0,2,5,5
313,2,0,1,1,0,4,11,3,6,3,4,4,5,7,0,3,3,2,8,1,1,0,0,1,1,2,7,5,5,1
413,0,2,1,1,0,2,14,4,6,3,9,7,9,1,0,0,3,2,8,1,1,4,2,0,0,2,0,2,6,1
424,5,2,1,1,0,0,0,3,3,2,9,7,8,7,0,0,0,2,8,1,1,0,3,2,5,3,0,2,5,1
195,0,2,1,1,0,2,5,3,1,2,6,0,5,1,0,0,3,2,8,3,2,9,0,1,0,2,1,2,5,1
195,0,2,1,1,0,2,7,3,1,2,0,4,5,1,0,0,3,2,8,3,2,0,2,1,0,2,7,5,6,9
195,0,1,1,1,0,1,10,4,6,3,13,7,5,1,0,0,3,2,8,3,2,0,0,1,0,2,0,2,5,10
195,0,0,1,1,0,2,7,3,6,2,4,7,5,1,0,0,3,2,8,3,2,0,0,0,0,2,3,2,5,15
326,4,0,1,7,4,2,7,3,6,2,9,3,5,1,0,0,3,2,8,1,1,0,3,2,5,3,3,2,5,10
1036,1,0,1,4,0,3,12,0,4,2,9,4,5,7,0,0,3,2,1,2,1,0,2,1,4,2,1,2,0,3
1036,1,4,0,4,0,3,5,3,2,2,7,4,5,7,0,0,3,2,8,2,1,4,0,1,0,2,0,2,5,10
280,0,1,1,1,0,4,5,0,6,2,9,7,5,1,0,0,3,2,8,3,1,2,3,2,5,3,0,2,5,10
280,0,2,1,1,0,2,8,3,0,2,10,4,1,1,0,0,3,2,8,3,1,2,2,0,0,2,1,2,5,10
280,0,1,1,1,2,2,4,3,1,2,10,4,1,1,0,0,3,2,8,3,1,4,3,2,5,3,3,2,5,1
379,3,3,1,1,0,1,0,3,6,2,6,0,5,7,0,0,3,2,2,2,1,2,0,1,0,2,0,2,5,10
379,3,4,0,1,0,3,0,3,1,2,9,4,1,7,0,0,3,2,8,2,1,2,2,1,0,2,0,2,7,12
260,4,2,1,1,0,1,8,3,6,3,9,7,5,1,0,0,3,2,8,4,1,2,1,0,0,2,3,2,5,0
260,4,1,1,4,0,3,0,3,6,1,5,7,5,1,0,0,3,2,8,4,1,2,3,2,5,3,0,2,5,9
260,4,3,1,4,0,4,7,3,3,3,9,7,5,1,0,0,3,2,8,4,1,2,1,1,3,2,0,2,5,3
260,4,4,0,4,0,1,5,3,2,0,2,7,5,1,0,0,3,2,8,4,1,7,0,1,0,2,0,2,5,0
209,1,4,0,1,0,2,10,3,6,2,6,4,5,1,0,0,3,2,8,2,1,3,2,0,1,2,3,2,1,11
209,1,1,1,1,0,2,8,3,5,2,6,2,7,1,0,0,3,2,8,2,1,5,3,2,5,3,1,2,5,10
1009,5,0,1,1,0,0,14,0,6,2,6,2,0,1,0,3,3,2,2,1,1,2,0,1,0,2,7,5,5,10
16,6,3,1,1,0,6,7,3,1,3,7,4,7,1,0,0,2,2,8,3,2,2,0,1,0,2,3,2,5,17
16,6,3,1,4,0,0,8,3,1,3,7,4,5,1,0,0,2,2,8,3,2,2,0,1,0,2,0,2,5,10
16,6,4,0,7,0,2,10,3,5,2,9,2,5,1,0,0,2,2,8,3,2,2,3,2,5,3,0,2,5,6
16,6,4,0,1,2,0,9,3,6,3,7,2,5,1,0,0,2,2,8,3,2,2,0,1,0,2,0,2,5,9
358,6,0,1,4,0,2,5,3,4,3,7,4,6,1,0,0,3,2,6,2,1,2,3,2,5,3,0,2,5,11
358,6,1,1,4,0,1,8,3,2,3,7,2,5,1,0,0,3,2,8,2,1,2,0,1,1,2,3,2,5,0
982,6,1,1,4,0,1,5,0,2,2,7,4,5,7,0,0,3,3,8,2,1,2,3,2,5,3,0,2,5,0
982,6,2,1,4,0,2,8,3,1,2,7,0,6,7,0,0,3,3,2,2,1,2,3,2,5,3,0,2,5,7
666,2,1,1,4,2,4,3,3,6,2,7,2,5,7,0,3,0,2,8,1,2,2,0,1,0,1,7,5,5,10
666,2,1,1,2,0,4,17,3,1,3,2,2,5,7,0,3,0,2,8,1,2,2,3,2,5,3,3,2,5,1
600,2,0,1,4,0,6,7,3,2,3,7,4,5,1,0,0,0,2,8,1,4,4,0,1,1,2,0,2,5,1
600,2,0,1,4,0,4,17,1,1,3,4,2,5,1,0,0,0,2,2,1,4,2,2,1,3,2,0,2,1,9
600,2,0,1,4,0,1,10,3,6,2,9,0,5,1,0,0,0,2,2,1,4,3,3,2,5,3,0,2,5,2
600,2,0,1,4,0,1,13,0,3,2,7,2,5,1,0,0,0,2,8,1,4,4,0,0,0,2,2,2,5,0
695,6,0,1,4,0,2,5,3,6,2,6,2,5,7,0,3,0,4,8,2,1,2,0,0,0,2,1,2,5,9
695,6,1,1,1,0,2,5,3,6,2,4,5,5,7,0,3,0,4,2,2,1,2,3,2,5,3,0,2,5,16
985,6,1,1,7,2,2,11,3,0,2,4,0,5,0,0,0,3,2,2,2,1,2,3,2,5,3,3,2,5,0
985,6,3,1,4,0,2,0,3,6,2,7,2,5,0,0,0,3,2,8,2,1,2,0,1,1,2,0,2,5,1
114,3,1,1,4,2,2,0,1,3,3,3,2,5,7,0,0,3,2,8,3,1,2,0,0,0,2,7,5,5,16
114,3,2,1,3,0,1,0,3,5,3,6,1,5,7,0,0,3,2,8,3,1,2,3,2,5,3,0,2,5,14
114,3,0,1,4,0,2,11,3,1,2,2,4,5,7,0,0,3,2,2,3,1,2,0,1,1,2,0,2,5,13
958,6,1,1,4,0,4,4,1,2,2,3,4,7,1,0,0,3,2,8,2,1,2,0,0,0,2,3,2,5,12
958,6,0,1,4,0,0,8,3,3,2,6,7,5,1,0,0,3,2,8,2,1,2,3,2,5,3,3,2,5,1
61,6,0,1,1,0,1,4,3,1,2,7,2,0,7,0,0,3,2,8,2,1,4,0,1,1,2,0,2,5,9
61,6,3,1,1,0,1,8,3,0,3,6,4,5,7,0,0,3,2,6,2,1,7,2,0,1,2,0,2,5,0
990,6,0,1,1,0,2,13,3,1,3,6,2,7,1,0,0,3,2,8,1,1,4,3,2,5,3,3,2,5,11
334,6,1,1,4,0,2,4,3,6,2,7,0,3,0,0,0,3,2,8,2,1,4,0,1,3,2,0,2,5,10
334,6,1,1,7,4,6,17,3,0,2,6,4,6,0,0,0,3,2,1,2,1,7,0,1,0,2,3,2,5,12
99,5,2,1,4,0,3,17,3,6,2,9,4,5,1,0,0,3,2,8,1,1,2,2,1,0,2,0,2,6,10
857,0,0,1,4,0,3,5,3,5,3,7,2,5,1,0,0,0,2,8,2,1,2,0,1,0,2,0,2,5,10
857,0,1,1,4,2,3,7,3,1,3,6,0,5,1,0,0,0,2,8,2,1,2,3,2,5,3,0,2,5,9
417,4,4,0,4,0,7,7,3,2,3,6,4,7,1,0,0,3,2,8,3,1,2,1,1,1,2,0,2,5,1
417,4,0,1,4,0,2,0,4,6,3,6,7,5,1,0,0,3,2,2,3,1,9,0,1,0,2,0,2,5,11
417,4,1,1,4,0,1,7,3,2,2,7,2,6,1,0,0,3,2,8,3,1,2,3,2,5,3,7,5,5,9
945,1,1,1,1,0,2,0,3,6,2,2,4,5,7,0,0,3,2,8,2,1,2,3,2,5,3,0,2,5,7
945,1,1,1,4,0,1,10,3,5,2,4,4,5,7,0,0,3,2,8,2,1,2,0,0,1,2,0,2,5,16
875,3,3,1,2,2,2,5,3,0,2,6,0,5,1,0,3,3,2,8,1,1,2,0,1,1,2,7,5,5,14
141,6,1,1,4,0,3,17,3,5,2,2,4,5,7,0,3,3,4,2,2,1,2,0,1,0,2,3,2,5,1
141,6,0,1,4,0,1,0,3,6,3,6,4,5,7,0,3,3,4,8,2,1,3,1,0,0,2,0,2,5,8
566,0,1,1,1,0,1,17,3,6,2,6,7,5,0,0,0,3,2,2,2,1,2,3,2,5,3,0,2,5,13
566,0,1,1,2,2,3,5,3,6,3,9,2,5,0,0,0,3,2,8,2,1,2,0,1,0,2,3,2,5,0
769,3,4,0,1,0,0,17,3,2,3,6,2,5,0,0,0,0,2,6,1,1,9,3,2,5,3,0,2,5,1
348,4,2,1,4,0,3,5,3,2,3,9,4,5,1,0,0,3,2,8,2,1,2,0,1,1,2,1,2,5,11
348,4,2,1,7,4,6,15,3,1,3,6,0,5,1,0,0,3,2,8,2,1,2,3,2,5,3,0,2,5,15
94,3,2,1,4,2,2,5,3,1,2,6,0,5,6,0,0,3,2,8,2,1,2,2,0,0,2,0,2,1,0
94,3,1,1,0,0,2,5,4,6,2,7,2,5,6,0,0,3,2,8,2,1,2,0,0,0,2,7,5,5,12
1069,0,0,1,4,0,2,7,3,5,2,7,2,5,0,0,0,3,2,8,2,1,2,0,0,1,2,0,2,5,1
1069,0,1,1,4,0,3,14,3,3,2,9,2,5,0,0,0,3,2,1,2,1,2,0,1,1,2,0,2,5,10
486,2,0,1,4,0,0,14,3,5,3,2,2,5,1,2,0,3,2,6,2,2,3,3,2,5,3,0,2,5,11
486,2,0,1,4,0,1,5,0,5,2,2,0,5,1,0,0,3,2,8,2,2,2,0,1,2,2,0,2,5,10
967,1,0,1,4,0,4,5,3,1,2,9,0,5,7,0,0,3,2,6,1,1,2,3,2,5,3,7,5,5,12
994,6,1,1,4,0,3,7,3,6,2,6,2,6,7,0,0,3,2,8,2,2,2,0,1,0,1,0,2,5,13
994,6,0,1,4,0,0,0,3,2,2,6,2,6,7,0,0,3,2,8,2,2,2,3,2,5,3,1,2,5,3
466,3,1,1,0,0,2,17,3,1,3,9,2,5,0,0,0,3,2,8,4,5,3,0,1,1,2,7,5,5,0
466,3,3,1,4,0,2,15,3,2,3,2,7,5,0,0,0,3,2,4,4,5,2,2,1,1,1,0,2,5,3
466,3,3,1,1,2,4,5,3,6,3,7,2,5,0,0,0,3,2,8,4,5,4,2,0,1,2,7,5,5,0
466,3,3,1,7,4,6,7,3,6,3,6,2,5,0,0,0,3,2,2,4,5,4,0,1,0,2,0,2,5,12
466,3,0,1,4,0,3,0,3,6,3,7,2,5,0,0,0,3,2,8,4,5,2,2,0,0,2,0,2,5,10
466,3,0,1,4,4,6,11,3,6,3,7,2,5,0,0,0,3,2,8,4,5,2,0,1,2,2,3,2,5,1
467,1,0,1,4,0,0,14,3,6,3,14,6,5,7,0,0,3,2,8,3,1,2,3,2,5,3,0,2,5,1
467,1,2,1,4,2,1,0,0,1,3,9,2,9,7,0,0,3,2,1,3,1,2,0,1,0,2,1,2,5,2
467,1,0,1,7,0,7,5,3,4,3,2,4,5,7,0,0,3,2,8,3,1,4,3,2,5,3,0,2,5,10
1006,4,1,1,4,0,3,7,4,6,3,7,4,5,7,0,0,3,2,8,2,2,2,0,1,0,1,7,5,5,1
1006,4,1,1,4,2,1,10,3,5,3,7,1,5,7,0,0,3,2,8,2,2,1,1,0,0,2,0,2,5,0
1006,4,1,1,4,0,2,7,3,5,2,9,2,5,7,0,0,3,2,6,2,2,2,0,0,3,2,3,2,5,7
16,2,4,0,4,0,1,7,3,5,3,6,1,5,0,0,0,0,2,2,2,3,2,3,2,5,3,7,5,5,13
16,2,0,1,4,0,0,12,3,5,2,4,2,5,0,0,0,0,2,8,2,3,2,0,1,0,2,3,2,5,13
16,2,0,1,4,0,2,5,0,6,2,9,0,5,0,0,0,0,2,8,2,3,2,3,2,5,3,3,2,5,10
16,2,0,1,4,0,1,5,3,6,2,6,5,5,0,0,0,0,2,2,2,3,2,0,1,0,2,7,5,5,12
82,3,2,1,1,0,2,8,3,1,3,7,6,5,7,0,0,3,2,8,1,1,2,3,2,5,3,0,2,5,16
982,6,1,1,0,2,2,4,3,5,3,2,7,5,0,0,3,3,4,8,2,1,3,3,2,5,3,0,2,5,11
982,6,1,1,4,0,1,0,3,3,3,4,6,5,0,0,3,3,4,8,2,1,2,0,1,1,2,2,2,5,10
89,3,0,1,4,0,1,0,3,5,2,1,1,5,3,0,3,3,4,6,4,1,4,0,1,1,2,3,2,5,1
89,3,1,1,4,0,1,4,3,5,2,0,4,5,3,0,3,3,4,6,4,1,2,3,2,5,3,3,2,5,3
89,3,4,0,4,0,2,6,3,5,2,7,2,5,3,0,3,3,4,1,4,1,2,0,1,1,2,0,2,5,1
89,3,4,0,4,0,0,5,3,5,3,7,2,5,3,0,3,3,4,8,4,1,2,3,2,5,3,1,2,5,16
549,1,0,1,4,2,1,14,3,5,2,4,2,9,0,0,0,3,2,8,2,2,2,3,2,5,3,7,5,5,13
549,1,0,1,2,2,1,0,0,1,3,7,2,5,0,0,0,3,2,8,2,2,13,0,1,1,2,0,2,5,4
549,1,0,1,7,0,6,7,0,6,3,6,7,5,0,0,0,3,2,1,2,2,3,0,1,4,1,0,2,5,2
998,6,0,1,4,2,0,7,3,5,3,14,7,5,1,0,3,3,2,1,1,1,13,3,2,5,3,0,2,5,19
269,3,2,1,4,4,4,15,3,6,3,6,2,5,1,0,0,3,2,8,2,1,2,2,1,1,2,3,2,5,1
269,3,2,1,2,0,0,0,3,6,3,6,4,5,1,0,0,3,2,8,2,1,2,0,0,1,2,7,2,5,10
270,4,0,1,0,0,0,3,1,5,3,7,7,5,7,0,0,3,2,8,2,1,13,3,2,5,3,2,2,5,13
270,4,1,1,4,0,3,3,0,1,3,7,7,5,7,0,0,3,2,2,2,1,2,0,1,1,2,0,2,5,12
165,4,0,1,2,0,0,5,3,5,2,7,4,5,7,0,0,3,2,8,2,1,2,3,2,5,3,0,2,5,0
165,4,1,1,4,0,1,5,3,3,3,7,7,5,7,0,0,3,2,2,2,1,2,3,2,5,3,0,2,5,11
223,5,2,1,0,1,1,4,4,6,3,9,4,5,0,0,0,3,2,8,1,1,2,0,0,2,2,7,5,5,16
251,0,0,1,2,0,3,0,3,1,2,2,4,5,7,0,3,3,4,8,1,1,2,3,2,5,3,0,2,5,3
887,0,1,1,1,0,2,15,3,1,3,6,0,5,5,0,0,3,2,2,2,1,2,0,0,1,2,0,2,5,12
887,0,2,1,2,0,0,7,3,1,3,2,7,5,5,0,0,3,2,8,2,1,2,2,0,0,2,7,5,5,11
334,1,0,1,2,0,2,0,3,1,3,7,2,5,1,0,0,3,2,8,1,1,4,2,0,0,2,0,2,5,1
364,0,0,1,2,0,1,0,3,6,3,14,7,5,3,0,0,3,2,2,2,2,2,0,1,1,2,0,2,5,3
364,0,3,1,4,0,0,0,3,0,3,12,7,3,3,0,0,3,2,2,2,2,2,3,2,5,3,3,2,5,1
958,6,0,1,0,0,3,0,3,2,3,6,2,6,7,0,0,3,2,8,2,1,2,0,1,0,2,0,2,5,1
958,6,1,1,0,0,1,11,3,4,3,7,7,3,7,0,0,3,2,8,2,1,2,3,2,5,3,0,2,5,0
453,6,1,1,1,0,2,4,3,5,3,6,4,5,0,0,0,3,2,8,2,1,2,0,1,1,2,0,2,5,17
453,6,1,1,1,0,0,5,3,6,3,7,4,5,0,0,0,3,2,8,2,1,2,3,2,5,3,0,2,5,3
982,6,1,1,4,0,6,5,3,1,3,7,2,5,1,0,0,3,2,8,2,1,3,0,0,0,2,0,2,5,10
982,6,1,1,7,4,6,14,3,6,3,6,4,5,1,0,0,3,2,8,2,1,2,0,0,0,2,0,2,5,3
481,3,1,1,1,0,2,7,3,6,2,7,0,5,7,0,0,3,2,8,1,1,2,3,2,5,3,0,2,5,0
588,4,1,1,4,0,1,0,3,6,3,2,7,5,7,0,0,3,2,8,2,1,2,0,1,0,2,7,5,5,12
588,4,1,1,4,0,2,8,3,6,2,6,2,5,7,0,0,3,2,8,2,1,2,3,2,5,3,0,2,5,1
719,0,0,1,2,0,1,6,3,3,2,6,2,5,7,0,0,0,2,8,1,1,2,0,1,0,2,7,5,5,10
202,1,2,1,4,0,0,0,3,1,3,7,4,7,0,0,0,3,2,8,2,3,2,3,2,5,3,0,2,5,9
202,1,2,1,4,0,0,8,3,1,3,9,4,5,0,0,0,3,2,8,2,3,2,3,2,5,3,2,2,5,9
202,1,0,1,4,0,2,6,3,5,2,9,4,5,0,0,0,3,2,8,2,3,2,0,1,1,2,3,2,5,10
948,0,0,1,3,0,7,14,3,2,1,14,2,5,0,0,0,3,2,8,2,1,2,0,1,0,2,0,2,5,10
948,0,1,1,4,0,2,5,3,5,1,7,7,5,0,0,0,3,2,8,2,1,2,3,2,5,3,7,5,5,10
731,2,0,1,4,0,0,15,3,5,2,6,6,3,1,0,0,0,2,8,3,1,2,3,2,5,3,3,2,5,11
731,2,1,1,4,0,1,0,0,5,2,12,0,5,1,0,0,0,2,8,3,1,2,0,0,0,2,7,5,5,3
731,2,1,1,4,0,3,3,3,5,2,7,2,3,1,0,0,0,2,8,3,1,4,1,0,1,1,7,5,5,1
627,0,1,1,4,2,2,0,3,2,2,7,2,8,7,0,0,3,2,2,3,3,2,0,1,1,2,0,5,5,0
627,0,1,1,2,0,0,9,0,5,2,2,2,5,7,0,0,3,2,8,3,3,2,3,2,5,3,7,5,5,3
627,0,1,1,4,0,3,4,4,6,3,6,6,6,7,0,0,3,2,1,3,3,2,0,1,0,2,5,2,5,3
627,0,1,1,4,0,0,8,3,6,3,7,2,6,7,0,0,3,2,8,3,3,2,3,2,5,3,0,2,5,10
182,5,0,1,4,0,1,5,0,6,2,9,0,5,7,0,0,3,2,2,1,1,2,3,2,5,3,0,2,5,13
804,2,4,0,4,0,3,7,3,6,3,6,2,5,1,0,0,0,2,8,1,1,2,0,1,0,2,0,2,5,1
632,5,1,1,4,0,1,0,3,6,3,6,4,5,0,0,0,3,2,8,2,1,2,2,1,1,2,7,5,6,1
632,5,1,1,1,0,2,3,3,4,3,6,2,5,0,0,0,3,2,8,2,1,4,1,1,3,2,0,2,5,10
516,5,0,1,7,4,6,4,1,0,3,2,6,5,7,0,0,3,2,8,2,1,2,2,0,0,1,0,2,5,10
516,5,0,1,1,0,0,3,3,6,3,6,2,5,7,0,0,3,2,8,2,1,2,3,2,5,3,3,2,5,17
940,4,2,1,1,0,2,0,3,0,3,6,2,6,1,0,0,3,2,6,2,1,2,0,1,0,1,0,2,5,2
940,4,1,1,1,0,2,15,3,6,3,6,2,6,1,0,0,3,2,2,2,1,2,2,0,0,2,7,5,5,12
619,4,1,1,4,0,0,15,3,2,2,6,2,5,0,0,0,3,2,8,1,1,2,3,2,5,3,6,2,5,11
1045,5,0,1,4,0,2,3,3,6,2,7,2,5,7,0,0,3,2,2,6,2,2,0,1,0,2,0,2,5,12
1045,5,0,1,4,0,2,4,3,6,2,9,0,5,7,0,0,3,2,8,6,2,2,3,2,5,3,7,5,5,13
1045,5,1,1,4,0,1,4,3,6,2,2,4,5,7,0,0,3,2,8,6,2,2,3,2,5,3,0,2,5,13
1045,5,2,1,4,0,0,3,3,6,2,7,2,5,7,0,0,3,2,8,6,2,2,0,1,1,2,2,2,5,9
1045,5,1,1,4,0,2,16,3,6,2,1,2,5,7,0,0,3,2,8,6,2,3,0,1,1,2,2,2,5,10
1045,5,2,1,4,0,4,3,4,6,3,14,6,5,7,0,0,3,2,8,6,2,2,3,2,5,3,3,2,5,9
218,6,0,1,4,0,2,3,3,5,2,4,4,6,7,0,0,3,2,2,2,2,2,0,1,1,2,0,2,5,12
218,6,0,1,4,2,2,10,3,6,2,7,2,5,7,0,0,3,2,8,2,2,2,3,2,5,3,0,2,5,3
218,6,0,1,7,2,2,0,3,5,3,7,7,5,7,0,0,3,2,2,2,2,2,3,2,5,3,0,2,5,10
423,0,0,1,4,0,2,0,3,2,2,2,7,5,1,5,0,3,2,8,1,1,3,0,1,1,1,7,5,5,13
919,6,1,1,2,0,1,8,3,2,2,2,4,5,1,0,0,3,2,8,2,1,2,3,2,5,3,7,5,5,1
919,6,1,1,0,0,2,17,3,6,2,7,2,5,1,0,0,3,2,8,2,1,4,0,1,0,2,0,2,5,10
555,0,0,1,4,0,3,14,3,6,2,7,1,5,0,0,0,3,2,8,2,1,4,0,1,4,2,2,2,5,3
555,0,0,1,4,0,4,17,0,1,3,1,2,5,0,0,0,3,2,8,2,1,2,2,1,4,2,0,2,1,10
369,3,0,1,1,0,2,0,3,1,3,7,4,5,0,0,0,3,2,8,2,1,2,0,1,0,2,7,5,5,12
369,3,2,1,1,0,1,0,3,2,3,6,4,5,0,0,0,3,2,8,2,1,2,3,2,5,3,0,2,5,1
476,2,0,1,4,0,1,3,3,2,2,2,2,5,1,0,0,3,2,8,3,2,2,0,1,1,2,0,2,5,11
476,2,2,1,4,0,0,10,3,1,3,6,2,5,1,0,0,3,2,8,3,2,4,3,2,5,3,1,2,5,12
476,2,1,1,4,0,1,10,4,6,2,6,4,7,1,0,0,3,2,8,3,2,2,1,0,3,2,7,5,5,0
982,4,1,1,4,0,1,4,3,1,2,7,4,5,2,0,0,3,2,8,1,1,1,0,1,0,2,4,2,5,18
91,5,1,1,4,0,3,4,0,6,3,9,2,5,7,0,0,3,2,6,1,1,2,1,0,0,2,0,2,5,4
457,6,2,1,2,0,4,8,3,1,2,6,2,6,1,0,0,3,2,2,2,2,2,0,1,0,2,3,2,5,3
457,6,0,1,4,0,1,0,3,1,3,9,7,5,1,0,0,3,2,8,2,2,2,1,0,0,2,3,2,5,4
457,6,0,1,2,0,3,0,3,5,2,9,2,5,1,0,0,3,2,8,2,2,2,3,2,5,3,0,2,5,3
619,3,2,1,4,0,3,0,3,6,2,7,0,5,7,0,0,3,2,2,1,1,2,0,1,1,2,7,5,5,11
78,6,0,1,2,0,2,3,3,6,2,3,1,5,7,0,0,3,2,8,2,1,2,0,1,0,1,0,2,5,3
78,6,3,1,4,0,3,3,0,6,2,7,4,5,7,0,0,3,2,8,2,1,3,3,2,5,3,0,2,5,1
891,6,0,1,4,0,0,0,3,6,2,7,4,5,1,0,0,3,2,8,1,1,2,3,2,5,3,3,2,5,9
743,6,1,1,4,0,1,14,3,6,2,1,1,6,0,0,3,0,4,6,2,3,4,0,1,0,2,0,2,5,3
743,6,1,1,1,0,1,17,3,6,2,7,4,5,0,0,3,0,4,6,2,3,2,3,2,5,3,7,2,5,1
743,6,0,1,1,1,2,7,3,6,2,7,4,5,0,0,3,0,4,1,2,3,2,0,1,1,2,0,2,5,3
388,5,1,1,4,0,2,13,3,6,2,7,4,5,7,0,0,3,2,8,1,2,2,0,1,0,2,7,5,5,3
388,5,1,1,2,2,2,5,3,4,2,6,2,5,7,0,0,3,2,8,1,2,2,3,2,5,3,0,2,5,3
299,3,1,1,4,0,3,8,3,1,2,7,2,6,7,0,0,3,2,8,2,1,13,0,1,3,2,7,5,5,1
299,3,0,1,4,0,4,4,3,6,2,9,2,5,7,0,0,3,2,1,2,1,3,0,1,1,2,3,3,5,1
275,2,2,1,4,1,4,5,3,2,2,7,4,5,7,0,0,3,2,1,2,1,13,1,0,1,2,0,2,5,3
275,2,0,1,4,0,3,6,3,5,2,7,4,5,7,0,0,3,2,8,2,1,2,3,2,5,3,0,2,5,16
343,0,1,1,2,2,2,0,3,6,3,2,4,5,1,0,0,3,2,8,1,1,2,0,1,1,2,2,2,5,1
471,2,2,1,1,2,2,0,3,0,0,6,4,5,1,3,0,3,2,8,2,1,13,0,1,1,2,7,5,5,10
471,2,0,1,4,0,1,0,3,3,2,12,7,5,1,0,0,3,2,2,2,1,2,0,1,0,2,7,5,5,13
105,4,2,1,4,0,1,14,3,1,2,7,4,5,1,0,0,3,2,8,2,1,2,3,2,5,3,2,2,5,1
105,4,0,1,0,0,2,17,3,0,2,6,4,5,1,0,0,3,2,2,2,1,2,2,0,4,2,0,2,5,1
632,4,4,0,4,2,1,11,3,0,2,9,7,3,0,0,3,3,2,8,1,1,2,0,1,4,2,0,2,5,16
938,1,0,1,7,4,6,11,3,0,2,4,1,5,1,0,0,3,3,8,2,1,2,3,2,5,3,7,5,5,13
938,1,1,1,4,0,1,14,3,1,2,7,4,5,1,0,0,3,3,2,2,1,2,0,1,1,2,0,2,5,4
587,3,1,1,4,0,2,0,3,0,2,9,4,5,1,0,3,3,2,8,2,1,2,3,2,5,3,7,5,5,16
587,3,0,1,4,0,1,2,3,0,2,1,2,5,1,0,3,3,2,8,2,1,4,1,0,3,2,0,2,5,12
408,3,1,1,1,0,0,0,3,5,1,6,7,5,1,0,0,3,2,2,1,1,2,3,2,5,3,0,2,5,9
1050,0,0,1,2,0,6,5,3,6,2,5,2,5,1,1,0,3,2,2,1,1,2,3,2,5,3,7,5,5,13
915,0,0,1,4,2,0,0,3,0,2,5,2,5,3,0,0,3,2,8,2,1,2,0,1,0,2,7,5,5,12
915,0,2,1,4,0,1,10,3,0,2,5,4,5,3,0,0,3,2,8,2,1,2,0,1,0,2,7,5,5,11
1032,4,1,1,4,0,0,13,0,4,2,5,4,5,1,0,0,3,2,8,2,1,2,0,0,1,2,7,5,5,1
1032,4,1,1,1,0,3,0,3,6,2,5,7,3,1,0,0,3,2,8,2,1,2,3,2,5,3,2,2,5,1
821,4,0,1,4,0,1,10,3,6,2,12,7,3,7,0,0,0,2,8,1,1,3,0,1,0,2,3,2,5,1
553,6,4,1,4,0,1,17,3,3,2,5,2,5,7,0,0,3,2,8,1,1,2,0,1,1,2,7,5,5,4
565,2,0,1,4,0,1,5,3,6,2,5,4,5,1,0,0,3,2,8,1,1,2,0,1,1,2,4,2,5,0
219,5,0,1,4,0,1,5,3,6,2,5,2,0,7,0,3,3,4,8,1,1,2,1,0,4,2,2,2,5,9
511,2,1,1,1,0,1,9,3,1,2,5,2,7,7,0,3,3,4,8,2,2,2,1,0,4,2,0,2,5,2
511,2,2,1,4,0,1,5,3,1,2,6,4,7,7,0,3,3,4,8,2,2,2,1,0,4,2,2,2,5,9
511,2,2,1,1,0,2,5,3,1,2,5,4,7,7,0,3,3,4,8,2,2,2,3,2,5,3,0,2,5,10
568,2,0,1,1,0,1,9,3,6,2,5,4,7,0,0,0,3,2,8,3,2,2,0,0,1,2,2,2,5,13
568,2,0,1,4,0,3,11,3,1,2,5,4,5,0,0,0,3,2,8,3,2,1,3,2,5,3,7,2,5,12
568,2,0,1,4,0,3,0,3,6,2,6,4,5,0,0,0,3,2,8,3,2,2,3,2,5,3,0,2,5,1
568,2,4,0,2,0,3,8,3,6,2,1,4,5,0,0,0,3,2,8,3,2,2,0,1,0,2,0,2,5,13
251,1,1,1,4,0,2,14,3,3,2,6,4,5,1,0,3,3,4,8,1,1,9,0,1,1,2,3,2,5,10
934,6,0,1,4,2,1,7,3,1,2,7,2,6,1,0,0,3,2,8,3,1,3,3,2,5,3,7,5,5,3
934,6,0,1,1,0,0,17,3,3,2,9,2,5,1,0,0,3,2,8,3,1,2,2,0,0,2,7,5,5,10
934,6,3,0,4,0,1,0,3,3,2,9,7,5,1,0,0,3,2,2,3,1,3,0,0,0,2,1,2,5,9
397,5,3,1,4,0,2,14,3,6,2,9,4,5,7,0,0,3,2,8,2,2,2,3,2,5,3,0,2,5,10
397,5,1,1,7,4,6,8,3,3,2,7,4,5,7,0,0,3,2,1,2,2,13,1,1,1,2,2,2,5,9
407,4,0,1,1,2,2,5,3,6,2,6,2,5,1,0,0,3,2,8,1,1,2,1,0,0,2,0,2,5,11
102,1,1,1,2,1,3,0,3,6,3,7,2,5,6,0,3,3,4,2,1,1,13,0,1,4,1,0,2,5,0
185,1,0,1,4,0,3,17,3,3,3,7,7,5,7,0,3,3,4,8,2,2,2,0,1,1,2,0,2,5,10
185,1,1,1,4,0,0,5,3,2,3,6,2,5,7,0,3,3,4,8,2,2,13,3,2,5,3,0,2,5,13
526,1,0,1,2,2,6,5,3,4,3,2,7,5,0,0,3,3,4,8,1,2,2,3,2,5,3,0,2,5,10
526,1,0,1,4,0,1,5,3,5,2,7,2,5,0,0,3,3,4,8,1,2,2,0,0,3,1,0,2,5,11
454,0,3,1,4,0,2,8,3,6,3,7,1,5,7,0,0,3,2,8,2,1,2,0,0,1,2,0,2,5,9
454,0,3,1,4,0,1,8,3,6,3,6,0,5,7,0,0,3,2,6,2,1,2,3,2,5,3,0,2,5,11
666,5,0,1,4,0,3,0,3,6,3,6,1,6,7,0,0,3,2,2,1,1,2,1,1,2,2,7,2,5,10
419,4,0,1,1,0,2,7,3,6,3,6,4,5,1,0,0,3,2,8,1,1,4,2,1,1,2,7,2,6,11
309,0,1,1,4,0,2,17,3,6,2,6,0,5,5,0,0,3,2,8,1,1,4,2,0,0,2,7,2,1,3
813,2,0,1,0,0,0,0,3,5,3,14,2,5,7,0,3,0,8,2,1,1,2,0,1,1,2,7,2,5,7
511,4,1,1,1,0,3,6,3,4,3,6,4,5,7,0,0,3,2,8,2,2,2,3,2,5,3,7,2,5,3
511,4,1,1,1,0,2,0,3,5,3,7,6,5,7,0,0,3,2,8,2,2,1,0,1,0,2,7,2,5,0
718,3,3,1,1,0,1,0,3,6,3,7,0,5,1,0,0,0,2,8,2,1,2,1,1,0,2,7,2,5,12
718,3,1,1,1,0,1,9,0,5,3,7,2,5,1,0,0,0,2,8,2,1,2,3,2,5,3,7,2,5,1
439,4,3,1,4,0,2,0,3,6,3,6,6,5,0,0,0,3,2,8,2,1,2,0,1,1,2,0,5,5,1
439,4,1,1,4,0,0,11,3,6,3,6,6,5,0,0,0,3,2,8,2,1,2,3,2,5,3,0,5,5,10
126,6,2,1,4,0,2,5,3,6,3,6,2,5,7,0,0,3,2,1,2,2,2,0,1,1,2,0,2,5,10
126,6,1,1,4,0,2,11,0,6,2,6,2,5,7,0,0,3,2,8,2,2,1,2,1,0,1,0,2,6,0
326,6,4,0,0,0,2,17,3,1,3,2,4,5,1,0,0,3,2,2,1,1,2,2,1,0,2,0,2,6,1
496,3,1,1,4,0,3,17,0,6,3,6,2,5,1,0,3,3,4,8,2,4,2,2,1,0,2,7,2,6,12
496,3,1,1,1,0,1,0,0,5,3,9,2,5,1,0,3,3,4,8,2,4,4,0,1,1,2,0,2,5,0
496,3,1,1,4,0,2,0,3,6,3,12,2,5,1,0,3,3,4,8,2,4,2,3,2,5,3,0,2,5,12
496,3,1,1,7,4,6,5,3,5,3,6,4,5,1,0,3,3,4,8,2,4,2,0,1,0,1,3,2,5,9
496,3,1,1,4,0,2,0,3,2,3,7,4,5,1,0,3,3,4,8,2,4,2,3,2,5,3,0,2,5,18
292,3,2,1,4,0,6,10,3,6,3,7,0,5,7,0,3,3,4,8,2,2,2,3,2,5,3,0,2,5,10
292,3,2,1,4,0,6,0,0,6,2,7,0,5,7,0,3,3,4,8,2,2,2,0,1,0,2,3,2,5,10
292,3,2,1,4,0,0,11,3,2,2,7,2,5,7,0,3,3,4,8,2,2,7,2,0,4,2,7,5,0,10
499,0,0,1,0,2,2,5,3,5,2,6,0,6,7,0,0,3,2,8,1,1,4,2,0,4,2,0,2,0,0
68,4,0,1,4,0,1,0,3,6,3,6,2,5,7,0,0,3,2,2,2,1,2,3,2,5,3,2,2,5,12
68,4,0,1,4,2,2,4,3,6,3,6,6,6,7,0,0,3,2,8,2,1,2,0,1,2,2,0,2,5,2
895,4,2,1,2,0,1,10,3,6,3,6,6,6,1,0,3,3,2,2,2,1,2,0,1,4,2,3,2,5,16
895,4,0,1,4,0,3,10,3,6,3,6,1,5,1,0,3,3,2,8,2,1,2,3,2,5,3,0,2,5,13
384,2,0,1,4,0,4,17,4,6,3,6,2,5,0,0,3,3,2,8,2,1,2,0,1,0,2,0,2,5,0
384,2,0,1,4,0,4,3,3,6,3,6,6,5,0,0,3,3,2,10,2,1,2,3,2,5,3,7,5,5,11
379,1,3,1,7,2,6,5,3,2,3,7,4,5,7,0,0,3,2,1,2,1,2,2,0,3,2,0,2,1,0
379,1,1,1,4,0,1,4,3,6,2,7,2,5,7,0,0,3,2,8,2,1,2,2,0,1,1,0,2,1,10
395,6,0,1,7,4,6,5,4,1,2,9,2,5,7,0,0,3,2,8,2,1,2,3,2,5,3,7,5,5,9
395,6,1,1,1,0,5,9,3,6,2,7,2,5,7,0,0,3,2,8,2,1,3,0,1,0,2,7,5,5,0
758,1,4,0,4,0,3,17,3,2,2,7,2,5,1,0,0,0,2,1,1,1,3,0,1,1,2,0,2,5,13
331,5,1,1,4,2,3,15,0,6,2,7,2,5,1,0,0,3,2,2,1,1,9,3,2,5,3,0,2,5,10
317,4,4,0,4,0,3,17,3,2,3,7,4,5,0,0,0,3,2,10,2,1,4,0,1,0,2,7,5,5,9
317,4,2,1,4,0,3,0,3,6,3,4,4,5,0,1,0,3,2,8,2,1,4,3,2,5,3,7,5,5,10
280,5,0,1,4,2,2,17,3,2,3,4,4,5,7,0,0,3,2,10,1,1,2,0,1,3,2,0,2,5,0
209,2,0,1,4,0,4,5,3,6,2,2,0,5,0,0,0,3,2,10,2,1,2,1,0,4,2,0,2,5,0
209,2,1,1,4,0,1,0,3,6,2,7,4,5,0,0,0,3,2,10,2,1,4,1,0,4,2,7,5,5,11
209,6,3,1,4,0,6,0,3,3,3,7,4,5,7,0,0,3,2,8,2,1,4,1,1,4,2,7,5,5,0
209,6,4,0,0,0,0,5,3,5,2,6,4,5,7,3,0,3,2,8,2,1,2,1,0,1,2,0,2,5,3
263,5,2,1,4,0,0,0,3,5,2,6,4,5,7,0,0,3,2,2,2,3,7,0,0,0,2,0,2,5,3
263,5,1,1,4,0,0,0,0,4,3,9,2,5,7,0,0,3,2,2,2,3,4,3,2,5,3,7,5,5,11
263,5,1,1,5,0,2,0,3,5,2,4,4,5,7,0,0,3,2,8,2,3,9,0,0,0,2,0,5,5,7
263,5,1,1,4,0,3,15,3,6,2,6,4,5,7,0,0,3,2,8,2,3,2,0,1,3,2,0,2,5,10
343,5,0,1,4,0,3,17,3,6,2,7,4,5,1,0,0,3,2,8,3,3,2,0,1,0,2,0,2,5,0
343,5,0,1,4,0,2,17,3,6,3,7,2,5,1,0,0,3,2,8,3,3,2,0,0,0,2,0,2,5,12
343,5,1,1,4,0,1,0,3,6,2,9,4,5,1,0,0,3,2,8,3,3,2,3,2,5,3,0,2,5,10
343,5,2,1,4,0,4,8,3,6,3,6,2,5,1,0,0,3,2,6,3,3,2,3,2,5,3,7,5,5,11
632,2,0,1,4,0,0,17,1,6,3,9,7,5,1,0,0,0,2,8,6,2,2,0,1,1,2,0,5,5,11
632,2,0,1,4,0,2,0,3,6,3,6,2,5,1,0,0,0,2,2,6,2,2,3,2,5,3,0,2,5,12
632,2,0,1,4,0,4,9,4,6,3,2,2,5,1,0,0,0,2,1,6,2,2,0,0,1,2,3,2,5,3
632,2,0,1,1,0,2,10,1,2,3,9,2,5,1,0,0,0,2,8,6,2,2,0,1,4,1,1,2,5,1
632,2,0,1,4,0,1,4,3,3,3,12,7,5,1,0,0,0,2,8,6,2,4,3,2,5,3,0,2,5,0
632,2,0,1,4,0,2,14,3,2,3,3,7,3,1,2,0,0,2,8,6,2,2,3,2,5,3,2,2,5,9
982,1,0,1,1,0,2,12,3,1,3,7,4,5,7,0,0,3,2,8,3,2,2,0,0,3,2,3,2,5,3
982,1,1,1,4,0,3,14,3,6,3,12,0,5,7,5,0,3,2,8,3,2,3,0,1,0,2,3,2,5,4
982,1,2,1,4,0,0,0,3,3,2,7,7,5,7,5,0,3,2,8,3,2,2,3,2,5,3,1,2,5,4
1039,5,2,1,2,0,4,0,3,2,3,4,4,5,7,0,0,3,2,8,2,1,3,3,2,5,3,3,2,5,11
1039,5,2,1,1,0,3,7,3,5,2,2,2,5,7,2,0,3,2,2,2,1,4,0,1,0,2,7,5,5,0
204,3,3,1,2,2,0,15,3,6,2,6,2,5,1,0,0,3,2,6,2,4,2,3,2,5,3,0,2,5,1
204,3,3,1,4,0,1,0,3,6,2,7,2,5,1,0,0,3,2,8,2,4,7,0,1,1,2,0,2,5,3
204,3,3,1,7,0,2,14,3,6,2,6,0,5,1,2,0,3,2,1,2,4,2,2,1,0,2,0,2,6,10
204,3,1,1,2,2,1,0,3,6,2,6,0,5,1,0,0,3,2,8,2,4,4,0,1,4,2,0,2,5,7
233,5,4,0,2,0,3,9,0,6,2,6,0,5,0,0,0,3,2,8,4,2,4,0,0,0,2,7,5,5,5
233,5,2,1,4,0,0,17,3,6,2,9,0,5,0,0,0,3,2,1,4,2,4,3,2,5,3,0,2,5,1
233,5,2,1,1,0,0,0,3,6,2,6,0,5,0,0,0,3,2,1,4,2,8,0,1,1,2,7,5,5,3
233,5,2,1,2,0,0,5,3,1,3,7,4,5,0,0,0,3,2,8,4,2,4,3,2,5,3,0,2,5,9
233,5,0,1,0,0,2,17,3,1,3,4,1,9,0,0,0,3,2,8,4,2,4,3,2,5,3,3,2,5,18
165,5,0,1,7,4,6,11,3,6,2,7,1,5,0,0,0,3,2,8,2,1,4,0,1,1,1,0,2,5,1
165,5,0,1,4,0,2,17,3,6,2,6,0,5,0,0,0,3,2,8,2,1,2,3,2,5,3,0,2,5,3
114,6,1,1,1,2,2,9,0,5,3,6,2,5,7,0,0,3,2,8,1,1,2,0,1,1,2,3,2,5,12
724,3,0,1,1,0,2,9,0,6,2,14,0,5,7,0,0,0,2,2,2,1,2,0,1,1,2,0,2,5,9
724,3,0,1,2,2,2,0,3,6,3,7,6,5,7,0,0,0,2,8,2,1,2,3,2,5,3,0,2,5,0
88,5,0,1,4,0,2,17,3,5,3,6,0,5,3,0,0,3,2,8,3,1,2,0,1,0,2,3,2,5,17
88,5,0,1,4,2,0,0,3,6,2,6,2,5,3,1,0,3,2,8,3,1,2,0,1,0,2,7,5,5,10
88,5,2,1,4,0,1,5,3,2,3,6,4,5,3,0,0,3,2,8,3,1,2,0,0,0,2,3,2,5,3
97,4,2,1,4,2,2,9,3,6,3,7,4,5,1,0,0,3,2,8,1,2,2,3,2,5,3,3,2,5,10
97,4,2,1,4,2,3,4,3,6,2,7,4,5,1,0,0,3,2,8,1,2,2,0,1,1,2,3,2,5,0
810,0,1,1,2,0,2,0,3,6,2,1,4,5,1,0,0,0,2,8,1,1,2,3,2,5,3,0,2,5,11
1054,6,1,1,2,2,1,0,3,6,2,2,4,5,0,0,0,3,2,8,2,2,2,2,1,1,2,7,5,5,10
1054,6,1,1,4,0,2,0,2,0,2,1,7,5,0,0,0,3,2,8,2,2,7,0,0,3,2,4,2,5,10
420,1,0,1,1,0,1,1,3,2,2,12,7,5,1,0,0,3,2,8,3,2,2,3,2,5,3,0,2,5,0
420,1,1,1,1,0,2,9,3,6,2,2,0,5,1,0,0,3,2,8,3,2,4,0,0,0,2,7,5,5,10
420,1,0,1,4,0,0,4,3,2,3,6,6,5,1,0,0,3,2,8,3,2,13,3,2,5,3,3,2,5,0
594,3,0,1,4,0,2,17,3,1,3,9,1,3,7,0,0,0,2,8,2,2,1,3,2,5,3,3,2,5,10
594,3,0,1,7,4,6,17,3,6,2,7,1,5,7,0,0,0,2,8,2,2,2,0,1,0,2,0,2,5,10
265,0,1,1,1,0,3,0,3,6,2,7,4,5,7,0,0,3,2,8,1,1,2,2,0,3,2,7,2,1,10
448,6,0,1,1,0,4,4,0,0,2,4,1,5,0,0,0,3,2,2,1,1,2,0,1,1,2,7,5,5,0
438,0,0,1,4,0,1,5,0,0,2,2,7,3,7,0,0,3,2,8,3,1,2,3,2,5,3,3,2,5,1
438,0,0,1,1,2,0,8,1,0,2,6,7,5,7,0,0,3,2,8,3,1,9,0,0,2,2,0,2,5,9
438,0,0,1,4,2,2,4,3,5,2,6,4,5,7,0,0,3,2,8,3,1,0,3,2,5,3,7,2,5,1
290,2,0,1,4,0,1,14,3,6,3,6,0,5,1,0,0,3,2,8,2,1,0,3,2,5,3,7,2,5,10
290,2,1,1,4,0,1,7,3,1,3,7,2,5,1,0,0,3,2,1,2,1,0,0,1,0,2,3,2,5,16
463,4,0,1,2,0,1,7,3,6,3,6,4,5,1,0,0,3,2,8,2,2,0,3,2,5,3,3,2,5,13
463,4,1,1,4,0,3,4,3,6,2,7,0,5,1,3,0,3,2,8,2,2,4,0,0,1,2,7,2,5,13
463,4,1,1,4,0,1,17,3,3,2,4,2,5,1,0,0,3,2,8,2,2,0,2,1,3,2,0,2,1,1
743,1,0,0,4,0,0,0,3,6,2,9,7,5,7,0,3,0,4,8,2,3,9,3,2,5,3,2,2,5,11
743,1,0,1,4,0,1,5,3,6,2,7,2,5,7,0,3,0,4,8,2,3,0,0,1,0,2,1,2,5,12
743,1,0,1,4,0,2,7,3,2,3,7,1,5,7,0,3,0,4,8,2,3,0,0,1,1,2,0,2,5,0
743,1,0,1,4,0,0,5,3,0,2,7,1,5,7,0,3,0,4,8,2,3,0,3,2,5,3,0,2,5,0
985,5,0,1,1,0,0,0,3,6,3,7,4,5,7,0,0,3,2,8,2,1,0,3,2,5,3,1,2,5,16
985,5,3,1,4,0,1,8,4,6,3,7,2,5,7,0,0,3,2,1,2,1,0,0,0,2,2,0,2,5,10
317,4,0,1,4,0,3,5,0,4,2,9,7,3,0,0,0,3,2,8,1,1,4,2,0,3,1,0,2,5,12
150,4,0,1,4,0,4,10,3,6,2,6,2,5,7,0,0,3,2,8,2,1,2,3,2,5,3,0,2,5,1
150,4,1,1,4,0,3,3,3,6,3,6,2,5,7,0,0,3,2,8,2,1,2,0,1,0,2,0,2,5,0
512,6,0,1,1,2,2,0,3,5,2,7,2,5,0,0,0,3,2,8,2,3,4,0,1,0,2,7,2,5,10
512,6,0,1,1,0,3,0,3,3,2,7,1,5,0,0,0,3,2,2,2,3,2,1,0,3,2,7,2,5,3
512,6,0,1,4,0,0,7,3,6,2,6,2,5,0,0,0,3,2,8,2,3,2,1,0,3,2,7,2,5,11
285,0,0,1,7,4,6,17,3,1,3,6,4,5,1,0,0,3,2,8,1,1,2,0,1,0,2,7,2,5,3
160,5,2,1,2,2,2,3,3,6,2,7,2,5,1,3,0,3,2,8,2,1,2,3,2,5,3,7,2,5,9
160,5,0,1,1,0,1,9,3,6,2,7,2,5,1,0,0,3,2,8,2,1,2,3,2,5,3,7,2,5,10
334,1,0,1,7,4,6,9,0,5,3,9,2,5,0,0,0,3,2,8,1,1,7,0,0,0,2,7,5,5,10
486,4,0,1,7,4,6,7,3,0,2,7,4,5,1,0,0,3,2,8,1,1,3,0,1,1,2,3,5,5,10
329,4,0,1,2,2,0,7,3,6,2,6,4,5,1,0,0,3,2,8,2,1,5,0,1,0,2,3,2,5,0
329,4,1,1,4,0,0,7,3,1,2,6,4,5,1,2,0,3,2,2,2,1,2,3,2,5,3,7,2,5,0
248,2,2,1,4,0,0,9,4,6,3,7,4,5,2,0,0,3,2,8,2,1,2,3,2,5,3,7,5,5,9
248,2,0,1,4,0,3,5,3,5,3,7,6,5,2,0,0,3,2,8,2,1,2,0,1,3,2,0,2,5,1
646,0,0,1,4,0,0,7,3,3,3,7,4,5,0,5,0,0,2,8,2,2,2,3,2,5,3,7,5,5,12
646,0,2,1,2,2,3,9,3,6,2,6,6,5,0,3,0,0,2,8,2,2,2,0,1,1,1,7,5,5,9
646,0,2,1,4,0,3,7,3,3,2,6,2,5,0,0,0,0,2,6,2,2,2,0,0,0,2,7,5,5,3
388,3,2,1,4,0,0,4,3,6,2,7,2,3,1,5,0,3,2,8,2,1,2,3,2,5,3,2,2,5,3
388,3,1,1,4,0,0,7,3,3,2,2,7,5,1,0,0,3,2,8,2,1,7,3,2,5,3,1,2,5,5
708,3,1,1,2,0,1,7,0,6,2,4,4,5,1,2,0,0,2,2,2,2,2,0,1,0,2,3,2,5,11
708,3,0,1,4,0,1,7,1,1,3,7,4,5,1,0,0,0,2,8,2,2,2,3,2,5,3,0,2,5,12
1034,6,0,1,4,0,0,8,3,2,2,7,2,5,7,0,0,3,2,8,2,1,4,0,1,0,2,7,5,5,3
1034,6,0,1,1,0,2,0,3,0,3,6,4,7,7,0,0,3,2,8,2,1,0,3,2,5,3,2,2,5,9
290,0,1,1,4,0,2,7,3,5,2,7,1,5,7,0,0,3,2,2,1,1,9,0,1,0,2,7,5,5,3
69,0,1,1,4,0,0,5,3,5,2,1,4,3,0,0,0,3,2,2,2,1,2,2,0,1,2,0,2,5,12
69,0,1,1,1,1,2,10,0,5,2,7,2,3,0,2,0,3,2,8,2,1,2,3,2,5,3,0,2,5,1
495,1,0,1,4,0,1,0,0,2,2,2,2,5,0,0,0,3,2,8,2,1,2,0,1,1,2,0,2,5,0
495,1,0,1,1,0,2,8,3,6,3,9,4,5,0,0,0,3,2,2,2,1,2,0,1,0,2,0,2,5,12
547,5,0,1,4,0,3,5,3,2,2,6,2,9,3,0,0,3,2,2,2,1,2,0,1,0,2,0,2,5,3
547,5,1,1,4,0,3,9,3,1,2,7,2,5,3,0,0,3,2,8,2,1,2,0,0,1,2,0,2,5,9
122,2,2,1,1,2,1,7,0,1,3,6,4,5,1,0,0,3,2,8,3,3,2,3,2,5,3,0,2,5,10
122,2,1,1,1,0,2,5,3,6,3,6,7,5,1,0,0,3,2,8,3,3,2,1,0,1,2,0,2,5,0
122,2,1,1,4,2,0,8,3,6,2,7,1,0,1,0,0,3,2,2,3,3,1,2,1,1,2,3,2,6,0
122,2,0,1,1,0,3,7,3,6,2,9,4,5,1,0,0,3,2,8,3,3,1,3,2,5,3,2,2,5,10
223,4,0,1,4,0,2,5,3,6,2,1,1,5,1,0,0,3,2,3,2,1,1,0,1,3,2,0,2,5,0
223,4,1,1,4,0,1,12,3,6,2,2,4,5,1,0,0,3,2,8,2,1,3,0,1,4,2,0,2,5,3
174,5,0,1,1,0,3,0,3,6,2,7,1,5,5,0,3,3,4,2,2,1,2,2,1,4,2,3,2,2,0
174,5,2,1,4,0,1,0,3,6,2,7,4,5,5,2,3,3,4,8,2,1,2,2,1,0,2,0,2,6,10
165,0,0,1,1,0,3,14,3,5,2,7,2,5,7,0,0,3,2,8,2,1,12,1,1,0,2,0,2,5,1
165,0,1,1,4,0,3,7,0,6,2,9,7,5,7,0,0,3,2,8,2,1,2,0,0,0,2,0,2,5,10
413,3,1,1,4,0,1,5,3,3,2,12,7,5,7,0,0,3,2,8,2,1,4,3,2,5,3,2,2,5,4
413,3,1,1,4,0,3,5,3,3,2,2,2,5,7,0,0,3,2,8,2,1,2,3,2,5,3,7,2,5,10
501,1,4,0,4,0,3,3,3,3,2,7,7,5,1,4,0,3,2,3,2,1,2,0,0,0,2,0,2,5,16
501,1,1,1,4,0,4,14,3,4,3,7,2,5,1,3,0,3,2,3,2,1,2,0,0,1,2,0,2,5,5
196,4,1,1,4,2,3,9,3,1,3,6,4,5,2,3,0,3,2,0,2,1,2,3,2,5,3,0,2,5,11
196,4,0,1,2,1,3,0,3,1,3,6,2,5,2,0,0,3,2,0,2,1,5,0,0,0,2,0,2,5,9
237,6,0,1,4,0,2,9,3,1,2,7,4,5,1,0,0,3,2,0,2,1,2,3,2,5,3,0,2,5,1
237,6,1,1,1,4,6,5,3,4,2,3,4,5,1,2,0,3,2,0,2,1,2,0,0,0,2,7,5,5,0
521,1,0,1,4,0,2,0,3,1,3,7,4,5,0,0,0,0,2,0,2,1,2,3,2,5,3,0,2,5,1
521,1,1,1,4,0,2,5,3,6,3,7,2,5,0,0,0,0,2,0,2,1,9,0,1,1,2,0,2,5,5
93,4,1,1,4,2,4,5,3,6,3,7,4,5,1,0,0,3,2,0,1,4,2,0,1,0,2,0,2,5,12
93,4,1,1,4,0,2,8,4,6,3,7,0,5,1,0,0,3,2,0,1,4,2,3,2,5,3,0,2,5,12
93,4,1,1,1,0,1,7,0,6,2,7,2,6,1,2,0,3,2,0,1,4,1,2,0,0,2,3,2,5,0
93,4,1,1,4,2,1,0,3,3,2,3,2,5,1,0,0,3,2,0,1,4,3,2,0,1,2,7,5,0,1
356,5,2,1,1,0,1,0,4,3,2,7,2,5,1,0,0,3,2,0,1,1,1,1,0,2,2,0,2,5,1
309,6,2,1,4,2,1,4,3,6,2,7,1,5,1,0,0,3,2,0,1,1,5,0,1,0,2,3,2,5,0
619,3,1,1,4,0,3,1,3,1,2,7,2,6,7,0,0,0,2,5,2,1,2,3,2,5,3,0,2,5,0
619,3,3,1,4,0,1,0,3,6,3,6,2,5,7,0,0,0,2,6,2,1,2,0,0,1,2,1,2,5,7
524,6,1,1,4,0,0,5,3,5,3,9,2,5,0,0,3,0,2,0,2,1,2,0,1,2,2,0,2,5,16
524,6,1,1,4,0,1,4,3,1,2,7,2,5,0,0,3,0,2,6,2,1,7,1,1,2,2,3,2,5,0
356,3,2,1,4,0,0,4,3,5,3,9,2,5,5,0,0,3,2,0,1,2,1,3,2,5,3,7,5,5,5
356,3,2,1,4,0,2,0,3,5,3,7,4,5,5,0,0,3,2,0,1,2,2,0,1,0,2,0,2,5,3
766,6,2,1,4,0,2,17,3,1,3,9,0,5,0,0,0,0,2,8,2,3,2,3,2,5,3,0,2,5,9
766,6,2,1,1,2,1,0,3,6,3,6,2,5,0,2,0,0,2,4,2,3,2,0,1,4,2,0,2,5,10
766,6,1,1,1,0,4,10,3,2,3,6,2,6,0,0,0,0,2,3,2,3,7,3,2,5,3,7,2,5,12
948,1,0,1,7,4,6,9,3,5,3,6,0,5,7,0,0,3,2,3,2,1,2,0,0,0,2,7,5,5,17
948,1,0,1,4,0,3,7,3,6,3,1,2,5,7,0,0,3,2,6,2,1,8,3,2,5,3,0,2,5,0
323,3,1,1,2,0,0,0,3,6,3,7,2,5,1,0,0,3,2,0,2,1,5,0,1,4,2,7,2,5,10
323,3,1,1,4,2,2,0,3,6,3,7,7,5,1,2,0,3,2,0,2,1,2,2,1,0,2,7,2,5,9
352,1,0,1,4,0,0,10,3,2,3,7,2,5,1,0,0,3,2,4,2,1,7,0,1,4,1,3,2,5,12
352,1,0,1,4,0,3,10,3,6,3,7,0,5,1,0,0,3,2,3,2,1,2,0,0,1,2,3,2,5,12
1060,3,2,1,4,0,4,0,3,1,2,7,4,7,0,0,0,3,2,0,2,1,2,3,2,5,3,7,2,5,10
1060,3,2,1,1,0,1,7,3,1,2,6,2,5,0,0,0,3,2,0,2,1,7,0,0,3,2,0,2,5,10
453,4,0,1,4,0,2,8,3,3,2,6,2,5,7,0,0,3,2,1,3,1,2,3,2,5,3,2,2,5,16
453,4,0,1,1,0,2,5,3,5,2,6,1,5,7,0,0,3,2,8,3,1,12,0,1,0,2,1,2,5,5
453,4,1,1,4,2,0,0,3,3,2,9,0,5,7,0,0,3,2,8,3,1,2,3,2,5,3,0,2,5,1
662,3,0,1,4,0,2,0,0,4,2,1,2,5,1,0,0,0,2,1,2,1,2,0,1,0,2,0,2,5,0
662,3,2,1,5,1,6,5,3,5,2,2,0,5,1,4,0,0,2,8,2,1,2,1,0,3,2,1,2,5,3
692,4,0,1,2,0,1,17,3,5,2,6,4,5,7,0,0,0,2,2,2,2,2,2,1,1,2,0,2,6,9
692,4,1,1,4,0,0,7,3,5,2,7,2,5,7,0,0,0,2,8,2,2,1,2,1,4,2,0,2,1,9
587,1,0,1,4,0,2,0,3,6,3,9,7,3,7,0,0,0,2,8,2,1,2,0,0,1,2,0,2,5,1
587,1,0,1,4,0,1,0,3,6,2,12,7,5,7,0,0,0,2,8,2,1,2,3,2,5,3,0,2,5,12
369,1,0,1,4,0,5,0,3,0,2,6,2,5,0,0,0,3,2,6,2,1,2,0,0,1,2,7,2,5,2
369,1,2,1,4,0,3,0,3,3,2,7,7,5,0,0,0,3,2,8,2,1,7,3,2,5,3,7,2,5,5
329,1,1,1,4,0,3,5,3,5,2,7,2,5,0,0,0,3,2,8,1,1,9,3,2,5,3,7,2,5,1
773,4,3,1,4,0,2,7,1,1,3,6,2,7,1,2,0,2,2,8,1,4,2,0,1,0,2,7,2,5,3
773,4,3,1,2,0,1,8,3,6,3,6,2,5,1,0,0,2,2,1,1,4,2,3,2,5,3,7,2,5,10
773,4,3,1,2,2,1,14,3,2,3,7,4,5,1,0,0,2,2,8,1,4,2,0,0,0,2,7,2,5,0
773,4,3,1,4,0,4,7,3,2,2,6,2,5,1,0,0,2,2,2,1,4,2,0,0,1,1,7,5,5,10
619,1,2,1,4,2,3,8,3,1,2,4,2,5,7,0,0,1,2,8,3,1,1,3,2,5,3,3,5,5,10
619,1,1,1,4,0,3,14,3,5,2,6,4,5,7,0,0,1,2,6,3,1,2,3,2,5,3,3,2,5,7
619,1,1,1,1,0,1,5,3,6,3,7,4,5,7,0,0,1,2,8,3,1,2,0,1,0,2,7,2,5,16
470,0,0,1,4,0,1,0,3,3,3,7,2,5,0,0,0,3,2,8,2,1,2,0,1,1,2,7,5,5,3
470,0,1,1,5,0,3,17,3,5,3,6,2,5,0,0,0,3,2,8,2,1,2,3,2,5,3,0,2,5,5
480,1,1,1,1,0,2,0,4,6,3,2,6,5,0,0,0,3,2,8,1,1,2,0,1,1,2,7,5,5,9
418,0,0,1,4,0,4,0,3,6,3,6,7,5,1,0,0,3,2,8,1,1,2,1,0,4,2,7,5,5,17
599,2,4,0,1,0,4,16,3,6,3,9,7,5,0,0,0,0,2,2,2,3,2,3,2,5,3,7,5,5,5
599,2,0,1,4,0,4,17,3,5,2,1,2,5,0,0,0,0,2,8,2,3,2,3,2,5,3,2,2,5,1
599,2,0,1,4,0,2,14,0,2,3,7,7,5,0,0,0,0,2,8,2,3,2,0,1,0,2,1,2,5,0
599,2,0,1,4,2,2,0,3,5,2,2,4,5,0,0,0,0,2,2,2,3,2,3,2,5,3,3,2,5,10
506,6,1,1,2,2,2,0,3,5,2,7,1,5,1,0,3,0,4,2,2,1,7,0,1,1,2,0,2,5,10
506,6,0,1,4,0,2,0,3,3,2,7,2,5,1,2,3,0,4,8,2,1,2,1,0,1,2,7,5,5,12
354,0,0,1,4,0,1,8,3,2,3,2,4,5,7,0,0,3,2,8,3,1,9,3,2,5,3,2,2,5,9
354,0,1,1,1,0,2,5,3,5,3,6,2,6,7,5,0,3,2,8,3,1,2,3,2,5,3,7,5,5,9
354,0,0,1,4,0,1,5,3,5,3,6,0,5,7,0,0,3,2,8,3,1,2,2,0,4,2,0,2,7,7
168,5,0,1,4,0,4,0,1,2,2,2,2,5,3,0,0,3,2,2,1,1,2,1,0,1,2,0,2,5,0
1023,1,3,1,1,0,1,5,1,1,2,7,4,7,0,0,0,3,2,8,2,1,2,1,0,3,2,0,2,5,0
1023,1,2,1,4,0,1,5,3,5,2,7,4,5,0,0,0,3,2,8,2,1,7,3,2,5,3,0,2,5,12
443,2,1,1,4,0,1,5,3,5,2,2,4,5,1,0,3,3,2,8,1,1,2,3,2,5,3,0,2,5,1
34,3,0,1,4,0,2,5,3,2,2,4,2,6,1,0,0,0,2,8,1,3,9,0,0,0,2,0,2,5,1
34,3,0,1,4,0,2,0,3,5,2,6,4,5,1,0,0,0,2,8,1,3,2,0,1,2,2,0,2,5,3
34,3,0,1,4,0,6,0,3,5,2,12,4,5,1,0,0,0,2,8,1,3,2,0,1,0,2,0,2,5,0
326,6,1,1,4,2,2,0,3,5,2,7,4,5,0,0,0,3,2,2,1,1,2,0,1,1,2,3,2,5,1
499,2,3,1,4,0,1,10,3,5,2,2,1,5,7,3,3,0,4,8,2,1,2,2,0,4,1,2,2,0,5
499,2,0,1,4,0,4,0,3,5,2,6,4,5,7,0,3,0,4,1,2,1,2,0,1,1,2,0,2,5,3
866,0,1,1,4,0,0,10,3,5,2,7,7,3,1,0,3,2,2,2,1,1,1,3,2,5,3,0,2,5,10
152,2,0,1,4,0,4,10,3,1,2,7,7,5,0,0,0,3,2,2,1,1,3,0,1,0,2,3,2,5,12
721,0,1,1,4,0,3,0,3,5,3,7,2,5,1,0,0,0,2,8,1,1,2,3,2,5,3,0,2,5,12
901,0,1,1,4,0,4,4,3,1,3,7,1,5,0,0,3,0,4,6,2,1,9,2,1,3,2,0,2,6,12
901,0,1,1,4,0,1,0,3,3,2,2,2,6,0,0,3,0,4,8,2,1,2,0,1,0,2,0,2,5,0
452,4,3,1,4,0,0,5,0,1,2,9,2,5,1,0,3,0,2,8,1,2,13,3,2,5,3,2,2,5,9
452,4,3,1,1,0,2,7,3,1,2,6,2,6,1,0,3,0,2,8,1,2,2,0,1,3,2,7,2,5,3
836,0,0,1,4,2,4,8,3,1,2,7,2,5,7,0,3,0,4,8,1,4,2,3,2,5,3,0,2,5,5
836,0,0,1,4,0,4,4,3,1,2,6,2,6,7,0,3,0,4,8,1,4,2,2,1,1,1,0,2,1,1
836,0,0,1,6,0,4,6,3,1,2,7,2,5,7,0,3,0,4,8,1,4,2,0,1,1,2,0,2,5,12
836,0,0,1,4,0,0,8,3,0,2,2,4,5,7,0,3,0,4,8,1,4,9,3,2,5,3,0,2,5,1
352,2,0,1,1,2,2,4,3,5,2,6,2,5,7,0,0,3,2,8,1,1,9,3,2,5,3,0,2,5,4
1014,0,3,1,4,0,1,4,3,5,2,7,2,5,0,0,3,3,4,2,1,1,2,0,1,1,2,0,2,5,9
16,3,0,1,4,2,4,0,3,5,2,7,2,5,7,0,0,0,2,8,2,2,1,0,1,0,2,0,2,5,12
16,3,1,1,6,0,2,0,3,3,3,12,2,5,7,0,0,0,2,8,2,2,1,0,1,0,2,7,5,5,10
16,3,1,1,6,0,2,7,3,5,2,2,0,6,7,0,0,0,2,8,2,2,2,3,2,5,3,0,2,5,3
7,3,0,1,4,0,2,7,3,5,3,12,4,5,1,4,3,0,5,8,2,1,5,0,1,0,2,0,2,5,0
7,3,0,1,4,0,1,0,3,1,2,9,0,5,1,0,3,0,5,1,2,1,7,0,1,1,2,3,2,5,12
326,2,4,0,4,0,3,15,4,6,3,6,2,5,7,0,0,3,0,8,2,2,2,3,2,5,3,0,2,5,12
326,2,1,1,4,0,2,7,3,5,3,6,4,5,7,0,0,3,0,8,2,2,1,0,1,3,2,7,5,5,10
326,2,1,1,4,0,3,15,0,2,2,2,2,5,7,0,0,3,0,8,2,2,1,3,2,5,3,6,2,5,4
388,2,3,1,4,0,1,4,3,1,3,9,4,5,7,0,3,0,4,8,2,1,7,2,1,3,2,0,2,6,3
388,2,3,1,4,0,4,0,3,5,2,6,7,5,7,0,3,0,4,8,2,1,9,0,1,1,2,7,5,5,3
593,0,3,1,4,0,4,7,3,1,2,9,1,5,7,0,0,0,2,8,2,2,3,0,1,0,2,0,2,5,1
593,0,1,1,4,2,2,0,3,1,2,7,2,5,7,4,0,0,2,2,2,2,2,1,1,0,2,2,2,5,3
574,1,2,1,4,0,1,0,0,1,2,7,2,5,0,0,3,2,2,8,2,3,2,1,0,0,2,2,2,5,0
574,1,1,1,1,0,4,0,3,5,2,9,2,5,0,0,3,2,2,8,2,3,2,3,2,5,3,3,2,5,3
574,1,1,1,4,0,1,0,3,2,2,4,4,5,0,0,3,2,2,8,2,3,2,1,0,3,2,0,2,5,3
543,5,0,1,4,0,2,5,3,1,2,7,4,3,0,0,3,0,2,8,2,1,7,3,2,5,3,0,2,5,5
543,5,0,1,2,0,3,7,3,0,2,6,4,5,0,0,3,0,2,8,2,1,2,2,0,1,1,0,2,5,3
466,2,2,1,2,0,3,8,1,1,2,7,2,7,1,0,3,0,4,8,2,1,2,0,1,1,2,7,5,5,10
466,2,0,1,4,0,2,8,0,0,3,7,4,5,1,0,3,0,4,8,2,1,2,3,2,5,3,7,5,5,3
691,3,1,1,1,0,0,0,3,5,2,7,2,5,7,0,0,0,2,8,2,1,2,0,1,1,2,0,2,5,4
691,3,1,1,1,0,2,3,3,1,2,7,0,5,7,5,0,0,2,6,2,1,1,0,1,4,2,2,2,5,16
298,1,2,1,4,0,2,0,3,5,1,6,4,5,7,4,0,3,2,8,2,2,2,3,2,5,3,0,2,5,10
298,1,2,1,4,0,0,10,0,0,2,7,2,5,7,0,0,3,2,8,2,2,2,3,2,5,3,7,5,5,3
298,1,0,1,4,2,2,5,4,6,3,14,7,5,7,0,0,3,2,8,2,2,2,0,1,0,1,0,2,5,12
458,3,1,1,2,2,3,10,1,5,2,7,2,5,0,0,3,0,2,2,2,1,2,1,1,0,2,0,2,5,12
458,3,2,1,7,2,4,7,3,3,3,7,7,3,0,0,3,0,2,8,2,1,7,3,2,5,3,1,2,5,12
711,2,0,1,6,2,2,5,3,5,3,6,4,5,0,1,3,0,4,8,2,1,3,0,0,1,2,7,5,5,12
711,2,0,1,0,0,3,5,3,5,2,6,1,5,0,5,3,0,4,8,2,1,2,0,1,1,2,4,2,5,10
944,5,0,1,2,0,4,3,3,3,2,2,7,5,7,0,3,3,2,2,2,1,2,1,0,4,2,0,2,5,9
944,5,1,1,4,0,0,8,3,6,2,6,0,5,7,0,3,3,2,8,2,1,2,1,0,4,2,3,2,5,10
74,6,1,1,4,0,3,8,3,3,2,6,7,5,1,0,3,3,3,8,1,1,2,1,1,1,2,3,2,5,0
210,6,1,1,4,2,3,5,3,5,2,6,2,5,1,0,3,3,4,8,2,3,2,0,0,1,2,0,2,5,0
210,6,1,1,4,0,3,5,3,5,2,6,1,5,1,2,3,3,4,8,2,3,2,0,0,0,2,7,5,5,11
210,6,1,1,4,0,5,0,3,1,2,9,4,5,1,0,3,3,4,2,2,3,9,0,1,4,2,0,2,5,9
114,4,0,1,4,0,0,7,3,3,2,9,7,5,7,0,0,3,2,8,2,1,2,3,2,5,3,0,2,5,0
114,4,0,1,3,2,0,17,3,2,3,9,4,5,7,0,0,3,2,8,2,1,4,3,2,5,3,3,2,5,10
566,6,0,1,4,2,4,7,3,2,3,6,0,5,0,0,3,2,4,8,2,1,2,0,0,0,2,0,2,5,12
566,6,0,1,4,2,0,0,3,5,2,9,2,3,0,0,3,2,4,8,2,1,2,3,2,5,3,7,2,5,1
1046,0,1,1,4,2,1,8,0,5,2,7,2,5,1,0,3,3,2,8,2,1,2,0,1,0,2,0,2,5,10
1046,0,0,1,5,2,2,0,0,4,2,7,2,5,1,0,3,3,2,1,2,1,2,0,1,1,1,7,5,5,10
260,6,0,1,5,2,3,9,3,6,3,7,2,9,1,0,0,3,2,8,2,1,2,3,2,5,3,0,2,5,7
260,6,2,1,4,2,1,0,3,5,2,12,0,5,1,0,0,3,2,8,2,1,3,0,1,3,2,7,5,5,11
251,0,1,1,1,2,3,7,3,5,2,12,0,5,7,0,3,3,2,2,2,1,3,3,2,5,3,3,3,5,0
251,0,1,1,6,2,2,9,3,1,2,12,4,5,7,0,3,3,2,8,2,1,3,0,1,0,2,0,2,5,10
715,5,4,0,7,2,6,14,3,5,2,9,1,5,0,3,3,0,2,8,2,1,4,3,2,5,3,0,2,5,3
715,5,2,1,4,2,2,5,3,5,2,7,4,5,0,0,3,0,2,1,2,1,2,0,0,1,2,2,2,5,10
917,4,0,1,4,2,4,5,3,5,2,6,2,5,7,0,3,0,8,8,2,1,11,3,2,5,3,7,5,5,1
917,4,1,1,4,2,1,5,3,2,2,7,2,5,7,0,3,0,8,8,2,1,9,3,2,5,3,7,5,5,16
945,4,0,1,1,0,1,0,3,3,2,12,4,5,7,0,3,0,4,1,2,1,1,0,1,4,2,2,2,5,3
945,4,1,1,4,0,1,5,3,2,2,7,0,5,7,0,3,0,4,1,2,1,2,1,0,2,2,0,2,5,9
1007,6,1,1,4,0,1,17,3,1,2,4,2,5,7,0,3,3,4,1,2,2,2,3,2,5,3,0,2,5,10
1007,6,1,1,4,0,2,9,3,1,2,7,2,5,7,0,3,3,4,2,2,2,2,0,0,0,2,7,5,5,16
364,5,2,1,4,0,2,0,3,5,2,6,2,5,7,0,3,3,2,8,1,1,9,3,2,5,3,0,2,5,3
715,0,0,1,4,0,3,14,3,5,2,7,2,5,7,0,3,0,4,8,2,3,7,3,2,5,3,7,5,5,3
715,0,0,1,1,0,2,0,3,5,2,7,2,5,7,0,3,0,4,8,2,3,3,0,1,1,2,0,2,5,9
715,0,0,1,4,0,2,5,1,3,2,5,4,5,7,0,3,0,4,8,2,3,4,2,0,0,1,0,2,0,3
715,0,0,1,4,0,3,7,3,5,2,7,7,5,7,0,3,0,4,8,2,3,2,3,2,5,3,7,5,5,4
831,2,0,1,1,2,6,8,3,3,2,9,2,5,7,0,3,0,8,8,1,1,2,0,1,0,2,7,5,5,0
1046,5,2,1,4,2,2,17,3,3,3,6,2,5,0,0,0,3,2,1,6,1,2,1,0,1,2,7,5,5,10
1046,5,4,0,4,0,2,5,3,5,3,6,0,5,0,0,0,3,2,2,6,1,2,0,0,3,2,7,5,5,10
1046,5,4,0,4,0,4,0,4,1,3,3,1,9,0,0,0,3,2,8,6,1,2,3,2,5,3,2,2,5,1
1046,5,4,0,7,4,6,10,3,5,3,4,2,5,0,0,0,3,2,8,6,1,2,3,2,5,3,3,2,5,5
1046,5,4,0,4,0,2,0,3,1,2,7,4,5,0,0,0,3,2,8,6,1,2,3,2,5,3,7,5,5,1
1046,5,4,0,4,0,2,5,3,6,3,6,4,5,0,0,0,3,2,8,6,1,2,0,1,1,2,4,2,5,0
965,4,3,1,4,0,3,9,3,5,2,6,7,5,7,0,3,3,4,9,2,2,2,0,1,1,2,2,2,5,9
965,4,0,1,2,0,3,6,3,5,3,9,2,5,7,0,3,3,4,8,2,2,4,3,2,5,3,0,2,5,10
632,5,0,1,4,0,3,9,3,5,3,9,6,5,2,4,3,2,4,8,2,1,3,0,1,1,2,2,2,5,1
632,5,0,1,4,0,3,5,3,5,2,12,2,5,2,5,3,2,4,8,2,1,2,3,2,5,3,0,2,5,9
428,5,0,1,4,0,3,0,0,5,2,7,2,5,7,0,3,0,2,8,2,2,3,0,1,0,2,2,2,5,10
428,5,1,1,4,0,3,5,0,5,2,0,4,5,7,0,3,0,2,8,2,2,2,1,0,0,1,7,2,5,4
428,5,1,1,4,0,2,14,3,5,2,6,7,5,7,0,3,0,2,8,2,2,3,3,2,5,3,0,2,5,4
334,2,4,0,4,0,1,8,3,5,2,2,2,5,7,0,3,3,2,8,2,2,13,0,1,1,2,0,2,5,9
334,2,0,1,4,0,4,0,0,5,2,2,2,5,7,0,3,3,2,8,2,2,2,3,2,5,3,3,2,5,9
1061,2,0,1,4,0,4,0,3,5,2,9,0,5,0,0,3,3,4,8,3,1,2,2,0,3,2,7,5,1,16
1061,2,2,1,4,0,1,17,3,3,2,9,2,5,0,0,3,3,4,1,3,1,2,2,0,1,2,7,5,1,3
1061,2,1,1,1,0,4,7,3,5,2,9,0,5,0,0,3,3,4,2,3,1,2,3,2,5,3,1,2,5,0
105,1,0,0,4,0,4,0,3,3,2,9,2,5,1,0,0,3,2,2,2,1,4,0,1,0,2,0,2,5,5
105,1,2,0,4,0,6,10,3,0,2,7,0,5,1,0,0,3,2,8,2,1,2,0,0,0,2,2,2,5,10
207,0,4,0,7,0,2,10,3,5,2,7,2,5,1,0,0,3,2,8,2,1,3,3,2,5,3,0,2,5,9
207,0,0,1,6,0,4,0,3,1,2,9,2,5,1,0,0,3,2,8,2,1,3,3,2,5,3,0,2,5,0
356,4,0,1,4,0,4,9,3,5,2,7,7,5,7,4,3,3,4,8,2,3,3,1,0,1,2,0,2,5,1
356,4,0,1,4,0,0,9,3,5,2,2,4,5,7,0,3,3,4,8,2,3,2,2,1,0,2,0,2,0,10
356,4,1,1,1,0,3,5,3,5,2,7,4,5,7,0,3,3,4,2,2,3,2,3,2,5,3,0,2,5,2
79,4,1,1,1,0,3,0,3,5,2,6,4,5,7,0,3,3,2,8,2,2,2,0,1,1,2,0,2,5,1
79,4,1,1,1,0,4,8,3,1,2,6,2,5,7,0,3,3,2,8,2,2,2,0,1,1,2,0,2,5,12
309,4,0,1,2,0,1,8,3,6,3,9,4,5,1,0,0,3,2,8,2,1,4,3,2,5,3,0,2,5,10
309,4,0,1,4,0,1,5,3,5,3,7,2,5,1,0,0,3,2,8,2,1,2,2,0,1,2,7,2,0,18
516,4,0,1,0,0,3,0,3,3,3,4,4,5,7,0,3,0,4,8,1,1,2,3,2,5,3,7,2,5,10
833,1,0,1,4,0,1,14,3,5,3,6,2,5,1,0,3,0,5,8,2,2,2,0,1,0,2,7,2,5,1
833,1,0,1,4,0,1,6,1,5,3,1,2,5,1,0,3,0,5,1,2,2,7,3,2,5,3,7,2,5,10
833,1,0,1,2,0,0,17,3,0,2,9,2,5,1,4,3,0,5,1,2,2,3,0,1,0,2,7,2,5,0
463,3,1,2,4,0,2,7,3,3,3,9,4,5,0,0,0,0,2,2,2,3,2,2,1,1,2,7,2,5,3
463,3,0,1,4,0,4,0,3,2,3,2,4,3,0,0,0,0,2,1,2,3,2,0,1,0,2,7,2,5,1
463,3,0,1,4,0,4,0,3,2,3,9,4,5,0,5,0,0,2,8,2,3,7,3,2,5,3,7,2,5,12
463,3,0,1,1,0,6,17,3,5,2,14,7,5,0,0,0,0,2,8,2,3,2,0,1,0,2,0,5,5,10
545,0,1,1,4,0,4,11,3,2,2,7,4,5,0,0,3,0,4,8,1,1,7,3,2,5,3,0,5,5,11
49,4,1,1,4,0,0,0,3,5,3,7,3,5,7,0,0,3,2,2,2,1,4,0,1,0,2,0,2,5,11
49,4,2,1,1,0,1,7,3,5,2,2,3,5,7,2,0,3,2,2,2,1,13,3,2,5,3,0,2,5,12
1062,0,3,1,2,0,0,0,0,6,2,7,3,5,0,0,0,3,2,8,2,1,2,2,0,0,2,0,2,3,0
1062,0,0,1,4,0,2,7,3,5,2,2,3,5,0,0,0,3,2,8,2,1,2,3,2,5,3,7,2,5,0
379,1,0,1,4,0,4,5,3,5,2,2,2,5,7,0,3,0,2,8,2,1,2,0,1,1,2,0,2,5,10
379,1,0,1,2,0,3,8,3,3,2,7,4,5,7,0,3,0,2,8,2,1,2,2,0,3,2,0,2,1,12
574,4,0,1,1,2,2,10,0,2,2,7,4,5,7,0,0,0,2,8,1,1,2,2,0,0,2,3,2,1,10
411,6,0,1,1,0,4,0,3,2,2,12,7,5,7,0,0,0,2,8,1,1,2,0,1,1,2,0,2,5,10
190,6,1,1,4,0,2,8,3,3,2,9,4,5,1,0,0,3,2,8,1,1,2,3,2,5,3,0,2,5,1
567,0,1,1,1,2,2,0,4,0,2,7,2,5,7,0,3,0,4,8,2,2,2,3,2,5,3,3,2,5,0
567,0,0,1,4,0,1,5,3,3,2,6,4,5,7,0,3,0,4,8,2,2,2,0,1,4,2,7,5,5,10
453,2,0,1,4,0,3,0,3,3,2,9,4,5,0,0,3,0,4,2,2,2,2,0,1,4,2,0,2,5,17
453,2,2,1,4,0,2,5,3,3,2,7,1,3,0,0,3,0,4,2,2,2,2,3,2,5,3,2,2,5,12
453,2,2,1,2,0,0,5,3,3,2,9,2,5,0,0,3,0,4,1,2,2,2,2,1,0,2,0,2,2,9
516,5,0,1,1,0,2,5,3,2,2,9,4,5,0,0,0,0,2,8,2,1,2,0,1,3,2,3,2,5,5
516,5,0,1,1,0,1,10,3,6,2,9,2,5,0,0,0,0,2,8,2,1,2,2,1,1,2,0,2,0,9
350,4,1,1,4,0,4,0,3,0,2,7,7,5,7,0,3,3,2,8,1,1,2,3,2,5,3,0,2,5,1
306,3,3,1,4,0,4,7,3,2,2,7,4,5,1,0,0,3,2,8,1,1,3,0,1,0,2,7,5,5,15
443,0,1,1,4,0,2,7,3,2,2,7,1,5,7,0,3,2,2,8,2,2,2,3,2,5,3,0,2,5,5
443,0,1,1,4,2,2,7,3,0,2,3,4,5,7,2,3,2,2,8,2,2,2,0,1,1,2,0,2,5,3
443,0,1,1,1,0,0,0,3,1,2,9,4,5,7,0,3,2,2,8,2,2,2,3,2,5,3,7,5,5,10
440,3,2,1,4,0,6,7,3,2,2,9,1,5,0,0,3,0,2,8,2,2,13,0,1,0,2,7,5,5,12
440,3,3,1,1,0,3,5,3,2,2,9,4,5,0,0,3,0,2,8,2,2,9,3,2,5,3,0,2,5,15
364,1,0,1,4,2,0,9,3,0,2,7,2,5,7,0,0,3,2,1,3,1,2,0,1,2,2,0,2,5,5
364,1,1,1,7,4,6,5,3,0,2,6,2,5,7,0,0,3,2,1,3,1,2,0,1,1,2,7,5,5,1
364,1,0,1,4,0,3,9,3,1,2,7,7,5,7,0,0,3,2,8,3,1,2,3,2,5,3,7,5,5,1
1024,4,0,1,1,2,1,5,3,5,2,6,0,5,0,0,3,3,3,8,2,1,2,3,2,5,3,0,2,5,1
1024,4,0,1,4,0,2,7,3,5,2,9,2,5,0,0,3,3,3,8,2,1,2,0,1,0,2,0,2,5,1
1019,2,0,1,4,0,4,5,3,5,2,6,0,1,7,0,0,3,2,8,1,1,2,0,1,0,2,7,5,5,9
77,0,1,1,4,0,2,17,3,6,2,6,0,5,1,0,0,3,2,8,1,1,2,3,2,5,3,7,5,5,10
377,6,0,1,2,0,3,11,1,5,2,7,0,5,5,2,3,0,2,8,1,1,2,0,1,0,2,0,2,5,15
439,4,0,1,4,0,2,5,3,5,2,6,2,5,1,0,3,0,2,8,4,2,2,0,1,0,2,0,2,5,10
439,4,1,1,1,0,0,7,3,5,2,6,6,5,1,0,3,0,2,8,4,2,9,1,0,2,2,7,5,5,3
439,4,1,1,4,0,6,7,0,5,3,6,1,5,1,0,3,0,2,8,4,2,13,1,0,2,2,0,5,5,10
439,4,1,1,1,0,0,0,3,5,3,7,4,5,1,0,3,0,2,8,4,2,7,1,1,2,2,0,2,5,10
343,1,0,1,4,2,0,5,3,5,3,9,6,5,7,0,0,3,2,8,4,1,4,1,1,2,2,0,2,5,10
343,1,0,1,0,2,0,8,3,1,2,9,2,1,7,0,0,3,2,8,4,1,2,1,1,2,2,0,2,5,1
343,1,0,1,4,2,2,0,3,2,3,2,2,5,7,0,0,3,2,8,4,1,2,1,0,2,2,0,2,5,10
343,1,1,0,4,0,2,17,3,2,3,7,2,5,7,0,0,3,2,8,4,1,9,1,1,0,2,7,5,5,12
404,4,0,1,1,0,2,7,3,5,3,9,2,5,7,3,3,0,0,8,3,2,4,1,0,0,2,4,2,5,0
404,4,2,1,2,2,4,0,3,1,3,7,4,5,7,0,3,0,0,8,3,2,2,1,1,4,2,7,5,5,9
404,4,1,1,4,0,3,14,3,1,3,9,4,5,7,0,3,0,0,8,3,2,2,0,1,1,2,7,5,5,3
463,3,0,1,4,0,2,7,3,1,3,9,2,5,3,0,3,0,4,8,2,2,4,0,1,0,2,7,2,5,0
463,3,1,1,4,0,4,17,3,2,2,7,2,5,3,0,3,0,4,8,2,2,2,0,1,0,1,0,2,5,11
129,2,4,0,4,0,3,12,4,6,3,7,2,5,7,0,2,3,6,8,3,2,9,2,1,0,1,0,2,5,10
129,2,2,1,4,0,2,17,3,5,2,7,4,5,7,0,2,3,6,8,3,2,2,3,2,5,3,7,5,5,10
129,2,1,1,4,2,3,7,3,5,2,7,0,5,7,0,2,3,6,2,3,2,9,0,1,2,1,7,5,5,17
129,2,1,1,4,0,2,5,3,5,3,9,2,5,7,0,2,3,6,2,3,2,2,0,1,0,2,7,5,5,10
141,2,2,1,4,0,0,5,3,1,3,1,4,5,0,0,2,3,6,8,3,2,3,3,2,5,3,7,5,5,6
141,2,2,1,4,0,0,5,3,6,3,7,7,5,0,0,2,3,6,8,3,2,13,3,2,5,3,0,2,5,9
141,2,0,1,4,0,0,14,3,6,3,6,4,5,0,0,2,3,6,8,3,2,2,0,0,0,2,0,2,5,11
141,2,0,1,2,0,1,5,4,6,3,7,4,5,0,0,2,3,6,8,3,2,2,0,1,3,2,0,2,5,0
958,0,1,1,2,2,3,0,3,5,3,6,4,5,1,0,3,3,6,2,2,1,7,3,2,5,3,2,2,5,0
958,0,1,1,1,0,1,0,3,5,3,6,1,5,1,0,3,3,6,8,2,1,7,2,1,1,2,0,2,5,7
587,3,0,1,4,0,3,8,3,5,3,6,4,5,1,0,0,2,6,2,2,2,7,3,2,5,3,7,5,5,10
587,3,1,1,2,0,1,15,3,5,2,7,4,5,1,0,0,2,6,2,2,2,2,0,0,0,2,0,2,5,1
646,3,2,1,4,1,5,17,0,5,3,7,0,5,1,0,3,0,2,1,2,6,2,3,2,5,3,0,2,5,1
646,3,2,1,4,0,0,0,3,5,2,6,3,5,1,0,3,0,2,8,2,6,2,0,1,0,2,5,2,5,9
646,3,2,1,4,2,2,17,3,5,3,9,7,5,1,0,3,0,2,2,2,6,2,1,1,0,2,0,2,5,2
646,3,2,1,4,0,0,3,0,1,3,1,4,5,1,0,3,0,2,8,2,6,3,0,1,1,2,0,2,5,0
646,3,2,1,4,0,3,9,3,0,2,7,7,5,1,2,3,0,2,8,2,6,2,0,1,4,2,0,2,5,1
646,3,1,1,4,0,0,8,3,3,2,9,7,5,1,0,3,0,2,8,2,6,3,3,2,5,3,0,2,5,10
248,6,2,1,4,0,0,17,3,5,2,7,7,5,0,0,2,3,2,8,4,2,3,0,0,0,1,1,2,5,1
248,6,0,1,4,0,1,7,3,5,3,7,7,5,0,0,2,3,2,8,4,2,2,3,2,5,3,0,2,5,1
248,6,4,0,2,0,0,5,3,2,3,7,1,5,0,0,2,3,2,8,4,2,4,0,1,1,2,3,2,5,10
248,6,4,0,4,0,0,0,3,5,2,7,2,5,0,0,2,3,2,2,4,2,2,3,2,5,3,0,2,5,1
237,3,3,1,1,0,3,8,3,1,2,7,7,5,1,0,3,3,6,8,2,1,4,3,2,5,3,0,2,5,3
237,3,0,1,4,0,3,5,3,5,2,12,4,5,1,0,3,3,6,2,2,1,2,0,0,1,2,7,5,5,3
952,0,0,1,1,0,3,5,3,6,2,6,2,5,7,3,0,0,2,8,2,1,7,2,1,3,2,0,2,6,1
952,0,0,1,4,0,3,3,3,5,2,6,2,5,7,0,0,0,2,8,2,1,13,0,1,0,2,7,5,5,17
339,4,1,1,4,0,0,11,3,2,2,6,2,5,1,0,0,3,2,8,1,1,2,3,2,5,3,7,5,5,1
619,0,2,1,4,0,2,11,3,5,2,12,6,5,7,0,3,0,0,2,2,2,2,0,1,4,2,7,2,5,9
619,0,1,1,2,2,1,0,0,6,2,12,4,5,7,4,3,0,0,2,2,2,2,2,0,4,2,0,2,2,10
619,0,1,1,4,0,1,0,3,6,2,6,2,5,7,0,3,0,0,8,2,2,2,0,1,1,2,0,2,5,17
464,4,2,1,4,0,2,0,3,6,2,6,2,5,7,0,2,0,3,8,2,3,2,3,2,5,3,0,2,5,3
464,4,2,1,4,0,2,7,0,3,2,12,2,5,7,0,2,0,3,8,2,3,2,3,2,5,3,0,2,5,1
464,4,1,1,4,0,1,9,3,0,2,14,2,5,7,0,2,0,3,8,2,3,4,0,1,0,2,0,2,5,2
270,0,0,1,2,0,3,0,3,3,2,7,2,5,7,0,0,3,2,8,1,1,2,3,2,5,3,0,2,5,0
152,3,1,1,1,0,2,14,3,4,2,7,4,5,7,0,0,3,2,8,2,1,2,0,1,4,2,1,2,5,3
152,3,0,1,4,0,3,0,3,3,2,7,2,5,7,0,0,3,2,8,2,1,2,2,1,0,2,7,2,7,10
948,5,0,1,6,0,1,0,3,5,2,9,4,5,7,0,3,0,2,2,1,1,2,3,2,5,3,0,2,5,9
369,6,1,1,4,0,1,0,0,0,2,7,4,5,7,0,3,0,4,2,1,1,7,0,0,1,2,7,5,5,11
999,6,1,1,2,0,1,17,3,0,2,7,4,5,7,0,3,3,8,2,2,1,2,1,0,1,2,3,2,5,9
999,6,0,1,4,0,0,17,3,6,2,4,4,5,7,0,3,3,8,8,2,1,2,1,0,3,2,7,5,5,1
1004,6,0,1,2,0,2,8,3,6,2,1,4,5,7,0,0,3,2,8,1,1,4,1,0,0,2,3,2,5,10
525,5,0,1,1,0,1,16,3,3,2,2,2,5,7,0,0,0,2,8,1,1,2,1,0,1,2,7,5,5,6
181,0,1,1,4,0,0,8,3,6,3,6,2,5,7,0,0,3,2,8,2,1,2,2,0,0,2,3,2,1,1
181,0,1,1,1,0,0,7,3,6,3,7,2,5,7,3,0,3,2,1,2,1,2,3,2,5,3,7,5,5,3
948,6,0,1,2,0,5,14,3,6,3,6,4,5,7,0,0,3,2,1,2,1,9,0,1,1,2,7,5,5,4
948,6,1,1,4,2,2,8,3,6,3,6,2,5,7,0,0,3,2,8,2,1,2,0,1,1,2,3,2,5,1
880,3,4,0,4,0,0,5,3,6,3,7,2,5,0,0,0,0,2,8,2,1,2,3,2,5,3,1,2,5,1
880,3,0,1,4,0,1,5,3,3,3,9,4,5,0,4,0,0,2,8,2,1,7,2,0,3,2,2,2,5,3
309,2,1,1,4,0,2,0,3,3,3,6,7,7,7,0,0,3,2,8,1,1,4,2,0,0,2,1,2,2,0
478,6,1,1,7,4,6,0,3,3,2,9,7,5,0,4,0,2,2,8,1,1,2,0,1,1,2,7,5,5,12
687,4,0,1,7,4,6,8,4,6,3,12,2,5,7,0,3,0,2,8,2,2,2,3,2,5,3,1,2,5,3
687,4,0,1,4,0,1,8,3,3,2,6,2,2,7,0,3,0,2,8,2,2,3,3,2,5,3,7,5,5,1
687,4,0,1,4,0,3,5,3,2,2,7,7,5,7,0,3,0,2,8,2,2,7,0,1,0,2,1,2,5,3
413,0,1,1,4,2,3,9,3,3,2,7,4,5,1,0,0,3,2,8,3,3,2,1,1,1,2,1,2,5,5
413,0,1,1,7,4,6,7,3,3,2,2,7,5,1,0,0,3,2,8,3,3,2,1,0,0,2,1,2,5,10
413,0,1,1,1,2,3,14,3,6,2,6,2,5,1,0,0,3,2,2,3,3,3,0,1,0,2,0,2,5,0
413,0,4,0,4,0,3,0,3,6,2,7,2,5,1,0,0,3,2,6,3,3,2,2,1,3,1,0,2,6,12
413,0,4,0,1,2,1,0,3,6,2,6,2,6,1,0,0,3,2,8,3,3,2,3,2,5,3,4,2,5,9
632,1,0,1,4,0,2,5,3,6,2,6,2,5,1,0,0,2,2,8,2,2,2,0,1,0,2,0,2,5,9
632,1,0,1,4,0,4,14,3,3,2,6,2,2,1,0,0,2,2,8,2,2,2,3,2,5,3,3,2,5,10
632,1,0,1,4,0,2,5,3,3,2,2,4,2,1,0,0,2,2,8,2,2,2,0,1,4,2,7,5,5,1
334,5,1,1,2,0,3,11,3,3,2,6,4,1,7,0,0,3,2,8,1,1,2,3,2,5,3,7,5,5,1
634,4,1,1,4,0,2,0,3,2,2,7,0,1,1,0,3,0,2,2,2,1,13,0,1,0,2,0,2,5,9
634,4,1,1,1,0,0,0,3,6,3,7,2,5,1,0,3,0,2,2,2,1,2,3,2,5,3,0,2,5,3
202,3,1,1,4,0,6,0,3,2,2,2,5,7,0,0,3,3,4,8,2,2,7,1,1,0,2,0,2,5,5
202,3,1,1,0,0,0,17,3,0,3,12,4,5,0,0,3,3,4,2,2,2,2,3,2,5,3,0,2,5,10
202,3,1,1,4,0,3,5,4,6,3,2,2,5,0,0,3,3,4,8,2,2,2,0,1,1,2,7,5,5,10
388,5,1,1,4,0,0,5,3,3,3,6,4,5,0,0,0,3,2,8,2,1,2,3,2,5,3,0,2,5,12
388,5,1,1,4,0,2,0,3,1,2,7,7,5,0,0,0,3,2,8,2,1,2,0,1,0,2,3,2,5,4
324,1,1,1,4,0,1,14,3,3,3,2,2,4,1,0,0,3,2,8,1,1,2,0,1,4,2,3,2,5,12
458,6,0,1,7,4,6,9,0,0,2,7,0,5,1,0,0,3,2,8,1,1,2,3,2,5,3,3,2,5,12
508,5,0,1,4,0,1,9,0,3,3,7,0,5,1,2,0,0,2,8,3,3,4,0,0,1,2,0,2,5,12
508,5,0,1,4,0,1,0,1,2,2,6,2,1,1,0,0,0,2,1,3,3,3,1,1,0,2,2,2,5,10
508,5,1,1,4,0,3,9,1,3,2,7,2,5,1,0,0,0,2,8,3,3,4,3,2,5,3,7,5,5,9
508,5,2,1,4,0,0,9,3,1,2,7,2,5,1,0,0,0,2,2,3,3,2,3,2,5,3,3,2,5,1
511,2,1,1,0,2,0,5,0,6,2,9,2,5,1,0,0,0,2,8,2,1,2,0,1,0,2,2,2,5,3
511,2,1,1,0,0,5,0,3,1,2,6,2,5,1,0,0,0,2,2,2,1,2,0,1,1,1,7,5,5,0
149,0,0,1,4,0,0,5,3,1,2,2,1,5,7,0,0,3,2,8,2,1,4,3,2,5,3,7,5,5,10
149,0,0,1,4,0,2,17,3,0,2,14,4,5,7,0,0,3,2,8,2,1,2,0,1,1,2,0,2,5,1
315,1,0,1,4,0,3,0,3,3,3,0,7,3,7,0,0,3,7,1,3,4,13,3,2,5,3,7,5,5,5
315,1,0,1,4,0,3,14,3,3,3,7,2,7,7,0,0,3,7,8,3,4,2,3,2,5,3,0,2,5,10
315,1,2,1,4,2,2,17,3,6,2,7,4,7,7,0,0,3,7,8,3,4,2,0,1,2,2,0,2,5,17
315,1,2,1,1,0,1,17,3,6,2,2,4,5,7,3,0,3,7,8,3,4,2,0,1,0,2,0,2,5,10
1018,4,0,1,4,0,1,0,0,0,2,9,4,5,0,0,0,3,2,8,1,1,2,3,2,5,3,0,2,5,1
409,6,1,1,4,0,4,14,3,5,2,7,4,5,1,2,0,3,2,1,1,1,3,0,1,0,2,3,2,5,12
537,2,0,1,4,0,1,0,3,5,2,7,2,5,0,0,3,0,2,8,2,1,3,3,2,5,3,3,2,5,1
537,2,0,1,4,0,1,7,3,5,2,7,0,5,0,0,3,0,2,8,2,1,2,1,0,3,2,0,2,5,0
977,1,0,1,1,0,2,7,3,6,2,1,2,5,7,0,3,3,1,8,2,1,2,2,0,3,2,0,2,6,10
977,1,1,1,4,0,3,0,3,5,2,1,1,5,7,2,3,3,1,8,2,1,9,0,1,4,2,7,5,5,11
466,2,0,1,7,4,6,5,3,6,2,7,2,5,7,0,0,3,2,2,2,1,2,0,0,1,2,0,2,5,3
466,2,1,1,4,0,1,5,1,0,2,6,2,5,7,0,0,3,2,8,2,1,2,1,0,3,2,0,2,5,10
663,5,0,1,4,0,2,5,3,1,2,9,2,5,7,0,3,0,8,8,1,1,2,3,2,5,3,0,2,5,3
251,2,1,1,0,0,1,0,3,1,2,7,2,5,7,0,0,3,2,8,2,1,2,0,1,0,2,7,2,5,3
251,2,0,1,7,4,6,0,4,0,3,9,4,3,7,0,0,3,2,8,2,1,2,3,2,5,3,7,5,5,9
293,0,2,1,7,0,0,10,3,6,2,2,0,5,3,0,0,3,2,2,1,1,2,3,2,5,3,0,2,5,16
385,5,2,1,4,0,1,10,3,1,3,7,1,5,7,0,0,3,2,8,2,1,2,0,1,1,2,0,2,5,12
385,5,2,1,4,0,3,5,3,2,2,6,2,7,7,0,0,3,2,8,2,1,2,3,2,5,3,3,2,5,12
245,2,1,1,4,0,4,5,3,1,3,7,4,5,7,0,0,3,2,8,2,2,13,0,1,1,2,0,2,5,0
245,2,1,1,4,0,1,9,3,5,3,1,2,3,7,0,0,3,2,8,2,2,4,3,2,5,3,0,2,5,12
245,2,0,1,4,0,4,7,3,6,2,7,4,5,7,0,0,3,2,8,2,2,1,0,1,4,2,0,2,5,10
335,1,1,1,2,0,2,5,3,0,2,6,2,5,7,0,0,3,0,8,2,1,2,0,1,0,2,7,5,5,9
335,1,2,1,0,0,0,0,0,6,2,9,4,5,7,0,0,3,0,8,2,1,2,3,2,5,3,0,2,5,1
165,4,0,1,4,0,4,7,3,5,2,6,1,5,1,0,3,3,2,8,1,1,2,0,1,1,2,0,2,5,10
521,6,0,1,7,4,6,6,3,6,2,6,2,5,1,0,3,0,4,8,2,1,4,3,2,5,3,3,2,5,16
521,6,1,1,2,0,4,0,3,5,2,2,0,5,1,0,3,0,4,8,2,1,2,0,1,0,2,7,2,5,10
547,5,1,1,2,0,4,0,3,6,2,2,4,5,1,0,0,0,2,8,1,1,3,3,2,5,3,7,5,5,0
443,0,1,1,7,4,6,5,3,6,2,9,4,5,1,0,0,3,2,2,2,1,4,0,1,1,2,0,2,5,5
443,0,1,1,2,0,1,0,3,6,2,7,4,5,1,0,0,3,2,2,2,1,2,3,2,5,3,0,2,5,10
183,0,1,1,4,0,3,11,3,5,3,7,7,5,7,0,3,3,2,2,1,1,2,1,0,1,2,0,2,5,10
925,0,0,1,4,0,3,5,3,6,2,14,4,5,7,2,0,3,2,1,2,1,2,0,1,0,2,7,5,5,1
925,0,0,1,4,0,2,11,3,1,3,9,4,5,7,0,0,3,2,8,2,1,13,3,2,5,3,0,2,5,0
428,0,0,1,4,0,0,5,3,5,3,6,4,5,1,0,3,3,2,8,3,1,2,0,1,0,1,3,2,5,9
428,0,1,1,5,0,4,5,3,5,3,9,4,5,1,4,3,3,2,1,3,1,2,3,2,5,3,3,2,5,10
428,0,0,1,4,0,4,5,3,5,2,7,2,5,1,0,3,3,2,8,3,1,2,3,2,5,3,7,5,5,10
1028,0,1,1,2,0,1,9,3,6,2,7,2,5,7,0,3,3,4,8,2,1,2,0,0,1,2,7,2,5,3
1028,0,0,1,4,2,0,9,3,6,2,1,2,5,7,0,3,3,4,8,2,1,2,3,2,5,3,0,2,5,9
374,6,1,1,4,0,2,14,3,2,3,2,1,5,1,0,0,3,2,8,1,1,2,0,1,4,2,0,2,5,10
476,3,4,0,1,0,1,5,3,6,3,12,2,5,0,0,0,0,2,8,1,1,2,3,2,5,3,7,5,5,1
246,3,2,1,1,2,2,0,3,1,3,6,4,5,7,0,0,3,2,8,3,3,2,0,1,0,2,0,2,5,3
246,3,0,1,4,0,3,8,3,0,3,7,6,5,7,0,0,3,2,2,3,3,2,2,0,0,2,3,2,1,4
246,3,0,1,4,0,2,0,3,2,3,9,4,5,7,0,0,3,2,1,3,3,2,0,1,1,2,3,2,5,1
246,3,0,1,2,0,2,10,3,3,3,7,4,5,7,0,0,3,2,8,3,3,2,3,2,5,3,3,2,5,3
555,3,4,0,4,0,2,11,3,0,2,7,7,3,1,0,0,0,2,8,2,2,13,3,2,5,3,7,5,5,1
555,3,1,1,4,0,3,14,3,1,3,6,1,3,1,0,0,0,2,2,2,2,2,0,1,0,2,3,2,5,12
555,3,1,1,4,4,0,17,3,6,2,9,2,5,1,0,0,0,2,8,2,2,2,3,2,5,3,3,2,5,1
139,2,1,1,4,0,1,5,3,6,2,7,2,5,1,0,0,3,2,8,1,1,2,0,0,3,2,0,1,5,18
188,3,1,1,4,0,0,14,1,1,3,9,4,5,0,0,0,3,2,8,3,2,2,3,2,5,3,0,2,5,12
188,3,0,1,7,4,6,5,3,6,2,2,2,5,0,0,0,3,2,8,3,2,9,0,1,1,2,3,2,5,2
188,3,0,1,1,0,2,9,0,6,2,9,2,5,0,0,0,3,2,8,3,2,3,2,0,2,2,3,2,1,10
655,0,0,1,4,0,2,5,3,6,2,6,1,5,7,0,0,0,2,8,2,1,2,0,1,0,2,0,2,5,10
655,0,1,1,4,0,3,7,0,4,2,9,2,5,7,0,0,0,2,8,2,1,2,3,2,5,3,0,2,5,3
179,5,3,1,4,0,1,14,3,5,2,7,1,5,0,0,3,3,3,8,2,1,3,3,2,5,3,7,5,5,3
179,5,0,1,4,2,3,0,3,5,3,4,2,5,0,0,3,3,3,2,2,1,2,0,0,0,2,0,2,5,9
1014,4,1,1,4,0,1,11,3,5,3,2,2,5,7,3,0,3,2,2,2,1,3,3,2,5,3,0,2,5,10
1014,4,0,1,1,1,2,7,3,1,2,9,4,3,7,0,0,3,2,2,2,1,2,0,1,0,2,4,2,5,1
975,5,0,1,1,0,2,5,4,6,3,14,2,5,7,0,0,3,2,8,1,1,2,3,2,5,3,1,2,5,16
337,5,1,1,4,4,2,0,4,6,3,14,2,5,7,0,0,3,2,1,2,1,2,0,1,1,2,0,2,5,10
337,5,1,1,4,0,2,11,3,0,2,6,4,5,7,0,0,3,2,8,2,1,4,0,1,1,2,2,2,5,16
496,3,0,1,1,0,3,17,3,3,2,5,2,7,0,0,0,3,2,1,2,1,4,3,2,5,3,7,2,5,9
496,3,2,1,4,4,4,0,3,3,2,2,2,3,0,0,0,3,2,8,2,1,2,3,2,5,3,7,5,5,10
1069,1,2,1,4,0,2,8,3,6,2,6,7,7,1,0,3,3,2,1,2,1,7,0,1,0,2,7,5,5,10
1069,1,2,1,1,0,0,9,3,3,3,2,2,3,1,0,3,3,2,8,2,1,2,0,1,0,2,1,5,5,12
633,6,1,1,7,4,6,5,4,6,3,6,7,7,0,0,0,0,2,8,1,1,2,3,2,5,3,0,5,5,12
1028,1,1,1,4,0,3,5,0,6,2,6,4,5,7,0,0,3,2,8,3,1,2,2,1,0,2,0,5,6,0
1028,1,1,1,2,2,1,5,3,0,2,12,2,5,7,0,0,3,2,8,3,1,2,3,2,5,3,0,5,5,10
1028,1,4,0,4,0,0,10,3,4,2,9,2,5,7,0,0,3,2,8,3,1,3,0,0,3,1,3,2,5,5
619,6,2,1,4,0,0,5,3,6,2,6,7,7,1,0,3,0,4,8,1,1,2,0,1,0,1,0,2,5,0
114,5,0,1,0,2,1,5,3,5,2,11,7,5,0,0,3,3,2,8,4,6,2,3,2,5,3,2,2,5,1
114,5,0,1,7,4,6,6,3,5,2,7,2,5,0,0,3,3,2,8,4,6,2,2,1,0,2,7,5,5,4
114,5,3,1,1,2,1,5,3,5,2,9,4,5,0,0,3,3,2,8,4,6,2,3,2,5,3,0,2,5,2
114,5,3,1,4,0,0,12,3,5,2,6,4,5,0,0,3,3,2,8,4,6,2,0,1,2,1,3,2,5,16
114,5,3,1,7,2,2,0,3,5,2,6,4,5,0,3,3,3,2,8,4,6,3,2,1,2,2,3,2,5,1
114,5,1,1,4,0,4,5,3,5,2,9,4,5,0,0,3,3,2,8,4,6,2,3,2,5,3,3,2,5,1
114,5,0,1,4,0,1,8,3,5,2,6,4,5,0,3,3,3,2,6,4,6,2,0,1,1,2,7,4,5,9
251,2,1,1,4,0,2,11,3,5,2,6,4,5,7,0,0,3,2,2,2,1,3,2,0,0,1,0,0,0,9
251,2,0,1,4,0,3,14,3,5,2,6,6,5,7,0,0,3,2,8,2,1,3,3,2,5,3,0,2,5,0
666,0,2,1,1,0,1,0,3,5,2,6,2,5,0,0,0,0,2,8,3,5,2,0,1,0,2,3,2,5,9
666,0,2,1,1,2,3,9,3,5,2,7,4,5,0,0,0,0,2,8,3,5,9,3,2,5,3,0,2,5,10
666,0,2,1,4,0,0,0,3,5,2,7,2,5,0,0,0,0,2,1,3,5,9,0,0,0,2,0,2,5,9
666,0,2,1,4,0,2,0,3,1,3,7,2,5,0,0,0,0,2,1,3,5,2,3,2,5,3,0,2,5,1
666,0,2,1,4,0,1,0,3,1,3,9,1,5,0,0,0,0,2,8,3,5,2,0,1,1,2,0,2,5,0
666,0,0,0,4,0,1,5,3,1,3,12,4,6,0,0,0,0,2,8,3,5,2,3,2,5,3,0,2,5,12
542,0,0,1,4,0,1,0,3,1,3,9,4,6,7,0,0,0,2,1,2,2,2,2,0,1,2,0,2,6,10
542,0,0,1,4,0,1,0,3,1,2,6,2,5,7,0,0,0,2,1,2,2,2,0,1,0,2,7,2,5,12
764,2,2,1,4,0,3,9,3,6,2,2,1,5,0,0,0,0,2,1,1,1,2,3,2,5,3,1,2,5,5
511,4,1,1,4,0,3,15,3,6,2,7,4,5,1,0,0,0,2,8,1,1,1,2,0,0,2,7,5,0,1
235,1,2,1,1,0,2,0,3,1,2,7,1,5,7,0,0,3,2,2,2,1,3,1,0,3,1,0,2,5,10
235,1,0,1,4,0,3,9,3,2,2,7,2,5,7,0,0,3,2,8,2,1,4,0,1,0,2,3,2,5,10
1004,3,1,1,1,2,1,14,3,6,2,7,2,5,1,0,3,3,2,8,2,1,2,3,2,5,3,3,2,5,0
1004,3,4,0,4,0,2,14,3,6,2,6,4,5,1,0,3,3,2,2,2,1,2,0,0,4,2,7,5,5,1
992,1,3,1,4,0,4,0,3,6,2,6,3,5,7,0,0,3,2,8,2,1,2,3,2,5,3,3,2,5,1
992,1,0,1,4,0,2,5,3,5,2,9,4,5,7,0,0,3,2,8,2,1,2,0,1,0,1,7,5,5,5
195,2,0,1,2,0,3,0,3,5,2,6,1,5,7,0,0,3,2,8,2,1,2,3,2,5,3,3,2,5,9
195,2,1,1,4,0,2,9,3,5,2,9,2,5,7,0,0,3,2,8,2,1,2,2,0,3,2,0,2,5,0
393,2,0,1,1,0,0,0,3,5,2,6,4,5,1,0,0,3,2,1,2,1,2,2,1,2,1,3,2,5,11
393,2,3,1,4,0,6,0,3,5,2,7,2,5,1,0,0,3,2,6,2,1,2,3,2,5,3,3,2,5,10
72,6,2,1,0,0,0,5,3,5,2,6,1,5,1,0,3,3,4,8,1,1,2,0,1,0,2,3,2,5,10
190,1,0,1,4,0,3,0,3,5,2,12,4,5,7,0,0,3,2,8,3,1,2,3,2,5,3,0,2,5,0
190,1,0,0,4,0,0,6,3,6,3,9,1,5,7,0,0,3,2,8,3,1,2,0,1,0,2,1,2,5,1
190,1,0,1,4,0,2,17,3,6,3,6,4,5,7,0,0,3,2,2,3,1,2,3,2,5,3,7,2,5,3
326,3,1,1,4,0,1,0,3,5,2,9,4,5,1,0,0,3,2,8,2,3,3,0,0,0,2,7,5,5,10
326,3,2,1,7,4,6,0,3,3,3,6,4,5,1,0,0,3,2,6,2,3,2,3,2,5,3,7,5,5,0
326,3,2,1,4,0,1,0,3,3,3,9,1,5,1,0,0,3,2,2,2,3,3,0,0,0,2,7,5,5,9
295,3,1,1,4,0,1,11,3,5,2,7,7,5,1,0,0,3,2,8,1,1,3,0,0,0,2,3,2,5,10
440,5,2,1,4,0,3,17,2,5,3,7,2,5,3,0,0,3,2,8,2,1,2,3,2,5,3,0,2,5,11
440,5,3,1,4,0,0,0,3,2,3,6,2,5,3,0,0,3,2,8,2,1,2,0,1,0,2,7,5,5,0
89,5,1,1,0,2,0,0,3,3,2,6,2,5,0,0,0,3,2,8,2,1,2,0,0,2,2,7,5,5,10
89,5,2,1,0,0,5,7,3,1,2,9,2,5,0,0,0,3,2,8,2,1,2,3,2,5,3,0,2,5,3
306,1,1,1,4,0,0,14,3,6,2,7,2,5,0,0,0,3,2,8,3,2,2,3,2,5,3,0,2,5,12
306,1,2,1,4,0,2,5,0,6,2,7,4,5,0,0,0,3,2,1,3,2,2,0,0,4,2,3,2,5,1
306,1,4,0,4,0,3,15,3,6,2,6,2,5,0,0,0,3,2,8,3,2,13,3,2,5,3,0,2,5,9
204,2,0,1,4,0,3,7,3,6,2,6,2,5,7,0,3,3,2,8,2,3,4,0,1,2,2,0,2,5,12
204,2,0,1,4,2,2,9,3,5,2,2,4,5,7,0,3,3,2,2,2,3,2,3,2,5,3,3,2,5,11
204,2,4,0,1,0,1,0,0,5,2,7,1,5,7,0,3,3,2,8,2,3,13,3,2,5,3,3,2,5,0
977,6,4,0,4,0,1,0,3,5,2,6,4,5,1,0,0,3,2,8,2,1,5,0,1,1,2,0,2,5,0
977,6,0,1,4,0,4,10,3,0,3,6,2,5,1,0,0,3,2,8,2,1,7,3,2,5,3,3,2,5,5
165,3,0,1,4,0,1,5,3,4,3,9,2,5,7,0,0,3,2,2,4,1,2,0,1,1,2,7,5,5,9
165,3,0,1,4,0,1,5,4,6,3,7,4,5,7,0,0,3,2,8,4,1,4,0,1,1,2,7,5,5,1
165,3,4,0,1,0,2,4,3,2,3,9,2,5,7,0,0,3,2,8,4,1,3,0,0,1,2,7,5,5,1
165,3,4,0,4,0,3,6,0,6,3,6,2,5,7,0,0,3,2,8,4,1,2,3,2,5,3,3,2,5,10
620,3,0,1,7,4,6,5,3,2,3,6,4,5,7,0,0,3,2,8,2,1,4,0,1,3,2,0,2,5,9
620,3,1,1,4,0,1,14,3,3,3,7,4,5,7,0,0,3,2,8,2,1,3,3,2,5,3,1,2,5,10
525,4,1,1,4,0,2,0,3,0,2,7,7,3,7,0,0,3,2,8,1,1,2,3,2,5,3,0,2,5,3
656,4,1,1,0,0,1,7,3,1,3,6,1,3,0,0,0,3,2,8,4,2,2,1,0,1,2,0,2,5,11
656,4,0,1,7,4,6,7,3,6,2,9,2,5,0,0,0,3,2,2,4,2,3,0,1,1,2,0,2,5,12
656,4,1,1,7,0,0,15,3,6,2,7,2,5,0,0,0,3,2,8,4,2,2,3,2,5,3,0,2,5,9
656,4,1,1,4,0,1,0,1,1,3,9,4,5,0,0,0,3,2,8,4,2,1,0,1,0,1,0,2,5,1
42,6,1,1,4,0,3,3,3,6,2,2,2,5,1,0,3,3,4,8,3,1,2,3,2,5,3,0,2,5,10
42,6,1,1,4,0,4,3,0,6,2,9,2,5,1,0,3,3,4,8,3,1,2,3,2,5,3,1,2,5,3
42,6,1,1,4,0,1,5,3,6,2,6,1,5,1,0,3,3,4,8,3,1,3,0,1,0,2,0,2,5,0
646,6,0,1,4,0,4,5,0,4,2,9,2,5,0,0,0,3,2,8,2,2,2,0,1,0,2,1,2,5,9
646,6,0,1,2,0,2,4,3,5,2,7,1,5,0,0,0,3,2,8,2,2,2,2,1,1,2,3,2,5,10
646,6,0,1,0,0,0,0,3,5,3,4,2,5,0,0,0,3,2,2,2,2,2,3,2,5,3,0,2,5,1
102,0,2,1,4,0,4,15,3,5,3,2,2,5,7,0,0,3,2,6,2,2,2,0,1,1,1,0,2,5,12
102,0,1,1,7,4,6,7,3,1,2,9,4,3,7,0,0,3,2,8,2,2,2,0,1,0,2,3,2,5,7
102,0,1,1,2,0,4,0,4,6,3,14,2,5,7,0,0,3,2,8,2,2,3,3,2,5,3,3,2,5,10
394,4,1,1,2,0,4,0,4,6,3,14,2,5,7,0,0,3,2,8,2,1,2,0,0,0,2,0,2,5,10
394,4,0,1,7,4,6,0,3,0,2,6,4,5,7,0,0,3,2,8,2,1,2,3,2,5,3,0,2,5,0
221,1,1,1,2,0,1,0,3,3,2,5,2,7,7,0,0,3,2,8,2,1,3,3,2,5,3,3,2,5,12
221,1,0,1,4,0,3,11,3,3,2,2,2,3,7,0,0,3,2,8,2,1,3,0,1,1,2,3,2,5,3
563,0,1,1,4,0,3,4,3,6,2,6,7,7,3,0,0,3,2,8,2,1,2,1,1,1,2,0,2,5,1
563,0,1,1,4,0,2,5,3,3,3,2,2,3,3,0,0,3,2,8,2,1,2,1,0,2,2,0,2,5,10
772,2,3,1,4,0,0,5,4,6,3,6,7,7,7,0,0,0,2,2,2,3,2,0,1,4,2,0,2,5,1
772,2,3,1,5,0,4,14,0,6,2,6,4,5,7,0,0,0,2,8,2,3,2,3,2,5,3,0,2,5,10
772,2,3,1,4,0,4,7,3,0,2,12,2,5,7,0,0,0,2,8,2,3,2,2,1,1,2,7,5,6,5
1025,6,0,1,2,0,1,0,3,4,2,9,2,5,1,0,3,3,4,8,1,1,2,2,0,0,2,7,2,2,0
349,4,1,1,4,2,0,8,3,6,2,6,7,7,7,0,0,3,2,8,2,1,2,3,2,5,3,0,2,5,7
349,4,1,1,4,0,2,6,3,5,2,11,7,5,7,0,0,3,2,1,2,1,2,0,1,0,2,7,5,5,14
627,2,3,1,1,0,1,0,3,5,2,7,2,5,1,0,0,3,2,1,1,1,2,3,2,5,3,7,5,5,3
706,6,1,1,1,2,2,8,3,5,2,9,4,5,0,0,0,0,2,8,2,2,2,0,1,0,2,7,5,5,16
706,6,0,1,4,0,3,6,3,5,2,6,4,5,0,0,0,0,2,8,2,2,4,2,0,0,2,0,2,5,10
685,2,3,1,4,0,2,14,3,5,2,6,4,5,7,0,0,3,2,8,1,2,2,0,1,0,2,7,5,5,17
685,2,3,1,2,0,2,5,3,5,2,9,4,5,7,0,0,3,2,6,1,2,7,3,2,5,3,7,5,5,3
873,5,3,1,4,0,2,15,3,5,2,6,4,5,1,0,3,3,4,8,2,2,2,0,1,0,2,0,2,5,11
873,5,3,1,4,0,3,0,3,5,2,6,4,5,1,0,3,3,4,8,2,2,7,3,2,5,3,0,2,5,10
873,5,0,1,4,4,0,3,3,5,2,6,6,5,1,0,3,3,4,1,2,2,2,3,2,5,3,0,2,5,12
1054,1,1,1,4,0,1,0,3,5,2,6,2,5,1,0,0,3,2,8,2,2,7,0,1,1,2,0,2,5,7
1054,1,1,1,4,0,0,9,3,5,2,7,4,5,1,0,0,3,2,8,2,2,13,3,2,5,3,7,5,5,11
515,6,4,0,7,4,6,4,3,5,2,7,2,5,7,0,0,3,2,8,2,1,2,0,1,3,2,0,2,5,1
515,6,3,1,1,0,2,8,3,1,3,7,2,5,7,0,0,3,2,1,2,1,7,0,1,0,2,7,5,5,9
360,6,2,1,4,0,2,5,3,1,3,9,1,5,7,0,0,3,2,8,2,2,4,3,2,5,3,7,5,5,0
360,6,0,1,4,0,3,7,3,1,3,12,4,6,7,0,0,3,2,1,2,2,2,0,1,1,2,7,5,5,10
203,5,1,1,4,0,1,0,3,1,3,9,4,6,7,0,0,3,2,8,2,1,2,3,2,5,3,7,5,5,3
203,5,2,1,4,2,3,3,3,1,2,6,2,5,7,0,0,3,2,8,2,1,2,0,1,1,2,7,5,5,5
646,0,4,0,4,0,1,4,3,6,2,2,1,5,7,0,0,3,2,8,2,1,3,3,2,5,3,0,2,5,3
646,0,3,1,1,1,2,3,3,6,2,7,4,5,7,0,0,3,2,8,2,1,2,0,1,1,2,0,2,5,3
535,0,2,1,1,0,2,0,3,1,2,7,1,5,1,0,0,3,2,8,1,1,2,0,0,3,2,0,2,5,1
175,2,4,0,4,4,2,15,3,2,2,7,2,5,1,0,0,3,2,2,1,1,2,0,1,0,2,0,2,5,10
488,6,1,1,4,0,2,15,3,6,2,7,2,5,1,0,0,3,2,8,2,3,2,1,0,4,2,0,2,5,3
488,6,1,1,1,0,3,3,3,6,2,6,4,5,1,0,0,3,2,8,2,3,4,0,1,0,2,0,2,5,11
488,6,1,1,4,4,4,4,3,6,2,6,3,5,1,0,0,3,2,2,2,3,13,3,2,5,3,7,5,5,10
488,6,0,1,4,0,2,4,3,5,2,9,4,5,1,0,0,3,2,8,2,3,2,0,0,0,2,0,2,5,9
958,6,0,1,1,0,0,3,3,5,2,6,1,5,1,0,0,3,2,8,2,1,9,3,2,5,3,7,5,5,9
958,6,0,1,4,0,3,16,3,5,2,9,2,5,1,0,0,3,2,8,2,1,2,3,2,5,3,0,2,5,12
51,4,3,1,1,2,1,3,3,5,2,6,4,5,3,0,0,3,2,8,2,1,3,0,1,2,2,0,2,5,10
51,4,2,1,4,0,2,3,3,5,2,7,2,5,3,0,0,3,2,1,2,1,3,0,1,1,2,0,2,5,9
755,2,2,1,4,0,4,10,3,5,2,6,1,5,1,0,0,2,2,1,1,1,2,3,2,5,3,7,5,5,1
30,3,0,1,4,0,2,0,3,5,2,12,4,5,1,0,0,0,2,8,1,2,4,0,1,0,2,7,5,5,9
30,3,0,1,2,0,3,0,3,6,3,9,1,5,1,5,0,0,2,8,1,2,2,3,2,5,3,0,2,5,1
64,1,0,1,4,0,2,8,3,6,3,6,4,5,7,0,0,3,2,2,1,2,2,2,0,4,1,0,2,0,3
64,1,0,1,1,0,0,17,3,5,2,9,4,5,7,0,0,3,2,8,1,2,2,3,2,5,3,0,2,5,1
196,2,0,1,4,0,6,14,3,5,2,6,4,5,1,0,3,3,4,8,2,3,2,0,1,1,2,0,2,5,10
196,2,2,1,0,0,0,17,3,1,2,6,2,5,1,0,3,3,4,8,2,3,2,3,2,5,3,3,2,5,9
196,2,2,1,4,0,3,0,3,6,3,9,4,5,1,0,3,3,4,8,2,3,2,0,1,1,1,3,2,5,3
459,1,0,1,4,0,0,0,3,5,3,7,2,5,7,0,0,3,2,2,4,1,2,2,0,2,2,0,2,5,10
459,1,1,1,4,0,2,3,3,3,3,4,4,5,7,0,0,3,2,8,4,1,2,3,2,5,3,7,5,5,12
459,1,1,1,4,0,1,10,3,5,3,6,2,5,7,0,0,3,2,8,4,1,4,0,1,0,2,7,5,5,1
459,1,1,1,7,4,6,10,1,5,3,1,2,5,7,0,0,3,2,2,4,1,2,3,2,5,3,7,5,5,9
443,0,1,1,4,0,1,4,3,0,2,9,2,5,1,0,0,3,2,8,3,4,5,0,1,0,2,0,2,5,5
443,0,3,1,4,0,1,4,3,3,3,9,4,5,1,0,0,3,2,2,3,4,2,3,2,5,3,7,2,5,1
443,0,1,1,4,0,3,8,3,2,3,2,4,3,1,0,0,3,2,8,3,4,2,0,0,2,2,0,2,5,12
443,0,1,1,4,0,0,0,3,2,3,9,4,5,1,0,0,3,2,8,3,4,2,0,1,3,1,0,2,5,0
443,0,1,1,0,2,0,0,3,5,2,14,7,5,1,0,0,3,2,8,3,4,10,0,1,0,2,7,5,5,3
99,3,0,1,0,0,5,0,3,2,2,7,4,5,1,0,3,3,4,8,3,2,2,3,2,5,3,3,2,5,11
99,3,0,1,4,0,0,3,3,5,3,7,3,5,1,0,3,3,4,8,3,2,2,2,0,0,1,0,2,5,11
99,3,1,1,4,0,2,3,3,5,2,2,3,5,1,0,3,3,4,8,3,2,2,2,1,3,2,0,2,5,1
822,2,0,1,4,0,3,0,0,6,2,7,3,5,1,0,0,0,2,8,1,2,2,0,1,1,2,0,2,5,6
822,2,0,1,4,0,3,14,3,5,2,2,3,5,1,0,0,0,2,8,1,2,9,3,2,5,3,0,2,5,0
418,5,1,1,4,2,2,17,3,5,2,2,2,5,0,0,0,3,2,1,2,1,2,0,0,0,2,0,2,5,0
418,5,3,1,1,0,1,7,3,3,2,7,4,5,0,0,0,3,2,2,2,1,2,3,2,5,3,0,2,5,4
428,0,1,1,4,0,1,13,0,2,2,7,4,5,1,0,0,3,2,8,2,1,3,3,2,5,3,0,2,5,0
428,0,3,1,4,0,4,5,3,2,2,12,7,5,1,0,0,3,2,8,2,1,2,0,1,0,2,0,2,5,5
441,5,1,1,4,0,1,8,3,3,2,9,4,5,5,0,0,3,2,2,2,1,3,3,2,5,3,0,2,5,11
441,5,1,1,4,0,1,4,4,0,2,7,2,5,5,0,0,3,2,8,2,1,2,0,0,1,2,0,2,5,0
476,3,1,1,1,0,2,5,3,3,2,6,4,5,7,0,0,3,2,8,1,1,2,2,0,1,2,7,5,0,9
772,6,1,1,4,0,3,6,3,3,2,9,4,5,0,0,0,0,2,1,2,1,2,3,2,5,3,3,2,5,10
772,6,1,1,7,4,6,0,3,3,2,7,1,3,0,0,0,0,2,8,2,1,2,0,1,0,2,3,2,5,1
308,6,3,1,4,0,1,0,3,3,2,9,2,5,3,3,0,3,2,1,2,2,10,3,2,5,3,0,2,5,12
308,6,3,1,4,0,2,0,3,2,2,9,4,5,3,0,0,3,2,8,2,2,2,0,1,0,2,0,2,5,9
308,6,2,1,0,0,1,14,3,6,2,9,2,5,3,0,0,3,2,8,2,2,2,0,1,0,2,3,2,5,16
290,2,4,0,7,4,6,17,3,0,2,7,7,5,7,0,0,3,2,2,3,1,2,3,2,5,3,3,2,5,0
290,2,0,1,7,0,0,11,3,2,2,7,4,5,7,0,0,3,2,8,3,1,2,0,0,1,2,7,5,5,1
290,2,0,1,4,0,1,11,3,2,2,7,1,5,7,0,0,3,2,8,3,1,2,0,0,3,2,1,2,5,16
183,3,1,1,4,0,3,14,3,0,2,3,4,5,7,0,3,3,4,8,2,4,2,3,2,5,3,7,5,5,14
183,3,0,1,4,0,4,0,3,1,2,9,4,5,7,0,3,3,4,1,2,4,8,0,1,0,2,7,5,5,13
183,3,0,1,4,0,1,2,3,2,2,9,1,5,7,0,3,3,4,2,2,4,9,0,1,1,2,7,5,5,12
183,3,0,1,4,0,4,0,3,2,2,9,4,5,7,0,3,3,4,1,2,4,1,1,1,3,2,0,2,5,1
183,3,0,1,2,0,2,5,3,0,2,7,2,5,7,1,3,3,4,8,2,4,3,1,0,1,2,0,2,5,9
516,0,0,1,0,0,0,0,3,0,2,6,2,5,1,0,0,3,2,8,2,1,3,1,0,1,2,0,2,5,0
516,0,0,1,4,0,4,10,3,1,2,7,7,5,1,0,0,3,2,8,2,1,2,0,1,0,2,0,2,5,11
100,6,0,1,7,4,6,13,3,5,2,6,0,5,7,0,0,3,2,8,2,1,9,0,1,1,2,0,2,5,10
100,6,0,1,2,0,4,0,3,5,2,9,2,5,7,0,0,3,2,8,2,1,2,3,2,5,3,3,2,5,12
958,5,2,1,2,0,4,10,3,5,2,6,0,1,7,0,0,3,2,2,2,2,2,0,1,0,2,3,2,5,10
958,5,0,1,7,4,6,17,3,6,2,6,0,5,7,0,0,3,2,2,2,2,10,3,2,5,3,3,2,5,10
958,5,0,1,2,0,1,5,1,5,2,7,0,5,7,0,0,3,2,8,2,2,2,3,2,5,3,3,2,5,9
388,5,0,1,4,0,3,5,3,5,2,6,2,5,1,0,3,3,4,8,2,1,2,0,1,3,2,7,5,5,1
388,5,1,1,4,0,3,9,3,5,2,6,6,5,1,0,3,3,4,8,2,1,10,3,2,5,3,3,2,5,11
531,1,3,1,4,0,2,5,0,5,3,6,1,5,7,0,3,3,4,8,2,1,8,0,0,0,2,3,2,5,9
531,1,4,0,4,0,0,5,3,5,3,7,4,5,7,0,3,3,4,8,2,1,2,3,2,5,3,3,2,5,7
489,5,0,1,5,0,4,9,3,5,3,9,6,5,1,0,0,3,2,8,3,1,3,0,0,0,2,0,2,5,16
489,5,1,1,4,0,4,11,3,1,2,9,2,1,1,0,0,3,2,8,3,1,1,1,0,4,2,7,5,5,14
489,5,1,1,2,0,1,0,3,2,3,2,2,5,1,0,0,3,2,8,3,1,2,0,1,1,2,0,2,5,1
321,3,0,1,4,2,0,8,3,2,3,7,2,5,7,0,0,3,2,8,3,2,2,3,2,5,3,0,2,5,8
321,3,1,1,4,0,2,14,3,5,3,9,2,5,7,0,0,3,2,8,3,2,9,3,2,5,3,3,2,5,13
321,3,1,1,1,0,1,7,3,1,3,7,4,5,7,0,0,3,2,5,3,2,3,3,2,5,3,0,2,5,0
48,5,0,1,1,2,2,17,3,1,3,9,4,5,0,0,0,3,2,8,1,1,2,0,1,1,2,0,2,5,1
560,1,1,1,4,0,3,0,3,1,3,9,2,5,0,0,0,3,2,2,1,1,3,3,2,5,3,7,5,5,11
306,0,0,1,4,0,2,14,3,2,2,7,2,5,1,0,3,3,2,8,2,3,2,0,1,1,2,0,2,5,15
306,0,1,1,2,0,2,8,4,6,3,7,2,5,1,0,3,3,2,8,2,3,13,0,1,0,2,0,2,5,0
306,0,1,1,4,0,2,5,3,5,2,7,4,5,1,0,3,3,2,8,2,3,2,3,2,5,3,0,2,5,12
994,3,3,1,4,0,3,0,3,5,2,7,0,5,1,0,3,3,2,8,1,1,13,0,1,0,2,0,2,5,1
715,1,4,0,4,4,0,17,3,5,3,9,2,5,7,0,0,2,0,8,2,1,2,2,0,4,2,0,2,5,10
715,1,0,1,4,0,1,5,3,1,3,1,4,5,7,0,0,2,0,8,2,1,13,2,0,4,2,3,2,5,11
334,0,0,1,4,0,0,5,3,6,3,7,7,5,1,0,3,3,4,2,2,2,2,3,2,5,3,7,5,5,10
334,0,2,1,7,4,6,5,3,6,3,6,4,5,1,0,3,3,4,2,2,2,2,0,1,0,2,3,2,5,12
334,0,2,1,1,0,2,8,4,6,3,7,4,5,1,0,3,3,4,8,2,2,2,0,1,1,2,0,2,5,13
680,3,1,1,4,0,2,8,3,5,3,6,4,5,1,0,0,0,2,2,2,4,2,3,2,5,3,7,5,5,3
680,3,1,1,4,0,3,0,3,5,3,6,1,5,1,0,0,0,2,2,2,4,2,3,2,5,3,7,5,5,0
680,3,0,1,4,0,1,7,3,5,3,6,4,5,1,0,0,0,2,8,2,4,4,0,0,0,2,0,2,5,3
680,3,0,1,4,2,3,17,3,5,2,7,4,5,1,0,0,0,2,8,2,4,4,0,0,1,2,0,2,5,0
390,1,0,1,4,0,1,0,0,5,3,7,0,5,1,0,0,3,2,2,3,1,2,3,2,5,3,0,2,5,12
390,1,1,1,1,1,2,6,3,5,2,6,3,5,1,0,0,3,2,8,3,1,2,3,2,5,3,3,2,5,10
390,1,2,1,1,0,2,0,3,5,3,9,7,5,1,0,0,3,2,8,3,1,1,0,1,0,2,0,2,5,1
334,0,1,1,4,4,2,0,0,1,3,1,4,5,1,0,3,3,2,8,2,1,2,3,2,5,3,3,2,5,1
334,0,1,1,4,0,2,9,3,0,2,7,7,5,1,0,3,3,2,8,2,1,2,0,1,0,2,0,2,5,2
295,2,2,1,1,0,3,3,3,3,2,9,7,5,1,0,0,3,2,8,1,1,2,0,1,1,2,0,2,5,10
565,6,1,1,4,4,4,17,3,5,2,7,7,5,7,0,0,3,2,8,2,2,2,3,2,5,3,7,5,5,1
565,6,2,1,4,0,2,0,3,5,3,7,7,5,7,0,0,3,2,1,2,2,2,0,1,1,2,7,5,5,0
414,0,2,1,1,0,0,11,3,2,3,7,1,5,7,0,3,3,2,8,1,1,1,3,2,5,3,3,2,5,7
466,1,0,1,7,4,6,8,3,5,2,7,2,5,7,0,0,3,2,2,2,1,2,2,0,0,2,0,2,1,13
466,1,0,1,4,0,3,5,3,1,2,7,7,5,7,0,0,3,2,8,2,1,2,1,0,0,2,0,2,5,13
1027,5,1,1,2,2,1,0,3,5,2,12,4,5,1,0,0,3,2,8,2,1,4,0,0,0,2,3,2,5,10
1027,5,2,1,4,0,0,10,3,6,2,6,2,5,1,0,0,3,2,8,2,1,2,3,2,5,3,0,2,5,12
73,4,2,1,4,0,0,0,3,5,2,6,2,5,1,0,0,3,2,8,2,1,2,3,2,5,3,0,2,5,16
73,4,2,1,0,2,1,11,3,2,2,6,2,5,1,0,0,3,2,8,2,1,2,0,1,1,2,7,2,5,11
680,4,0,1,7,4,6,9,3,5,2,12,6,5,0,0,0,0,2,8,2,1,2,2,1,3,2,0,2,1,10
680,4,0,1,1,2,1,0,0,6,2,12,4,5,0,0,0,0,2,8,2,1,2,3,2,5,3,3,2,5,1
360,0,3,1,4,0,0,5,3,6,2,6,2,5,7,0,0,3,2,8,3,1,7,0,1,4,2,3,2,5,3
360,0,0,1,7,2,2,0,3,6,2,6,2,5,7,0,0,3,2,8,3,1,4,0,1,0,2,7,2,5,1
360,0,1,1,4,0,4,8,0,3,2,12,2,5,7,0,0,3,2,2,3,1,2,3,2,5,3,3,2,5,16
565,2,0,1,4,0,1,9,3,0,2,14,2,5,1,0,0,3,2,8,3,1,2,3,2,5,3,0,2,5,13
565,2,0,1,4,0,2,0,3,3,2,7,2,5,1,0,0,3,2,2,3,1,2,0,1,0,2,0,2,5,4
565,2,0,1,4,0,3,0,3,4,2,7,4,5,1,0,0,3,2,8,3,1,2,2,1,2,1,7,2,1,2
1052,3,1,1,1,0,1,0,3,3,2,7,2,5,7,0,0,3,2,8,2,1,2,3,2,5,3,0,2,5,19
1052,3,0,1,1,2,3,14,3,5,2,9,4,5,7,0,0,3,2,10,2,1,2,0,1,0,2,0,2,5,1
105,6,2,1,4,0,0,7,0,0,2,7,4,5,7,0,0,3,2,1,1,2,2,0,1,4,2,0,2,5,10
105,6,2,1,4,0,2,7,3,0,2,7,4,5,7,0,0,3,2,8,1,2,2,3,2,5,3,3,2,5,13
972,0,1,1,4,0,1,7,3,6,2,4,4,5,7,0,0,3,2,8,1,1,2,3,2,5,3,0,2,5,12
896,0,0,1,4,0,1,10,3,6,2,1,4,5,1,0,3,3,2,8,1,2,3,0,1,1,2,0,2,5,0
896,0,0,1,4,0,1,5,3,3,2,2,2,5,1,0,3,3,2,1,1,2,3,3,2,5,3,7,2,5,11
1041,4,0,1,4,0,1,9,3,6,3,6,2,5,0,0,0,3,2,2,2,1,9,0,1,0,2,0,2,5,9
1041,4,0,1,4,0,3,0,3,6,3,7,2,5,0,0,0,3,2,10,2,1,4,1,1,0,2,7,5,5,16
1046,0,1,1,4,0,3,0,3,6,3,6,4,5,7,1,0,3,2,8,2,1,4,3,2,5,3,7,5,5,0
1046,0,1,1,1,0,2,14,3,6,3,6,2,5,7,0,0,3,2,10,2,1,2,0,1,0,2,7,5,5,1
466,1,2,1,7,0,6,5,3,6,3,7,2,5,1,0,0,3,2,10,2,1,2,3,2,5,3,3,2,5,16
466,1,1,1,7,0,1,5,3,3,3,9,4,5,1,0,0,3,2,10,2,1,4,3,2,5,3,3,2,5,14
362,3,1,1,1,0,2,5,3,3,3,6,7,7,1,0,0,3,2,8,2,1,4,0,0,2,2,0,2,5,13
362,3,3,1,4,0,2,11,3,3,2,9,7,5,1,3,0,3,2,8,2,1,2,0,1,1,2,3,2,5,12
340,5,1,1,4,0,3,9,4,6,3,12,2,5,0,0,0,3,2,2,2,1,7,3,2,5,3,0,2,5,1
340,5,3,1,4,0,2,7,3,3,2,6,2,2,0,0,0,3,2,2,2,1,4,0,0,0,2,3,2,5,9
660,2,0,1,4,0,3,9,3,2,2,7,7,5,7,0,0,0,2,8,2,2,9,0,1,0,2,1,2,5,0
660,2,0,1,1,0,4,7,3,3,2,7,4,5,7,0,0,0,2,8,2,2,2,3,2,5,3,0,2,5,11
939,6,1,1,1,0,2,9,3,3,2,2,7,5,7,0,0,3,2,8,2,1,2,3,2,5,3,0,2,5,10
939,6,3,1,1,0,0,14,3,6,2,6,2,5,7,0,0,3,2,8,2,1,2,0,1,0,2,0,2,5,12
590,3,2,1,1,0,2,0,3,6,2,7,2,5,2,0,0,0,2,8,1,1,2,2,1,1,2,0,2,5,10
909,6,1,1,1,0,2,5,3,6,2,6,2,6,7,0,3,2,4,6,2,1,2,2,1,3,2,0,2,2,10
909,6,3,1,1,0,1,13,3,6,2,6,2,5,7,0,3,2,4,8,2,1,2,2,1,1,2,0,2,4,9
147,0,0,1,1,0,2,5,3,3,2,6,2,2,7,0,0,3,2,2,3,2,2,3,2,5,3,3,2,5,1
147,0,0,1,7,4,2,5,3,3,2,2,4,2,7,0,0,3,2,1,3,2,2,2,1,4,2,3,2,0,11
147,0,2,1,4,0,3,11,3,3,2,6,4,1,7,0,0,3,2,8,3,2,2,0,1,1,2,3,2,5,9
516,5,1,1,4,0,3,0,3,2,2,7,0,1,7,0,0,3,2,8,2,1,4,0,0,0,2,0,2,5,7
516,5,2,1,1,0,4,0,3,6,3,7,2,5,7,0,0,3,2,8,2,1,2,3,2,5,3,7,2,5,16
127,3,3,1,1,0,2,0,3,2,2,2,5,7,7,0,0,3,2,8,2,1,2,0,1,0,2,7,2,5,14
127,3,2,1,1,2,2,11,3,0,3,12,4,5,7,0,0,3,2,8,2,1,3,2,1,0,1,3,2,5,1
141,2,0,1,1,0,1,4,4,6,3,2,2,5,7,0,0,3,2,8,2,1,2,1,0,1,2,0,2,5,8
141,2,0,1,1,0,3,8,3,3,3,6,4,5,7,0,0,3,2,8,2,1,3,0,1,2,2,1,2,5,13
1022,0,1,1,1,0,1,4,3,1,2,7,7,5,1,0,0,3,2,2,1,1,4,0,1,1,2,2,2,5,0
985,4,0,1,4,0,3,8,3,3,3,2,2,4,1,0,0,3,4,6,1,1,2,2,1,0,2,0,2,0,1
757,0,0,1,4,0,4,13,0,0,2,7,0,5,0,2,0,0,2,8,2,1,7,2,1,4,2,0,2,6,11
757,0,1,1,4,0,1,4,0,3,3,7,0,5,0,0,0,0,2,1,2,1,2,0,1,0,2,0,2,5,15
731,3,0,1,1,0,2,17,1,2,2,6,2,1,0,0,0,0,2,8,2,5,4,0,1,1,2,7,2,5,0
731,3,0,1,1,0,2,17,1,3,2,7,2,5,0,0,0,0,2,8,2,5,4,1,1,0,2,1,2,5,12
731,3,0,1,1,0,0,5,3,1,2,7,2,5,0,0,0,0,2,1,2,5,4,0,1,0,2,7,2,5,1
731,3,2,1,1,0,6,7,0,6,2,9,2,5,0,0,0,0,2,1,2,5,8,3,2,5,3,7,2,5,10
731,3,2,1,4,0,0,7,3,3,2,9,6,5,0,0,0,0,2,8,2,5,4,0,1,4,2,7,2,5,11
463,5,1,1,7,0,2,0,3,2,2,6,4,5,1,0,0,3,2,8,3,1,4,3,2,5,3,7,5,5,10
463,5,4,0,1,2,0,7,3,6,2,1,7,9,1,0,0,3,2,8,3,1,4,0,1,0,2,0,2,5,12
463,5,4,0,4,0,2,0,0,6,2,6,7,6,1,0,0,3,2,8,3,1,2,3,2,5,3,3,2,5,13
280,3,1,1,4,0,1,10,3,2,2,4,7,5,7,1,0,3,2,8,2,1,2,3,2,5,3,7,5,5,3
280,3,3,1,4,0,1,5,4,6,3,14,6,9,7,0,0,3,2,2,2,1,2,0,1,3,2,0,2,5,0
887,0,0,1,4,0,2,17,3,6,2,9,4,5,1,0,3,0,2,8,2,1,2,0,1,1,2,0,2,5,3
887,0,0,1,4,2,4,0,0,3,2,9,7,5,1,0,3,0,2,8,2,1,2,0,0,1,2,0,2,5,0
718,6,1,1,2,0,4,17,3,0,2,4,7,5,0,0,3,0,4,8,2,1,2,3,2,5,3,0,2,5,12
718,6,1,1,4,0,6,5,3,1,2,9,4,5,0,0,3,0,4,8,2,1,2,3,2,5,3,3,2,5,10
535,5,2,1,4,0,4,17,3,5,2,9,7,5,1,0,0,0,2,8,2,1,2,0,1,0,2,7,5,5,1
535,5,1,1,4,0,1,5,3,6,2,6,4,5,1,0,0,0,2,8,2,1,2,0,1,1,2,7,5,5,1
501,6,0,1,4,0,1,15,3,1,2,6,0,0,1,0,3,0,2,8,1,1,2,1,0,0,2,0,2,5,2
429,3,1,1,4,0,2,5,3,3,2,6,7,5,7,0,0,3,2,8,2,1,2,3,2,5,3,0,2,5,10
429,3,1,1,1,0,2,5,3,0,2,6,4,0,7,0,0,3,2,8,2,1,7,0,1,4,2,7,5,5,1
428,4,1,1,7,2,2,7,3,6,2,6,1,5,7,0,3,0,2,8,2,3,2,0,1,1,2,3,2,5,0
428,4,1,1,4,0,2,14,3,6,2,6,4,5,7,0,3,0,2,8,2,3,4,0,0,0,2,7,5,5,7
428,4,2,1,4,2,2,14,3,6,2,6,7,5,7,0,3,0,2,8,2,3,13,3,2,5,3,7,5,5,13
466,0,0,1,3,0,1,5,3,3,2,9,7,5,0,0,0,0,2,8,2,1,1,1,0,3,2,0,2,5,13
466,0,3,1,4,0,2,5,3,2,2,9,1,5,0,0,0,0,2,8,2,1,2,2,0,4,2,0,2,1,10
990,1,4,0,4,0,4,7,3,6,2,7,1,5,7,0,3,3,5,8,1,1,2,0,1,1,2,0,2,5,12
195,5,0,1,4,0,0,0,3,2,2,2,4,5,7,0,0,3,2,2,2,1,2,3,2,5,3,0,2,5,16
195,5,3,1,1,0,1,17,3,6,2,1,7,5,7,0,0,3,2,8,2,1,2,0,0,0,2,0,2,5,11
777,0,4,0,1,0,1,15,3,6,3,4,4,5,0,5,3,0,4,8,3,1,9,3,2,5,3,0,2,5,10
777,0,0,1,1,0,2,5,4,6,3,9,7,9,0,0,3,0,4,8,3,1,0,0,1,0,1,3,2,5,1
777,0,0,0,4,0,2,7,3,3,2,9,7,8,0,0,3,0,4,8,3,1,0,3,2,5,3,0,2,5,3
662,5,1,1,4,0,3,0,3,1,2,6,0,5,0,0,0,0,2,1,2,1,0,2,1,1,2,0,2,6,1
662,5,0,1,1,2,1,11,3,1,2,0,4,5,0,0,0,0,2,8,2,1,0,3,2,5,3,7,5,5,16
85,0,1,1,4,0,2,14,4,6,3,13,7,5,7,0,0,3,2,8,1,1,4,0,1,0,2,0,2,5,13
408,1,0,1,4,0,4,0,3,6,2,4,7,5,1,0,3,0,2,8,2,2,0,2,1,3,1,0,2,6,4
408,1,2,1,4,0,2,5,3,6,2,9,3,5,1,0,3,0,2,8,2,2,9,0,1,1,2,1,2,5,2
408,1,2,1,2,0,3,7,0,4,2,9,4,5,1,0,3,0,2,8,2,2,0,3,2,5,3,7,5,5,19
506,3,2,1,4,0,2,10,3,2,2,7,4,5,1,0,3,0,2,8,2,5,0,3,2,5,3,0,2,5,1
506,3,2,1,1,0,0,7,0,6,2,9,7,5,1,0,3,0,2,8,2,5,0,0,1,2,2,3,2,5,10
506,3,1,1,4,0,6,7,3,0,2,10,4,1,1,0,3,0,2,8,2,5,0,3,2,5,3,3,2,5,13
506,3,1,1,0,0,0,12,3,1,2,10,4,1,1,0,3,0,2,1,2,5,0,0,1,1,1,1,2,5,12
506,3,1,1,4,0,3,5,3,6,2,6,0,5,1,0,3,0,2,8,2,5,4,0,1,0,2,0,2,5,0
352,4,4,0,4,0,0,5,3,1,2,9,4,1,1,0,3,0,4,8,2,1,2,3,2,5,3,0,2,5,11
352,4,1,1,4,0,2,8,3,6,3,9,7,5,1,0,3,0,4,8,2,1,2,3,2,5,3,1,2,5,16
343,0,3,1,4,0,1,4,3,6,1,5,7,5,0,0,3,0,2,8,2,1,4,0,1,1,1,3,2,5,3
343,0,2,1,7,4,6,0,3,3,3,9,7,5,0,0,3,0,2,2,2,1,2,3,2,5,3,0,2,5,12
958,4,0,1,4,0,1,0,3,2,0,2,7,5,2,0,3,3,2,8,2,1,2,0,1,0,2,0,2,5,11
958,4,1,1,4,0,1,8,3,6,2,6,4,5,2,0,3,3,2,8,2,1,2,2,0,1,2,3,2,5,1
423,1,1,1,4,0,3,0,3,5,2,6,2,7,7,0,0,3,2,8,1,1,2,2,1,1,2,0,2,5,3
329,1,1,1,4,0,0,7,0,6,2,6,2,0,1,0,3,3,0,8,1,1,2,0,0,0,2,0,2,5,1
1060,1,2,1,0,2,0,5,3,1,3,7,4,7,5,0,0,3,2,8,2,2,7,3,2,5,3,0,2,5,1
1060,1,2,1,0,0,5,10,3,1,3,7,4,5,5,0,0,3,2,8,2,2,3,0,1,0,2,3,2,5,0
1060,1,4,0,4,0,0,8,3,5,2,9,2,5,5,0,0,3,2,8,2,2,5,2,1,4,2,1,2,5,17
51,0,0,1,4,0,2,14,3,6,3,7,2,5,1,0,3,3,4,2,1,1,2,0,1,1,2,7,5,5,3
1018,4,2,1,4,0,3,7,3,4,3,7,4,6,7,0,3,3,3,8,1,1,2,3,2,5,3,3,2,5,10
195,4,0,1,4,0,3,8,3,2,3,7,2,5,1,0,3,3,4,8,2,1,2,3,2,5,3,0,2,5,3
195,4,3,1,4,2,2,10,0,2,2,7,4,5,1,0,3,3,4,8,2,1,2,0,1,0,2,0,2,5,0
428,6,0,1,1,0,1,9,3,1,2,7,0,6,7,0,3,0,2,8,2,1,2,0,1,0,2,0,2,5,12
428,6,1,1,4,0,1,5,3,6,2,7,2,5,7,0,3,0,2,6,2,1,2,3,2,5,3,0,2,5,1
669,2,0,1,4,0,4,8,3,1,3,2,2,5,7,0,3,0,4,8,1,1,2,0,1,0,1,3,2,5,10
372,6,3,1,4,0,1,5,3,2,3,7,4,5,0,0,3,0,0,8,2,1,2,3,2,5,3,0,2,5,9
372,6,1,1,4,0,1,8,1,1,3,4,2,5,0,0,3,0,0,2,2,1,2,0,1,1,2,0,2,5,9
438,5,0,1,1,0,2,3,3,6,2,9,0,5,7,0,0,0,2,8,2,1,2,2,0,0,2,7,5,5,10
438,5,0,1,4,0,3,17,0,3,2,7,2,5,7,0,0,0,2,8,2,1,2,3,2,5,3,3,2,5,10
712,2,1,1,7,4,6,7,3,6,2,6,2,5,1,0,3,0,8,8,1,1,4,0,0,0,2,0,2,5,10
965,1,0,1,4,0,1,17,3,6,2,4,5,5,1,0,3,3,4,2,2,1,2,1,0,1,2,0,2,5,11
965,1,0,1,4,0,2,10,3,0,2,4,0,5,1,0,3,3,4,2,2,1,3,0,0,0,2,0,2,5,3
633,3,1,1,0,0,1,13,3,6,2,7,2,5,7,0,0,0,2,8,2,1,4,1,0,0,2,2,2,5,1
633,3,4,0,7,4,6,5,1,3,3,3,2,5,7,0,0,0,2,8,2,1,2,1,0,0,2,1,2,5,0
619,2,2,1,7,0,0,5,3,5,3,6,1,5,0,0,3,0,3,2,1,1,2,3,2,5,3,0,2,5,3
516,4,0,1,4,0,1,11,3,1,2,2,4,5,1,0,3,0,8,2,1,1,2,0,1,0,2,3,2,5,3
389,6,1,1,4,0,3,0,1,2,2,3,4,7,5,0,3,0,4,8,1,1,2,3,2,5,3,0,2,5,10
521,5,0,1,4,0,4,0,3,3,2,6,7,5,2,0,3,0,4,8,2,1,2,3,2,5,3,7,5,5,13
521,5,0,1,4,0,1,0,3,1,2,7,2,0,2,0,3,0,4,8,2,1,2,0,1,1,2,0,2,5,1
322,1,0,1,4,0,4,11,3,0,3,6,4,5,1,0,3,3,0,2,1,1,2,2,1,1,2,0,2,0,1
511,6,3,1,2,0,2,4,3,1,3,6,2,7,1,0,3,0,4,8,2,2,2,0,1,0,2,3,2,5,10
511,6,0,1,0,0,0,8,3,6,2,7,0,3,1,0,3,0,4,8,2,2,2,3,2,5,3,3,2,5,10
655,5,1,1,4,0,4,4,3,0,2,6,4,6,7,0,3,0,2,8,1,2,4,3,2,5,3,0,2,5,17
655,5,1,1,7,4,6,8,3,6,2,9,4,5,7,0,3,0,2,6,1,2,7,0,1,2,2,0,2,5,2
452,1,1,1,2,0,4,13,3,5,3,7,2,5,7,0,0,0,2,8,2,1,4,3,2,5,3,3,2,5,12
452,1,0,1,2,0,4,4,3,1,3,6,0,5,7,0,0,0,2,8,2,1,4,0,1,0,2,0,2,5,11
637,6,0,1,7,4,6,17,3,2,3,6,4,7,0,0,3,0,2,1,1,1,7,3,2,5,3,3,2,5,12
728,0,1,1,2,0,1,17,4,6,3,6,7,5,1,0,0,0,2,8,2,2,2,0,1,1,2,0,2,5,13
728,0,1,1,4,0,3,5,3,2,2,7,2,6,1,0,0,0,2,8,2,2,2,0,0,0,2,0,2,5,13
728,0,0,1,4,0,3,7,3,6,2,2,4,5,1,0,0,0,2,8,2,2,2,3,2,5,3,0,2,5,9
317,0,2,1,4,0,2,7,3,5,2,4,4,5,7,0,3,3,2,8,1,1,2,3,2,5,3,0,2,5,10
428,6,1,1,4,0,0,0,3,0,2,6,0,5,7,0,0,0,2,2,2,1,9,0,1,0,2,0,2,5,9
428,6,0,1,5,0,4,7,3,5,2,2,4,5,7,0,0,0,2,8,2,1,2,0,1,2,2,7,5,5,12
889,2,0,1,4,0,4,0,3,6,3,6,4,5,0,0,3,0,4,8,3,1,2,3,2,5,3,0,2,5,3
889,2,2,1,2,0,1,10,3,6,2,6,7,5,0,0,3,0,4,8,3,1,2,3,2,5,3,0,2,5,10
889,2,2,1,4,2,0,5,3,6,3,9,2,5,0,0,3,0,4,8,3,1,2,0,1,0,2,7,5,5,13
95,4,2,1,4,0,2,17,3,2,3,6,2,5,7,0,3,3,2,2,2,1,2,0,1,1,2,3,2,5,1
95,4,0,1,1,0,1,0,3,2,3,9,4,5,7,0,3,3,2,8,2,1,3,3,2,5,3,0,2,5,10
461,6,0,1,1,2,2,17,3,1,3,6,0,5,7,0,0,0,2,2,2,2,2,0,1,0,2,0,2,5,3
461,6,0,1,4,0,3,5,3,1,2,6,0,5,7,0,0,0,2,8,2,2,2,2,1,1,2,3,2,0,10
461,6,0,1,4,0,2,17,4,6,2,7,2,5,7,0,0,0,2,6,2,2,9,0,0,0,2,0,2,5,12
418,0,1,1,2,0,2,5,3,5,2,7,2,5,7,0,0,0,2,8,1,1,2,3,2,5,3,1,2,5,1
44,1,0,1,4,0,2,15,3,3,2,9,2,5,0,0,3,3,4,8,2,2,2,0,0,1,1,0,2,5,11
44,1,2,1,4,0,3,5,3,5,3,2,2,5,0,0,3,3,4,8,2,2,2,3,2,5,3,0,2,5,12
73,1,1,1,4,4,0,5,0,5,2,2,0,5,7,0,3,3,4,8,2,1,2,0,1,1,2,7,5,5,0
73,1,1,1,4,0,1,7,3,1,2,9,0,5,7,0,3,3,4,8,2,1,2,1,0,0,2,0,2,5,18
516,0,0,1,4,0,0,14,3,6,2,6,2,6,7,0,3,0,4,1,1,1,2,3,2,5,3,0,2,5,4
471,2,0,1,7,4,6,14,3,2,2,6,2,6,7,2,3,0,4,6,2,2,3,3,2,5,3,0,2,5,3
471,2,0,1,1,0,2,5,3,1,3,9,2,5,7,0,3,0,4,8,2,2,2,2,1,3,2,0,2,5,4
473,2,2,1,4,0,2,5,3,2,3,2,7,5,0,0,3,2,4,6,1,1,2,0,0,1,2,7,5,5,3
463,6,0,1,4,0,3,7,3,6,3,7,2,5,7,0,3,0,4,8,1,1,2,0,1,0,2,0,2,5,11
574,1,0,1,4,0,1,0,3,6,3,6,2,5,7,0,0,0,2,8,2,2,2,3,2,5,3,1,2,5,3
574,1,1,1,4,2,3,17,3,6,3,7,2,5,7,0,0,0,2,8,2,2,3,0,1,0,2,7,5,5,1
672,4,1,1,4,0,1,15,3,6,3,7,2,5,1,0,3,0,4,4,1,2,2,3,2,5,3,0,2,5,9
672,4,1,1,1,1,2,5,3,6,3,14,6,5,1,0,3,0,4,8,1,2,4,0,1,1,2,7,5,5,3
200,1,2,1,1,0,2,7,0,1,3,9,2,9,7,0,0,3,2,2,2,1,4,1,0,3,2,0,2,5,1
200,1,2,1,4,4,2,0,3,4,3,2,4,5,7,0,0,3,2,8,2,1,2,2,0,0,2,0,2,4,3
837,4,1,1,4,0,2,11,4,6,3,7,4,5,7,0,3,0,2,8,1,1,2,2,1,1,2,3,2,1,3
244,0,1,1,1,0,3,14,3,5,3,7,1,5,7,0,0,3,2,8,2,1,2,1,1,3,2,0,2,5,3
244,0,2,1,4,4,4,0,3,5,2,9,2,5,7,0,0,3,2,1,2,1,2,3,2,5,3,1,2,5,1
446,4,1,1,4,0,2,5,3,5,3,6,1,5,3,0,0,0,2,8,1,1,4,0,1,1,2,0,2,5,1
182,3,2,1,1,0,0,7,3,5,2,4,2,5,0,0,0,3,2,8,2,1,2,3,2,5,3,7,5,5,3
182,3,1,1,4,0,3,10,0,6,2,9,0,5,0,0,0,3,2,8,2,1,1,0,1,0,2,0,2,5,16
235,5,0,1,1,2,1,7,3,6,2,6,5,5,1,0,0,3,2,6,2,1,2,2,1,1,2,3,2,2,1
235,5,1,1,4,0,2,7,3,1,3,7,6,5,1,0,0,3,2,2,2,1,2,0,1,0,1,7,5,5,10
164,5,1,1,4,0,4,12,3,5,3,2,7,5,0,0,0,3,2,8,3,3,2,2,0,0,2,3,2,1,13
164,5,0,1,4,0,2,5,3,3,3,4,6,5,0,0,0,3,2,8,3,3,2,3,2,5,3,3,2,5,1
164,5,1,1,2,0,3,5,3,5,2,1,1,5,0,0,0,3,2,2,3,3,2,0,0,4,2,7,5,5,1
164,5,1,1,4,0,2,8,3,5,2,0,4,5,0,0,0,3,2,8,3,3,2,0,0,1,2,0,2,5,16
991,6,0,1,1,0,0,4,3,5,2,7,2,5,7,0,0,3,2,8,3,1,3,0,0,3,2,0,2,5,13
991,6,0,1,4,0,6,0,3,5,3,7,2,5,7,0,0,3,2,8,3,1,2,3,2,5,3,2,2,5,4
991,6,2,1,0,0,0,0,3,5,2,4,2,9,7,0,0,3,2,6,3,1,4,0,1,3,2,3,2,5,16
145,0,2,1,4,0,3,4,0,1,3,7,2,5,7,0,3,3,8,6,3,1,2,2,0,1,2,3,2,1,12
145,0,2,1,4,0,0,6,0,6,3,6,7,5,7,0,3,3,8,1,3,1,2,0,1,0,2,0,2,5,9
145,0,1,1,4,0,2,5,3,5,3,14,7,5,7,0,3,3,8,8,3,1,2,3,2,5,3,1,2,5,13
186,4,1,1,4,0,1,14,3,6,3,6,2,5,0,0,0,3,2,8,2,1,2,2,1,4,2,7,5,5,12
186,4,1,1,7,4,6,0,3,6,3,6,4,5,0,0,0,3,2,8,2,1,13,3,2,5,3,0,2,5,11
99,3,3,1,4,0,1,7,1,5,3,7,7,5,0,0,3,3,2,1,3,4,3,0,1,4,2,0,2,5,1
99,3,0,1,4,0,1,7,0,1,3,7,7,5,0,0,3,3,2,1,3,4,13,3,2,5,3,0,2,5,1
99,3,1,1,4,0,3,15,3,5,2,7,4,5,0,0,3,3,2,8,3,4,2,0,0,0,2,3,2,5,1
99,3,1,1,4,0,0,0,3,3,3,7,7,5,0,0,3,3,2,8,3,4,2,3,2,5,3,7,2,5,4
64,1,2,1,0,2,0,3,4,6,3,9,4,5,1,0,3,3,2,8,1,1,13,0,1,4,2,2,2,5,0
728,4,1,1,0,0,5,3,3,1,2,2,4,5,0,0,0,2,0,2,2,1,2,0,1,0,2,0,2,5,9
728,4,1,1,4,0,0,5,3,1,3,6,0,5,0,0,0,2,0,8,2,1,2,3,2,5,3,0,2,5,2
445,0,2,1,4,0,2,5,3,1,3,2,7,5,3,0,3,0,2,2,2,2,2,3,2,5,3,0,2,5,9
445,0,1,1,4,0,3,4,3,1,3,7,2,5,3,0,3,0,2,8,2,2,2,0,1,4,2,7,5,5,10
149,5,2,1,4,0,3,0,3,6,3,14,7,5,7,0,3,3,2,8,2,1,2,2,1,4,2,0,2,0,13
149,5,1,1,4,2,2,15,3,0,3,12,7,3,7,0,3,3,2,2,2,1,2,3,2,5,3,0,2,5,12
967,5,2,1,1,0,1,7,3,2,3,6,2,6,7,0,0,3,2,8,3,3,2,0,1,1,2,7,5,5,1
967,5,0,1,4,0,1,0,3,4,3,7,7,3,7,0,0,3,2,8,3,3,4,0,0,0,2,0,2,5,13
967,5,1,1,4,0,4,0,3,5,3,6,4,5,7,0,0,3,2,2,3,3,2,3,2,5,3,0,2,5,10
418,5,0,1,4,0,1,0,3,6,3,7,4,5,1,0,3,0,2,2,1,1,2,0,0,0,2,3,2,5,3
463,6,4,0,4,0,1,0,3,1,3,7,2,5,0,0,0,0,2,8,1,1,2,3,2,5,3,0,2,5,10
1071,4,1,1,1,0,2,11,3,6,3,6,4,5,7,0,0,3,2,8,2,1,2,2,1,4,1,0,2,6,9
1071,4,2,1,4,0,3,4,3,6,2,7,0,5,7,0,0,3,2,8,2,1,2,0,0,1,2,0,2,5,10
476,0,1,1,7,4,6,5,3,6,3,2,7,5,7,0,0,0,2,8,2,1,2,3,2,5,3,0,2,5,9
476,0,4,0,4,0,1,5,3,6,2,6,2,5,7,0,0,0,2,8,2,1,3,0,1,0,2,0,2,5,11
535,5,0,1,4,0,2,14,3,3,2,6,2,5,7,0,3,0,3,8,2,3,2,3,2,5,3,0,2,5,0
535,5,1,1,0,0,1,7,3,1,3,7,4,7,7,0,3,0,3,8,2,3,2,2,1,4,1,0,2,5,10
535,5,1,1,7,4,6,0,3,1,3,9,4,5,7,0,3,0,3,8,2,3,2,0,1,1,2,7,5,5,13
535,5,1,1,7,0,0,8,3,5,2,9,4,5,7,0,3,0,3,8,2,3,2,0,1,0,2,0,2,5,10
200,0,1,1,4,0,1,6,3,2,1,14,2,5,3,0,0,3,2,8,2,2,2,2,1,3,1,7,5,0,11
200,0,0,1,4,0,3,0,3,5,1,7,7,5,3,0,0,3,2,8,2,2,2,2,1,0,2,0,2,5,9
990,6,2,1,4,0,4,8,3,5,2,6,6,3,1,0,3,3,4,8,1,1,2,0,1,2,1,2,2,5,11
242,5,3,1,4,0,1,6,0,5,2,12,0,5,1,0,3,3,2,8,1,1,2,3,2,5,3,3,2,5,10
369,1,1,1,4,0,4,14,3,5,2,7,2,3,5,0,3,1,2,8,2,2,2,0,1,0,1,0,2,5,11
369,1,1,1,2,0,2,5,3,2,2,7,2,8,5,0,3,1,2,8,2,2,2,3,2,5,3,7,5,5,3
1019,4,0,1,0,0,0,15,0,5,2,2,2,5,7,0,3,3,3,8,2,2,2,0,1,1,2,3,2,5,7
1019,4,2,1,4,0,4,0,4,6,3,6,6,6,7,0,3,3,3,8,2,2,2,0,1,1,2,7,5,5,3
1019,4,2,1,7,4,6,3,3,6,3,7,2,6,7,0,3,3,3,8,2,2,4,3,2,5,3,7,5,5,0
789,4,1,1,2,0,4,0,0,6,2,9,0,5,1,0,3,0,3,2,1,1,2,0,1,0,2,0,5,5,12
944,6,2,1,2,0,4,9,3,6,3,6,2,5,0,0,3,0,8,8,2,1,2,3,2,5,3,7,5,5,1
944,6,1,1,7,4,6,4,3,6,3,6,4,5,0,0,3,0,8,1,2,1,2,0,1,0,2,5,2,5,1
128,6,2,1,2,0,1,8,3,4,3,6,2,5,7,0,0,3,2,8,1,1,2,3,2,5,3,0,2,5,10
491,4,2,1,4,0,3,5,1,0,3,2,6,5,5,0,3,0,4,2,2,1,2,3,2,5,3,0,2,5,10
491,4,3,1,4,0,3,7,3,6,3,6,2,5,5,0,3,0,4,8,2,1,2,0,0,1,2,0,2,5,0
279,2,1,1,4,0,2,0,3,0,3,6,2,6,7,0,0,3,7,8,2,1,2,0,1,0,2,7,5,5,1
279,2,0,1,4,0,0,3,3,6,3,6,2,6,7,0,0,3,7,8,2,1,4,3,2,5,3,0,2,5,12
793,2,4,0,5,0,4,4,3,2,2,6,2,5,1,0,0,0,2,8,1,1,2,0,1,0,1,0,2,5,0
433,6,2,1,4,0,4,3,3,6,2,7,2,5,7,0,3,0,7,8,1,1,2,3,2,5,3,3,2,5,12
113,2,0,1,2,0,1,0,3,6,2,9,0,5,7,0,0,3,2,6,2,3,2,1,1,0,2,0,2,5,9
113,2,2,1,4,2,0,15,3,6,2,2,4,5,7,0,0,3,2,2,2,3,2,0,1,4,1,7,5,5,18
113,2,2,1,4,0,2,15,3,6,2,7,2,5,7,0,0,3,2,8,2,3,2,3,2,5,3,6,2,5,10
113,2,2,1,1,0,1,3,3,6,2,1,2,5,7,0,0,3,2,2,2,3,2,0,1,1,2,0,2,5,10
55,3,2,1,1,2,2,4,4,6,3,14,6,5,7,0,0,3,2,8,2,2,2,0,0,0,2,7,5,5,10
55,3,1,1,4,0,3,4,3,5,2,4,4,6,7,0,0,3,2,8,2,2,2,3,2,5,3,0,2,5,0
55,3,1,1,4,0,2,3,3,6,2,7,2,5,7,0,0,3,2,8,2,2,2,0,1,0,2,2,2,5,12
481,5,1,1,2,0,2,16,3,5,3,7,7,5,7,0,3,0,4,8,2,1,3,3,2,5,3,2,2,5,2
481,5,0,1,4,0,2,3,3,2,2,2,7,5,7,0,3,0,4,8,2,1,2,2,0,4,2,3,2,5,16
225,6,2,1,4,0,3,3,3,2,2,2,4,5,2,0,0,3,2,2,2,2,2,0,1,0,1,0,2,5,13
225,6,2,1,4,4,0,10,3,6,2,7,2,5,2,0,0,3,2,8,2,2,2,3,2,5,3,0,2,5,0
225,6,1,1,4,0,1,0,3,6,2,7,1,5,2,0,0,3,2,2,2,2,2,2,0,0,2,0,2,3,11
326,5,0,1,4,0,0,0,0,1,3,1,2,5,1,5,0,3,2,8,1,1,3,0,0,1,2,7,5,5,0
1065,4,2,1,7,4,6,8,3,1,3,7,4,5,7,0,0,3,2,8,1,1,2,3,2,5,3,7,5,5,10
132,1,4,0,1,0,2,17,3,2,3,6,4,5,7,0,0,3,2,8,3,1,4,3,2,5,3,0,2,5,9
132,1,0,1,4,0,2,14,3,2,2,2,2,5,7,0,0,3,2,8,3,1,4,0,1,0,2,2,2,5,0
132,1,0,1,4,0,3,17,3,1,3,6,2,5,7,0,0,3,2,8,3,1,2,3,2,5,3,0,2,5,13
68,6,3,1,4,0,1,0,4,6,2,6,4,7,1,0,3,3,2,8,2,2,2,0,1,0,2,7,5,5,10
68,6,3,1,4,2,3,0,3,1,2,7,4,5,1,0,3,3,2,8,2,2,2,0,1,0,2,0,2,5,9
68,6,1,1,4,0,1,3,0,6,3,9,2,5,1,0,3,3,2,8,2,2,2,3,2,5,3,0,2,5,10
506,4,0,1,1,1,2,10,3,1,2,6,2,6,7,0,0,0,2,8,2,1,4,3,2,5,3,1,2,5,0
506,4,1,1,1,0,2,10,3,1,3,9,7,5,7,0,0,0,2,8,2,1,2,0,0,1,2,7,5,5,0
506,0,1,1,4,4,2,4,3,5,2,9,2,5,7,0,0,0,2,8,2,1,1,3,2,5,3,4,2,5,11
506,0,0,1,4,0,2,4,3,6,2,7,0,5,7,0,0,0,2,6,2,1,2,0,1,1,2,0,2,5,0
136,0,1,1,1,0,3,8,3,6,2,3,1,5,7,0,0,3,2,2,1,2,2,0,1,1,2,3,2,5,3
136,0,1,1,4,4,4,0,0,6,2,7,4,5,7,0,0,3,2,8,1,2,2,2,1,0,1,3,2,2,3
944,6,2,1,4,0,2,0,3,6,2,7,4,5,1,0,3,0,3,8,2,1,2,1,0,4,2,0,2,5,11
944,6,1,1,1,0,0,0,3,6,2,1,1,6,1,0,3,0,3,2,2,1,2,3,2,5,3,7,5,5,7
6,1,0,1,7,4,6,3,3,6,2,7,4,5,7,0,3,0,2,8,2,1,2,0,1,0,2,0,2,5,10
6,1,1,1,4,0,3,3,3,6,2,7,4,5,7,0,3,0,2,8,2,1,3,3,2,5,3,0,2,5,0
580,2,0,0,2,2,1,0,3,6,2,7,4,5,2,0,3,0,2,8,2,1,2,0,1,0,2,3,2,5,12
580,2,1,1,4,0,0,14,3,4,2,6,2,5,2,0,3,0,2,6,2,1,4,0,1,4,2,0,2,5,10
535,6,1,1,4,0,0,17,3,1,2,7,2,6,7,0,0,0,2,6,2,1,2,3,2,5,3,7,2,5,11
535,6,3,1,0,2,1,7,3,6,2,9,2,5,7,0,0,0,2,1,2,1,2,3,2,5,3,0,2,5,11
141,4,4,0,7,4,6,13,3,2,2,7,4,5,1,0,3,3,2,8,2,1,2,0,1,0,2,7,5,5,12
141,4,0,1,1,2,1,5,3,5,2,7,4,5,1,0,3,3,2,8,2,1,2,0,1,0,2,0,2,5,3
740,0,0,1,4,0,0,8,3,6,3,2,4,5,1,0,0,0,2,8,1,1,13,3,2,5,3,7,5,5,1
963,1,0,1,7,2,2,4,3,0,0,6,4,5,1,0,3,3,2,1,1,1,3,0,1,1,1,3,3,5,0
939,0,1,1,4,0,4,5,3,3,2,12,7,5,7,0,0,3,2,1,2,1,13,3,2,5,3,0,2,5,9
939,0,1,1,4,0,1,6,3,1,2,7,4,5,7,0,0,3,2,8,2,1,2,2,0,0,2,0,2,1,3
766,2,4,0,4,0,2,0,3,0,2,6,4,5,7,0,0,0,2,8,2,1,2,0,1,0,2,2,2,5,4
766,2,0,1,4,0,3,0,3,0,2,9,7,3,7,3,0,0,2,8,2,1,13,0,1,1,2,7,5,5,4
317,6,2,1,1,0,1,0,3,0,2,4,1,5,7,0,0,3,2,2,2,1,2,1,1,3,2,7,5,5,11
317,6,1,1,1,2,3,14,3,1,2,7,4,5,7,0,0,3,2,8,2,1,2,0,0,0,2,2,2,5,0
418,6,4,0,4,0,0,17,3,0,2,9,4,5,7,0,3,0,3,2,2,1,2,3,2,5,3,0,2,5,1
418,6,1,1,4,0,2,11,3,0,2,1,2,5,7,0,3,0,3,8,2,1,2,2,0,0,2,0,2,5,3
369,5,0,1,4,0,1,11,3,5,1,6,7,5,0,0,0,3,2,8,1,1,2,0,0,0,2,7,5,5,10
222,2,1,1,4,0,1,14,3,6,2,5,2,5,3,0,0,3,2,2,2,1,2,3,2,5,3,0,2,5,7
222,2,0,1,4,0,1,0,3,0,2,5,2,5,3,0,0,3,2,8,2,1,2,3,2,5,3,7,5,5,5
175,0,2,1,4,0,1,2,3,0,2,5,4,5,3,0,0,3,2,8,2,1,4,0,0,0,2,0,2,5,1
175,0,0,1,4,0,3,0,0,4,2,5,4,5,3,0,0,3,2,2,2,1,2,2,1,4,1,0,2,1,3
334,0,2,1,4,0,3,5,3,6,2,5,7,3,1,1,0,3,2,2,4,5,2,1,0,0,2,7,5,5,9
334,0,1,1,1,0,2,0,3,6,2,12,7,3,1,0,0,3,2,8,4,5,2,0,1,0,2,7,5,5,18
334,0,1,1,7,0,6,10,3,3,2,5,2,5,1,0,0,3,2,8,4,5,2,3,2,5,3,7,5,5,1
334,0,1,1,7,0,1,13,3,6,2,5,4,5,1,0,0,3,2,8,4,5,2,0,1,0,2,7,5,5,3
334,0,1,1,1,0,2,0,3,6,2,5,2,0,1,0,0,3,2,8,4,5,2,3,2,5,3,2,2,5,12
829,2,3,1,4,0,2,10,3,1,2,5,2,7,1,0,0,0,2,8,2,3,3,3,2,5,3,3,2,5,9
836,0,0,1,4,0,3,17,3,1,2,6,4,7,8,0,0,0,2,8,2,2,2,1,1,3,2,7,5,5,0
836,0,0,1,4,0,2,5,3,1,2,5,4,7,8,0,0,3,2,8,1,1,2,0,1,1,2,4,2,5,17
836,0,0,1,4,0,3,5,3,6,2,5,4,7,8,0,3,3,4,8,2,1,2,3,2,5,3,2,2,5,10
836,0,0,1,1,0,4,9,3,1,2,5,4,5,8,0,3,3,4,8,2,1,2,0,1,1,2,0,2,5,3
352,2,0,1,1,0,2,5,3,6,2,6,4,5,8,0,0,0,2,8,2,1,2,3,2,5,3,2,2,5,10
1014,0,3,1,1,0,0,5,3,6,2,1,4,5,8,0,0,0,2,8,2,1,2,0,1,0,2,0,2,5,0
16,3,0,1,1,0,2,9,3,3,2,6,4,5,8,0,0,3,2,8,2,1,2,3,2,5,3,2,2,5,11
16,3,1,1,1,0,2,11,3,1,2,7,2,6,8,0,0,3,2,8,2,1,1,3,2,5,3,7,2,5,10
16,3,1,1,1,0,1,0,3,3,2,9,2,5,8,0,0,3,2,8,3,3,2,0,1,0,2,0,2,5,10
7,3,0,1,1,0,2,8,3,3,2,9,7,5,8,0,0,3,2,8,3,3,2,0,0,0,2,0,2,5,0
7,3,0,1,7,4,2,14,3,6,2,9,4,5,8,0,0,3,2,8,3,3,9,3,2,5,3,3,2,5,10
326,2,4,1,4,0,3,7,3,3,2,7,4,5,8,0,0,3,2,8,3,3,3,3,2,5,3,7,5,5,0
326,2,1,1,4,0,3,17,3,6,2,6,2,5,8,0,0,3,2,8,1,1,2,0,1,1,2,7,5,5,10
326,2,1,1,1,0,4,0,3,6,3,7,2,5,8,0,0,3,2,2,3,2,3,1,0,1,2,1,2,5,10
388,2,3,1,1,0,2,14,3,3,3,7,7,5,8,0,0,3,2,8,3,2,2,3,2,5,3,0,2,5,10
388,2,3,1,1,2,2,8,3,2,3,6,2,5,8,0,0,3,2,1,3,2,13,0,0,1,2,2,2,5,0
593,0,3,1,1,0,1,5,3,4,3,2,7,5,8,0,0,3,2,8,2,1,2,1,0,3,2,0,2,5,1
593,0,1,1,1,0,3,0,3,5,2,7,2,5,8,0,0,3,2,2,2,1,13,2,0,0,2,0,2,5,9
574,1,2,1,1,0,1,17,3,6,3,7,1,5,8,0,0,0,2,8,3,3,2,3,2,5,3,0,2,5,1
574,1,1,1,4,0,3,5,3,6,3,6,0,5,8,0,0,0,2,8,3,3,13,0,1,4,2,0,2,5,10
574,1,1,0,4,0,4,5,3,6,3,6,1,6,8,0,0,0,2,8,3,3,2,0,1,0,2,0,2,5,16
543,5,0,1,4,0,1,5,3,6,3,6,4,5,8,0,0,0,2,8,3,3,2,3,2,5,3,0,2,5,13
543,5,0,1,1,0,2,8,3,6,2,6,0,5,8,0,0,0,2,8,3,3,2,3,2,5,3,0,2,5,13
466,2,2,1,1,0,2,8,3,5,3,14,2,5,8,0,0,3,2,6,2,3,2,0,1,0,2,0,2,5,1
466,2,0,1,1,0,0,0,3,4,3,6,4,5,8,0,0,3,2,2,2,3,2,1,1,4,2,7,2,5,11
691,3,1,1,1,0,6,7,3,5,3,7,6,5,8,0,0,3,2,8,2,3,4,1,1,2,2,7,2,5,12
691,3,1,1,4,0,0,17,3,6,3,7,0,5,8,0,0,3,2,8,2,3,4,0,1,3,2,7,2,5,0
298,1,2,1,7,0,2,0,0,5,3,7,2,5,8,0,0,3,2,2,2,1,2,0,1,0,2,7,2,5,0
298,1,2,1,1,2,0,0,3,6,3,6,6,5,8,0,0,3,2,8,2,1,2,1,0,1,2,7,2,5,16
298,1,0,1,4,0,2,11,3,6,3,6,6,5,8,0,0,3,0,8,2,1,1,0,1,1,1,7,2,5,10
458,3,1,0,4,0,1,5,3,6,3,6,2,5,8,0,0,3,0,8,2,1,2,3,2,5,3,7,2,5,12
458,3,2,1,4,0,1,11,0,6,2,6,2,5,8,0,0,3,2,8,2,2,2,0,1,0,2,7,2,5,1
711,2,0,1,4,0,2,17,3,1,3,2,4,5,8,0,0,3,2,8,2,2,2,3,2,5,3,0,5,5,0
711,2,0,1,4,2,4,17,0,6,3,6,2,5,8,0,0,3,2,8,2,1,2,0,1,0,2,0,5,5,10
944,5,0,1,2,0,4,0,0,5,3,9,2,5,8,0,0,3,2,1,2,1,2,2,1,1,2,0,2,1,3
944,5,1,1,4,0,6,0,3,6,3,12,2,5,8,0,0,0,2,8,2,1,1,2,0,0,2,0,2,5,11
74,6,1,1,4,0,4,5,3,5,3,6,4,5,8,0,0,0,2,2,2,1,2,2,0,4,2,0,2,5,3
210,6,1,1,4,0,1,0,3,2,3,7,4,5,8,0,0,3,2,8,2,2,2,3,2,5,3,7,2,5,9
210,6,1,1,4,0,1,10,3,6,3,7,0,5,8,0,0,3,2,8,2,2,4,0,1,1,2,0,2,5,10
210,6,1,0,4,0,2,0,0,6,2,7,0,5,8,0,0,3,2,8,2,2,2,0,1,1,2,0,2,5,10
114,4,0,1,1,0,2,11,3,2,2,7,2,5,8,0,0,3,2,8,3,1,2,0,0,1,2,3,2,5,10
114,4,0,1,7,2,2,5,3,5,2,6,0,6,8,0,0,3,2,8,3,1,2,1,0,1,2,0,2,5,0
566,6,0,1,4,0,2,0,3,6,3,6,2,5,8,0,0,3,2,8,3,1,2,0,1,0,2,0,2,5,0
566,6,0,1,4,2,2,4,3,6,3,6,6,6,8,0,0,3,2,8,2,1,2,2,1,1,2,3,2,2,9
1046,0,1,1,3,0,1,10,3,6,3,6,6,6,8,0,0,3,2,8,2,1,7,3,2,5,3,7,5,5,1
1046,0,0,1,4,0,2,10,3,6,3,6,1,5,8,0,3,3,4,8,1,1,4,0,1,0,2,0,2,5,12
260,6,0,1,4,0,4,17,4,6,3,6,2,5,8,0,0,3,2,2,2,1,2,0,0,0,2,2,2,5,9
260,6,2,1,4,0,0,3,3,6,3,6,6,5,8,0,0,3,2,8,2,1,2,3,2,5,3,0,2,5,3
251,0,1,1,1,0,1,5,3,2,3,7,4,5,8,0,0,3,2,2,2,1,2,0,1,4,2,3,2,5,3
251,0,1,1,1,0,1,4,3,6,2,7,2,5,8,0,0,3,2,8,2,1,2,1,0,0,2,0,2,5,5
715,5,4,1,1,0,2,5,4,1,2,9,2,5,8,0,3,3,4,8,1,1,2,3,2,5,3,0,2,5,11
715,5,2,1,4,0,2,9,3,6,2,7,2,5,8,0,0,3,2,10,2,1,2,2,0,1,2,7,5,1,12
917,4,0,1,7,4,6,17,3,2,2,7,2,5,8,0,0,3,2,1,2,1,2,0,1,0,2,0,2,5,3
917,4,1,1,4,0,3,15,0,6,2,7,2,5,8,0,0,3,2,8,3,2,2,2,0,0,2,0,2,5,9
945,4,0,1,4,0,3,17,3,2,3,7,4,5,8,0,0,3,2,8,3,2,2,0,1,3,2,7,5,5,3
945,4,1,2,4,2,3,0,3,6,3,4,4,5,8,0,0,3,2,8,3,2,3,3,2,5,3,7,5,5,12
1007,6,1,1,4,0,7,17,3,2,3,4,4,5,8,0,3,3,4,1,2,1,3,3,2,5,3,0,2,5,1
1007,6,1,0,4,0,2,5,3,6,2,2,0,5,8,0,3,3,4,2,2,1,9,0,1,0,2,0,2,5,0
364,5,2,1,4,0,1,0,3,6,2,7,4,5,8,0,0,3,2,10,2,1,4,1,1,3,2,4,2,5,12
715,0,0,1,1,0,2,0,3,3,3,7,4,5,8,1,0,3,2,8,2,1,4,1,0,1,1,7,5,5,3
715,0,0,1,4,0,1,5,3,5,2,6,4,5,8,0,3,3,2,10,2,1,2,0,1,0,2,7,5,5,9
715,0,0,1,2,2,2,0,3,5,2,6,4,5,8,0,3,3,2,10,2,1,2,3,2,5,3,7,2,5,10
715,0,0,1,4,0,3,0,0,4,3,9,2,5,8,0,0,3,2,10,2,1,4,2,0,1,2,0,2,3,0
831,2,0,0,4,0,1,0,3,5,2,4,4,5,8,0,0,3,2,8,2,1,4,2,1,0,2,0,2,2,0
1046,5,2,1,1,0,1,15,3,6,2,6,4,5,8,3,0,3,2,8,2,1,2,2,1,0,2,7,5,2,10
1046,5,4,1,2,2,3,17,3,6,2,7,4,5,8,0,0,3,2,2,2,1,7,3,2,5,3,7,5,5,0
1046,5,4,1,1,0,0,17,3,6,3,7,2,5,8,0,0,3,2,2,1,2,4,0,1,0,2,7,5,5,3
1046,5,4,1,4,0,3,0,3,6,2,9,4,5,8,0,0,3,2,8,1,2,9,3,2,5,3,7,5,5,0
1046,5,4,1,7,4,6,8,3,6,3,6,2,5,8,0,3,3,2,8,2,1,2,0,1,1,2,0,2,5,10
1046,5,4,1,4,2,2,17,1,6,3,9,7,5,8,0,3,3,2,8,2,1,2,3,2,5,3,0,2,5,1
965,4,3,1,0,0,2,0,3,6,3,6,2,5,8,0,0,3,2,8,2,2,2,0,1,4,2,0,2,5,10
965,4,0,1,4,0,2,9,4,6,3,2,2,5,8,0,0,3,2,8,2,2,2,0,1,1,2,2,2,5,4
632,5,0,0,4,0,3,10,1,2,3,9,2,5,8,0,0,3,2,6,2,2,2,3,2,5,3,0,2,5,10
632,5,0,1,4,0,0,4,3,3,3,12,7,5,8,0,0,3,2,8,1,1,2,0,0,0,2,7,5,5,16
428,5,0,1,4,0,1,14,3,2,3,3,7,3,8,2,3,3,2,2,3,4,2,3,2,5,3,0,2,5,5
428,5,1,1,4,0,4,12,3,1,3,7,4,5,8,0,3,3,2,1,3,4,2,0,1,1,2,0,2,5,11
428,5,1,1,4,0,3,14,3,6,3,12,0,5,8,5,3,3,2,8,3,4,2,3,2,5,3,5,2,5,9
334,2,4,1,4,0,0,0,3,3,2,7,7,5,8,5,3,3,2,8,3,4,4,2,1,3,2,0,2,5,1
334,2,0,1,0,0,2,0,3,2,3,4,4,5,8,0,3,3,2,8,2,1,2,3,2,5,3,0,2,5,0
1061,2,0,1,4,0,2,7,3,5,2,2,2,5,8,2,3,3,2,8,2,1,2,0,1,1,2,0,2,5,1
1061,2,2,0,1,2,4,15,3,6,2,6,2,5,8,0,0,3,3,8,2,1,3,3,2,5,3,0,2,5,5
1061,2,1,1,7,4,6,0,3,6,2,7,2,5,8,0,0,3,3,8,2,1,2,0,1,0,2,1,2,5,12
105,1,0,1,4,0,3,14,3,6,2,6,0,5,8,2,3,3,3,8,2,3,3,1,1,1,2,0,2,5,12
105,1,2,1,4,4,6,0,3,6,2,6,0,5,8,0,3,3,3,2,2,3,4,1,1,2,2,3,2,5,0
207,0,4,1,4,0,0,9,0,6,2,6,0,5,8,0,3,3,3,6,2,3,2,0,1,2,2,0,2,5,1
207,0,0,1,4,2,1,17,3,6,2,9,0,5,8,0,3,3,3,8,2,3,7,1,0,2,2,0,2,5,1
356,4,0,1,7,0,7,0,3,6,2,6,0,5,8,0,0,3,2,1,2,1,2,3,2,5,3,7,5,5,0
356,4,0,1,4,0,3,5,3,1,3,7,4,5,8,0,0,3,2,8,2,1,4,0,0,0,2,0,2,5,0
356,4,1,1,4,2,1,17,3,1,3,4,1,9,8,0,0,3,2,8,1,1,4,3,2,5,3,7,5,5,7
79,4,1,1,4,0,2,11,3,6,2,7,1,5,8,0,0,3,2,1,3,1,4,0,1,1,2,7,5,5,16
79,4,1,1,4,0,1,17,3,6,2,6,0,5,8,0,0,3,2,1,3,1,8,3,2,5,3,7,2,5,0
309,4,0,1,4,0,0,9,0,5,3,6,2,5,8,0,0,3,2,8,3,1,4,3,2,5,3,0,2,5,5
309,4,0,1,4,0,2,9,0,6,2,14,0,5,8,0,3,3,4,8,2,2,4,0,1,0,2,0,2,5,3
516,4,0,1,4,0,1,0,3,6,3,7,6,5,8,0,3,3,4,8,2,2,4,0,0,3,2,0,2,5,9
833,1,0,1,1,0,2,17,3,5,3,6,0,5,8,0,0,3,2,8,2,1,2,3,2,5,3,0,2,5,10
833,1,0,1,0,2,2,0,3,6,2,6,2,5,8,1,0,3,2,8,2,1,2,1,0,0,1,0,2,5,12
833,1,0,1,4,0,1,5,3,2,3,6,4,5,8,0,0,3,2,2,3,1,2,3,2,5,3,0,2,5,17
463,3,1,1,4,0,1,9,3,6,3,7,4,5,8,0,0,3,2,8,3,1,2,1,1,3,2,1,2,5,0
463,3,0,1,4,0,1,4,3,6,2,7,4,5,8,0,0,3,2,8,3,1,2,3,2,5,3,7,2,5,10
463,3,0,1,4,0,2,0,3,6,2,1,4,5,8,0,0,3,2,8,1,1,2,0,1,0,2,0,2,5,9
463,3,0,1,4,0,0,0,3,6,2,2,4,5,8,0,0,0,2,8,4,1,2,3,2,5,3,7,5,5,12
545,0,1,1,4,2,1,0,2,0,2,1,7,5,8,0,0,0,2,8,4,1,2,0,1,0,2,3,2,5,12
49,4,1,1,2,2,1,1,3,2,2,12,7,5,8,0,0,0,2,8,4,1,2,3,2,5,3,7,5,5,10
49,4,2,1,7,0,6,9,3,6,2,2,0,5,8,0,0,0,2,8,4,1,2,0,1,0,2,3,2,5,10
1062,0,3,1,4,2,0,4,3,2,3,6,6,5,8,0,0,3,2,8,3,3,2,0,1,1,2,7,5,5,16
1062,0,0,1,4,4,4,17,3,1,3,9,1,3,8,0,0,3,2,8,3,3,7,3,2,5,3,3,2,5,5
379,1,0,1,2,0,0,17,3,6,2,7,1,5,8,0,0,3,2,8,3,3,2,3,2,5,3,7,5,5,1
379,1,0,1,0,0,0,0,3,6,2,7,4,5,8,0,0,3,2,8,2,1,4,0,1,1,2,7,5,5,0
574,4,0,1,4,0,3,4,0,0,2,4,1,5,8,0,0,3,2,8,2,1,13,0,0,1,2,3,2,5,3
411,6,0,1,2,0,0,5,0,0,2,2,7,3,8,0,0,3,2,8,2,1,1,3,2,5,3,1,2,5,9
190,6,1,1,4,0,1,8,1,0,2,6,7,5,8,0,0,3,2,8,2,1,2,3,2,5,3,2,2,5,9
567,0,1,1,0,1,1,4,3,5,2,6,4,5,8,0,0,3,2,8,2,1,2,0,1,1,2,1,2,5,1
567,0,0,1,2,0,3,14,3,6,3,6,0,5,8,0,0,3,2,2,2,1,2,2,0,0,2,7,5,5,12
453,2,0,1,1,0,2,7,3,1,3,7,2,5,8,0,0,3,2,8,2,1,2,2,1,0,1,1,2,5,2
453,2,2,1,2,0,0,7,3,6,3,6,4,5,8,0,0,3,2,8,2,1,9,2,0,3,1,7,5,5,5
453,2,2,1,2,0,2,4,3,6,2,7,0,5,8,3,0,3,2,8,1,1,0,2,0,1,2,1,2,1,1
516,5,0,1,2,0,1,17,3,3,2,4,2,5,8,0,0,3,2,8,2,1,0,3,2,5,3,1,2,5,3
516,5,0,1,4,0,0,0,3,6,2,9,7,5,8,0,0,3,2,1,2,1,0,0,1,1,2,1,2,5,10
350,4,1,1,0,0,3,5,3,6,2,7,2,5,8,0,0,3,2,8,3,1,0,0,1,1,2,0,2,5,0
306,3,3,1,0,0,1,7,3,2,3,7,1,5,8,0,0,3,2,8,3,1,4,3,2,5,3,0,2,5,10
443,0,1,1,1,0,2,5,3,0,2,7,1,5,8,0,0,3,2,8,3,1,0,0,0,0,2,4,2,5,10
443,0,1,1,1,0,0,0,3,6,3,7,4,5,8,0,0,3,2,8,1,1,9,3,2,5,3,0,2,5,7
443,0,1,1,4,0,6,8,4,6,3,7,2,5,8,0,0,3,2,8,2,1,0,3,2,5,3,3,2,5,16
440,3,2,1,7,4,6,5,0,4,2,9,7,3,8,0,0,3,2,8,2,1,0,0,1,0,2,7,5,5,3
440,3,3,1,1,0,2,10,3,6,2,6,2,5,8,0,0,3,2,8,1,2,0,2,0,0,2,7,5,6,5
364,1,0,1,4,0,1,3,3,6,3,6,2,5,8,0,0,3,2,8,1,2,0,3,2,5,3,0,2,5,9
364,1,1,1,4,0,2,0,3,5,2,7,2,5,8,0,0,3,2,1,3,1,0,0,1,1,2,0,2,5,17
364,1,0,1,2,0,1,0,3,3,2,7,1,5,8,0,0,3,2,8,3,1,4,3,2,5,3,0,2,5,5
1024,4,0,1,4,0,0,7,3,6,2,6,2,5,8,0,0,3,2,8,3,1,2,2,1,1,2,0,2,5,1
1024,4,0,1,4,0,0,17,3,1,3,6,4,5,8,0,0,3,2,8,2,1,2,0,1,0,2,7,5,5,0
1019,2,0,1,4,0,2,3,3,6,2,7,2,5,8,3,0,3,2,8,2,1,4,3,2,5,3,0,2,5,10
77,0,1,1,3,0,7,9,3,6,2,7,2,5,8,0,0,3,2,2,2,1,2,0,1,0,2,3,2,5,10
377,6,0,1,4,0,2,9,0,5,3,9,2,5,8,0,0,3,2,8,2,1,2,3,2,5,3,3,2,5,12
439,4,0,1,4,0,0,7,3,0,2,7,4,5,8,0,0,3,2,8,3,1,2,0,1,2,2,3,2,5,9
439,4,1,1,4,0,1,7,3,6,2,6,4,5,8,0,0,3,2,8,3,1,2,0,1,0,2,0,2,5,9
439,4,1,1,4,0,3,7,3,1,2,6,4,5,8,2,0,3,2,8,3,1,2,3,2,5,3,2,2,5,7
439,4,1,2,4,2,2,9,4,6,3,7,4,5,8,0,0,3,2,8,2,1,7,2,0,0,1,7,5,5,0
343,1,0,1,2,0,0,5,3,5,3,7,6,5,8,0,0,3,2,8,2,1,3,3,2,5,3,3,2,5,0
343,1,0,1,4,0,3,7,3,3,3,7,4,5,8,5,0,0,2,8,1,2,5,0,1,0,2,2,2,5,12
343,1,0,1,4,0,0,9,3,6,2,6,6,5,8,3,0,0,2,2,1,2,2,2,0,0,2,7,5,1,1
343,1,1,1,4,0,1,7,3,3,2,6,2,5,8,0,0,3,2,8,3,1,2,2,0,0,2,7,5,5,1
404,4,0,1,4,0,3,4,3,6,2,7,2,3,8,5,0,3,2,8,3,1,2,3,2,5,3,0,2,5,3
404,4,2,1,4,0,1,7,3,3,2,2,7,5,8,0,0,3,2,8,3,1,7,0,1,0,2,7,5,5,0
404,4,1,1,1,0,2,7,0,6,2,4,4,5,8,2,0,0,2,8,2,2,2,0,1,0,2,0,2,5,1
463,3,0,1,7,4,6,7,1,1,3,7,4,5,8,0,0,0,2,6,2,2,2,3,2,5,3,0,2,5,5
463,3,1,1,1,0,0,8,3,2,2,7,2,5,8,0,0,3,2,8,1,2,4,0,1,1,2,0,2,5,3
129,2,4,1,1,0,2,0,3,0,3,6,4,7,8,0,0,3,2,8,1,2,0,3,2,5,3,0,2,5,10
129,2,2,1,1,0,2,7,3,5,2,7,1,5,8,0,0,3,2,2,2,1,9,3,2,5,3,3,2,5,12
129,2,1,1,4,0,0,5,3,5,2,1,4,3,8,0,0,3,2,8,2,1,2,0,1,0,2,3,2,5,12
129,2,1,1,4,0,2,10,0,5,2,7,2,3,8,2,0,0,2,8,1,1,2,0,1,1,2,0,2,5,12
141,2,2,1,4,0,2,0,0,2,2,2,2,5,8,0,0,3,2,8,1,1,2,0,0,0,2,0,2,5,0
141,2,2,1,4,0,1,8,3,6,3,9,4,5,8,0,0,3,2,2,2,2,2,0,1,4,2,7,5,5,9
141,2,0,1,4,0,0,5,3,2,2,6,2,9,8,0,0,3,2,2,2,2,2,0,0,0,2,0,2,5,3
141,2,0,1,4,0,2,9,3,1,2,7,2,5,8,0,0,3,2,8,2,1,2,3,2,5,3,0,2,5,5
958,0,1,1,4,0,4,7,0,1,3,6,4,5,8,0,0,3,2,8,2,1,2,3,2,5,3,0,2,5,1
958,0,1,1,4,0,2,5,3,6,3,6,7,5,8,0,3,3,4,2,2,4,2,0,1,4,2,7,2,5,12
587,3,0,1,4,2,2,8,3,6,2,7,1,0,8,0,3,3,4,2,2,4,1,0,1,0,2,7,5,5,1
587,3,1,1,7,2,2,7,3,6,2,9,4,5,8,0,3,3,4,8,2,4,1,3,2,5,3,0,2,5,4
646,3,2,1,4,0,2,5,3,6,2,1,1,5,8,0,3,3,4,1,2,4,1,0,1,3,2,0,2,5,9
646,3,2,1,2,0,1,12,3,6,2,2,4,5,8,0,0,3,2,8,1,1,3,3,2,5,3,3,2,5,12
646,3,2,1,0,0,2,0,3,6,2,7,1,5,8,0,0,3,2,8,1,1,2,0,0,3,2,0,2,5,10
646,3,2,0,4,0,3,0,3,6,2,7,4,5,8,2,0,3,2,8,2,1,2,3,2,5,3,0,2,5,3
646,3,2,1,4,0,4,14,3,5,2,7,2,5,8,0,3,3,4,8,2,1,12,0,1,0,2,0,2,5,0
646,3,1,1,1,0,2,7,0,6,2,9,7,5,8,0,3,0,3,8,2,1,2,3,2,5,3,7,5,5,12
248,6,2,1,1,0,1,5,3,3,2,12,7,5,8,0,3,0,3,2,2,1,4,3,2,5,3,0,2,5,12
248,6,0,1,4,0,1,5,3,3,2,2,2,5,8,0,0,3,2,2,2,1,2,3,2,5,3,0,2,5,10
248,6,4,1,4,0,0,3,3,3,2,7,7,5,8,4,0,3,2,8,2,1,2,0,1,0,2,3,2,5,4
248,6,4,1,4,0,1,14,3,4,3,7,2,5,8,3,3,3,4,8,2,2,2,0,1,1,2,7,2,5,3
237,3,3,1,4,0,1,9,3,1,3,6,4,5,8,3,3,3,4,8,2,2,2,3,2,5,3,7,5,5,3
237,3,0,1,4,0,3,0,3,1,3,6,2,5,8,0,0,3,2,8,3,1,5,0,1,0,2,0,2,5,1
952,0,0,1,2,0,4,9,3,1,2,7,4,5,8,0,0,3,2,8,3,1,2,3,2,5,3,0,2,5,3
952,0,0,1,4,0,1,5,3,4,2,3,4,5,8,2,0,3,2,8,3,1,2,0,1,0,2,0,2,5,0
339,4,1,1,2,0,3,0,3,1,3,7,4,5,8,0,0,3,2,8,2,1,2,3,2,5,3,7,5,5,3
619,0,2,1,4,0,3,5,3,6,3,7,2,5,8,0,0,3,2,8,2,1,9,0,1,2,2,0,2,5,3
619,0,1,1,2,0,2,5,3,6,3,7,4,5,8,0,0,3,2,8,1,1,2,3,2,5,3,3,2,5,5
619,0,1,1,4,0,3,8,4,6,3,7,0,5,8,0,0,3,2,8,1,1,2,3,2,5,3,3,2,5,3
464,4,2,1,4,0,0,7,0,6,2,7,2,6,8,2,0,3,2,5,1,1,1,0,1,0,2,7,5,5,10
464,4,2,1,4,0,1,0,3,3,2,3,2,5,8,0,0,3,2,8,2,1,3,3,2,5,3,7,2,5,3
464,4,1,1,1,0,1,0,4,3,2,7,2,5,8,0,0,3,2,2,2,1,1,0,1,1,2,0,2,5,4
270,0,0,1,1,1,2,4,3,6,2,7,1,5,8,0,0,3,2,8,1,1,5,3,2,5,3,0,2,5,16
152,3,1,1,4,0,2,1,3,1,2,7,2,6,8,0,0,3,2,8,2,1,2,0,1,2,2,7,5,5,10
152,3,0,1,2,2,2,0,3,6,3,6,2,5,8,0,0,3,2,8,2,1,2,3,2,5,3,0,2,5,3
948,5,0,1,4,0,3,5,3,5,3,9,2,5,8,0,0,3,2,8,1,1,2,0,1,0,1,3,2,5,12
369,6,1,1,4,0,4,4,3,1,2,7,2,5,8,0,3,3,4,8,2,4,7,1,1,2,1,3,2,5,12
999,6,1,1,4,1,4,4,3,5,3,9,2,5,8,0,3,3,4,8,2,4,1,3,2,5,3,3,2,5,12
999,6,0,1,4,0,3,0,3,5,3,7,4,5,8,0,3,3,4,2,2,4,2,0,1,0,2,7,5,5,12
1004,6,0,1,2,2,2,17,3,1,3,9,0,5,8,0,3,3,4,2,2,4,2,3,2,5,3,3,2,5,10
525,5,0,1,1,2,2,0,3,6,3,6,2,5,8,2,0,3,2,8,1,1,2,0,0,1,2,3,2,5,9
181,0,1,1,4,0,1,10,3,2,3,6,2,6,8,0,0,3,7,2,1,1,7,3,2,5,3,0,1,5,10
181,0,1,1,4,0,1,9,3,5,3,6,0,5,8,0,3,2,4,2,1,1,2,3,2,5,3,0,2,5,0
948,6,0,1,0,0,2,7,3,6,3,1,2,5,8,0,0,3,2,8,2,1,8,0,0,3,2,3,2,5,0
948,6,1,1,4,2,1,0,3,6,3,7,2,5,8,0,0,3,2,8,2,1,5,0,1,3,2,3,2,5,11
880,3,4,1,7,4,6,0,3,6,3,7,7,5,8,2,0,3,2,2,2,1,2,1,1,3,2,0,2,5,9
880,3,0,1,4,0,1,10,3,2,3,7,2,5,8,0,0,3,2,8,2,1,7,3,2,5,3,0,2,5,0
309,2,1,1,4,0,2,10,3,6,3,7,0,5,8,0,0,3,2,8,1,1,2,3,2,5,3,7,5,5,10
478,6,1,1,4,0,1,0,3,1,2,7,4,7,8,0,3,0,2,8,2,2,2,3,2,5,3,0,2,5,12
687,4,0,1,1,0,0,7,3,1,2,6,2,5,8,0,3,0,2,8,2,2,7,0,1,0,2,0,2,5,1
687,4,0,1,2,0,6,8,3,3,2,6,2,5,8,0,0,3,2,8,1,1,2,1,1,3,2,4,2,5,10
687,4,0,1,4,2,0,5,3,5,2,6,1,5,8,0,0,3,2,8,2,1,12,3,2,5,3,1,2,5,10
413,0,1,1,4,0,1,0,3,3,2,9,0,5,8,0,0,3,2,1,2,1,2,3,2,5,3,0,2,5,7
413,0,1,1,4,0,0,0,0,4,2,1,2,5,8,0,0,3,2,8,1,1,2,0,1,1,2,2,2,5,11
413,0,1,1,1,0,3,5,3,5,2,2,0,5,8,4,0,0,2,2,2,1,2,3,2,5,3,7,2,5,0
413,0,4,1,4,0,1,17,3,5,2,6,4,5,8,0,0,0,2,8,2,1,2,2,0,2,2,7,5,1,10
413,0,4,1,4,0,1,7,3,5,2,7,2,5,8,0,0,3,2,8,1,1,1,0,1,1,2,7,5,5,3
632,1,0,1,4,0,1,0,3,6,3,9,7,3,8,0,0,3,2,8,2,1,2,1,0,2,2,1,5,5,10
632,1,0,0,4,0,1,0,3,6,2,12,7,5,8,0,0,3,2,8,2,1,2,3,2,5,3,0,5,5,1
632,1,0,0,1,0,1,0,3,0,2,6,2,5,8,0,0,3,2,8,1,1,2,2,0,0,1,0,5,5,16
334,5,1,1,4,0,1,0,3,3,2,7,7,5,8,0,3,3,2,8,2,1,7,3,2,5,3,0,5,5,3
634,4,1,1,1,0,2,5,3,5,2,7,2,5,8,0,3,3,2,8,2,1,9,0,1,1,2,3,2,5,9
634,4,1,1,1,0,1,7,1,1,3,6,2,7,8,2,0,3,2,8,2,1,2,2,0,1,1,0,2,5,10
202,3,1,1,4,0,3,8,3,6,3,6,2,5,8,0,0,3,2,8,2,1,2,0,0,0,2,2,2,5,16
202,3,1,1,4,0,3,14,3,2,3,7,4,5,8,0,0,3,2,2,2,1,2,1,1,2,2,7,5,5,3
202,3,1,1,2,0,3,7,3,2,2,6,2,5,8,0,0,3,2,8,2,1,2,0,1,1,2,0,2,5,3
388,5,1,1,4,0,2,8,3,1,2,4,2,5,8,0,0,3,2,2,2,1,1,2,0,1,2,3,2,5,9
388,5,1,1,4,2,1,14,3,5,2,6,4,5,8,0,0,3,2,8,2,1,2,3,2,5,3,3,2,5,3
324,1,1,1,1,0,0,5,3,6,3,7,4,5,8,0,0,3,2,8,2,2,2,0,1,0,2,3,2,5,4
458,6,0,1,4,0,1,0,3,3,3,7,2,5,8,0,0,3,2,10,2,2,2,0,1,0,2,7,4,5,0
508,5,0,1,4,0,2,17,3,5,3,6,2,5,8,0,0,3,2,1,2,2,2,1,1,0,2,0,0,5,10
508,5,0,0,7,4,6,0,4,6,3,2,6,5,8,0,3,3,2,8,2,2,2,1,1,0,2,0,2,5,10
508,5,1,1,1,2,2,0,3,6,3,6,7,5,8,0,3,3,2,8,2,2,2,1,1,4,2,3,2,5,1
508,5,2,1,2,1,3,16,3,6,3,9,7,5,8,0,3,3,2,8,2,2,2,1,1,4,2,0,2,5,5
511,2,1,1,4,0,3,17,3,5,2,1,2,5,8,0,0,3,2,1,2,1,2,3,2,5,3,0,2,5,1
511,2,1,0,4,0,0,14,0,2,3,7,7,5,8,0,0,3,2,2,2,1,2,3,2,5,3,0,2,5,0
149,0,0,1,2,2,6,0,3,5,2,2,4,5,8,0,0,3,2,10,2,1,2,2,1,0,2,0,2,3,9
149,0,0,1,4,0,1,0,3,5,2,7,1,5,8,0,0,3,2,8,2,1,7,0,1,0,2,0,2,5,10
315,1,0,1,4,0,2,0,3,3,2,7,2,5,8,2,0,3,2,10,2,1,2,3,2,5,3,0,2,5,1
315,1,0,1,4,0,1,8,3,2,3,2,4,5,8,0,0,3,2,10,2,1,9,2,1,3,2,7,2,5,9
315,1,2,1,4,0,3,5,3,5,3,6,2,6,8,5,0,3,2,10,2,1,2,0,1,0,2,1,2,5,10
315,1,2,1,1,0,2,5,3,5,3,6,0,5,8,0,0,3,2,8,2,1,2,3,2,5,3,7,5,5,4
1018,4,0,0,4,0,2,0,1,2,2,2,2,5,8,0,3,3,4,8,3,2,2,0,0,3,2,0,2,5,4
409,6,1,0,0,0,0,5,1,1,2,7,4,7,8,0,3,3,4,2,3,2,2,3,2,5,3,3,2,5,9
537,2,0,1,1,0,3,5,3,5,2,7,4,5,8,0,3,3,4,2,3,2,7,1,0,0,2,3,2,5,9
537,2,0,0,1,0,2,5,3,5,2,2,4,5,8,0,0,3,2,8,1,1,2,0,0,0,2,7,5,5,16
977,1,0,0,1,0,1,5,3,2,2,4,2,6,8,0,0,3,2,8,2,1,9,3,2,5,3,3,2,5,3
977,1,1,1,1,0,1,0,3,5,2,6,4,5,8,0,0,3,2,8,2,1,2,2,0,3,2,7,5,6,0
466,2,0,1,4,0,2,0,3,5,2,12,4,5,8,0,3,3,2,8,2,1,2,3,2,5,3,3,2,5,5
466,2,1,1,4,0,0,0,3,5,2,7,4,5,8,0,3,3,2,8,2,1,2,0,0,1,2,0,2,5,10
663,5,0,1,4,0,2,10,3,5,2,2,1,5,8,3,0,1,2,6,2,1,2,3,2,5,3,3,2,5,9
251,2,1,1,4,0,2,0,3,5,2,6,4,5,8,0,0,1,2,8,2,1,2,0,1,0,2,3,2,5,0
251,2,0,1,0,0,2,10,3,5,2,7,7,3,8,0,3,0,2,2,2,1,1,2,0,4,2,3,2,1,1
293,0,2,1,4,0,3,10,3,1,2,7,7,5,8,0,3,0,2,1,2,1,3,2,0,1,2,0,2,1,10
385,5,2,1,1,0,1,0,3,5,3,7,2,5,8,0,0,0,2,8,1,2,2,0,0,0,2,1,2,5,2
385,5,2,1,4,0,2,4,3,1,3,7,1,5,8,0,0,0,2,8,1,2,9,3,2,5,3,7,2,5,1
245,2,1,1,7,4,6,0,3,3,2,2,2,6,8,0,0,3,2,8,2,1,2,2,0,0,2,7,5,1,12
245,2,1,1,4,0,2,5,0,1,2,9,2,5,8,0,0,3,2,8,2,1,13,0,0,0,2,7,5,5,10
245,2,0,1,4,0,6,7,3,1,2,6,2,6,8,0,3,0,2,8,1,1,2,3,2,5,3,7,5,5,18
335,1,1,1,4,0,6,8,3,1,2,7,2,5,8,0,0,3,2,8,2,2,2,0,1,0,2,3,2,5,10
335,1,2,1,4,0,0,4,3,1,2,6,2,6,8,0,0,3,2,8,2,2,2,2,0,4,2,0,2,1,1
165,4,0,1,0,2,2,6,3,1,2,7,2,5,8,0,0,3,2,2,2,2,2,2,1,3,1,7,5,5,10
521,6,0,1,4,0,1,8,3,0,2,2,4,5,8,0,0,0,2,6,2,3,9,2,1,4,2,7,5,5,0
521,6,1,1,4,2,2,4,3,5,2,6,2,5,8,0,0,0,2,8,2,3,9,3,2,5,3,0,2,5,3
547,5,1,1,2,0,1,4,3,5,2,7,2,5,8,0,0,0,2,1,2,3,2,0,1,0,2,0,2,5,1
443,0,1,0,4,0,3,0,3,5,2,7,2,5,8,0,0,0,2,8,2,3,1,3,2,5,3,3,2,5,12
443,0,1,1,4,0,4,0,3,3,3,12,2,5,8,0,0,3,2,8,1,1,1,0,1,1,2,0,2,5,10
183,0,1,1,4,0,4,7,3,5,2,2,0,6,8,0,0,0,2,1,1,1,2,3,2,5,3,0,2,5,11
925,0,0,1,7,2,6,7,3,5,3,12,4,5,8,4,0,3,2,1,2,1,5,0,1,4,2,3,2,5,11
925,0,0,1,4,0,1,0,3,1,2,9,0,5,8,0,0,3,2,8,2,1,7,0,1,0,2,3,2,5,12
428,0,0,1,7,4,6,15,4,6,3,6,2,5,8,0,0,0,2,8,2,1,2,3,2,5,3,0,2,5,0
428,0,1,1,1,0,5,7,3,5,3,6,4,5,8,0,0,0,2,8,2,1,1,3,2,5,3,3,2,5,0
428,0,0,1,4,0,3,15,0,2,2,2,2,5,8,0,0,0,2,8,2,1,1,0,1,0,2,7,5,5,10
1028,0,1,1,4,2,3,4,3,1,3,9,4,5,8,0,0,0,2,8,2,1,7,2,1,1,2,7,5,5,12
1028,0,0,1,4,0,3,0,3,5,2,6,7,5,8,0,0,0,2,2,1,1,9,0,1,4,2,7,5,5,10
374,6,1,1,4,0,3,7,3,1,2,9,1,5,8,0,3,0,4,8,2,1,3,3,2,5,3,3,2,5,10
476,3,4,1,4,2,2,0,3,1,2,7,2,5,8,0,3,0,4,8,2,1,2,3,2,5,3,0,2,5,1
246,3,2,1,4,0,4,0,0,1,2,7,2,5,8,0,0,3,2,8,2,1,2,0,0,0,2,1,2,5,0
246,3,0,1,4,0,1,0,3,5,2,9,2,5,8,0,0,3,2,8,2,1,2,3,2,5,3,0,2,5,10
246,3,0,1,4,0,6,0,3,2,2,4,4,5,8,2,0,3,2,8,2,1,2,0,1,0,1,0,2,5,17
246,3,0,0,0,0,0,5,3,1,2,7,4,3,8,0,0,3,2,8,2,1,7,0,1,1,2,0,2,5,12
555,3,4,1,4,0,0,7,3,0,2,6,4,5,8,5,3,3,2,8,1,1,2,3,2,5,3,0,2,5,9
555,3,1,1,4,0,0,8,1,1,2,7,2,7,8,5,0,3,2,8,2,1,2,3,2,5,3,0,2,5,5
555,3,1,1,5,0,2,8,0,0,3,7,4,5,8,0,0,3,2,8,2,1,2,0,1,1,2,0,2,5,9
139,2,1,1,4,0,3,0,3,5,2,7,2,5,8,2,3,0,2,8,2,2,2,3,2,5,3,1,2,5,1
188,3,1,1,4,0,3,3,3,1,2,7,0,5,8,0,3,0,2,8,2,2,1,0,1,0,2,0,2,5,15
188,3,0,1,4,0,2,0,3,5,1,6,4,5,8,0,0,3,2,8,3,1,2,2,0,0,2,1,2,1,5
188,3,0,2,4,0,1,10,0,0,2,7,2,5,8,2,0,3,2,8,3,1,2,0,1,1,2,3,2,5,3
655,0,0,1,4,0,4,5,4,6,3,14,7,5,8,0,0,3,2,8,3,1,2,1,0,1,2,0,2,5,10
655,0,1,1,4,0,0,10,1,5,2,7,2,5,8,0,0,3,2,8,2,1,2,0,0,0,2,0,2,5,12
179,5,3,0,4,0,2,7,3,3,3,7,7,3,8,0,0,3,2,2,2,1,7,1,0,1,2,3,2,5,15
179,5,0,1,4,0,4,5,3,5,3,6,4,5,8,0,0,3,2,8,2,3,3,2,1,3,2,3,2,1,5
1014,4,1,1,1,0,2,5,3,5,2,6,1,5,8,0,0,3,2,8,2,3,2,2,1,2,2,0,2,0,1
1014,4,0,1,4,0,1,3,3,3,2,2,7,5,8,0,0,3,2,8,2,3,2,0,1,4,2,0,2,5,1
975,5,0,1,4,0,2,8,3,6,2,6,0,5,8,0,0,0,2,8,1,1,2,1,1,4,2,3,2,5,1
337,5,1,1,1,0,2,8,3,3,2,6,7,5,8,0,0,3,2,1,2,1,2,1,0,1,2,3,2,5,1
337,5,1,1,4,0,3,5,3,5,2,6,2,5,8,0,0,3,2,8,2,1,2,3,2,5,3,0,2,5,9
496,3,0,1,4,0,0,5,3,5,2,6,1,5,8,0,3,3,4,8,2,1,2,3,2,5,3,0,2,5,10
496,3,2,1,2,0,4,0,3,1,2,9,4,5,8,0,3,3,4,8,2,1,9,0,1,0,2,0,2,5,15
1069,1,2,1,1,0,3,7,3,3,2,9,7,5,8,0,3,3,4,8,2,1,2,3,2,5,3,0,2,5,10
1069,1,2,1,2,2,0,17,3,2,3,9,4,5,8,1,3,3,4,8,2,1,4,0,1,4,2,7,5,5,3
633,6,1,1,4,0,1,7,3,2,3,6,0,5,8,0,0,3,2,8,2,2,2,1,0,3,1,7,2,5,10
1028,1,1,1,7,0,2,0,3,5,2,9,2,3,8,0,0,3,2,8,2,2,2,3,2,5,3,0,2,5,10
1028,1,1,1,2,2,1,8,0,5,2,7,2,5,8,0,3,0,2,8,2,1,2,2,1,3,2,7,5,5,10
1028,1,4,0,2,0,3,0,0,4,2,7,2,5,8,0,3,0,2,1,2,1,2,3,2,5,3,7,5,5,1
619,6,2,1,4,0,0,9,3,6,3,7,2,9,8,0,3,3,4,8,2,2,2,0,1,0,2,7,5,5,10
114,5,0,0,1,0,0,0,3,5,2,12,0,5,8,0,3,3,4,8,2,2,3,1,0,2,2,0,2,5,12
114,5,0,1,2,0,0,7,3,5,2,12,0,5,8,0,3,3,4,8,2,2,3,3,2,5,3,7,5,5,0
114,5,3,1,0,0,2,9,3,1,2,12,4,5,8,0,3,0,0,8,2,1,3,0,1,0,2,7,5,5,9
114,5,3,1,7,4,6,14,3,5,2,9,1,5,8,0,3,0,0,2,2,1,4,0,1,4,2,0,2,5,3
114,5,3,1,4,0,2,5,3,5,2,7,4,5,8,0,3,0,4,8,2,1,2,3,2,5,3,0,2,5,0
114,5,1,1,1,2,2,5,3,5,2,6,2,5,8,0,3,0,4,8,2,1,11,0,1,1,2,0,2,5,11
114,5,0,1,1,0,2,5,3,2,2,7,2,5,8,0,3,3,4,8,2,2,9,3,2,5,3,0,2,5,10
251,2,1,1,2,2,2,0,3,3,2,12,4,5,8,0,3,3,4,8,2,2,1,0,1,0,2,7,5,5,10
251,2,0,1,4,0,2,5,3,2,2,7,0,5,8,0,3,3,4,8,2,2,2,3,2,5,3,0,2,5,17
666,0,2,1,4,2,0,17,3,1,2,4,2,5,8,0,3,3,4,8,1,1,2,0,0,1,2,7,5,5,10
666,0,2,1,4,0,1,9,3,1,2,7,2,5,8,0,0,3,2,8,3,2,2,3,2,5,3,7,5,5,6
666,0,2,1,4,2,2,0,3,5,2,6,2,5,8,0,0,3,2,2,3,2,9,0,1,0,2,7,5,5,9
666,0,2,1,4,2,3,14,3,5,2,7,2,5,8,0,0,3,2,8,3,2,7,3,2,5,3,7,5,5,11
666,0,2,1,2,0,2,0,3,5,2,7,2,5,8,0,0,3,2,8,3,2,3,0,0,1,2,7,5,5,0
666,0,0,1,2,2,1,5,1,3,2,5,4,5,8,3,0,3,2,8,1,1,4,3,2,5,3,0,2,5,0
542,0,0,1,4,0,2,7,3,5,2,7,7,5,8,0,3,0,8,8,1,1,2,0,0,1,2,0,2,5,7
542,0,0,1,1,0,1,8,3,3,2,9,2,5,8,0,0,0,2,6,1,1,2,3,2,5,3,0,2,5,10
764,2,2,1,1,0,2,17,3,3,3,6,2,5,8,0,3,0,2,8,2,5,2,0,1,0,2,0,2,5,1
511,4,1,1,4,0,0,5,3,5,3,6,0,5,8,0,3,0,2,8,2,5,2,3,2,5,3,0,2,5,1
235,1,2,1,4,0,2,0,4,1,3,3,1,9,8,0,3,0,2,2,2,5,2,2,0,3,2,0,2,5,9
235,1,0,1,7,4,6,10,3,5,3,4,2,5,8,0,3,0,2,8,2,5,2,2,1,1,2,7,5,5,2
1004,3,1,1,1,0,3,0,3,1,2,7,4,5,8,0,3,0,2,8,2,5,2,0,1,1,2,0,2,5,0
1004,3,4,1,1,0,4,5,3,6,3,6,4,5,8,0,3,0,4,8,2,1,2,3,2,5,3,7,5,5,1
992,1,3,1,4,0,1,9,3,5,2,6,7,5,8,0,3,0,4,2,2,1,2,0,1,0,2,0,2,5,10
992,1,0,1,1,2,0,6,3,5,3,9,2,5,8,0,3,3,4,2,2,1,4,1,1,0,2,0,2,5,1
195,2,0,1,4,2,2,9,3,5,3,9,6,5,8,0,3,3,4,8,2,1,3,3,2,5,3,0,2,5,1
195,2,1,1,4,0,1,5,3,5,2,12,2,5,8,0,3,0,7,8,2,1,2,0,1,0,2,7,5,5,10
393,2,0,1,4,0,1,0,0,5,2,7,2,5,8,0,3,0,7,2,2,1,3,3,2,5,3,7,5,5,1
393,2,3,1,2,0,1,5,0,5,2,0,4,5,8,0,3,1,4,2,2,1,2,2,0,4,2,0,2,0,3
72,6,2,1,4,0,3,14,3,5,2,6,7,5,8,3,3,1,4,8,2,1,3,3,2,5,3,0,2,5,3
190,1,0,1,4,0,1,8,3,5,2,2,2,5,8,0,0,3,2,8,2,1,13,0,0,0,2,0,2,5,1
190,1,0,1,4,0,0,0,0,5,2,2,2,5,8,0,0,3,2,8,2,1,2,3,2,5,3,0,2,5,17
190,1,0,1,4,0,1,0,3,5,2,9,0,5,8,0,0,3,2,2,2,1,2,2,0,1,2,3,2,5,1
326,3,1,1,4,0,2,17,3,3,2,9,2,5,8,0,0,3,2,8,2,1,2,0,1,1,2,3,2,5,9
326,3,2,1,4,0,0,7,3,5,2,9,0,5,8,2,0,3,2,8,1,1,2,3,2,5,3,0,2,5,10
326,3,2,1,1,0,0,0,3,3,2,9,2,5,8,0,0,0,2,8,3,1,4,0,1,4,2,7,5,5,17
295,3,1,1,4,0,1,10,3,0,2,7,0,5,8,0,0,0,2,6,3,1,2,3,2,5,3,7,5,5,3
440,5,2,1,4,0,3,10,3,5,2,7,2,5,8,5,0,0,2,8,3,1,3,3,2,5,3,7,5,5,1
440,5,3,1,4,0,4,0,3,1,2,9,2,5,8,3,3,3,2,8,1,1,3,2,0,0,1,0,2,0,2
89,5,1,1,4,0,3,9,3,5,2,7,7,5,8,0,3,0,2,1,3,1,3,2,0,1,2,7,2,2,0
89,5,2,1,1,2,2,9,3,5,2,2,4,5,8,5,3,0,2,8,3,1,2,2,1,4,2,0,2,5,3
306,1,1,1,1,0,3,5,3,5,2,7,4,5,8,0,3,0,2,8,3,1,2,0,1,0,2,0,2,5,10
306,1,2,1,4,0,0,0,3,5,2,6,4,5,8,2,0,1,2,8,2,1,2,3,2,5,3,7,5,5,9
306,1,4,1,7,4,6,8,3,1,2,6,2,5,8,0,0,1,2,8,2,1,2,2,1,1,1,3,2,1,11
204,2,0,1,2,2,2,8,3,6,3,9,4,5,8,0,3,0,8,2,1,1,4,0,0,3,1,0,2,5,9
204,2,0,1,1,0,1,5,3,5,3,7,2,5,8,0,3,0,2,8,1,1,2,1,0,3,2,0,2,5,1
204,2,4,2,7,4,6,0,3,3,3,4,4,5,8,0,3,0,2,8,2,1,2,2,1,4,2,0,2,6,10
977,6,4,1,7,4,6,14,3,5,3,6,2,5,8,0,3,0,2,8,2,1,2,2,0,0,2,0,2,0,6
977,6,0,1,2,2,0,6,1,5,3,1,2,5,8,2,3,0,2,8,1,1,7,3,2,5,3,0,2,5,1
165,3,0,1,4,0,0,17,3,0,2,9,2,5,8,0,0,0,2,2,2,1,3,0,1,0,2,0,2,5,3
165,3,0,1,4,0,0,7,3,3,3,9,4,5,8,0,0,0,2,8,2,1,2,3,2,5,3,0,2,5,4
165,3,4,1,4,0,3,0,3,2,3,2,4,3,8,0,3,3,2,2,1,1,2,0,1,0,2,0,2,5,1
165,3,4,1,4,0,0,0,3,2,3,9,4,5,8,0,0,3,2,8,1,1,7,0,1,0,2,0,2,5,1
620,3,0,1,2,2,3,17,3,5,2,14,7,5,8,0,3,0,4,6,2,1,2,3,2,5,3,0,2,5,3
620,3,1,1,4,0,3,11,3,2,2,7,4,5,8,0,3,0,4,8,2,1,7,2,0,1,2,7,5,1,0
525,4,1,1,4,0,0,0,3,5,3,7,3,5,8,0,3,0,0,8,2,1,4,3,2,5,3,3,2,5,12
656,4,1,1,4,0,0,7,3,5,2,2,3,5,8,0,3,0,0,8,2,1,13,0,0,0,2,3,2,5,3
656,4,0,1,2,0,1,0,0,6,2,7,3,5,8,0,3,3,2,8,1,1,2,1,0,0,2,0,2,5,1
656,4,1,1,4,0,1,7,3,5,2,2,3,5,8,0,3,3,4,8,2,2,2,0,1,0,2,0,2,5,3
656,4,1,1,4,0,0,5,3,5,2,2,2,5,8,0,3,3,4,1,2,2,2,0,1,3,2,3,2,5,5
42,6,1,1,1,0,2,8,3,3,2,7,4,5,8,2,0,3,2,6,2,2,2,3,2,5,3,3,2,5,10
42,6,1,1,4,0,2,10,0,2,2,7,4,5,8,0,0,3,2,8,2,2,2,3,2,5,3,7,5,5,0
42,6,1,1,4,0,0,0,3,2,2,12,7,5,8,0,0,0,8,6,1,1,2,0,1,0,2,1,2,5,12
646,6,0,1,1,1,2,8,3,3,2,9,4,5,8,0,3,0,4,8,2,1,2,0,1,1,1,7,5,5,9
646,6,0,1,4,0,1,0,4,0,2,7,2,5,8,0,3,0,4,8,2,1,2,3,2,5,3,7,5,5,9
646,6,0,1,1,0,2,5,3,3,2,6,4,5,8,4,0,0,2,8,1,1,2,0,1,0,2,7,5,5,10
102,0,2,1,4,0,3,0,3,3,2,9,4,5,8,3,3,3,4,4,2,1,2,0,1,0,2,0,2,5,1
102,0,1,1,4,0,3,5,3,3,2,7,1,3,8,3,3,3,4,8,2,1,2,3,2,5,3,0,2,5,1
102,0,1,1,1,2,1,5,3,3,2,9,2,5,8,0,2,0,3,2,2,1,2,0,1,0,2,0,2,5,9
394,4,1,1,1,0,2,5,3,2,2,9,4,5,8,0,2,0,3,8,2,1,2,3,2,5,3,0,2,5,3
394,4,0,1,4,2,0,10,3,6,2,9,2,5,8,2,0,3,2,8,3,1,2,0,1,1,2,0,2,5,5
221,1,1,1,1,0,3,0,3,0,2,7,7,5,8,0,0,3,2,8,3,1,2,3,2,5,3,3,2,5,10
221,1,0,1,4,0,2,7,3,2,2,7,4,5,8,0,0,3,2,1,3,1,3,0,1,1,2,3,2,5,10
563,0,1,1,4,0,1,7,3,2,2,7,1,5,8,0,0,0,2,8,2,1,2,1,0,4,2,3,2,5,12
563,0,1,1,1,0,3,7,3,0,2,3,4,5,8,0,0,0,2,8,2,1,2,1,0,1,2,3,2,5,4
772,2,3,1,4,0,1,0,3,1,2,9,4,5,8,2,0,3,2,8,2,1,2,3,2,5,3,7,5,5,12
772,2,3,1,1,0,3,7,3,2,2,9,1,5,8,0,0,3,2,6,2,1,13,0,1,1,2,3,2,5,12
772,2,3,1,4,0,3,5,3,2,2,9,4,5,8,0,0,3,2,2,1,1,9,3,2,5,3,3,2,5,12
1025,6,0,1,4,0,1,9,3,0,2,7,2,5,8,0,3,3,2,8,2,1,2,1,1,4,2,3,2,5,10
349,4,1,1,4,0,3,5,3,0,2,6,2,5,8,0,3,3,2,8,2,1,2,3,2,5,3,0,2,5,9
349,4,1,1,4,0,3,9,3,1,2,7,7,5,8,0,0,0,2,2,1,1,2,1,0,1,2,7,5,5,1
627,2,3,1,4,0,4,5,3,5,2,6,0,5,8,0,3,0,2,8,1,1,2,0,1,1,1,0,2,5,3
706,6,1,0,4,2,3,7,3,5,2,9,2,5,8,0,0,3,2,8,1,2,2,3,2,5,3,0,2,5,0
706,6,0,1,2,1,3,5,3,5,2,6,0,1,8,0,0,3,2,8,1,2,2,3,2,5,3,3,2,5,10
685,2,3,1,4,0,2,17,3,6,2,6,0,5,8,0,3,3,2,6,1,1,2,0,1,0,2,0,2,5,1
685,2,3,1,1,4,6,11,1,5,2,7,0,5,8,0,0,0,7,6,1,2,2,0,1,0,2,0,2,5,5
873,5,3,1,4,0,2,5,3,5,2,6,2,5,8,2,0,0,7,1,1,2,2,0,1,0,1,7,5,5,10
873,5,3,1,4,0,2,7,3,5,2,6,6,5,8,0,0,3,2,8,1,1,9,1,0,4,2,0,2,5,17
873,5,0,1,4,2,4,7,0,5,3,6,1,5,8,0,3,0,2,8,2,1,13,3,2,5,3,0,2,5,10
1054,1,1,1,4,0,2,0,3,5,3,7,4,5,8,0,3,0,2,8,2,1,7,3,2,5,3,0,2,5,1
1054,1,1,1,1,0,1,5,3,5,3,9,6,5,8,0,3,3,2,1,1,1,4,0,1,1,2,0,2,5,12
515,6,4,1,4,2,1,8,3,1,2,9,2,1,8,2,0,3,2,1,1,1,2,2,0,0,2,0,2,6,1
515,6,3,1,1,0,1,0,3,2,3,2,2,5,8,0,0,0,2,8,1,1,2,3,2,5,3,3,2,5,0
360,6,2,1,4,2,1,17,3,2,3,7,2,5,8,0,0,3,2,8,3,2,9,0,1,0,2,7,5,5,10
360,6,0,1,4,0,3,7,3,5,3,9,2,5,8,0,0,3,2,8,3,2,4,2,1,0,2,3,2,6,11
203,5,1,1,4,0,1,0,3,1,3,7,4,5,8,0,0,3,2,2,3,2,2,0,1,0,2,0,2,5,3
203,5,2,1,4,0,0,14,3,1,3,9,4,5,8,0,0,3,2,8,3,2,2,0,0,0,2,7,5,5,10
646,0,4,1,4,0,1,7,3,1,3,9,2,5,8,0,0,3,2,2,1,1,4,3,2,5,3,7,5,5,3
646,0,3,1,4,0,0,17,3,2,2,7,2,5,8,0,0,3,2,8,2,1,2,2,1,4,2,0,2,0,3
535,0,2,1,4,0,2,12,4,6,3,7,2,5,8,0,0,3,2,8,2,1,9,0,1,0,2,0,2,5,9
175,2,4,1,4,0,2,17,3,5,2,7,4,5,8,4,0,3,2,2,3,1,2,3,2,5,3,0,2,5,16
488,6,1,1,1,2,1,7,3,5,2,7,0,5,8,0,0,3,2,8,3,1,9,2,0,0,2,3,2,5,12
488,6,1,1,1,0,4,5,3,5,3,9,2,5,8,0,0,3,2,8,3,1,2,3,2,5,3,0,2,5,12
488,6,1,1,7,4,6,5,3,1,3,1,4,5,8,0,0,3,2,2,2,1,3,0,1,0,2,3,2,5,9
488,6,0,1,4,0,3,5,3,6,3,7,7,5,8,0,0,3,2,2,2,1,13,2,1,0,2,0,2,7,16
958,6,0,1,2,0,0,14,3,6,3,6,4,5,8,0,0,3,2,8,4,1,2,1,0,0,2,0,2,5,0
958,6,0,1,4,2,2,5,4,6,3,7,4,5,8,0,0,3,2,8,4,1,2,3,2,5,3,7,5,5,1
51,4,3,1,4,0,0,0,3,5,3,6,4,5,8,0,0,3,2,8,4,1,7,1,1,3,2,7,5,5,16
51,4,2,1,4,0,3,0,3,5,3,6,1,5,8,2,0,3,2,8,4,1,7,0,1,0,2,3,2,5,14
755,2,2,0,4,0,4,8,3,5,3,6,4,5,8,0,0,3,2,8,2,1,7,2,0,1,2,0,2,1,13
30,3,0,1,1,0,1,15,3,5,2,7,4,5,8,0,0,3,2,8,2,1,2,3,2,5,3,0,2,5,12
30,3,0,1,4,0,2,17,0,5,3,7,0,5,8,0,3,3,2,8,1,1,2,0,1,0,2,3,2,5,1
64,1,0,1,1,0,2,0,3,5,2,6,3,5,8,0,0,2,2,8,3,2,2,0,1,0,2,0,2,5,9
64,1,0,1,4,2,0,17,3,5,3,9,7,5,8,0,0,2,2,8,3,2,2,0,1,0,2,0,2,5,0
196,2,0,1,4,0,2,3,0,1,3,1,4,5,8,0,0,2,2,8,3,2,3,3,2,5,3,7,2,5,11
196,2,2,1,5,1,6,9,3,0,2,7,7,5,8,0,0,2,2,8,3,2,2,0,1,0,2,0,2,5,10
196,2,2,1,2,0,1,8,3,3,2,9,7,5,8,0,0,3,2,8,2,1,3,3,2,5,3,3,2,5,12
459,1,0,1,4,0,0,17,3,5,2,7,7,5,8,0,0,3,2,8,2,1,3,0,1,1,2,3,2,5,10
459,1,1,1,4,0,2,7,3,5,3,7,7,5,8,0,0,3,3,8,2,1,2,3,2,5,3,7,2,5,10
459,1,1,1,4,0,1,5,3,2,3,7,1,5,8,0,0,3,3,8,2,1,4,3,2,5,3,3,2,5,9
459,1,1,1,4,0,5,0,3,5,2,7,2,5,8,0,3,0,2,8,1,2,2,0,1,0,1,0,2,5,1
443,0,1,1,4,0,3,8,3,1,2,7,7,5,8,0,3,0,2,8,1,2,4,3,2,5,3,0,2,5,11
443,0,3,1,4,0,3,5,3,5,2,12,4,5,8,0,0,0,2,8,1,4,2,0,1,1,2,7,2,5,9
443,0,1,1,4,0,2,5,3,6,2,6,2,5,8,0,0,0,2,2,1,4,7,2,1,3,2,0,2,1,7
443,0,1,1,2,0,1,3,3,5,2,6,2,5,8,2,0,0,2,8,1,4,13,3,2,5,3,0,2,5,16
443,0,1,1,2,2,1,11,3,2,2,6,2,5,8,0,0,0,2,1,1,4,2,0,0,0,2,0,2,5,14
99,3,0,1,4,0,4,11,3,5,2,12,6,5,8,5,3,0,4,8,2,1,2,0,0,0,2,3,2,5,1
99,3,0,1,4,2,3,0,0,6,2,12,4,5,8,0,3,0,4,2,2,1,2,3,2,5,3,0,2,5,8
99,3,1,1,4,0,3,0,3,6,2,6,2,5,8,0,0,3,2,8,2,1,2,3,2,5,3,0,2,5,13
822,2,0,1,1,0,1,0,3,6,2,6,2,5,8,0,0,3,2,8,2,1,2,0,1,1,2,7,2,5,0
822,2,0,1,4,0,1,7,0,3,2,12,2,5,8,0,0,3,2,8,3,1,2,0,0,0,2,0,2,5,1
418,5,1,1,5,0,3,9,3,0,2,14,2,5,8,0,0,3,2,8,3,1,4,3,2,5,3,7,5,5,11
418,5,3,1,1,0,2,0,3,3,2,7,2,5,8,0,0,3,2,8,3,1,2,0,1,1,2,7,5,5,15
428,0,1,1,4,0,4,14,3,4,2,7,4,5,8,0,0,3,2,6,2,1,2,0,0,0,2,7,5,5,0
428,0,3,1,1,0,4,0,3,3,2,7,2,5,8,0,0,3,2,2,2,1,2,3,2,5,3,3,2,5,12
441,5,1,1,4,0,4,0,3,5,2,9,4,5,8,0,0,3,2,8,2,1,2,0,1,1,2,3,2,5,1
441,5,1,1,4,0,2,0,0,0,2,7,4,5,8,3,0,3,2,2,2,1,7,2,0,1,2,0,2,5,10
476,3,1,1,4,2,2,17,3,0,2,7,4,5,8,0,0,3,2,8,1,1,2,3,2,5,3,3,2,5,11
772,6,1,1,2,2,2,17,3,6,2,4,4,5,8,0,0,3,2,8,2,1,2,0,1,3,2,0,2,5,10
772,6,1,1,4,0,2,8,3,6,2,1,4,5,8,0,0,3,2,8,2,1,4,0,1,0,2,3,2,5,12
308,6,3,1,4,0,1,16,3,3,2,2,2,5,8,0,0,3,2,8,1,1,2,2,1,0,2,1,2,6,13
308,6,3,1,1,0,2,8,3,6,3,6,2,5,8,0,0,0,2,8,2,1,2,0,1,0,2,0,2,5,3
308,6,2,1,4,0,1,7,3,6,3,7,2,5,8,0,0,0,2,2,2,1,2,3,2,5,3,0,2,5,0
290,2,4,1,4,0,4,14,3,6,3,6,4,5,8,0,0,3,2,8,3,1,9,1,1,1,2,0,2,5,3
290,2,0,1,1,0,1,8,3,6,3,6,2,5,8,0,0,3,2,2,3,1,2,0,1,0,2,0,2,5,0
290,2,0,1,4,0,1,5,3,6,3,7,2,5,8,0,0,3,2,8,3,1,2,3,2,5,3,0,2,5,12
183,3,1,1,4,0,1,5,3,3,3,9,4,5,8,0,0,3,2,8,2,1,7,3,2,5,3,0,2,5,10
183,3,0,1,4,0,2,0,3,3,3,6,7,7,8,0,0,3,2,8,2,1,4,0,0,1,2,3,2,5,1
183,3,0,1,4,0,2,0,3,3,2,9,7,5,8,0,3,3,2,8,1,1,2,0,1,1,2,3,2,5,1
183,3,0,1,4,0,6,8,4,6,3,12,2,5,8,0,3,3,4,8,2,1,2,0,1,0,2,3,2,5,2
183,3,0,1,4,2,2,8,3,3,2,6,2,2,8,0,3,3,4,8,2,1,3,1,0,0,2,0,2,5,10
516,0,0,1,4,0,1,5,3,2,2,7,7,5,8,0,0,3,2,8,2,1,7,3,2,5,3,7,2,5,1
516,0,0,1,4,0,4,9,3,3,2,7,4,5,8,0,0,3,2,8,2,1,2,0,1,0,2,7,2,5,0
100,6,0,1,4,0,0,7,3,3,2,2,7,5,8,0,0,0,2,8,1,1,2,3,2,5,3,3,2,5,7
100,6,0,1,4,0,4,14,3,6,2,6,2,5,8,4,0,3,2,8,2,1,3,0,1,1,2,0,2,5,13
958,5,2,1,4,0,3,0,3,6,2,7,2,5,8,0,0,3,2,8,2,1,2,3,2,5,3,1,2,5,13
958,5,0,1,4,0,4,0,3,6,2,6,2,6,8,0,0,3,2,6,2,1,2,2,0,0,2,2,2,1,10
958,5,0,1,4,0,1,5,3,6,2,6,2,5,8,0,0,3,2,2,2,1,2,0,0,0,2,0,2,5,12
388,5,0,1,4,0,0,14,3,3,2,6,2,2,8,0,0,3,2,8,2,1,2,0,0,1,2,0,2,5,16
388,5,1,1,1,0,2,5,3,3,2,2,4,2,8,0,0,3,2,8,2,1,2,0,1,1,2,0,2,5,11
531,1,3,1,4,2,4,11,3,3,2,6,4,1,8,0,0,3,2,2,2,2,2,3,2,5,3,7,2,5,10
531,1,4,1,4,0,4,0,3,2,2,7,0,1,8,0,0,3,2,8,2,2,13,0,1,2,2,1,2,5,1
489,5,0,1,6,0,4,0,3,6,3,7,2,5,8,4,0,3,2,8,1,1,2,3,2,5,3,7,2,5,3
489,5,1,1,4,0,0,0,3,2,2,2,5,7,8,0,0,3,2,8,2,2,7,0,1,0,1,7,2,5,1
489,5,1,1,1,2,2,17,3,0,3,12,4,5,8,0,0,3,2,6,2,2,2,3,2,5,3,7,2,5,16
321,3,0,1,4,0,1,5,4,6,3,2,2,5,8,0,0,3,2,6,4,5,2,0,1,1,2,7,5,5,13
321,3,1,1,4,2,4,5,3,3,3,6,4,5,8,0,0,3,2,1,4,5,2,2,1,1,1,0,2,5,4
321,3,1,1,6,0,2,0,3,1,2,7,7,5,8,0,0,3,2,8,4,5,2,2,0,1,2,3,2,5,2
48,5,0,1,6,0,2,14,3,3,3,2,2,4,8,0,0,3,2,8,4,5,2,0,1,0,2,7,5,5,19
560,1,1,1,4,0,2,9,0,0,2,7,0,5,8,0,0,3,2,8,4,5,2,2,0,0,2,0,2,5,1
306,0,0,1,4,0,1,9,0,3,3,7,0,5,8,0,0,3,2,1,4,5,4,0,1,2,2,0,2,5,10
306,0,1,1,4,0,3,0,1,2,2,6,2,1,8,5,0,3,2,1,3,1,3,3,2,5,3,0,2,5,13
306,0,1,1,4,0,2,9,1,3,2,7,2,5,8,4,0,3,2,8,3,1,4,0,1,0,2,0,2,5,12
994,3,3,1,4,0,3,9,3,1,2,7,2,5,8,0,0,3,2,8,3,1,2,3,2,5,3,3,2,5,0
715,1,4,1,4,0,1,5,0,6,2,9,2,5,8,0,0,3,2,8,2,2,2,0,1,0,1,7,5,5,11
715,1,0,1,4,0,4,0,3,1,2,6,2,5,8,0,0,3,2,2,2,2,2,1,0,0,2,7,5,5,16
334,0,0,1,4,0,4,5,3,1,2,2,1,5,8,0,0,3,2,8,2,2,4,0,0,3,2,0,2,5,3
334,0,2,1,4,2,2,17,3,0,2,14,4,5,8,1,0,0,2,2,2,3,2,3,2,5,3,0,2,5,12
334,0,2,0,4,0,1,0,3,3,3,0,7,3,8,5,0,0,2,8,2,3,13,0,1,0,2,7,5,5,11
680,3,1,1,1,0,4,14,3,3,3,7,2,7,8,0,0,0,2,8,2,3,2,3,2,5,3,3,2,5,1
680,3,1,1,4,0,1,17,3,6,2,7,4,7,8,0,0,0,2,2,2,3,2,0,1,0,2,7,5,5,3
680,3,0,1,4,0,2,17,3,6,2,2,4,5,8,0,0,3,2,8,1,1,2,3,2,5,3,7,5,5,1
680,3,0,1,2,0,3,0,0,0,2,9,4,5,8,0,3,3,4,8,2,1,2,3,2,5,3,0,2,5,1
390,1,0,1,2,0,3,14,3,5,2,7,4,5,8,2,3,3,4,2,2,1,3,0,1,1,2,0,2,5,0
390,1,1,1,4,0,2,0,3,5,2,7,2,5,8,0,3,3,4,2,4,1,3,0,1,1,2,0,2,5,17
390,1,2,1,1,0,0,7,3,5,2,7,0,5,8,0,3,3,4,8,4,1,2,3,2,5,3,0,2,5,3
334,0,1,1,1,0,2,7,3,6,2,1,2,5,8,0,3,3,4,8,4,1,2,0,1,1,2,0,2,5,10
334,0,1,1,4,0,2,0,3,5,2,1,1,5,8,0,3,3,4,8,4,1,9,3,2,5,3,0,2,5,3
295,2,2,1,4,0,0,5,3,6,2,7,2,5,8,0,0,3,2,8,2,2,2,3,2,5,3,3,2,5,0
565,6,1,1,4,2,2,5,1,0,2,6,2,5,8,0,0,3,2,8,2,2,2,0,1,1,2,0,2,5,12
565,6,2,0,2,2,3,5,3,1,2,9,2,5,8,0,0,3,2,8,2,2,2,0,1,4,1,0,2,5,1
414,0,2,1,7,2,4,0,3,1,2,7,2,5,8,0,3,3,2,8,1,1,2,3,2,5,3,7,5,5,10
466,1,0,1,6,2,2,0,4,0,3,9,4,3,8,0,0,3,2,8,2,1,2,2,1,1,2,0,2,5,9
466,1,0,1,0,0,3,10,3,6,2,2,0,5,8,0,0,3,2,8,2,1,2,0,0,1,2,0,2,5,9
1027,5,1,1,2,0,4,10,3,1,3,7,1,5,8,0,0,3,2,8,2,1,2,3,2,5,3,1,2,5,10
1027,5,2,1,4,0,0,5,3,2,2,6,2,7,8,3,0,3,2,8,2,1,2,0,1,1,2,7,5,5,10
73,4,2,1,4,0,3,5,3,1,3,7,4,5,8,0,0,3,2,8,2,1,13,3,2,5,3,0,2,5,10
73,4,2,0,4,2,3,9,3,5,3,1,2,3,8,0,0,3,2,8,2,1,4,3,2,5,3,3,2,5,11
680,4,0,1,4,0,3,7,3,6,2,7,4,5,8,0,0,3,2,8,1,1,1,0,0,2,2,3,2,5,3
680,4,0,1,4,0,5,5,3,0,2,6,2,5,8,0,3,3,4,8,1,1,2,3,2,5,3,1,2,5,1
360,0,3,1,4,0,0,0,0,6,2,9,4,5,8,0,0,3,2,8,2,1,2,0,0,1,2,0,2,5,0
360,0,0,1,3,2,0,7,3,5,2,6,1,5,8,0,0,3,2,8,2,1,2,2,0,0,2,0,2,5,3
360,0,1,1,4,2,4,6,3,6,2,6,2,5,8,0,0,3,2,8,1,1,4,2,0,0,2,1,2,5,3
565,2,0,1,4,2,0,0,3,5,2,2,0,5,8,0,0,3,2,2,2,2,2,0,1,1,2,3,2,5,10
565,2,0,1,4,2,1,0,3,6,2,2,4,5,8,0,0,3,2,8,2,2,3,3,2,5,3,0,2,5,13
565,2,0,1,5,2,2,5,3,6,2,9,4,5,8,0,0,3,2,1,2,1,4,0,1,0,2,0,2,5,1
1052,3,1,1,5,2,3,0,3,6,2,7,4,5,8,0,0,3,2,8,2,1,2,3,2,5,3,3,2,5,1
1052,3,0,1,4,2,1,11,3,5,3,7,7,5,8,0,0,3,2,2,2,1,2,0,1,1,2,0,2,5,10
105,6,2,1,1,2,3,5,3,6,2,14,4,5,8,0,0,3,2,8,2,1,2,3,2,5,3,0,2,5,10
105,6,2,0,6,2,2,11,3,1,3,9,4,5,8,0,0,3,2,8,2,1,13,0,0,0,2,0,2,5,17
972,0,1,1,7,2,6,5,3,5,3,6,4,5,8,0,0,3,2,8,2,1,2,0,0,0,2,3,2,5,2
896,0,0,1,4,2,2,5,3,5,3,9,4,5,8,0,0,3,2,8,1,1,2,3,2,5,3,1,2,5,12
896,0,0,1,4,2,4,5,3,5,2,7,2,5,8,0,0,3,2,8,2,1,2,0,1,0,2,7,5,5,11
1041,4,0,1,4,2,1,9,3,6,2,7,2,5,8,0,0,3,2,6,2,1,2,3,2,5,3,3,2,5,12
1041,4,0,1,1,0,1,9,3,6,2,1,2,5,8,0,0,0,2,2,1,1,2,0,1,0,2,0,2,5,13
1046,0,1,1,4,0,1,14,3,2,3,2,1,5,8,0,0,3,2,8,2,3,2,3,2,5,3,0,2,5,13
1046,0,1,1,4,0,1,5,3,6,3,12,2,5,8,0,0,3,2,8,2,3,2,3,2,5,3,0,2,5,9
466,1,2,1,4,0,2,0,3,1,3,6,4,5,8,0,0,3,2,2,2,3,2,0,1,1,2,0,2,5,10
466,1,1,1,4,0,2,8,3,0,3,7,6,5,8,0,0,3,2,8,2,1,2,0,1,0,2,3,2,5,9
362,3,1,1,4,0,3,0,3,2,3,9,4,5,8,0,0,3,2,8,2,1,2,3,2,5,3,0,2,5,12
362,3,3,1,1,0,2,10,3,3,3,7,4,5,8,2,0,0,2,8,3,1,2,3,2,5,3,0,2,5,3
340,5,1,1,4,0,2,11,3,0,2,7,7,3,8,0,0,0,2,8,3,1,13,0,0,0,2,7,5,5,10
340,5,3,1,4,0,3,14,3,1,3,6,1,3,8,5,0,0,2,8,3,1,2,1,0,1,1,3,2,5,13
660,2,0,1,1,2,6,17,3,6,2,9,2,5,8,5,0,3,2,8,3,3,2,0,1,1,2,0,2,5,1
660,2,0,1,4,2,2,5,3,6,2,7,2,5,8,0,0,3,2,1,3,3,2,3,2,5,3,0,2,5,10
939,6,1,1,4,0,2,14,1,1,3,9,4,5,8,2,0,3,2,8,3,3,2,0,1,0,2,0,2,5,3
939,6,3,1,4,0,4,5,3,6,2,2,2,5,8,0,0,3,2,2,3,3,9,3,2,5,3,2,2,5,10
590,3,2,1,7,4,6,9,0,6,2,9,2,5,8,0,0,3,2,8,1,1,3,3,2,5,3,1,2,5,12
909,6,1,1,4,0,2,5,3,6,2,6,1,5,8,2,0,0,2,8,1,1,2,0,1,0,2,0,2,5,1
909,6,3,1,4,0,2,7,0,4,2,9,2,5,8,0,0,3,2,8,2,1,2,2,1,1,2,3,2,6,11
147,0,0,1,4,0,3,14,3,5,2,7,1,5,8,0,0,3,2,8,2,1,3,1,1,3,2,0,2,5,12
147,0,0,0,2,0,3,0,3,5,3,4,2,5,8,0,0,3,2,8,2,1,2,2,0,0,1,7,5,5,0
147,0,2,1,4,0,3,11,3,5,3,2,2,5,8,0,0,3,2,8,2,1,3,3,2,5,3,0,2,5,18
516,5,1,1,4,0,3,7,3,1,2,9,4,3,8,0,0,3,2,8,2,1,2,0,1,0,1,0,2,5,4
516,5,2,1,4,0,3,5,4,6,3,14,2,5,8,0,0,3,2,8,2,1,2,2,0,0,2,3,2,5,3
127,3,3,0,4,0,3,0,4,6,3,14,2,5,8,0,0,3,2,8,1,1,2,3,2,5,3,3,2,5,4
127,3,2,1,4,0,2,11,3,0,2,6,4,5,8,0,0,3,2,2,6,2,4,0,1,0,2,0,2,5,3
141,2,0,1,4,0,1,17,3,3,2,5,2,7,8,0,0,3,2,8,6,2,4,3,2,5,3,0,2,5,11
141,2,0,1,4,0,4,0,3,3,2,2,2,3,8,0,0,3,2,2,6,2,2,3,2,5,3,3,2,5,3
1022,0,1,1,4,0,4,8,3,6,2,6,7,7,8,0,0,3,2,8,6,2,7,0,1,1,2,0,2,5,1
985,4,0,1,4,0,1,9,3,3,3,2,2,3,8,0,0,3,2,8,6,2,2,0,1,1,2,3,2,5,9
757,0,0,1,1,0,4,5,4,6,3,6,7,7,8,1,0,3,2,10,6,2,2,3,2,5,3,0,2,5,3
757,0,1,1,4,0,4,5,0,6,2,6,4,5,8,0,0,3,2,1,2,2,2,0,1,1,2,0,2,5,1
731,3,0,1,4,0,6,5,3,0,2,12,2,5,8,0,0,3,2,8,2,2,2,3,2,5,3,0,2,5,3
731,3,0,1,7,0,2,10,3,4,2,9,2,5,8,0,0,3,2,8,2,2,3,3,2,5,3,0,2,5,3
731,3,0,1,6,0,4,5,3,6,2,6,7,7,8,0,0,3,2,8,1,1,2,0,1,1,1,0,2,5,3
731,3,2,1,4,0,4,5,3,5,2,11,7,5,8,0,0,3,2,1,2,1,2,3,2,5,3,7,5,5,1
731,3,2,1,4,0,0,6,3,5,2,7,2,5,8,0,0,3,2,2,2,1,2,0,1,0,2,0,2,5,1
463,5,1,0,1,0,3,5,3,5,2,9,4,5,8,0,0,3,2,10,2,1,2,0,1,4,2,0,2,5,3
463,5,4,1,1,0,3,12,3,5,2,6,4,5,8,0,0,3,2,8,2,1,2,2,1,4,2,7,5,1,16
463,5,4,1,1,0,4,0,3,5,2,6,4,5,8,0,0,3,2,10,2,1,3,0,1,0,2,3,2,5,1
280,3,1,1,2,0,1,5,3,5,2,9,4,5,8,0,0,3,2,10,2,1,2,3,2,5,3,0,2,5,10
280,3,3,1,4,0,1,8,3,5,2,6,4,5,8,0,0,3,2,10,3,2,2,0,1,1,2,0,2,5,13
887,0,0,1,0,0,3,11,3,5,2,6,4,5,8,0,0,3,2,8,3,2,3,3,2,5,3,3,2,5,1
887,0,0,1,4,0,1,14,3,5,2,6,6,5,8,0,0,3,2,8,3,2,3,1,0,3,2,0,2,5,1
718,6,1,1,4,0,1,0,3,5,2,6,2,5,8,0,0,3,2,2,1,1,2,0,1,0,2,1,2,5,16
718,6,1,1,2,0,0,9,3,5,2,7,4,5,8,0,0,3,2,2,1,1,9,1,0,0,2,0,2,5,13
535,5,2,1,4,0,2,0,3,5,2,7,2,5,8,0,0,3,2,8,2,2,9,0,1,0,2,0,2,5,4
535,5,1,1,4,0,4,0,3,1,3,7,2,5,8,0,0,3,2,8,2,2,2,1,0,0,2,7,5,5,16
501,6,0,1,4,0,4,0,3,1,3,9,1,5,8,0,0,3,2,8,2,2,2,3,2,5,3,0,2,5,12
429,3,1,1,1,0,6,5,3,1,3,12,4,6,8,0,0,3,2,8,1,1,2,0,1,1,2,0,2,5,9
429,3,1,1,4,0,4,0,3,1,3,9,4,6,8,3,0,3,2,8,2,1,2,0,1,0,1,0,2,5,13
428,4,1,1,4,0,0,0,3,1,2,6,2,5,8,0,0,3,2,6,2,1,2,3,2,5,3,0,2,5,12
428,4,1,1,1,0,1,9,3,6,2,2,1,5,8,0,0,3,2,8,1,1,2,3,2,5,3,7,5,5,11
428,4,2,1,2,0,0,15,3,6,2,7,4,5,8,0,3,0,4,2,2,3,1,0,1,0,2,0,2,5,1
466,0,0,1,4,0,2,0,3,1,2,7,1,5,8,0,3,0,4,1,2,3,3,3,2,5,3,1,2,5,1
466,0,3,1,4,0,4,9,3,2,2,7,2,5,8,0,3,0,4,8,2,3,4,0,1,1,2,7,5,5,1
990,1,4,1,2,0,3,14,3,6,2,7,2,5,8,0,0,3,2,8,1,2,2,0,1,0,2,0,2,5,4
195,5,0,1,1,2,2,14,3,6,2,6,4,5,8,0,0,3,2,8,1,2,2,3,2,5,3,7,5,5,0
195,5,3,1,1,0,4,0,3,6,2,6,3,5,8,0,0,3,2,8,2,1,2,0,1,3,2,0,2,5,9
777,0,4,1,4,0,2,5,3,5,2,9,4,5,8,0,0,3,2,8,2,1,2,0,1,1,2,0,2,5,2
777,0,0,1,1,2,2,0,3,5,2,6,1,5,8,0,0,3,2,8,2,1,2,1,0,1,2,3,2,5,9
777,0,0,1,4,0,1,9,3,5,2,9,2,5,8,0,0,3,2,8,2,1,2,3,2,5,3,0,2,5,10
662,5,1,1,4,0,3,0,3,5,2,6,4,5,8,0,0,3,2,2,1,1,2,0,1,1,2,1,2,5,13
662,5,0,1,4,0,2,0,3,5,2,7,2,5,8,0,0,3,2,6,2,1,2,0,1,1,2,0,2,5,12
85,0,1,1,2,0,0,5,3,5,2,6,1,5,8,0,0,3,2,8,2,1,2,0,1,0,2,7,5,5,1
408,1,0,1,1,0,2,0,3,5,2,12,4,5,8,3,0,3,2,1,2,1,2,3,2,5,3,0,2,5,13
408,1,2,1,1,0,1,6,3,6,3,9,1,5,8,0,0,3,2,8,2,1,2,2,0,4,2,3,2,5,10
408,1,2,1,4,0,4,17,3,6,3,6,4,5,8,0,3,3,2,8,1,1,2,0,1,4,2,7,5,5,3
506,3,2,1,4,0,4,0,3,5,2,9,4,5,8,0,0,3,3,1,2,1,3,3,2,5,3,3,2,5,10
506,3,2,1,4,0,2,0,3,3,3,6,4,5,8,0,0,3,3,1,2,1,2,0,1,1,2,3,2,5,9
506,3,1,0,4,2,2,0,3,3,3,9,1,5,8,2,3,3,2,8,2,1,3,3,2,5,3,7,5,5,10
506,3,1,0,1,0,0,11,3,5,2,7,7,5,8,0,3,3,2,8,2,1,3,1,0,3,2,0,2,5,9
506,3,1,1,4,0,6,17,2,5,3,7,2,5,8,0,0,3,2,8,1,1,2,3,2,5,3,0,2,5,11
352,4,4,1,1,0,3,0,3,2,3,6,2,5,8,5,0,3,2,8,1,1,2,3,2,5,3,2,2,5,0
352,4,1,1,4,2,0,0,3,3,2,6,2,5,8,3,0,3,2,8,2,1,2,0,1,0,2,3,2,5,10
343,0,3,1,7,4,6,7,3,1,2,9,2,5,8,0,0,3,2,2,2,1,2,0,1,0,2,3,2,5,13
343,0,2,1,4,0,3,14,3,6,2,7,2,5,8,5,0,3,2,8,2,1,2,0,0,1,2,0,2,5,10
958,4,0,0,1,2,1,5,0,6,2,7,4,5,8,0,0,3,2,8,2,1,2,3,2,5,3,1,2,5,11
958,4,1,1,4,0,2,15,3,6,2,6,2,5,8,2,0,0,2,8,1,1,13,0,1,0,2,7,5,5,9
423,1,1,1,4,0,4,7,3,6,2,6,2,5,8,0,0,3,2,8,1,1,4,0,1,1,2,0,2,5,11
329,1,1,1,4,0,2,9,3,5,2,2,4,5,8,0,0,3,2,8,1,1,2,0,1,1,2,0,2,5,10
1060,1,2,1,2,0,3,0,0,5,2,7,1,5,8,0,3,3,4,8,1,1,13,1,0,4,2,0,2,5,11
1060,1,2,1,4,0,2,0,3,5,2,6,4,5,8,0,3,3,4,8,2,2,5,1,0,4,2,3,2,5,3
1060,1,4,1,1,0,0,10,3,0,3,6,2,5,8,0,3,3,4,8,2,2,7,1,0,4,2,7,2,5,7
51,0,0,1,4,0,6,5,3,4,3,9,2,5,8,2,3,3,4,8,2,2,2,3,2,5,3,2,2,5,3
1018,4,2,1,1,0,0,5,4,6,3,7,4,5,8,0,0,3,2,8,3,2,4,0,0,1,2,0,2,5,0
195,4,0,1,4,2,0,4,3,2,3,9,2,5,8,0,0,3,2,8,3,2,3,3,2,5,3,0,2,5,12
195,4,3,1,0,2,0,6,0,6,3,6,2,5,8,0,0,3,2,8,3,2,2,3,2,5,3,0,2,5,1
428,6,0,1,4,2,2,5,3,2,3,6,4,5,8,0,0,3,2,8,3,2,4,0,1,0,2,7,5,5,1
428,6,1,1,4,0,2,14,3,3,3,7,4,5,8,0,3,3,4,8,1,1,3,0,1,1,2,0,2,5,10
669,2,0,1,1,0,2,0,3,0,2,7,7,3,8,0,0,3,2,8,3,1,2,3,2,5,3,0,2,5,10
372,6,3,1,2,2,4,7,3,1,3,6,1,3,8,0,0,3,2,2,3,1,2,2,0,0,2,7,5,5,0
372,6,1,1,4,0,3,7,3,6,2,9,2,5,8,0,0,3,2,8,3,1,3,0,0,0,2,0,2,5,1
438,5,0,1,4,0,2,15,3,6,2,7,2,5,8,0,0,3,2,8,2,2,2,3,2,5,3,0,2,5,12
438,5,0,1,4,0,4,0,1,1,3,9,4,5,8,0,0,3,2,8,2,2,1,1,1,1,2,3,2,5,0
712,2,1,1,4,0,3,3,3,6,2,2,2,5,8,0,0,3,2,8,1,1,2,1,0,0,2,0,2,5,12
965,1,0,1,4,0,2,3,0,6,2,9,2,5,8,2,3,3,4,1,1,1,2,0,1,4,1,0,2,5,9
965,1,0,1,4,2,3,5,3,6,2,6,1,5,8,0,3,3,4,8,2,2,3,0,1,1,2,0,2,5,18
633,3,1,1,4,0,2,5,0,4,2,9,2,5,8,0,3,3,4,8,2,2,2,3,2,5,3,0,2,5,10
633,3,4,1,4,0,0,4,3,5,2,7,1,5,8,0,3,3,4,8,1,2,2,3,2,5,3,0,2,5,10
619,2,2,1,4,0,0,0,3,5,3,4,2,5,8,0,3,3,4,8,1,2,2,0,0,3,1,0,2,5,10
516,4,0,1,4,0,0,15,3,5,3,2,2,5,8,4,0,3,2,8,2,1,2,0,0,1,2,0,2,5,0
389,6,1,1,2,0,1,7,3,1,2,9,4,3,8,3,0,3,2,8,2,1,2,3,2,5,3,7,5,5,12
521,5,0,1,2,2,3,0,4,6,3,14,2,5,8,3,0,3,2,8,1,1,3,1,1,2,2,0,2,5,2
521,5,0,2,1,0,1,0,4,6,3,14,2,5,8,0,0,3,2,8,1,1,2,2,1,1,2,7,5,6,16
322,1,0,1,4,0,3,0,3,0,2,6,4,5,8,0,0,3,2,1,1,1,2,2,0,0,2,0,2,1,13
511,6,3,0,2,0,1,0,3,3,2,5,2,7,8,2,3,0,8,8,1,1,3,0,1,1,2,2,2,5,0
511,6,0,1,4,1,5,11,3,3,2,2,2,3,8,0,0,3,2,8,2,2,3,3,2,5,3,3,2,5,11
655,5,1,1,4,0,0,4,3,6,2,6,7,7,8,0,0,3,2,8,2,2,2,0,1,0,2,0,2,5,0
655,5,1,1,4,2,2,5,3,3,3,2,2,3,8,0,0,0,2,8,2,1,2,1,1,0,2,7,5,5,10
452,1,1,1,4,0,0,5,4,6,3,6,7,7,8,0,0,0,2,2,2,1,2,3,2,5,3,3,2,5,9
452,1,0,1,4,0,3,14,0,6,2,6,4,5,8,2,0,3,2,8,2,1,2,0,1,1,2,7,5,5,0
637,6,0,1,4,0,0,7,3,0,2,12,2,5,8,0,0,3,2,8,2,1,2,3,2,5,3,7,5,5,13
728,0,1,1,4,0,0,0,3,4,2,9,2,5,8,0,0,3,2,8,2,2,2,0,1,1,2,0,5,5,10
728,0,1,1,4,0,1,8,3,6,2,6,7,7,8,0,0,3,2,8,2,2,2,2,1,0,1,7,5,6,9
728,0,0,1,2,0,0,6,3,5,2,11,7,5,8,0,0,3,2,8,1,1,2,2,1,0,2,5,2,6,10
317,0,2,0,4,0,0,0,3,5,2,7,2,5,8,0,3,3,4,8,2,4,2,2,1,0,2,0,2,6,0
428,6,1,1,1,0,3,8,3,5,2,9,4,5,8,0,3,3,4,8,2,4,2,0,1,1,2,0,2,5,0
428,6,0,1,4,0,3,6,3,5,2,6,4,5,8,0,3,3,4,2,2,4,4,3,2,5,3,0,2,5,11
889,2,0,1,1,0,3,14,3,5,2,6,4,5,8,0,3,3,4,8,2,4,2,0,1,0,1,7,5,5,0
889,2,2,1,4,0,3,5,3,5,2,9,4,5,8,0,3,3,4,8,2,4,7,3,2,5,3,0,2,5,3
889,2,2,1,4,0,0,15,3,5,2,6,4,5,8,0,3,3,4,8,2,2,2,3,2,5,3,0,2,5,3
95,4,2,1,4,0,2,0,3,5,2,6,4,5,8,2,3,3,4,8,2,2,7,0,1,0,2,3,2,5,11
95,4,0,1,2,2,1,3,3,5,2,6,6,5,8,0,3,3,4,6,2,2,2,2,0,4,2,0,2,0,7
461,6,0,1,4,0,1,0,3,5,2,6,2,5,8,0,0,3,2,8,1,1,7,2,0,4,2,7,5,0,10
461,6,0,1,4,0,2,9,3,5,2,7,4,5,8,0,0,3,2,8,2,1,13,3,2,5,3,6,2,5,0
461,6,0,1,4,0,2,4,3,5,2,7,2,5,8,0,0,3,2,2,2,1,2,0,1,2,2,0,2,5,12
418,0,1,1,4,0,1,8,3,1,3,7,2,5,8,2,3,3,2,8,2,1,7,0,1,4,2,7,5,5,10
44,1,0,1,2,0,3,5,3,1,3,9,1,5,8,0,3,3,2,8,2,1,4,3,2,5,3,0,2,5,11
44,1,2,1,1,0,2,7,3,1,3,12,4,6,8,0,3,3,2,8,2,1,2,0,1,0,2,2,2,5,11
73,1,1,1,4,0,3,0,3,1,3,9,4,6,8,0,3,3,2,2,2,1,2,3,2,5,3,2,2,5,12
73,1,1,1,6,0,1,3,3,1,2,6,2,5,8,0,0,3,2,2,2,1,2,2,0,3,2,3,2,1,3
516,0,0,1,4,0,1,4,3,6,2,2,1,5,8,0,0,3,2,8,2,1,3,2,0,1,1,0,2,1,1
471,2,0,1,2,0,1,3,3,6,2,7,4,5,8,0,0,3,2,8,2,1,2,3,2,5,3,0,2,5,0
471,2,0,1,4,0,0,0,3,1,2,7,1,5,8,0,0,3,2,2,2,1,2,0,1,0,2,0,2,5,9
473,2,2,1,2,0,2,15,3,2,2,7,2,5,8,0,0,0,2,2,1,1,2,0,1,1,2,7,5,5,3
463,6,0,1,1,0,1,15,3,6,2,7,2,5,8,4,0,3,2,8,1,1,2,3,2,5,3,7,5,5,4
574,1,0,1,4,0,0,3,3,6,2,6,4,5,8,0,0,3,2,8,2,1,4,0,1,0,2,0,2,5,4
574,1,1,1,1,0,0,4,3,6,2,6,3,5,8,0,0,3,2,8,2,1,13,3,2,5,3,2,2,5,11
672,4,1,1,2,0,5,4,3,5,2,9,4,5,8,0,0,3,2,2,1,1,2,0,1,3,2,0,2,5,0
672,4,1,1,4,2,2,3,3,5,2,6,1,5,8,0,0,3,2,8,2,1,9,1,0,4,2,7,5,5,1
200,1,2,0,4,0,0,16,3,5,2,9,2,5,8,0,0,3,2,3,2,1,2,1,0,4,2,0,2,5,3
200,1,2,0,4,0,1,3,3,5,2,6,4,5,8,0,0,3,2,8,2,1,3,1,1,4,2,0,2,5,10
837,4,1,0,4,0,2,3,3,5,2,7,2,5,8,0,0,3,2,2,2,1,3,1,0,1,2,1,2,5,7
244,0,1,1,7,4,6,10,3,5,2,6,1,5,8,2,0,3,2,8,2,3,2,0,0,0,2,7,5,5,5
244,0,2,1,7,4,6,0,3,5,2,12,4,5,8,0,0,3,2,8,2,3,4,3,2,5,3,4,2,5,1
446,4,1,1,4,0,1,0,3,6,3,9,1,5,8,0,0,3,2,8,2,3,2,0,0,0,2,0,2,5,3
182,3,2,1,4,0,3,8,3,6,3,6,4,5,8,0,0,3,2,8,2,3,2,0,1,3,2,3,2,5,9
182,3,1,1,4,2,3,17,3,5,2,9,4,5,8,0,0,3,2,8,3,3,2,0,1,0,2,3,2,5,18
235,5,0,1,7,4,6,14,3,5,2,6,4,5,8,0,0,3,2,3,3,3,2,0,0,0,2,0,2,5,1
235,5,1,1,1,2,3,17,3,1,2,6,2,5,8,0,0,3,2,3,3,3,2,3,2,5,3,7,5,5,3
164,5,1,1,7,4,6,0,3,6,3,9,4,5,8,0,0,3,2,0,3,3,2,3,2,5,3,0,2,5,12
164,5,0,1,4,2,2,0,3,5,3,7,2,5,8,0,0,0,2,0,6,2,2,0,1,1,2,0,2,5,9
164,5,1,1,4,2,3,3,3,3,3,4,4,5,8,0,0,0,2,0,6,2,2,3,2,5,3,3,2,5,0
164,5,1,0,2,2,3,10,3,5,3,6,2,5,8,0,0,0,2,0,6,2,4,0,0,1,2,0,2,5,17
991,6,0,1,7,4,6,10,1,5,3,1,2,5,8,0,0,0,2,0,6,2,2,0,1,4,1,7,2,5,10
991,6,0,1,1,0,2,4,3,0,2,9,2,5,8,0,0,0,2,0,6,2,5,3,2,5,3,0,2,5,3
991,6,2,1,1,2,3,4,3,3,3,9,4,5,8,0,0,0,2,0,6,2,2,3,2,5,3,7,5,5,10
145,0,2,1,4,2,4,8,3,2,3,2,4,3,8,0,0,3,2,0,3,2,2,0,0,3,2,0,2,5,0
145,0,2,1,4,2,1,0,3,2,3,9,4,5,8,0,0,3,2,0,3,2,2,0,1,0,2,7,5,5,11
145,0,1,1,4,2,1,0,3,5,2,14,7,5,8,2,0,3,2,0,3,2,10,3,2,5,3,3,3,5,10
186,4,1,1,2,2,2,0,3,2,2,7,4,5,8,0,0,3,2,0,2,1,2,3,2,5,3,0,2,5,10
186,4,1,1,4,2,6,3,3,5,3,7,3,5,8,5,0,3,2,0,2,1,2,0,1,0,2,0,2,5,0
99,3,3,1,7,2,4,3,3,5,2,2,3,5,8,0,0,3,2,5,2,4,2,3,2,5,3,2,2,5,10
99,3,0,1,1,2,3,0,0,6,2,7,3,5,8,0,0,3,2,6,2,4,2,0,1,1,2,7,5,5,0
99,3,1,1,1,2,4,14,3,5,2,2,3,5,8,0,0,3,2,0,2,4,9,2,1,0,2,7,5,6,10
99,3,1,1,4,2,2,17,3,5,2,2,2,5,8,0,0,3,2,6,2,4,2,0,1,4,2,2,2,5,10
64,1,2,1,4,2,2,7,3,3,2,7,4,5,8,0,0,3,2,0,4,2,2,0,0,0,2,0,2,5,10
728,4,1,1,7,2,6,13,0,2,2,7,4,5,8,0,0,3,2,0,4,2,3,3,2,5,3,0,2,5,0
728,4,1,1,4,0,0,5,3,2,2,12,7,5,8,0,0,3,2,8,4,2,2,0,1,1,2,7,5,5,1
445,0,2,1,2,2,2,8,3,3,2,9,4,5,8,0,0,3,2,4,4,2,3,3,2,5,3,0,2,5,9
445,0,1,1,4,0,2,4,4,0,2,7,2,5,8,0,0,3,2,3,4,2,2,3,2,5,3,7,5,5,1
149,5,2,0,4,0,2,5,3,3,2,6,4,5,8,3,0,3,2,3,2,1,2,0,1,1,1,0,2,5,10
149,5,1,1,4,0,2,6,3,3,2,9,4,5,8,0,0,3,2,6,2,1,2,3,2,5,3,0,2,5,16
967,5,2,1,4,0,3,0,3,3,2,7,1,3,8,0,0,3,2,0,1,1,2,0,1,1,2,7,5,5,13
967,5,0,1,4,0,2,0,3,3,2,9,2,5,8,0,0,0,2,0,2,1,10,0,1,1,2,7,5,5,13
967,5,1,1,4,0,5,0,3,2,2,9,4,5,8,0,0,0,2,4,2,1,2,3,2,5,3,7,5,5,1
418,5,0,1,0,0,4,14,3,6,2,9,2,5,8,0,0,3,2,3,3,1,2,0,1,0,2,7,5,5,11
463,6,4,0,1,0,2,17,3,0,2,7,7,5,8,0,0,3,2,0,3,1,2,0,1,0,2,2,2,5,12
1071,4,1,1,1,0,2,11,3,2,2,7,4,5,8,0,0,3,2,0,3,1,2,0,0,0,2,3,2,5,0
1071,4,2,1,4,0,2,11,3,2,2,7,1,5,8,0,0,3,2,1,1,2,2,3,2,5,3,7,5,5,0
476,0,1,1,2,0,2,14,3,0,2,3,4,5,8,0,0,3,2,8,1,2,2,0,1,1,2,4,2,5,16
476,0,4,1,4,0,2,0,3,1,2,9,4,5,8,0,0,0,2,8,1,1,8,3,2,5,3,2,2,5,10
535,5,0,1,4,0,1,2,3,2,2,9,1,5,8,0,0,3,2,1,2,2,9,2,1,1,2,0,2,5,12
535,5,1,1,6,0,2,0,3,2,2,9,4,5,8,0,0,3,2,8,2,2,1,0,0,3,2,2,2,5,1
535,5,1,1,4,0,3,5,3,0,2,7,2,5,8,0,0,3,2,2,3,2,3,3,2,5,3,0,2,5,0
535,5,1,1,4,0,0,0,3,0,2,6,2,5,8,0,0,3,2,8,3,2,3,0,0,0,2,2,2,5,10
200,0,1,1,6,0,4,10,3,1,2,7,7,5,8,0,0,3,2,8,3,2,2,3,2,5,3,7,2,5,3
200,0,0,1,1,0,0,13,3,5,2,6,0,5,8,0,0,0,2,8,2,2,9,3,2,5,3,0,2,5,11
990,6,2,1,4,0,2,0,3,5,2,9,2,5,8,0,0,0,2,6,2,2,2,0,1,0,2,0,2,5,3
242,5,3,1,1,0,3,10,3,5,2,6,0,1,8,4,0,3,2,8,1,1,2,2,0,3,2,3,2,1,9
369,1,1,1,4,0,2,17,3,6,2,6,0,5,8,0,0,3,2,8,1,1,10,0,1,1,2,7,5,5,10
369,1,1,1,1,0,1,5,1,5,2,7,0,5,8,0,0,3,2,8,3,1,2,3,2,5,3,7,5,5,10
1019,4,0,1,4,0,1,5,3,5,2,6,2,5,8,0,0,3,2,1,3,1,2,0,0,2,2,1,2,5,10
1019,4,2,1,4,0,3,9,3,5,2,6,6,5,8,0,0,3,2,8,3,1,10,3,2,5,3,0,2,5,0
1019,4,2,1,4,0,1,5,0,5,3,6,1,5,8,0,0,3,2,2,2,1,8,3,2,5,3,2,2,5,0
789,4,1,1,4,2,4,5,3,5,3,7,4,5,8,0,0,3,2,8,2,1,2,0,1,0,2,0,2,5,9
944,6,2,1,4,0,1,9,3,5,3,9,6,5,8,0,0,3,2,6,2,2,3,3,2,5,3,0,2,5,1
944,6,1,1,4,0,3,11,3,1,2,9,2,1,8,4,0,3,2,8,2,2,1,0,0,1,2,0,2,5,12
128,6,2,1,4,0,1,0,3,2,3,2,2,5,8,0,0,3,2,8,2,2,2,2,1,3,2,0,2,1,9
491,4,2,1,1,0,3,8,3,2,3,7,2,5,8,0,3,0,4,8,2,3,2,3,2,5,3,0,2,5,3
491,4,3,1,1,0,3,14,3,5,3,9,2,5,8,0,3,0,4,8,2,3,9,0,1,0,2,0,2,5,3
279,2,1,1,1,1,3,7,3,1,3,7,4,5,8,0,3,0,4,8,2,3,3,0,1,1,2,0,2,5,5
279,2,0,1,4,0,3,17,3,1,3,9,4,5,8,0,3,0,4,2,2,3,2,3,2,5,3,0,2,5,11
793,2,4,1,4,0,4,0,3,1,3,9,2,5,8,0,0,3,2,8,2,1,3,3,2,5,3,7,2,5,12
433,6,2,1,1,0,2,14,3,2,2,7,2,5,8,0,0,3,2,8,2,1,2,0,0,2,2,7,2,5,3
113,2,0,1,4,0,1,8,4,6,3,7,2,5,8,0,0,3,2,2,1,1,13,2,0,3,1,7,2,5,9
113,2,2,1,4,0,3,5,3,5,2,7,4,5,8,5,0,3,2,2,2,1,2,3,2,5,3,7,2,5,3
113,2,2,1,4,0,4,0,3,5,2,7,0,5,8,4,0,3,2,8,2,1,13,0,1,0,2,7,2,5,12
113,2,2,1,4,2,1,17,3,5,3,9,2,5,8,0,0,3,2,8,2,3,2,0,1,0,2,7,2,5,1
55,3,2,1,4,0,3,5,3,1,3,1,4,5,8,0,0,3,2,8,2,3,13,1,0,3,2,7,2,5,0
55,3,1,1,6,0,1,5,3,6,3,7,7,5,8,0,0,3,2,8,2,3,2,1,0,3,2,7,2,5,12
55,3,1,1,4,0,1,5,3,6,3,6,4,5,8,0,0,3,2,2,1,1,2,0,1,0,2,0,5,5,3
481,5,1,1,2,0,1,8,4,6,3,7,4,5,8,1,0,3,2,8,2,1,2,3,2,5,3,0,5,5,9
481,5,0,1,4,0,0,8,3,5,3,6,4,5,8,5,0,3,2,8,2,1,2,3,2,5,3,0,2,5,10
225,6,2,1,2,0,2,0,3,5,3,6,1,5,8,0,0,3,2,8,1,1,2,0,0,0,2,0,2,5,0
225,6,2,1,1,0,1,7,3,5,3,6,4,5,8,0,0,3,2,8,1,1,4,0,1,1,2,0,2,5,0
225,6,1,1,4,0,0,17,3,5,2,7,4,5,8,0,0,3,2,8,2,1,4,0,1,0,2,7,2,5,10
326,5,0,1,1,0,0,0,0,5,3,7,0,5,8,0,0,3,2,8,2,1,2,3,2,5,3,0,2,5,0
1065,4,2,1,2,0,5,6,3,5,2,6,3,5,8,2,0,3,2,2,2,1,2,3,2,5,3,0,2,5,3
132,1,4,1,4,2,2,0,3,5,3,9,7,5,8,0,0,3,2,8,2,1,1,0,1,3,2,3,2,5,0
132,1,0,1,4,0,0,0,0,1,3,1,4,5,8,0,0,0,2,1,2,2,2,3,2,5,3,0,2,5,10
132,1,0,1,4,0,1,9,3,0,2,7,7,5,8,0,0,0,2,2,2,2,2,0,1,1,1,0,2,5,1
68,6,3,1,4,0,2,3,3,3,2,9,7,5,8,0,0,0,2,2,2,2,2,0,0,0,2,3,2,5,10
68,6,3,1,7,4,6,17,3,5,2,7,7,5,8,0,0,3,2,8,2,1,2,3,2,5,3,7,5,5,4
68,6,1,1,7,4,6,0,3,5,3,7,7,5,8,0,0,3,2,6,2,1,2,3,2,5,3,0,2,5,10
506,4,0,1,4,0,1,11,3,2,3,7,1,5,8,0,0,0,2,8,2,2,1,0,1,0,2,2,2,5,16
506,4,1,1,4,0,3,8,3,5,2,7,2,5,8,0,0,0,2,8,2,2,2,3,2,5,3,0,2,5,5
506,0,1,1,4,2,3,5,3,1,2,7,7,5,8,0,0,3,2,8,2,1,2,0,1,0,2,3,2,5,11
506,0,0,1,7,4,6,0,3,5,2,12,4,5,8,0,0,3,2,8,2,1,4,3,2,5,3,0,2,5,9
136,0,1,1,1,2,3,10,3,6,2,6,2,5,8,0,0,3,2,8,1,1,2,0,1,0,2,0,2,5,1
136,0,1,1,7,4,6,0,3,5,2,6,2,5,8,3,0,3,2,8,2,1,2,2,0,1,2,7,5,5,0
944,6,2,1,4,2,2,11,3,2,2,6,2,5,8,0,0,3,2,8,2,1,2,3,2,5,3,0,2,5,1
944,6,1,1,4,2,3,9,3,5,2,12,6,5,8,0,0,3,2,8,2,1,2,0,1,1,2,0,2,5,5
6,1,0,1,2,2,3,0,0,6,2,12,4,5,8,0,0,3,2,2,2,1,2,0,1,0,2,7,5,5,12
6,1,1,1,7,4,6,5,3,6,2,6,2,5,8,0,0,3,2,8,2,1,7,0,1,0,2,7,5,5,12
580,2,0,0,1,0,2,0,3,6,2,6,2,5,8,0,0,3,2,8,2,1,4,0,0,1,2,0,2,5,0
580,2,1,1,1,2,3,8,0,3,2,12,2,5,8,0,0,3,2,8,3,3,2,3,2,5,3,0,2,5,1
535,6,1,1,4,2,4,9,3,0,2,14,2,5,8,0,0,3,2,8,3,3,2,1,0,1,2,7,5,5,1
535,6,3,1,4,2,1,0,3,3,2,7,2,5,8,0,0,3,2,1,3,3,2,2,1,1,2,7,5,6,0
141,4,4,1,4,2,1,0,3,4,2,7,4,5,8,0,0,3,2,8,3,3,2,3,2,5,3,0,2,5,0
141,4,0,0,2,2,2,0,3,3,2,7,2,5,8,0,0,3,2,8,2,1,2,0,1,3,2,0,2,5,7
740,0,0,1,4,2,6,14,3,5,2,9,4,5,8,0,0,3,2,8,2,1,2,0,1,4,2,7,5,5,16
963,1,0,1,7,2,4,7,0,0,2,7,4,5,8,0,3,3,4,8,2,1,2,2,1,4,2,7,5,2,0
939,0,1,1,1,2,3,7,3,0,2,7,4,5,8,0,3,3,4,8,2,1,2,2,1,0,2,0,2,6,5
939,0,1,1,1,2,4,7,3,6,2,4,4,5,8,0,0,3,2,8,2,1,2,1,1,0,2,0,2,5,3
766,2,4,1,4,2,2,10,3,6,2,1,4,5,8,0,0,3,2,2,2,1,3,0,0,0,2,7,5,5,9
766,2,0,1,4,2,2,5,3,3,2,2,2,5,8,0,0,3,2,8,2,1,3,3,2,5,3,0,5,5,10
317,6,2,1,7,2,6,9,3,6,3,6,2,5,8,0,0,3,2,8,2,1,9,3,2,5,3,0,2,5,12
317,6,1,1,4,0,0,0,3,6,3,7,2,5,8,0,0,3,2,8,2,1,4,0,0,0,2,0,2,5,17
418,6,4,1,2,2,2,0,3,6,3,6,4,5,8,0,0,3,2,8,2,1,4,0,0,1,2,0,2,5,0
418,6,1,1,4,0,2,14,3,6,3,6,2,5,8,0,0,3,2,8,2,1,2,3,2,5,3,0,2,5,10
369,5,0,1,4,0,2,5,3,6,3,7,2,5,8,0,0,3,2,8,2,1,2,0,0,0,2,7,5,5,9
222,2,1,1,4,0,2,5,3,3,3,9,4,5,8,4,0,3,2,8,2,1,4,3,2,5,3,0,5,5,12
222,2,0,1,4,0,3,5,3,3,3,6,7,7,8,5,0,3,2,8,2,1,4,0,0,0,2,0,2,5,12
175,0,2,0,4,0,2,11,3,3,2,9,7,5,8,0,0,0,2,6,2,1,2,3,2,5,3,3,2,5,10
175,0,0,1,4,0,5,9,4,6,3,12,2,5,8,0,0,0,2,8,2,1,7,0,1,1,2,1,2,5,10
334,0,2,1,0,0,4,7,3,3,2,6,2,2,8,0,0,3,2,8,1,4,4,0,1,0,2,0,2,5,16
334,0,1,1,1,0,2,9,3,2,2,7,7,5,8,0,0,3,2,8,1,4,9,3,2,5,3,2,2,5,5
334,0,1,0,1,0,2,7,3,3,2,7,4,5,8,0,0,3,2,2,1,4,2,2,0,0,2,3,2,5,1
334,0,1,1,4,0,2,9,3,3,2,2,7,5,8,0,0,3,2,8,1,4,2,2,0,1,2,3,2,0,0
334,0,1,1,2,0,2,14,3,6,2,6,2,5,8,0,0,3,2,8,1,1,2,1,0,2,2,1,2,5,3
829,2,3,1,4,0,2,0,3,6,2,7,2,5,8,0,0,3,2,8,1,1,2,0,1,0,2,3,2,5,9
766,6,0,1,4,0,1,5,3,6,2,6,2,6,8,0,0,0,2,2,2,1,2,3,2,5,3,7,5,5,9
317,1,0,1,6,0,2,13,3,6,2,6,2,5,8,0,0,0,2,8,2,1,2,0,0,1,2,0,2,5,1
836,0,0,1,4,0,3,5,3,3,2,6,2,2,8,0,3,0,2,8,2,1,2,0,1,2,2,0,2,5,12
836,0,0,1,4,0,0,5,3,3,2,2,4,2,8,0,3,0,2,8,2,1,2,1,1,2,2,0,2,5,2
836,0,0,1,6,0,4,11,3,3,2,6,4,1,8,4,0,3,2,8,1,2,2,3,2,5,3,0,2,5,5
836,0,0,1,1,0,0,0,3,2,2,7,0,1,8,0,0,3,2,2,1,2,4,0,1,0,2,7,5,5,1
352,2,0,1,4,0,2,0,3,6,3,7,2,5,8,0,0,0,2,8,2,3,2,3,2,5,3,0,2,5,3
1014,0,3,1,4,0,0,0,3,2,2,2,5,7,8,0,0,0,2,8,2,3,2,0,1,4,2,7,5,5,10
16,3,0,1,1,2,2,11,3,0,3,12,4,5,8,0,0,0,2,8,2,3,3,3,2,5,3,0,2,5,0
16,3,1,1,4,0,1,4,4,6,3,2,2,5,8,0,0,3,2,8,2,1,2,0,0,0,2,3,2,5,10
16,3,1,1,4,2,4,8,3,3,3,6,4,5,8,0,0,3,2,8,2,1,3,3,2,5,3,0,2,5,10
7,3,0,0,6,0,2,4,3,1,2,7,7,5,8,0,0,3,2,1,2,1,4,0,1,4,2,0,2,5,7
7,3,0,1,6,0,2,8,3,3,3,2,2,4,8,0,0,3,2,8,2,1,2,2,1,0,2,3,2,5,16
326,2,4,1,4,0,2,13,0,0,2,7,0,5,8,0,0,3,2,8,2,1,7,0,1,4,1,0,2,5,3
326,2,1,1,4,0,1,4,0,3,3,7,0,5,8,4,0,3,2,2,2,1,2,0,0,1,2,0,2,5,5
326,2,1,1,4,0,3,17,1,2,2,6,2,1,8,0,0,3,2,8,2,1,4,3,2,5,3,3,2,5,9
388,2,3,1,4,0,2,17,1,3,2,7,2,5,8,0,0,3,2,8,2,1,4,0,0,3,2,7,5,5,17
388,2,3,1,4,0,3,5,3,1,2,7,2,5,8,5,0,3,2,1,3,1,4,3,2,5,3,3,2,5,5
593,0,3,1,4,0,1,7,0,6,2,9,2,5,8,0,0,3,2,8,3,1,8,0,1,0,2,3,2,5,1
593,0,1,0,4,0,4,7,3,1,2,6,2,5,8,0,0,3,2,8,3,1,4,3,2,5,3,3,2,5,0
574,1,2,1,4,0,4,0,3,1,2,2,1,5,8,0,0,0,2,1,2,1,4,0,1,0,2,0,2,5,10
574,1,1,1,4,2,2,7,3,0,2,14,4,5,8,2,0,0,2,1,2,1,4,1,0,3,2,7,5,5,10
574,1,1,1,4,0,1,0,3,3,3,0,7,3,8,0,0,0,2,1,2,2,2,2,1,1,2,4,2,6,12
543,5,0,1,1,0,4,10,3,3,2,9,6,5,8,0,0,0,2,2,2,2,2,2,1,4,2,0,2,1,9
543,5,0,1,4,0,1,5,3,2,2,6,4,5,8,0,0,0,2,8,2,1,2,0,0,1,2,7,5,5,9
466,2,2,1,4,0,2,17,3,6,2,1,7,9,8,0,0,0,2,8,2,1,2,3,2,5,3,3,2,5,7
466,2,0,1,2,0,3,0,0,6,2,6,7,6,8,0,0,3,2,8,2,1,2,0,0,1,2,3,2,5,0
691,3,1,1,2,0,3,17,3,2,2,4,7,5,8,0,0,3,2,8,2,1,2,3,2,5,3,0,2,5,0
691,3,1,1,4,0,2,5,4,6,3,14,6,9,8,0,0,3,2,8,1,1,2,3,2,5,3,7,2,5,12
298,1,2,1,1,0,0,17,3,6,2,9,4,5,8,0,0,2,2,8,1,4,2,0,1,0,2,7,5,5,1
298,1,2,0,1,0,2,5,0,3,2,9,7,5,8,0,0,2,2,1,1,4,2,3,2,5,3,3,2,5,1
298,1,0,0,4,0,2,15,3,0,2,4,7,5,8,0,0,2,2,2,1,4,2,0,0,0,2,0,2,5,3
458,3,1,1,4,0,0,5,3,1,2,9,4,5,8,0,0,2,2,8,1,4,2,0,0,1,1,7,2,5,0
458,3,2,1,4,2,2,5,3,5,2,9,7,5,8,0,0,1,2,8,3,1,7,3,2,5,3,7,2,5,1
711,2,0,0,2,2,3,7,3,6,2,6,4,5,8,0,0,1,2,8,3,1,2,3,2,5,3,3,2,5,5
711,2,0,0,7,2,4,14,3,1,2,6,0,0,8,0,0,1,2,8,3,1,4,0,1,0,2,3,2,5,3
944,5,0,1,6,2,2,14,3,3,2,6,7,5,8,0,0,3,2,9,2,1,13,0,1,1,2,7,2,5,10
944,5,1,1,0,0,3,5,3,0,2,6,4,0,8,0,0,3,2,8,2,1,1,3,2,5,3,0,2,5,12
74,6,1,1,2,0,4,5,3,6,2,6,1,5,8,0,0,3,2,8,1,1,2,0,1,1,2,2,2,5,12
210,6,1,1,4,0,0,7,3,6,2,6,4,5,8,2,0,3,2,8,1,1,2,1,0,4,2,1,2,5,12
210,6,1,1,4,0,3,0,3,6,2,6,7,5,8,0,0,0,2,8,2,3,2,3,2,5,3,0,2,5,0
210,6,1,1,4,2,3,17,3,3,2,9,7,5,8,0,0,0,2,8,2,3,2,3,2,5,3,0,2,5,9
114,4,0,1,4,0,3,15,3,2,2,9,1,5,8,0,0,0,2,8,2,3,9,0,1,0,2,1,2,5,3
114,4,0,1,4,0,5,5,3,6,2,7,1,5,8,0,0,0,2,8,2,3,0,3,2,5,3,0,2,5,5
566,6,0,1,4,0,0,7,3,2,2,2,4,5,8,0,3,0,4,8,2,1,0,0,1,1,2,0,2,5,1
566,6,0,1,3,2,0,0,3,6,2,1,7,5,8,0,3,0,4,8,2,1,0,1,0,1,2,0,2,5,12
1046,0,1,1,4,2,4,11,3,6,3,4,4,5,8,0,0,3,2,1,3,1,0,3,2,5,3,0,2,5,1
1046,0,0,1,4,2,0,14,4,6,3,9,7,9,8,0,0,3,2,2,3,1,4,3,2,5,3,7,2,5,4
260,6,0,1,4,2,1,0,3,3,2,9,7,8,8,0,0,3,2,2,3,1,0,2,0,4,2,7,2,7,9
260,6,2,1,5,2,2,5,3,1,2,6,0,5,8,0,0,3,2,8,1,1,9,1,0,1,2,7,2,5,12
251,0,1,1,5,2,3,7,3,1,2,0,4,5,8,2,0,3,2,8,2,1,0,1,0,3,2,7,2,5,10
251,0,1,1,4,2,1,10,4,6,3,13,7,5,8,0,0,3,2,8,2,1,0,3,2,5,3,7,2,5,3
715,5,4,1,1,2,3,7,3,6,2,4,7,5,8,0,3,3,2,8,1,1,0,3,2,5,3,7,2,5,0
715,5,2,0,6,2,2,7,3,6,2,9,3,5,8,0,0,0,2,8,1,3,0,0,0,0,2,7,5,5,12
917,4,0,1,7,2,6,12,0,4,2,9,4,5,8,0,0,0,2,2,1,3,0,0,1,2,2,3,5,5,12
917,4,1,1,4,2,2,5,3,2,2,7,4,5,8,0,0,0,2,8,1,3,4,0,1,0,2,3,2,5,10
945,4,0,1,4,2,4,5,0,6,2,9,7,5,8,0,0,3,2,8,1,1,2,0,1,1,2,7,2,5,4
945,4,1,1,4,2,1,8,3,0,2,10,4,1,8,0,3,0,4,8,2,1,2,2,0,4,1,7,5,0,3
1007,6,1,1,1,0,1,4,3,1,2,10,4,1,8,0,3,0,4,8,2,1,4,0,1,1,2,0,2,5,3
1007,6,1,1,4,0,1,0,3,6,2,6,0,5,8,3,3,2,2,8,1,1,2,3,2,5,3,7,5,5,1
364,5,2,1,4,0,1,0,3,1,2,9,4,1,8,0,0,3,2,8,1,1,2,0,1,0,2,7,5,5,3
715,0,0,1,4,0,2,8,3,6,3,9,7,5,8,0,0,0,2,1,1,1,2,3,2,5,3,7,5,5,0
715,0,0,1,4,0,2,0,3,6,1,5,7,5,8,0,3,0,4,1,2,1,2,2,1,3,2,2,2,6,3
715,0,0,1,4,0,3,7,3,3,3,9,7,5,8,0,3,0,4,2,2,1,2,0,1,0,2,1,2,5,3
715,0,0,1,1,0,2,5,3,2,0,2,7,5,8,0,3,0,2,1,1,2,7,3,2,5,3,3,2,5,5
831,2,0,1,4,0,2,10,3,6,2,6,4,5,8,0,3,0,2,8,1,2,3,0,1,3,2,0,2,5,3
1046,5,2,1,4,0,3,8,3,5,2,6,2,7,8,0,3,0,4,8,1,4,5,3,2,5,3,7,5,5,10
1046,5,4,1,1,2,6,14,0,6,2,6,2,0,8,0,3,0,4,8,1,4,2,2,1,1,1,2,2,1,3
1046,5,4,1,4,2,2,7,3,1,3,7,4,7,8,0,3,0,4,2,1,4,2,0,1,1,2,7,5,5,4
1046,5,4,1,4,0,2,8,3,1,3,7,4,5,8,0,3,0,4,2,1,4,2,3,2,5,3,0,2,5,16
1046,5,4,1,4,0,4,10,3,5,2,9,2,5,8,0,0,3,2,8,1,1,2,3,2,5,3,0,2,5,10
1046,5,4,1,7,4,6,9,3,6,3,7,2,5,8,0,3,3,4,8,1,1,2,0,1,1,2,0,2,5,3
965,4,3,1,4,0,2,5,3,4,3,7,4,6,8,0,0,0,2,8,2,2,2,0,1,0,2,0,2,5,9
965,4,0,1,4,0,2,8,3,2,3,7,2,5,8,0,0,0,2,8,2,2,2,0,1,0,2,0,2,5,16
632,5,0,1,4,0,3,5,0,2,2,7,4,5,8,0,0,0,2,8,2,2,2,3,2,5,3,0,2,5,0
632,5,0,1,2,0,3,8,3,1,2,7,0,6,8,0,3,0,5,8,2,1,2,0,1,0,2,0,2,5,1
428,5,0,1,4,0,3,3,3,6,2,7,2,5,8,0,3,0,5,8,2,1,2,0,1,1,2,0,2,5,16
428,5,1,1,4,0,3,17,3,1,3,2,2,5,8,0,0,3,0,8,2,2,2,3,2,5,3,3,2,5,14
428,5,1,1,4,0,3,7,3,2,3,7,4,5,8,0,0,3,0,8,2,2,4,0,1,3,2,2,2,5,13
334,2,4,1,4,0,3,17,1,1,3,4,2,5,8,0,0,3,0,2,2,2,2,3,2,5,3,0,2,5,12
334,2,0,1,4,0,2,10,3,6,2,9,0,5,8,2,3,0,4,2,2,1,3,2,1,3,2,0,2,6,1
1061,2,0,1,4,0,1,13,0,3,2,7,2,5,8,0,3,0,4,1,2,1,4,0,1,1,2,3,2,5,9
1061,2,2,1,4,0,4,5,3,6,2,6,2,5,8,0,0,0,2,8,2,2,2,0,1,0,2,0,2,5,0
1061,2,1,1,4,0,4,5,3,6,2,4,5,5,8,0,0,0,2,8,2,2,2,1,1,0,2,0,2,5,11
105,1,0,1,4,0,1,11,3,0,2,4,0,5,8,0,3,2,2,8,2,3,2,1,0,0,2,0,2,5,10
105,1,2,1,1,0,4,0,3,6,2,7,2,5,8,0,3,2,2,8,2,3,2,3,2,5,3,2,2,5,12
207,0,4,1,4,0,4,0,1,3,3,3,2,5,8,0,3,2,2,8,2,3,2,1,0,3,2,7,2,5,10
207,0,0,1,4,0,6,0,3,5,3,6,1,5,8,0,3,0,2,8,2,1,2,3,2,5,3,0,2,5,10
356,4,0,1,7,0,2,11,3,1,2,2,4,5,8,3,3,0,2,8,2,1,2,2,0,1,1,0,2,5,9
356,4,0,1,6,0,4,4,1,2,2,3,4,7,8,0,3,0,4,8,2,1,2,0,1,1,2,0,2,5,1
356,4,1,1,4,0,4,8,3,3,2,6,7,5,8,0,3,0,4,8,2,1,2,3,2,5,3,0,2,5,11
79,4,1,1,4,0,0,4,3,1,2,7,2,0,8,0,0,0,2,1,2,1,4,0,1,1,2,0,2,5,9
79,4,1,1,1,0,3,8,3,0,3,6,4,5,8,4,0,0,2,1,2,1,7,0,1,4,2,7,5,5,7
309,4,0,1,1,0,3,13,3,1,3,6,2,7,8,0,0,3,2,8,2,2,4,3,2,5,3,0,2,5,16
309,4,0,1,1,0,4,4,3,6,2,7,0,3,8,0,0,3,2,8,2,2,4,3,2,5,3,0,2,5,14
516,4,0,1,2,0,1,17,3,0,2,6,4,6,8,0,0,3,2,8,2,2,7,0,1,0,1,0,2,5,1
833,1,0,1,4,0,1,17,3,6,2,9,4,5,8,0,3,0,2,8,2,1,2,1,1,0,2,0,2,5,8
833,1,0,1,0,0,3,5,3,5,3,7,2,5,8,0,3,0,2,8,2,1,2,3,2,5,3,3,2,5,13
833,1,0,1,4,0,1,7,3,1,3,6,0,5,8,0,3,0,4,8,2,1,2,0,0,1,2,7,5,5,0
463,3,1,1,4,0,1,7,3,2,3,6,4,7,8,0,3,0,4,8,2,1,2,0,1,1,2,0,2,5,1
463,3,0,1,2,0,0,0,4,6,3,6,7,5,8,0,3,3,2,8,2,1,9,1,0,4,2,3,2,5,11
463,3,0,1,4,0,2,7,3,2,2,7,2,6,8,0,3,3,2,8,2,1,2,1,0,4,2,0,2,5,15
463,3,0,1,4,0,4,0,3,6,2,2,4,5,8,0,3,3,3,8,1,1,2,1,1,1,2,1,2,5,0
545,0,1,1,4,0,4,10,3,5,2,4,4,5,8,0,3,3,4,8,2,3,2,0,0,1,2,0,2,5,12
49,4,1,1,1,0,6,5,3,0,2,6,0,5,8,0,3,3,4,8,2,3,2,0,0,0,2,3,2,5,1
49,4,2,1,4,0,4,17,3,5,2,2,4,5,8,0,3,3,4,8,2,3,2,0,1,4,2,7,5,5,10
1062,0,3,1,4,0,0,0,3,6,3,6,4,5,8,0,0,3,2,8,2,1,3,3,2,5,3,0,2,5,11
1062,0,0,1,1,0,1,17,3,6,2,6,7,5,8,3,0,3,2,8,2,1,2,3,2,5,3,0,2,5,10
379,1,0,1,2,0,0,5,3,6,3,9,2,5,8,0,3,2,4,8,2,1,2,0,0,0,2,0,2,5,12
379,1,0,1,4,0,2,17,3,2,3,6,2,5,8,0,3,2,4,8,2,1,9,3,2,5,3,7,2,5,13
574,4,0,1,4,0,4,5,3,2,3,9,4,5,8,0,3,3,2,8,2,1,2,0,1,0,2,7,5,5,3
411,6,0,1,2,0,3,15,3,1,3,6,0,5,8,4,3,3,2,8,2,1,2,0,1,1,1,0,2,5,0
190,6,1,0,1,2,2,5,3,1,2,6,0,5,8,0,0,3,2,8,2,1,2,3,2,5,3,7,2,5,3
567,0,1,1,1,0,4,5,4,6,2,7,2,5,8,4,0,3,2,8,2,1,2,0,1,3,2,7,2,5,0
567,0,0,1,4,0,2,7,3,5,2,7,2,5,8,0,3,3,2,2,2,1,2,3,2,5,3,3,2,5,12
453,2,0,0,1,2,2,14,3,3,2,9,2,5,8,0,3,3,2,2,2,1,2,0,1,0,2,3,2,5,10
453,2,2,1,4,0,1,14,3,5,3,2,2,5,8,0,3,0,2,8,2,1,3,3,2,5,3,7,2,5,1
453,2,2,1,4,0,3,5,0,5,2,2,0,5,8,0,3,0,2,8,2,1,2,0,0,1,2,0,2,5,1
516,5,0,1,4,0,2,5,3,1,2,9,0,5,8,0,3,0,8,8,2,1,2,3,2,5,3,2,2,5,2
516,5,0,1,2,0,0,7,3,6,2,6,2,6,8,0,3,0,8,8,2,1,2,3,2,5,3,1,2,5,10
350,4,1,1,2,0,2,0,3,6,2,1,4,5,1,0,3,0,4,2,2,1,2,0,1,4,2,0,2,5,1
306,3,3,0,2,2,1,17,3,6,2,2,4,5,0,0,3,0,4,8,2,1,3,1,0,2,2,0,2,5,0
443,0,1,1,4,0,2,15,2,0,2,1,7,5,0,0,3,3,4,2,2,2,2,3,2,5,3,1,2,5,7
443,0,1,1,1,0,1,5,3,2,2,12,7,5,1,0,3,3,4,2,2,2,4,0,0,0,2,0,2,5,13
443,0,1,1,1,0,2,7,3,6,2,2,0,5,1,0,3,3,2,1,1,1,4,3,2,5,3,0,2,5,13
440,3,2,1,4,0,0,0,3,2,3,6,6,5,1,0,3,0,4,8,2,3,2,3,2,5,3,0,2,5,10
440,3,3,1,4,0,2,11,3,1,3,9,1,3,7,0,3,0,4,2,2,3,2,0,1,1,2,0,2,5,12
364,1,0,1,7,4,6,14,3,6,2,7,1,5,7,0,3,0,4,8,2,3,2,2,0,0,1,7,2,0,16
364,1,1,1,1,0,3,0,3,6,2,7,4,5,7,0,3,0,4,8,2,3,2,3,2,5,3,7,2,5,11
364,1,0,1,1,0,4,5,0,0,2,4,1,5,0,0,3,0,8,8,1,1,4,0,1,0,2,7,2,5,10
1024,4,0,1,4,0,1,7,0,0,2,2,7,3,7,0,0,3,2,8,6,1,2,1,0,1,2,7,2,5,1
1024,4,0,1,1,2,0,10,1,0,2,6,7,5,7,0,0,3,2,8,6,1,1,0,0,3,2,7,2,5,3
1019,2,0,1,4,2,2,7,3,5,2,6,4,5,7,0,0,3,2,8,6,1,2,3,2,5,3,7,2,5,1
77,0,1,1,4,0,1,7,3,6,3,6,0,5,1,0,0,3,2,2,6,1,2,3,2,5,3,7,5,5,16
377,6,0,1,4,0,1,12,3,1,3,7,2,5,1,0,0,3,2,8,6,1,2,3,2,5,3,3,5,5,13
439,4,0,1,2,0,1,5,3,6,3,6,4,5,1,0,0,3,2,2,6,1,2,0,1,1,2,3,2,5,4
439,4,1,1,4,0,3,5,3,6,2,7,0,5,1,3,3,3,4,8,2,2,2,0,1,1,2,7,2,5,2
439,4,1,1,4,0,1,8,3,3,2,4,2,5,1,0,3,3,4,8,2,2,2,3,2,5,3,7,5,5,19
439,4,1,1,4,0,0,4,3,6,2,9,7,5,7,0,3,2,4,8,2,1,3,0,1,1,2,0,2,5,1
343,1,0,1,4,0,1,0,3,6,2,7,2,5,7,0,3,2,4,2,2,1,2,3,2,5,3,7,5,5,10
343,1,0,1,4,0,2,0,3,2,3,7,1,5,7,0,3,0,2,2,2,2,4,0,1,0,2,7,5,5,13
343,1,0,1,4,0,0,4,3,0,2,7,1,5,7,0,3,0,2,8,2,2,2,1,0,0,1,7,5,5,12
343,1,1,1,1,0,0,6,3,6,3,7,4,5,7,0,3,0,2,8,2,2,2,3,2,5,3,2,2,5,0
404,4,0,1,4,0,1,5,4,6,3,7,2,5,7,0,3,3,2,8,2,2,2,0,1,1,2,1,2,5,11
404,4,2,1,4,0,3,14,0,4,2,9,7,3,0,0,3,3,2,8,2,2,2,3,2,5,3,3,2,5,16
404,4,1,1,4,0,4,0,3,6,2,6,2,5,7,0,3,3,4,8,3,1,13,2,0,3,2,0,2,1,3
463,3,0,1,4,0,3,7,3,6,3,6,2,5,7,0,3,3,4,8,3,1,3,2,0,1,2,7,5,1,12
463,3,1,1,1,2,2,7,3,5,2,7,2,5,0,0,3,3,4,8,3,1,13,3,2,5,3,2,2,5,11
129,2,4,1,1,0,3,15,3,3,2,7,1,5,0,0,0,3,2,2,2,1,2,0,1,0,2,7,5,5,1
129,2,2,1,4,0,0,0,3,6,2,6,2,5,0,0,0,3,2,2,2,1,2,0,0,0,2,0,2,5,3
129,2,1,1,7,4,6,3,3,1,3,6,4,5,1,0,0,3,2,2,2,1,13,3,2,5,3,0,2,5,1
129,2,1,1,2,2,2,3,3,6,2,7,2,5,1,3,0,3,2,8,2,1,2,3,2,5,3,0,2,5,1
141,2,2,1,1,0,1,5,3,6,2,7,2,5,1,0,3,3,4,8,2,3,2,1,0,1,2,0,2,5,0
141,2,2,1,7,4,6,5,0,5,3,9,2,5,0,0,3,3,4,8,2,3,2,2,1,0,2,0,2,0,17
141,2,0,1,7,4,6,4,3,0,2,7,4,5,1,0,3,3,4,8,2,3,2,3,2,5,3,0,2,5,3
141,2,0,1,2,2,0,0,3,6,2,6,4,5,1,0,3,3,2,1,2,2,2,0,1,1,2,0,2,5,10
958,0,1,1,4,0,0,15,3,1,2,6,4,5,1,2,3,3,2,1,2,2,2,0,1,1,2,0,2,5,3
958,0,1,0,4,0,0,7,4,6,3,7,4,5,2,0,0,3,2,8,2,1,2,3,2,5,3,3,2,5,0
587,3,0,1,4,0,3,0,3,5,3,7,6,5,2,0,0,3,2,8,2,1,4,2,0,1,2,2,2,0,12
587,3,1,1,4,0,0,0,3,3,3,7,4,5,0,5,3,0,4,8,1,1,2,3,2,5,3,0,2,5,1
646,3,2,1,2,2,3,0,3,6,2,6,6,5,0,3,3,0,5,8,2,2,2,0,1,0,2,0,2,5,10
646,3,2,1,4,0,3,0,3,3,2,6,2,5,0,0,3,0,5,8,2,2,2,3,2,5,3,3,2,5,9
646,3,2,1,4,0,0,11,3,6,2,7,2,3,1,5,3,0,5,8,2,2,2,0,1,0,2,0,2,5,9
646,3,2,1,4,0,0,4,3,3,2,2,7,5,1,0,0,0,2,8,2,3,2,2,1,1,2,0,2,5,10
646,3,2,1,2,0,1,5,0,6,2,4,4,5,1,2,0,0,2,8,2,3,2,0,1,0,2,0,2,5,10
646,3,1,1,4,0,1,5,1,1,3,7,4,5,1,0,0,0,2,8,2,3,3,3,2,5,3,2,2,5,10
248,6,2,1,4,0,0,14,3,2,2,7,2,5,7,0,0,0,2,8,2,3,2,0,1,0,2,7,2,5,11
248,6,0,1,1,0,2,7,3,0,3,6,4,7,7,0,3,0,4,2,1,1,2,3,2,5,3,0,2,5,3
248,6,4,1,4,0,2,0,3,5,2,7,1,5,7,0,0,3,2,6,2,1,2,0,1,0,2,0,2,5,1
248,6,4,1,4,0,0,8,3,5,2,1,4,3,0,0,0,3,2,8,2,1,2,3,2,5,3,0,2,5,0
237,3,3,1,1,1,2,6,0,5,2,7,2,3,0,2,0,3,2,8,2,1,2,2,0,0,2,0,2,3,3
237,3,0,1,4,0,1,0,0,2,2,2,2,5,0,0,0,3,2,8,2,1,2,3,2,5,3,0,2,5,3
952,0,0,1,1,0,2,8,3,6,3,9,4,5,0,0,3,0,2,8,2,1,2,0,1,1,2,0,2,5,10
952,0,0,1,4,0,3,6,3,2,2,6,2,9,3,0,3,0,2,8,2,1,2,2,0,3,2,0,2,1,13
339,4,1,1,4,0,3,14,3,1,2,7,2,5,3,0,0,0,2,2,1,1,2,2,0,0,2,7,5,1,1
619,0,2,1,1,2,1,5,0,1,3,6,4,5,1,0,0,0,2,2,1,1,2,0,1,1,2,0,2,5,1
619,0,1,1,1,0,2,15,3,6,3,6,7,5,1,0,0,3,2,8,1,1,2,3,2,5,3,0,2,5,10
619,0,1,1,4,2,0,0,3,6,2,7,1,0,1,0,3,0,4,2,2,2,2,3,2,5,3,3,2,5,10
464,4,2,1,1,0,3,3,3,6,2,9,4,5,1,0,3,0,4,8,2,2,4,0,1,4,2,0,2,5,17
464,4,2,1,4,0,2,0,3,6,2,1,1,5,1,0,3,0,4,8,2,2,2,0,1,4,2,7,5,5,2
464,4,1,1,4,0,1,9,3,6,2,2,4,5,1,0,3,0,4,8,2,2,2,3,2,5,3,6,2,5,12
270,0,0,1,1,0,3,4,3,6,2,7,1,5,5,0,3,0,4,8,2,2,2,2,1,0,2,0,2,2,11
152,3,1,1,4,0,1,8,3,6,2,7,4,5,5,2,0,0,2,8,2,1,2,0,1,3,2,7,5,5,12
152,3,0,1,1,0,3,5,3,5,2,7,2,5,7,0,0,0,2,8,2,1,2,2,1,1,2,0,2,0,13
948,5,0,1,4,0,3,7,0,6,2,9,7,5,7,0,3,3,2,1,1,1,2,3,2,5,3,2,2,5,13
369,6,1,1,4,0,1,0,3,3,2,12,7,5,7,0,0,3,2,8,1,1,2,0,1,0,2,2,2,5,9
999,6,1,1,4,0,3,3,3,3,2,2,2,5,7,0,3,2,2,2,2,2,4,3,2,5,3,3,2,5,10
999,6,0,1,4,0,3,4,3,3,2,7,7,5,1,4,3,2,2,8,2,2,2,0,1,1,2,0,2,5,9
1004,6,0,1,4,0,4,3,3,4,3,7,2,5,1,3,3,2,2,2,2,2,2,3,2,5,3,0,2,5,12
525,5,0,1,4,2,3,0,3,1,3,6,4,5,2,3,3,0,2,8,2,2,2,0,1,0,2,0,2,5,3
181,0,1,1,2,1,3,15,3,1,3,6,2,5,2,0,3,0,2,8,2,2,2,3,2,5,3,7,5,5,10
181,0,1,1,4,0,2,15,3,1,2,7,4,5,1,0,0,3,2,1,3,1,2,0,1,2,2,7,5,5,13
948,6,0,1,1,4,6,3,3,4,2,3,4,5,1,2,0,3,2,8,3,1,2,0,1,1,2,0,2,5,1
948,6,1,1,4,0,2,4,3,1,3,7,4,5,0,0,0,3,2,8,3,1,2,3,2,5,3,2,2,5,10
880,3,4,1,4,0,2,4,3,6,3,7,2,5,0,0,3,3,3,8,2,1,2,3,2,5,3,0,2,5,3
880,3,0,1,4,2,4,3,3,6,3,7,4,5,1,0,3,3,3,8,2,1,2,0,1,0,2,7,5,5,10
309,2,1,1,4,0,2,16,4,6,3,7,0,5,1,0,0,3,2,1,1,1,3,0,1,0,2,0,2,5,12
478,6,1,1,1,0,1,3,0,6,2,7,2,6,1,2,0,3,2,8,1,1,2,3,2,5,3,0,2,5,1
687,4,0,1,4,2,1,3,3,3,2,3,2,5,1,0,3,0,2,8,1,1,2,0,1,0,2,1,2,5,11
687,4,0,1,1,0,1,10,4,3,2,7,2,5,1,0,3,0,2,8,4,2,2,0,1,0,2,7,5,5,12
687,4,0,1,4,2,1,0,3,6,2,7,1,5,1,0,3,0,2,8,4,2,2,1,0,2,2,4,2,5,0
413,0,1,1,4,0,3,0,3,1,2,7,2,6,7,0,3,0,2,2,4,2,3,1,0,2,2,0,2,5,18
413,0,1,1,4,0,1,8,3,6,3,6,2,5,7,0,3,0,2,8,4,2,2,1,1,2,2,3,2,5,4
413,0,1,1,4,0,0,17,3,5,3,9,2,5,0,0,0,3,2,8,4,1,4,1,1,2,2,3,2,5,3
413,0,4,1,4,0,1,14,3,1,2,7,2,5,0,0,0,3,2,8,4,1,4,1,1,2,2,0,2,5,4
413,0,4,1,4,0,0,17,3,5,3,9,2,5,5,0,0,3,2,8,4,1,2,1,0,2,2,7,5,5,3
632,1,0,1,4,0,2,0,3,5,3,7,4,5,5,0,0,3,2,2,4,1,2,1,1,0,2,0,2,5,11
632,1,0,1,4,0,2,0,3,1,3,9,0,5,0,0,3,0,0,8,3,2,2,1,0,0,2,0,2,5,3
632,1,0,1,1,2,1,3,3,6,3,6,2,5,0,2,3,0,0,8,3,2,2,1,1,4,2,3,2,5,1
334,5,1,1,1,0,4,10,3,2,3,6,2,6,0,0,3,0,0,8,3,2,4,0,1,1,2,0,2,5,9
634,4,1,1,7,4,6,10,3,5,3,6,0,5,7,0,3,0,4,8,2,2,2,0,1,0,2,7,2,5,3
634,4,1,1,4,0,3,4,3,6,3,1,2,5,7,0,3,0,4,8,2,2,1,0,1,0,1,0,2,5,1
202,3,1,1,2,0,0,4,3,6,3,7,2,5,1,0,2,3,6,8,3,2,2,2,1,0,1,7,5,5,3
202,3,1,1,4,2,2,8,3,6,3,7,7,5,1,2,2,3,6,8,3,2,2,3,2,5,3,0,2,5,3
202,3,1,1,4,0,0,0,3,2,3,7,2,5,1,0,2,3,6,8,3,2,2,0,1,2,1,7,5,5,3
388,5,1,1,4,0,3,0,3,6,3,7,0,5,1,0,2,3,6,8,3,2,2,0,1,0,2,3,3,5,1
388,5,1,1,4,0,4,0,3,1,2,7,4,7,0,0,2,3,6,8,3,2,2,3,2,5,3,0,2,5,1
324,1,1,1,1,0,1,3,3,1,2,6,2,5,0,0,2,3,6,8,3,2,2,3,2,5,3,0,2,5,3
458,6,0,1,4,0,2,3,3,3,2,6,2,5,7,0,2,3,6,2,3,2,3,0,0,0,2,2,2,5,16
508,5,0,1,1,0,2,0,3,5,2,6,1,5,7,0,2,3,6,2,3,2,2,0,1,3,2,7,5,5,1
508,5,0,1,4,2,0,14,3,3,2,9,0,5,7,0,3,3,6,2,2,1,4,3,2,5,3,7,5,5,10
508,5,1,1,4,0,2,17,0,4,2,1,2,5,1,0,3,3,6,1,2,1,2,2,1,1,2,2,2,5,13
508,5,2,1,5,1,6,7,3,5,2,2,0,5,1,4,0,2,6,8,2,2,2,3,2,5,3,0,2,5,1
511,2,1,1,2,0,1,13,3,5,2,6,4,5,7,0,0,2,6,8,2,2,2,0,0,0,2,0,2,5,1
511,2,1,1,4,0,0,5,3,5,2,7,2,5,7,0,3,0,2,1,2,6,2,3,2,5,3,7,5,5,16
149,0,0,1,4,0,2,8,3,6,3,9,7,3,7,0,3,0,2,8,2,6,13,0,1,0,2,0,2,5,13
149,0,0,1,4,0,1,4,3,6,2,12,7,5,7,0,3,0,2,8,2,6,3,1,1,0,2,7,5,5,4
315,1,0,1,4,0,5,5,3,0,2,6,2,5,0,0,3,0,2,8,2,6,13,0,1,1,2,0,2,5,16
315,1,0,1,4,0,3,6,3,3,2,7,7,5,0,0,3,0,2,8,2,6,2,0,1,4,2,0,2,5,12
315,1,2,1,4,0,3,0,3,5,2,7,2,5,0,0,3,0,2,8,2,6,2,3,2,5,3,7,5,5,9
315,1,2,1,4,0,2,0,1,1,3,6,2,7,1,2,2,3,2,8,4,2,13,0,0,0,1,7,5,5,13
1018,4,0,1,2,0,1,0,3,6,3,6,2,5,1,0,2,3,2,2,4,2,2,3,2,5,3,7,5,5,12
409,6,1,1,2,2,1,14,3,2,3,7,4,5,1,0,2,3,2,1,4,2,2,0,1,1,2,7,5,5,11
537,2,0,1,4,0,4,17,3,2,2,6,2,5,1,0,2,3,2,8,4,2,2,3,2,5,3,2,2,5,1
537,2,0,1,4,2,3,11,3,1,2,4,2,5,7,0,3,3,6,8,2,1,2,3,2,5,3,3,2,5,1
977,1,0,1,4,0,3,11,3,5,2,6,4,5,7,0,3,3,6,2,2,1,2,0,0,1,2,7,5,5,1
977,1,1,1,1,0,1,14,3,6,3,7,4,5,7,0,0,0,2,8,2,1,2,2,1,3,2,4,2,6,4
466,2,0,1,4,0,1,0,3,3,3,7,2,5,0,0,0,0,2,8,2,1,2,0,1,0,2,2,2,5,0
466,2,1,1,5,0,3,2,3,5,3,6,2,5,0,0,0,3,2,8,1,1,4,3,2,5,3,0,2,5,9
663,5,0,1,1,0,2,0,4,6,3,2,6,5,0,0,3,0,0,8,2,2,2,0,1,4,2,2,2,5,2
251,2,1,1,4,0,4,5,3,6,3,6,7,5,1,0,3,0,0,8,2,2,2,2,0,4,2,0,2,2,9
251,2,0,0,1,0,4,0,3,6,3,9,7,5,0,0,3,0,0,8,2,2,2,0,1,1,2,2,2,5,10
293,0,2,1,4,0,4,10,3,5,2,1,2,5,0,0,2,0,3,8,2,3,2,3,2,5,3,7,2,5,13
385,5,2,1,4,0,2,13,0,2,3,7,7,5,0,0,2,0,3,8,2,3,2,3,2,5,3,0,2,5,12
385,5,2,1,4,2,2,0,3,5,2,2,4,5,0,0,2,0,3,2,2,3,2,0,1,0,2,0,2,5,1
245,2,1,1,2,2,2,10,3,5,2,7,1,5,1,0,0,3,2,2,1,1,3,3,2,5,3,3,2,5,13
245,2,1,1,4,0,2,17,3,3,2,7,2,5,1,2,0,3,2,2,2,1,2,0,1,4,2,7,5,5,10
245,2,0,1,4,0,1,5,3,2,3,2,4,5,7,0,0,3,2,8,2,1,2,2,1,0,2,7,5,7,3
335,1,1,1,1,0,2,5,3,5,3,6,2,6,7,5,3,0,2,1,1,1,2,3,2,5,3,1,2,5,10
335,1,2,1,4,0,1,9,3,5,3,6,0,5,7,0,3,0,4,8,1,1,2,0,0,1,2,0,2,5,9
165,4,0,1,4,0,4,5,1,2,2,2,2,5,3,0,3,3,8,1,2,1,2,1,0,1,2,2,2,5,10
521,6,0,1,1,0,1,5,1,1,2,7,4,7,0,0,3,3,8,8,2,1,2,1,0,3,2,0,2,5,9
521,6,1,1,4,0,1,9,3,5,2,7,4,5,0,0,0,3,2,1,1,1,2,1,0,0,2,0,2,5,11
547,5,1,1,4,0,1,11,3,5,2,2,4,5,1,0,0,0,2,8,1,1,1,1,0,1,2,0,2,5,0
443,0,1,1,4,0,2,0,3,2,2,4,2,6,1,0,0,3,2,8,2,1,2,2,0,0,2,0,2,1,10
443,0,1,1,4,0,2,8,3,5,2,6,4,5,1,0,0,3,2,8,2,1,2,3,2,5,3,0,2,5,13
183,0,1,1,4,0,6,14,3,5,2,12,4,5,1,0,0,3,2,8,2,1,9,0,1,1,2,0,2,5,10
925,0,0,1,4,2,2,7,3,5,2,7,4,5,0,0,0,3,2,8,2,1,3,0,1,1,2,0,2,5,11
925,0,0,1,4,0,1,17,3,5,2,2,1,5,7,3,0,0,2,8,2,1,2,3,2,5,3,0,2,5,9
428,0,0,1,4,0,4,0,3,5,2,6,4,5,7,0,0,0,2,8,2,1,3,2,0,3,2,7,2,5,11
428,0,1,1,4,0,0,14,3,5,2,7,7,3,1,0,0,3,2,8,1,1,2,2,0,0,2,7,2,2,10
428,0,0,1,4,0,4,8,3,1,2,7,7,5,0,0,0,2,2,8,1,1,13,0,1,1,2,7,2,5,11
1028,0,1,0,4,0,3,5,3,5,3,7,2,5,1,0,3,0,2,8,2,2,2,3,2,5,3,7,2,5,3
1028,0,0,0,4,0,4,0,3,1,3,7,1,5,0,0,3,0,2,8,2,2,13,3,2,5,3,7,2,5,7
374,6,1,1,4,0,1,17,3,3,2,2,2,6,0,0,3,0,2,8,2,2,2,0,1,0,2,7,2,5,3
476,3,4,0,4,0,0,5,0,1,2,9,2,5,1,0,0,3,2,6,3,3,13,1,1,1,2,7,2,5,0
246,3,2,1,1,0,2,5,3,1,2,6,2,6,1,0,0,3,2,2,3,3,2,1,0,0,2,7,2,5,12
246,3,0,1,4,2,4,5,3,1,2,7,2,5,7,0,0,3,2,8,3,3,2,0,1,0,2,0,5,5,1
246,3,0,1,4,0,4,8,3,1,2,6,2,6,7,0,0,3,2,8,3,3,2,2,1,3,1,0,5,6,1
246,3,0,1,6,0,4,8,3,1,2,7,2,5,7,0,0,3,2,8,3,3,2,3,2,5,3,0,2,5,10
555,3,4,1,4,0,0,0,3,0,2,2,4,5,7,0,0,2,2,1,2,2,2,0,1,0,2,0,2,5,10
555,3,1,1,1,2,2,7,3,5,2,6,2,5,7,0,0,2,2,1,2,2,4,3,2,5,3,0,2,5,0
555,3,1,1,4,0,1,17,3,5,2,7,2,5,0,0,0,2,2,8,2,2,4,0,1,4,2,7,2,5,1
139,2,1,1,4,2,4,0,3,5,2,7,2,5,7,0,0,3,2,8,1,1,2,3,2,5,3,0,2,5,12
188,3,1,1,6,0,2,6,3,3,3,12,2,5,7,0,3,0,2,1,2,1,2,0,1,0,2,0,2,5,0
188,3,0,1,6,0,2,0,3,5,2,2,0,6,7,0,3,0,2,1,2,1,1,3,2,5,3,3,2,5,12
188,3,0,1,4,0,2,0,3,5,3,12,4,5,1,4,3,3,4,1,2,2,2,1,1,0,2,0,2,5,9
655,0,0,1,4,0,1,9,3,1,2,9,0,5,1,0,3,3,4,8,2,2,2,3,2,5,3,0,2,5,18
655,0,1,1,4,0,3,0,4,6,3,6,2,5,7,0,3,3,4,2,2,2,2,0,1,1,2,3,2,5,10
179,5,3,1,4,0,2,11,3,5,3,6,4,5,7,0,0,3,2,8,2,1,2,3,2,5,3,7,5,5,10
179,5,0,1,4,0,3,5,0,2,2,2,2,5,7,0,0,3,2,8,2,1,2,0,1,0,2,0,2,5,10
1014,4,1,1,4,0,1,11,3,1,3,9,4,5,7,0,0,3,2,2,1,1,1,0,1,4,2,2,2,5,0
1014,4,0,1,4,0,4,17,3,5,2,6,7,5,7,0,0,3,2,8,1,1,2,3,2,5,3,0,2,5,12
975,5,0,1,4,0,4,17,3,1,2,9,1,5,7,0,0,0,2,8,3,3,2,0,0,1,2,3,2,5,2
337,5,1,1,4,2,2,0,3,1,2,7,2,5,7,4,0,0,2,8,3,3,4,1,1,0,2,0,2,5,16
337,5,1,1,4,0,1,0,0,1,2,7,2,5,0,0,0,0,2,8,3,3,2,3,2,5,3,0,2,5,13
496,3,0,1,1,0,4,5,3,5,2,9,2,5,0,0,0,0,2,1,3,3,2,3,2,5,3,7,5,5,0
496,3,2,1,4,0,1,0,3,2,2,4,4,5,0,0,0,0,2,6,2,1,2,0,1,0,2,0,2,5,11
1069,1,2,1,4,0,2,10,3,1,2,7,4,3,0,0,0,0,2,8,2,1,2,0,1,1,1,0,2,5,0
1069,1,2,1,2,0,3,0,3,0,2,6,4,5,0,0,0,3,2,8,2,1,2,3,2,5,3,7,5,5,10
633,6,1,1,2,0,3,11,1,1,2,7,2,7,1,0,0,3,2,8,2,1,7,0,1,1,2,7,5,5,9
1028,1,1,1,4,0,2,5,0,0,3,7,4,5,1,0,0,3,7,2,3,4,4,3,2,5,3,0,2,5,0
1028,1,1,1,1,0,0,0,3,5,2,7,2,5,7,0,0,3,7,8,3,4,2,3,2,5,3,0,2,5,13
1028,1,4,1,1,0,2,4,3,1,2,7,0,5,7,5,0,3,7,6,3,4,2,0,1,2,2,7,5,5,10
619,6,2,1,4,0,2,10,3,5,1,6,4,5,7,4,0,3,7,2,3,4,2,0,1,0,2,7,5,5,9
114,5,0,1,4,0,0,10,0,0,2,7,2,5,7,0,0,3,2,8,1,1,2,3,2,5,3,0,2,5,10
114,5,0,1,4,2,2,17,4,6,3,14,7,5,7,0,0,3,2,8,1,1,2,0,1,0,2,0,2,5,0
114,5,3,1,2,2,3,3,1,5,2,7,2,5,0,0,3,0,2,8,2,1,2,3,2,5,3,7,5,5,0
114,5,3,1,7,2,4,5,3,3,3,7,7,3,0,0,3,0,2,8,2,1,2,1,0,3,2,7,5,5,11
114,5,3,1,6,2,2,4,3,5,3,6,4,5,0,1,3,3,1,8,2,1,2,2,0,3,2,0,2,6,0
114,5,1,1,0,0,3,5,3,5,2,6,1,5,0,5,3,3,1,8,2,1,2,0,1,4,2,0,2,5,3
114,5,0,1,2,0,4,9,3,3,2,2,7,5,7,0,0,3,2,1,2,1,3,0,0,1,2,7,5,5,3
251,2,1,1,4,0,0,17,3,6,2,6,0,5,7,0,0,3,2,8,2,1,3,1,0,3,2,0,5,5,11
251,2,0,1,4,0,3,15,3,3,2,6,7,5,1,0,3,0,8,8,1,1,9,3,2,5,3,0,2,5,7
666,0,2,1,4,2,3,17,3,5,2,6,2,5,1,0,0,3,2,2,2,1,4,0,1,0,2,0,2,5,10
666,0,2,1,4,0,3,0,3,5,2,6,1,5,1,2,0,3,2,8,2,1,4,3,2,5,3,0,2,5,0
666,0,2,1,4,0,5,17,3,1,2,9,4,5,1,0,0,3,2,8,1,1,2,3,2,5,3,0,2,5,12
666,0,2,1,4,0,0,5,3,3,2,9,7,5,7,0,0,3,2,8,2,1,2,0,1,1,2,7,5,5,10
666,0,2,1,3,2,0,0,3,2,3,9,4,5,7,0,0,3,2,2,2,1,4,3,2,5,3,4,2,5,11
666,0,0,1,4,2,4,0,3,2,3,6,0,5,0,0,0,3,2,8,2,2,4,0,1,1,2,7,5,5,11
542,0,0,0,4,2,0,5,3,5,2,9,2,3,0,0,0,3,2,8,2,2,2,3,2,5,3,7,5,5,12
542,0,0,1,4,2,1,0,0,5,2,7,2,5,1,0,0,3,2,8,2,2,7,0,1,4,2,7,2,5,3
764,2,2,1,5,2,2,0,0,4,2,7,2,5,1,0,0,3,0,8,2,1,4,0,1,0,2,0,2,5,1
511,4,1,1,5,2,3,0,3,6,3,7,2,9,1,0,0,3,0,8,2,1,9,3,2,5,3,0,2,5,0
235,1,2,1,4,2,1,15,3,5,2,12,0,5,1,0,3,3,2,8,1,1,2,0,1,1,2,7,5,5,9
235,1,0,1,1,2,3,17,3,5,2,12,0,5,7,0,3,0,4,8,2,1,2,3,2,5,3,7,5,5,3
1004,3,1,1,6,2,2,17,3,1,2,12,4,5,7,0,3,0,4,2,2,1,2,0,1,0,2,7,5,5,4
1004,3,4,1,7,2,6,0,3,5,2,9,1,5,0,3,0,0,2,8,1,1,2,3,2,5,3,7,5,5,4
992,1,3,1,4,2,2,8,3,5,2,7,4,5,0,0,0,3,2,8,2,1,2,0,1,1,2,0,2,5,11
992,1,0,1,4,2,4,17,3,5,2,6,2,5,7,0,0,3,2,8,2,1,2,3,2,5,3,0,2,5,0
195,2,0,1,4,2,1,0,3,2,2,7,2,5,7,0,3,3,2,8,1,1,2,1,0,1,2,0,2,5,1
195,2,1,1,1,0,1,9,3,3,2,12,4,5,7,0,0,3,2,8,2,1,2,0,1,0,2,2,2,5,3
393,2,0,1,4,0,1,10,3,2,2,7,0,5,7,0,0,3,2,8,2,1,2,3,2,5,3,0,2,5,10
393,2,3,1,4,0,1,4,3,1,2,4,2,5,7,0,3,3,2,8,3,1,4,0,1,0,1,7,5,5,7
72,6,2,1,4,0,2,14,3,1,2,7,2,5,7,0,3,3,2,2,3,1,2,3,2,5,3,0,2,5,5
190,1,0,0,4,0,2,12,3,5,2,6,2,5,7,0,3,3,2,6,3,1,2,3,2,5,3,0,2,5,1
190,1,0,1,4,0,3,14,3,5,2,7,2,5,7,0,3,3,4,8,2,1,3,0,0,1,2,5,2,5,3
190,1,0,1,1,0,2,0,3,5,2,7,2,5,7,0,3,3,4,8,2,1,2,3,2,5,3,0,2,5,9
326,3,1,1,4,0,2,0,1,3,2,5,4,5,7,0,0,3,2,8,1,1,3,0,1,4,2,0,2,5,18
326,3,2,1,4,0,3,7,3,5,2,7,7,5,7,0,0,0,2,8,1,1,4,3,2,5,3,0,2,5,1
326,3,2,0,1,2,6,15,3,3,2,9,2,5,7,0,0,3,2,8,3,3,2,0,1,0,2,0,2,5,3
295,3,1,1,4,2,2,0,3,3,3,6,2,5,0,0,0,3,2,8,3,3,7,2,0,0,2,1,2,1,12
440,5,2,1,4,0,2,14,3,5,3,6,0,5,0,0,0,3,2,8,3,3,2,0,1,1,2,0,2,5,9
440,5,3,1,4,0,4,0,4,1,3,3,1,9,0,0,0,3,2,8,3,3,4,3,2,5,3,3,2,5,0
89,5,1,0,7,4,6,9,3,5,3,4,2,5,0,0,0,0,2,2,2,2,4,3,2,5,3,0,2,5,17
89,5,2,0,4,0,2,17,3,1,2,7,4,5,0,0,0,0,2,8,2,2,4,0,1,0,2,0,2,5,10
306,1,1,1,4,0,2,0,3,6,3,6,4,5,0,0,0,0,2,8,2,2,8,3,2,5,3,7,5,5,3
306,1,2,1,4,0,3,5,3,5,2,6,7,5,7,0,0,3,2,8,1,1,4,0,0,3,2,0,2,5,10
306,1,4,1,2,0,3,17,3,5,3,9,2,5,7,0,0,3,2,8,3,2,4,3,2,5,3,7,5,5,0
204,2,0,1,4,0,3,11,3,5,3,9,6,5,2,4,0,3,2,1,3,2,4,0,1,1,2,7,5,5,11
204,2,0,0,4,0,3,17,3,5,2,12,2,5,2,5,0,3,2,1,3,2,2,2,0,2,2,7,2,1,10
204,2,4,0,4,0,3,9,0,5,2,7,2,5,7,0,0,0,2,8,2,1,2,0,1,0,2,0,2,5,10
977,6,4,1,4,0,3,9,0,5,2,0,4,5,7,0,0,0,2,8,2,1,2,3,2,5,3,0,2,5,0
977,6,0,1,4,0,2,0,3,5,2,6,7,5,7,0,3,3,3,8,2,1,2,3,2,5,3,0,2,5,10
165,3,0,1,4,0,1,17,3,5,2,2,2,5,7,0,3,3,3,6,2,1,2,0,0,0,2,0,2,5,0
165,3,0,1,4,0,4,0,0,5,2,2,2,5,7,0,0,3,2,8,2,1,2,3,2,5,3,0,2,5,10
165,3,4,1,4,0,4,5,3,5,2,9,0,5,0,0,0,3,2,8,2,1,2,0,1,0,2,0,2,5,10
165,3,4,1,4,0,1,9,3,3,2,9,2,5,0,0,0,3,2,1,1,1,2,3,2,5,3,1,2,5,10
620,3,0,1,1,0,4,4,3,5,2,9,0,5,0,0,0,3,2,8,2,1,2,0,1,1,2,7,2,5,0
620,3,1,1,4,0,4,0,3,3,2,9,2,5,1,0,0,3,2,8,2,1,2,0,1,1,2,0,2,5,1
525,4,1,1,4,0,6,0,3,0,2,7,0,5,1,0,0,3,2,8,2,1,2,3,2,5,3,7,5,5,9
656,4,1,1,7,0,2,0,3,5,2,7,2,5,1,0,0,3,2,1,2,1,7,3,2,5,3,3,2,5,1
656,4,0,1,6,0,4,1,3,1,2,9,2,5,1,0,3,3,2,8,2,1,2,0,1,0,2,7,5,5,10
656,4,1,1,4,0,4,9,3,5,2,7,7,5,7,4,3,3,2,1,2,1,4,0,1,0,2,3,2,5,16
656,4,1,1,4,0,0,4,3,5,2,2,4,5,7,0,0,0,2,8,1,1,13,3,2,5,3,7,5,5,13
42,6,1,1,1,0,3,17,3,5,2,7,4,5,7,0,0,3,2,8,3,1,1,2,1,0,2,3,2,6,13
42,6,1,1,1,0,3,17,3,5,2,6,4,5,7,0,0,3,2,8,3,1,2,3,2,5,3,7,5,5,1
42,6,1,1,1,0,4,0,3,1,2,6,2,5,7,0,0,3,2,8,3,1,2,0,0,3,1,7,5,5,11
646,6,0,1,2,0,1,4,3,6,3,9,4,5,1,0,3,0,4,8,1,1,2,0,1,0,1,3,2,5,12
646,6,0,1,4,0,1,5,3,5,3,7,2,5,1,0,3,3,2,2,4,6,2,3,2,5,3,1,2,5,0
646,6,0,1,0,0,3,8,3,3,3,4,4,5,7,0,3,3,2,8,4,6,9,2,1,0,2,2,2,5,0
102,0,2,1,4,0,1,4,3,5,3,6,2,5,1,0,3,3,2,8,4,6,0,3,2,5,3,1,2,5,16
102,0,1,1,4,0,1,14,1,5,3,1,2,5,1,0,3,3,2,2,4,6,0,0,1,2,1,7,5,5,10
102,0,1,1,2,0,0,7,3,0,2,9,2,5,1,4,3,3,2,8,4,6,0,2,1,2,2,1,2,5,12
394,4,1,1,4,0,2,7,3,3,3,9,4,5,0,0,3,3,2,8,4,6,0,3,2,5,3,7,5,5,1
394,4,0,1,4,0,4,4,3,2,3,2,4,3,0,0,3,3,2,8,4,6,4,0,1,1,2,1,2,5,0
221,1,1,1,4,0,4,17,3,2,3,9,4,5,0,5,0,3,2,8,2,1,0,2,0,0,1,1,2,0,10
221,1,0,1,1,0,6,0,3,5,2,14,7,5,0,0,0,3,2,1,2,1,9,3,2,5,3,1,2,5,3
563,0,1,1,4,0,4,5,3,2,2,7,4,5,0,0,0,0,2,1,3,5,0,0,1,0,2,0,2,5,11
563,0,1,0,4,0,0,7,3,5,3,7,3,5,7,0,0,0,2,8,3,5,0,3,2,5,3,0,2,5,3
772,2,3,1,1,0,1,5,3,5,2,2,3,5,7,2,0,0,2,8,3,5,0,0,0,0,2,4,2,5,9
772,2,3,1,2,0,0,0,0,6,2,7,3,5,0,0,0,0,2,2,3,5,0,3,2,5,3,0,2,5,10
772,2,3,1,4,0,2,8,3,5,2,2,3,5,0,0,0,0,2,8,3,5,0,0,1,1,2,3,2,5,10
1025,6,0,1,4,0,4,5,3,5,2,2,2,5,7,0,0,0,2,8,3,5,4,3,2,5,3,7,5,5,10
349,4,1,1,2,0,3,10,3,3,2,7,4,5,7,0,0,0,2,8,2,2,2,2,0,1,2,7,5,0,0
349,4,1,1,1,2,2,3,0,2,2,7,4,5,7,0,0,0,2,8,2,2,2,0,1,0,2,0,2,5,0
627,2,3,1,1,0,4,0,3,2,2,12,7,5,7,0,0,0,2,2,1,1,4,3,2,5,3,0,2,5,9
706,6,1,1,4,0,2,0,3,3,2,9,4,5,1,0,0,0,2,8,1,1,2,2,0,0,2,0,2,0,1
706,6,0,1,1,2,2,7,4,0,2,7,2,5,7,0,0,3,2,8,2,1,2,1,0,3,1,0,2,5,12
685,2,3,0,4,0,1,17,3,3,2,6,4,5,7,0,0,3,2,2,2,1,2,0,1,0,2,7,5,5,9
685,2,3,1,4,0,3,3,3,3,2,9,4,5,0,0,3,3,2,8,2,1,2,3,2,5,3,0,2,5,3
873,5,3,1,4,0,2,9,3,3,2,7,1,3,0,0,3,3,2,2,2,1,2,0,0,4,2,3,2,5,3
873,5,3,1,2,0,0,9,3,3,2,9,2,5,0,0,0,3,2,8,2,1,7,3,2,5,3,3,2,5,5
873,5,0,1,1,0,2,7,3,2,2,9,4,5,0,0,0,3,2,8,2,1,3,0,1,0,1,3,2,5,11
1054,1,1,1,1,0,1,7,3,6,2,9,2,5,0,0,0,3,2,8,2,1,5,3,2,5,3,0,2,5,12
1054,1,1,1,4,0,4,7,3,0,2,7,7,5,7,0,0,3,2,8,2,1,2,2,0,3,2,2,2,5,3
515,6,4,1,4,0,4,9,3,2,2,7,4,5,1,0,0,3,2,8,2,1,2,2,1,2,1,7,5,5,9
515,6,3,1,4,0,2,5,3,2,2,7,1,5,7,0,0,3,2,8,2,1,2,3,2,5,3,3,2,5,3
360,6,2,1,4,2,2,7,3,0,2,3,4,5,7,2,3,3,4,8,1,1,2,0,1,0,2,2,2,5,12
360,6,0,1,1,0,0,9,3,1,2,9,4,5,7,0,0,3,2,8,3,1,2,3,2,5,3,7,5,5,1
203,5,1,1,4,0,6,7,3,2,2,9,1,5,0,0,0,3,2,1,3,1,2,0,1,0,2,7,5,5,0
203,5,2,1,1,0,3,4,3,2,2,9,4,5,0,0,0,3,2,2,3,1,2,3,2,5,3,0,2,5,12
646,0,4,1,4,2,0,7,3,0,2,7,2,5,7,0,0,3,2,8,2,3,7,0,0,0,2,7,5,5,3
646,0,3,1,7,4,6,7,3,0,2,6,2,5,7,0,0,3,2,8,2,3,2,3,2,5,3,0,2,5,9
535,0,2,1,4,0,3,7,3,1,2,7,7,5,7,0,0,3,2,2,2,3,2,0,0,0,2,0,2,5,10
175,2,4,1,1,2,1,8,3,5,2,6,0,5,0,0,0,3,2,8,1,1,4,0,0,0,2,0,2,5,0
488,6,1,1,4,0,2,0,3,5,2,9,2,5,0,0,0,3,2,8,2,1,0,3,2,5,3,0,2,5,0
488,6,1,1,4,0,4,7,3,5,2,6,0,1,7,0,0,3,2,1,2,1,9,0,1,0,2,3,2,5,10
488,6,1,1,4,0,2,5,3,6,2,6,0,5,1,0,0,3,2,8,2,1,2,0,0,2,2,3,2,5,0
488,6,0,1,2,0,3,10,1,5,2,7,0,5,5,2,0,3,2,1,2,1,2,3,2,5,3,0,2,5,3
958,6,0,1,4,0,2,0,3,5,2,6,2,5,1,0,0,3,2,8,3,2,2,3,2,5,3,0,2,5,0
958,6,0,1,1,0,0,8,3,5,2,6,6,5,1,0,0,3,2,8,3,2,2,0,0,4,2,7,5,5,10
51,4,3,1,4,0,6,5,0,5,3,6,1,5,1,0,0,3,2,2,3,2,2,3,2,5,3,0,2,5,1
51,4,2,0,1,0,0,9,3,5,3,7,4,5,1,0,3,3,2,8,2,3,2,0,1,2,2,0,2,5,10
755,2,2,1,4,2,0,7,3,5,3,9,6,5,7,0,3,3,2,8,2,3,2,3,2,5,3,0,2,5,4
30,3,0,1,0,2,0,5,3,1,2,9,2,1,7,0,3,3,2,8,2,3,2,3,2,5,3,7,2,5,10
30,3,0,1,4,2,2,8,3,2,3,2,2,5,7,0,0,3,2,1,2,1,1,0,1,1,2,7,5,5,16
64,1,0,1,4,0,2,7,3,2,3,7,2,5,7,0,0,3,2,2,2,1,1,3,2,5,3,0,2,5,5
64,1,0,1,1,0,2,5,3,5,3,9,2,5,7,3,0,3,2,1,4,1,1,0,1,1,2,0,2,5,11
196,2,0,1,2,2,4,12,3,1,3,7,4,5,7,0,0,3,2,8,4,1,3,0,1,1,2,3,2,5,9
196,2,2,1,4,0,3,0,3,1,3,9,4,5,7,0,0,3,2,8,4,1,2,0,0,1,2,0,2,5,1
196,2,2,1,4,0,2,0,3,1,3,9,2,5,3,0,0,3,2,8,4,1,2,3,2,5,3,0,2,5,0
459,1,0,0,4,0,4,14,3,2,2,7,2,5,3,0,0,3,2,8,2,1,12,0,1,3,2,0,2,5,1
459,1,1,0,4,0,3,7,4,6,3,7,2,5,7,0,0,3,2,8,2,1,2,3,2,5,3,7,5,5,5
459,1,1,1,4,0,2,5,3,5,2,7,4,5,7,0,0,3,2,2,1,1,4,3,2,5,3,0,2,5,12
459,1,1,1,4,2,3,5,3,5,2,7,0,5,7,0,0,3,2,2,4,2,2,1,0,1,2,0,2,5,12
443,0,1,1,4,0,2,3,3,5,3,9,2,5,7,0,0,3,2,8,4,2,2,0,1,1,2,3,2,5,0
443,0,3,1,4,0,0,14,3,1,3,1,4,5,0,0,0,3,2,8,4,2,2,3,2,5,3,7,2,5,1
443,0,1,1,4,0,0,9,3,6,3,7,7,5,0,0,0,3,2,8,4,2,2,0,1,0,1,7,5,5,1
443,0,1,1,4,0,0,0,3,6,3,6,4,5,0,0,3,3,4,8,3,1,5,3,2,5,3,0,2,5,0
443,0,1,1,2,0,1,9,4,6,3,7,4,5,0,0,3,3,4,8,3,1,2,3,2,5,3,0,2,5,0
99,3,0,1,2,2,3,5,3,5,3,6,4,5,1,0,3,3,4,8,3,1,2,0,1,0,2,0,2,5,7
99,3,0,1,1,0,1,0,3,5,3,6,1,5,1,0,0,3,2,8,2,2,2,0,1,0,2,7,5,5,16
99,3,1,1,4,0,3,5,3,5,3,6,4,5,1,0,0,3,2,8,2,2,9,2,1,1,2,0,2,5,0
822,2,0,1,2,0,1,5,3,5,2,7,4,5,1,0,0,3,2,8,2,2,2,3,2,5,3,3,2,5,5
822,2,0,1,4,1,5,8,0,5,3,7,0,5,1,0,0,3,2,8,2,2,2,0,1,1,1,3,2,5,3
418,5,1,1,4,0,0,7,3,5,2,6,3,5,1,0,0,3,2,5,2,2,1,0,1,0,2,7,5,5,9
418,5,3,1,4,2,2,0,3,5,3,9,7,5,1,0,0,3,2,8,2,2,3,3,2,5,3,7,2,5,10
428,0,1,1,4,0,0,0,0,1,3,1,4,5,1,0,0,3,2,2,2,1,1,0,0,0,2,0,2,5,12
428,0,3,1,4,0,3,4,3,0,2,7,7,5,1,2,0,3,2,8,2,1,5,3,2,5,3,0,2,5,17
441,5,1,1,4,0,0,1,3,3,2,9,7,5,1,0,0,3,2,8,2,1,2,3,2,5,3,7,5,5,0
441,5,1,1,4,0,0,0,3,5,2,7,7,5,0,0,0,3,2,8,2,1,2,0,1,1,2,0,2,5,10
476,3,1,1,4,0,1,5,3,5,3,7,7,5,0,0,0,3,2,8,2,1,2,1,1,1,2,3,2,5,9
772,6,1,1,2,0,0,4,3,2,3,7,1,5,0,0,0,3,2,8,2,1,7,1,0,2,2,3,2,5,12
772,6,1,1,4,0,0,4,3,5,2,7,2,5,0,0,0,0,2,8,2,3,1,0,1,4,2,3,2,5,12
308,6,3,1,1,0,3,0,3,1,2,7,7,5,1,0,0,0,2,2,2,3,2,3,2,5,3,7,5,5,10
308,6,3,1,4,0,3,17,3,5,2,12,4,5,1,0,0,0,2,2,2,3,2,2,1,1,2,3,2,6,10
308,6,2,1,1,0,3,0,3,6,2,6,2,5,7,3,3,3,4,8,1,1,2,2,0,0,2,3,2,2,16
290,2,4,1,4,0,3,10,3,5,2,6,2,5,7,0,0,3,2,2,2,1,7,3,2,5,3,0,1,5,5
290,2,0,1,4,0,0,9,3,2,2,6,2,5,1,0,0,3,2,2,2,1,2,0,1,0,2,0,2,5,1
290,2,0,1,4,0,2,7,3,5,2,12,6,5,7,0,0,3,2,8,1,1,8,3,2,5,3,3,2,5,0
183,3,1,1,2,2,1,0,0,6,2,12,4,5,7,4,0,0,2,8,2,2,5,0,1,0,2,3,2,5,3
183,3,0,1,4,0,1,0,3,6,2,6,2,5,7,0,0,0,2,2,2,2,2,2,0,0,2,0,2,5,9
183,3,0,1,4,0,2,10,3,6,2,6,2,5,7,0,0,3,2,8,1,2,7,0,1,0,2,0,2,5,9
183,3,0,1,4,0,2,10,0,3,2,12,2,5,7,0,0,3,2,8,1,2,2,3,2,5,3,7,5,5,1
183,3,0,1,4,0,1,0,3,0,2,14,2,5,7,0,3,3,4,8,2,2,2,0,1,0,2,0,2,5,12
516,0,0,1,2,0,3,7,3,3,2,7,2,5,7,0,3,3,4,8,2,2,7,3,2,5,3,0,2,5,2
516,0,0,1,1,0,2,8,3,4,2,7,4,5,7,0,3,3,4,8,2,2,2,3,2,5,3,4,2,5,5
100,6,0,1,4,0,3,5,3,3,2,7,2,5,7,0,0,3,2,8,2,2,12,0,1,1,2,1,2,5,1
100,6,0,1,6,0,1,0,3,5,2,9,4,5,7,0,0,3,2,1,2,2,2,3,2,5,3,0,2,5,3
958,5,2,1,4,0,1,0,0,0,2,7,4,5,7,0,0,3,2,8,2,1,2,0,1,3,2,2,2,5,10
958,5,0,1,2,0,1,5,3,0,2,7,4,5,7,0,0,3,2,2,2,1,2,0,1,0,2,7,2,5,0
958,5,0,1,4,0,0,17,3,6,2,4,4,5,7,0,0,3,2,8,2,2,2,3,2,5,3,7,5,5,10
388,5,0,1,2,0,2,7,3,6,2,1,4,5,7,0,0,3,2,8,2,2,1,0,1,1,2,7,5,5,10
388,5,1,0,1,0,1,0,3,3,2,2,2,5,7,0,0,3,2,8,2,1,2,3,2,5,3,1,5,5,7
531,1,3,1,4,0,0,0,3,6,3,6,2,5,7,0,0,3,2,8,2,1,2,0,1,1,2,0,5,5,16
531,1,4,1,1,0,0,0,3,6,3,7,2,5,7,3,0,3,2,8,2,1,2,3,2,5,3,0,5,5,3
489,5,0,1,2,0,5,0,3,6,3,6,4,5,7,0,0,3,2,8,2,1,7,0,1,1,2,0,5,5,5
489,5,1,1,4,2,2,5,3,6,3,6,2,5,7,0,0,3,2,8,1,1,9,0,0,3,2,3,2,5,9
489,5,1,1,4,0,0,7,3,6,3,7,2,5,0,0,0,3,2,8,1,1,2,0,1,0,2,0,2,5,17
321,3,0,1,4,0,1,8,3,3,3,9,4,5,0,4,0,3,2,8,2,3,2,1,0,4,2,2,2,5,5
321,3,1,1,4,0,2,14,3,3,3,6,7,7,7,0,0,3,2,2,2,3,2,0,1,0,2,7,5,5,1
321,3,1,1,7,4,6,7,3,3,2,9,7,5,0,4,0,3,2,8,2,3,2,3,2,5,3,0,2,5,0
48,5,0,1,7,4,6,8,4,6,3,12,2,5,7,0,0,3,2,2,2,3,1,0,0,0,2,3,2,5,10
560,1,1,1,4,0,1,14,3,3,2,6,2,2,7,0,0,3,2,8,2,1,2,3,2,5,3,3,2,5,10
306,0,0,1,4,0,3,5,3,2,2,7,7,5,7,0,0,3,2,8,2,1,2,3,2,5,3,3,2,5,12
306,0,1,1,4,2,3,0,3,3,2,7,4,5,1,0,0,3,2,10,2,1,2,0,1,2,2,7,4,5,9
306,0,1,1,7,4,6,17,3,3,2,2,7,5,1,0,0,3,2,1,2,1,2,0,1,1,2,0,0,5,9
994,3,3,1,1,2,3,0,3,6,2,6,2,5,1,0,0,2,2,8,1,1,2,3,2,5,3,0,2,5,7
715,1,4,1,4,0,3,0,3,6,2,7,2,5,1,0,0,0,2,8,1,2,2,0,1,0,2,3,2,5,0
715,1,0,1,1,2,1,16,3,6,2,6,2,6,1,0,0,0,2,8,1,2,2,3,2,5,3,0,2,5,0
334,0,0,1,4,0,2,17,3,6,2,6,2,5,1,0,0,3,2,1,1,2,2,2,0,4,1,0,2,0,12
334,0,2,1,4,0,4,14,3,3,2,6,2,2,1,0,0,3,2,2,1,2,2,3,2,5,3,0,2,5,1
334,0,2,1,4,0,2,0,3,3,2,2,4,2,1,0,3,3,4,10,2,3,2,0,1,1,2,0,2,5,1
680,3,1,1,2,0,3,0,3,3,2,6,4,1,7,0,3,3,4,8,2,3,7,3,2,5,3,0,2,5,3
680,3,1,1,4,0,2,0,3,2,2,7,0,1,1,0,3,3,4,10,2,3,2,0,1,1,1,0,2,5,0
680,3,0,1,1,0,0,8,3,6,3,7,2,5,1,0,0,3,2,10,4,1,9,2,0,2,2,7,2,5,1
680,3,0,1,4,0,6,5,3,2,2,2,5,7,0,0,0,3,2,10,4,1,2,3,2,5,3,1,2,5,5
390,1,0,1,0,0,0,5,3,0,3,12,4,5,0,0,0,3,2,8,4,1,2,0,1,0,2,7,5,5,3
390,1,1,1,4,0,3,0,4,6,3,2,2,5,0,0,0,3,2,8,4,1,2,3,2,5,3,0,2,5,10
390,1,2,1,4,0,0,5,3,3,3,6,4,5,0,0,0,3,2,2,3,4,2,0,1,0,2,3,2,5,12
334,0,1,1,4,0,2,5,3,1,2,7,7,5,0,0,0,3,2,2,3,4,7,3,2,5,3,3,2,5,12
334,0,1,1,4,0,1,5,3,3,3,2,2,4,1,0,0,3,2,8,3,4,2,0,0,2,2,7,5,5,12
295,2,2,1,7,4,6,5,0,0,2,7,0,5,1,0,0,3,2,8,3,4,9,0,1,3,1,3,2,5,0
565,6,1,1,4,0,1,0,0,3,3,7,0,5,1,2,0,3,2,8,3,4,2,0,1,0,2,7,5,5,9
565,6,2,1,4,0,1,0,1,2,2,6,2,1,1,0,3,3,4,8,3,2,2,3,2,5,3,3,2,5,3
414,0,2,1,4,0,3,0,1,3,2,7,2,5,1,0,3,3,4,8,3,2,2,2,0,0,1,0,2,5,5
466,1,0,1,4,0,0,10,3,1,2,7,2,5,1,0,3,3,4,6,3,2,2,2,1,3,2,3,2,5,1
466,1,0,1,0,2,0,0,0,6,2,9,2,5,1,0,0,0,2,8,1,2,2,0,1,1,2,3,2,5,12
1027,5,1,1,0,0,5,10,3,1,2,6,2,5,1,0,0,0,2,2,1,2,1,3,2,5,3,3,2,5,1
1027,5,2,1,4,0,0,10,3,1,2,2,1,5,7,0,0,3,2,1,2,1,3,0,0,0,2,0,2,5,4
73,4,2,1,4,0,2,0,3,0,2,14,4,5,7,0,0,3,2,8,2,1,2,3,2,5,3,1,2,5,9
73,4,2,1,4,0,3,4,3,3,3,0,7,3,7,0,0,3,2,8,2,1,9,3,2,5,3,7,2,5,12
680,4,0,1,4,0,3,0,3,3,3,7,2,7,7,0,0,3,2,8,2,1,2,0,1,0,2,7,5,5,10
680,4,0,1,4,2,2,5,3,6,2,7,4,7,7,0,0,3,2,8,2,1,13,3,2,5,3,7,5,5,3
360,0,3,1,1,0,1,7,3,6,2,2,4,5,7,3,0,3,2,8,2,1,2,0,0,1,2,7,5,5,0
360,0,0,1,4,0,1,8,0,0,2,9,4,5,0,0,0,3,2,8,1,1,2,2,0,1,2,3,2,0,12
360,0,1,1,4,0,4,4,3,5,2,7,4,5,1,2,0,0,2,8,2,1,2,3,2,5,3,0,2,5,12
565,2,0,1,4,0,1,6,3,5,2,7,2,5,0,0,0,0,2,2,2,1,2,0,1,0,2,7,5,5,10
565,2,0,1,4,0,1,8,3,5,2,7,0,5,0,0,0,3,2,6,2,2,9,3,2,5,3,7,5,5,4
565,2,0,1,1,0,2,4,3,6,2,1,2,5,7,0,0,3,2,8,2,2,9,0,1,0,2,0,2,5,3
1052,3,1,1,4,0,3,4,3,5,2,1,1,5,7,2,0,3,2,1,2,2,2,0,1,0,2,0,2,5,3
1052,3,0,1,7,4,6,0,3,6,2,7,2,5,7,0,0,3,2,8,3,1,1,3,2,5,3,3,2,5,1
105,6,2,1,4,0,1,0,1,0,2,6,2,5,7,0,0,3,2,8,3,1,1,0,0,1,2,0,2,5,3
105,6,2,0,4,0,2,7,3,1,2,9,2,5,7,0,0,3,2,1,3,1,2,0,0,3,2,0,2,5,0
972,0,1,1,0,0,1,7,3,1,2,7,2,5,7,0,3,3,4,1,2,4,5,3,2,5,3,3,2,5,3
896,0,0,1,7,4,6,0,4,0,3,9,4,3,7,0,3,3,4,8,2,4,7,0,1,0,2,3,2,5,3
896,0,0,1,7,0,0,15,3,6,2,2,0,5,3,0,3,3,4,8,2,4,2,0,1,1,2,0,2,5,5
1041,4,0,1,4,0,1,7,3,1,3,7,1,5,7,0,3,3,4,8,2,4,1,1,1,3,2,3,2,5,3
1041,4,0,1,4,0,3,15,3,2,2,6,2,7,7,0,3,3,4,8,2,4,1,1,0,1,2,7,5,5,10
1046,0,1,1,4,0,4,4,3,1,3,7,4,5,7,0,0,3,2,8,2,1,7,1,0,1,2,7,5,5,3
1046,0,1,1,4,0,1,0,3,5,3,1,2,3,7,0,0,3,2,2,2,1,9,0,1,0,2,7,5,5,4
466,1,2,1,4,0,4,7,3,6,2,7,4,5,7,0,0,3,2,8,2,1,3,0,1,1,2,3,2,5,16
466,1,1,1,2,0,2,0,3,0,2,6,2,5,7,0,0,3,2,8,2,1,2,3,2,5,3,0,2,5,10
362,3,1,1,0,0,0,0,0,6,2,9,4,5,7,0,0,3,2,8,2,2,2,0,1,0,2,1,2,5,3
362,3,3,1,4,0,4,0,3,5,2,6,1,5,1,0,0,3,2,8,2,2,2,3,2,5,3,0,2,5,12
340,5,1,1,7,4,6,0,3,6,2,6,2,5,1,0,0,3,2,8,2,2,2,3,2,5,3,0,2,5,12
340,5,3,1,2,0,4,5,3,5,2,2,0,5,1,0,3,3,4,8,2,1,7,0,1,3,2,0,2,5,12
660,2,0,1,2,0,4,7,3,6,2,2,4,5,1,0,3,3,4,8,2,1,2,3,2,5,3,0,2,5,12
660,2,0,1,7,4,6,8,3,6,2,9,4,5,1,0,3,3,4,8,2,1,2,0,0,0,2,0,2,5,10
939,6,1,1,2,0,1,8,3,6,2,7,4,5,1,0,3,3,4,8,2,1,2,3,2,5,3,0,2,5,9
939,6,3,1,4,0,3,0,3,5,3,7,7,5,7,0,0,3,2,8,3,1,2,0,0,0,2,1,2,5,10
590,3,2,1,4,0,3,3,3,6,2,14,4,5,7,2,0,3,2,8,3,1,1,1,0,4,2,0,2,5,0
909,6,1,1,4,0,2,0,3,1,3,9,4,5,7,0,0,3,2,8,3,1,2,0,1,1,2,1,2,5,0
909,6,3,1,4,0,0,10,3,5,3,6,4,5,1,0,0,3,2,8,3,2,2,3,2,5,3,3,2,5,11
147,0,0,0,5,0,4,5,3,5,3,9,4,5,1,4,0,3,2,8,3,2,2,3,2,5,3,0,2,5,9
147,0,0,1,4,0,4,10,3,5,2,7,2,5,1,0,0,3,2,8,3,2,2,3,2,5,3,0,2,5,0
147,0,2,1,2,0,1,7,3,6,2,7,2,5,7,0,0,3,2,2,1,1,7,0,1,1,2,3,2,5,10
516,5,1,1,4,2,0,5,3,6,2,1,2,5,7,0,0,3,2,8,1,1,3,3,2,5,3,3,2,5,12
516,5,2,0,4,0,2,5,3,2,3,2,1,5,1,0,3,3,2,8,2,3,2,0,1,1,2,0,2,5,1
127,3,3,1,1,0,1,3,3,6,3,12,2,5,0,0,3,3,2,8,2,3,2,0,1,0,2,0,2,5,10
127,3,2,1,1,2,2,8,3,1,3,6,4,5,7,0,3,3,2,8,2,3,2,3,2,5,3,3,2,5,10
141,2,0,1,4,0,3,8,3,0,3,7,6,5,7,0,3,3,2,1,1,1,2,0,1,0,2,3,2,5,7
141,2,0,1,4,0,2,5,3,2,3,9,4,5,7,0,0,2,0,8,2,1,2,2,0,4,2,0,2,5,11
1022,0,1,1,2,0,2,5,3,3,3,7,4,5,7,0,0,2,0,8,2,1,2,2,0,4,2,0,2,5,0
985,4,0,1,4,0,2,0,3,0,2,7,7,3,1,0,3,3,4,8,2,2,9,3,2,5,3,0,2,5,10
757,0,0,1,4,0,3,7,3,1,3,6,1,3,1,0,3,3,4,8,2,2,2,0,1,0,2,0,2,5,3
757,0,1,1,4,4,0,17,3,6,2,9,2,5,1,0,3,3,4,8,2,2,4,0,1,1,2,7,5,5,10
731,3,0,1,4,0,1,7,3,6,2,7,2,5,1,0,0,0,2,8,2,4,2,3,2,5,3,7,2,5,1
731,3,0,1,4,0,0,0,1,1,3,9,4,5,0,0,0,0,2,8,2,4,2,3,2,5,3,0,2,5,16
731,3,0,1,7,4,6,8,3,6,2,2,2,5,0,0,0,0,2,8,2,4,2,0,0,0,2,7,5,5,3
731,3,2,1,1,0,2,0,0,6,2,9,2,5,0,0,0,0,2,1,2,4,2,0,0,1,2,7,5,5,9
731,3,2,1,4,0,2,9,3,6,2,6,1,5,7,0,0,3,2,8,3,1,2,3,2,5,3,7,5,5,10
463,5,1,1,4,0,3,0,0,4,2,9,2,5,7,0,0,3,2,8,3,1,3,3,2,5,3,0,2,5,16
463,5,4,1,4,0,1,7,3,5,2,7,1,5,0,0,0,3,2,8,3,1,3,0,1,0,2,7,5,5,3
463,5,4,1,4,2,3,9,3,5,3,4,2,5,0,0,3,3,2,8,2,1,3,3,2,5,3,7,5,5,3
280,3,1,1,4,0,1,14,3,5,3,2,2,5,7,3,3,3,2,2,2,1,4,0,1,0,2,0,2,5,9
280,3,3,1,1,1,2,5,3,1,2,9,4,3,7,0,0,3,2,8,1,1,2,0,1,1,2,0,2,5,3
887,0,0,1,1,0,2,5,4,6,3,14,2,5,7,0,0,3,2,8,2,2,11,3,2,5,3,0,2,5,4
887,0,0,1,4,4,2,5,4,6,3,14,2,5,7,0,0,3,2,8,2,2,9,0,1,1,2,0,2,5,0
718,6,1,1,4,0,2,0,3,0,2,6,4,5,7,0,3,3,2,8,1,1,1,3,2,5,3,7,5,5,10
718,6,1,1,1,0,3,5,3,3,2,5,2,7,0,0,0,3,2,8,2,1,2,2,0,0,2,0,2,1,10
535,5,2,0,4,4,4,17,3,3,2,2,2,3,0,0,0,3,2,8,2,1,2,1,0,0,2,7,5,5,1
535,5,1,1,4,0,2,9,3,6,2,6,7,7,1,0,0,3,2,8,2,1,2,0,0,0,2,7,5,5,9
501,6,0,1,1,0,0,0,3,3,3,2,2,3,1,0,0,3,2,2,2,1,9,3,2,5,3,7,5,5,16
429,3,1,1,7,4,6,14,4,6,3,6,7,7,0,0,0,3,2,8,2,1,7,3,2,5,3,7,5,5,0
429,3,1,1,4,0,3,0,0,6,2,6,4,5,7,0,0,3,2,8,2,1,3,0,1,1,2,7,5,5,1
428,4,1,1,2,2,1,5,3,0,2,12,2,5,7,0,0,0,2,8,2,1,4,2,1,3,2,0,2,1,16
428,4,1,1,4,0,0,7,3,4,2,9,2,5,7,0,0,0,2,8,2,1,2,3,2,5,3,0,2,5,14
428,4,2,1,4,0,0,8,3,6,2,6,7,7,1,0,0,3,2,6,3,1,2,0,1,4,2,0,2,5,13
466,0,0,1,0,2,1,17,3,5,2,11,7,5,0,0,0,3,2,8,3,1,2,0,1,0,2,0,2,5,12
466,0,3,1,7,4,6,5,3,5,2,7,2,5,0,0,0,3,2,8,3,1,2,3,2,5,3,0,2,5,1
990,1,4,1,1,2,1,0,3,5,2,9,4,5,0,0,0,3,2,2,3,1,2,3,2,5,3,0,2,5,9
195,5,0,1,4,0,0,10,3,5,2,6,4,5,0,0,0,3,2,8,3,1,2,0,1,0,2,7,5,5,0
195,5,3,1,7,2,2,0,3,5,2,6,4,5,0,3,0,3,2,8,3,1,2,2,1,2,1,0,2,1,11
777,0,4,1,4,0,4,5,3,5,2,9,4,5,0,0,0,3,2,8,2,1,2,3,2,5,3,7,5,5,10
777,0,0,1,4,0,1,9,3,5,2,6,4,5,0,3,0,3,2,2,2,1,2,0,1,0,2,0,2,5,12
777,0,0,1,4,0,2,6,3,5,2,6,4,5,7,0,0,3,2,2,1,2,4,0,1,4,2,0,2,5,10
662,5,1,1,4,0,3,9,3,5,2,6,6,5,7,0,0,3,2,8,1,2,3,3,2,5,3,0,2,5,10
662,5,0,1,1,0,1,5,3,5,2,6,2,5,0,0,0,3,2,8,1,1,2,3,2,5,3,7,5,5,9
85,0,1,1,1,2,3,0,3,5,2,7,4,5,0,0,3,3,2,2,1,2,3,0,1,1,2,7,5,5,1
408,1,0,1,4,0,0,5,3,5,2,7,2,5,0,0,3,3,2,2,1,2,2,3,2,5,3,0,2,5,11
408,1,2,0,4,0,2,14,3,1,3,7,2,5,0,0,0,3,2,8,2,1,3,0,1,0,2,0,2,5,9
408,1,2,1,4,0,1,8,3,1,3,9,1,5,0,0,0,3,2,8,2,1,13,1,1,0,2,0,2,5,7
506,3,2,0,4,0,1,0,3,1,3,12,4,6,0,0,0,3,2,8,2,1,2,3,2,5,3,0,2,5,16
506,3,2,1,4,0,1,0,3,1,3,9,4,6,7,0,0,3,2,2,2,1,2,0,1,0,2,3,2,5,14
506,3,1,1,4,0,1,17,3,1,2,6,2,5,7,0,0,3,2,8,2,1,2,3,2,5,3,3,2,5,1
506,3,1,1,4,0,3,7,3,6,2,2,1,5,0,0,0,3,2,8,2,1,2,3,2,5,3,0,2,5,8
506,3,1,1,4,0,3,0,3,6,2,7,4,5,1,0,0,3,2,8,2,1,4,0,0,2,2,7,5,5,13
352,4,4,1,1,0,2,10,3,1,2,7,1,5,7,0,0,3,2,6,2,1,2,0,1,1,2,7,5,5,0
352,4,1,0,4,0,3,10,3,2,2,7,2,5,7,0,0,3,2,8,2,1,3,3,2,5,3,7,5,5,1
343,0,3,1,1,2,1,0,3,6,2,7,2,5,1,0,0,3,2,8,2,1,3,0,0,0,2,0,2,5,11
343,0,2,1,4,0,2,9,3,6,2,6,4,5,1,0,0,0,2,1,2,2,3,0,1,0,2,7,2,5,15
958,4,0,1,4,0,4,9,3,6,2,6,3,5,7,0,0,0,2,8,2,2,2,3,2,5,3,0,2,5,0
958,4,1,1,4,0,2,5,3,5,2,9,4,5,7,0,0,3,2,8,2,1,2,3,2,5,3,0,2,5,12
423,1,1,1,2,0,3,0,3,5,2,6,1,5,7,0,0,3,2,8,2,1,2,0,1,0,2,7,5,5,1
329,1,1,1,4,0,2,8,3,5,2,9,2,5,7,0,0,0,2,8,1,1,2,2,1,1,2,3,2,5,10
1060,1,2,1,1,0,0,8,3,5,2,6,4,5,1,0,3,2,4,2,2,1,4,2,1,3,2,0,2,2,11
1060,1,2,1,4,0,6,5,3,5,2,7,2,5,1,0,3,2,4,8,2,1,2,2,1,1,2,0,2,4,10
1060,1,4,1,0,0,0,0,3,5,2,6,1,5,1,0,0,3,2,8,3,2,2,3,2,5,3,0,2,5,12
51,0,0,1,4,0,3,14,3,5,2,12,4,5,7,0,0,3,2,8,3,2,2,2,1,4,2,0,2,0,13
1018,4,2,1,4,0,0,6,3,6,3,9,1,5,7,0,0,3,2,8,3,2,7,0,1,1,2,0,2,5,3
195,4,0,1,4,0,2,17,3,6,3,6,4,5,7,0,0,3,2,2,2,1,3,0,0,0,2,0,2,5,0
195,4,3,1,4,0,1,7,3,5,2,9,4,5,1,0,0,3,2,8,2,1,2,3,2,5,3,0,2,5,3
428,6,0,1,7,4,6,0,3,3,3,6,4,5,1,0,0,3,2,2,2,1,2,0,1,0,2,0,2,5,0
428,6,1,1,4,0,1,0,3,3,3,9,1,5,1,0,0,3,2,8,2,1,7,2,1,0,1,0,2,5,12
669,2,0,1,4,0,1,17,3,5,2,7,7,5,1,0,0,3,2,6,2,1,2,1,0,1,2,0,2,5,10
372,6,3,1,4,0,3,11,2,5,3,7,2,5,3,0,0,3,2,8,2,1,7,0,1,2,2,7,5,5,1
372,6,1,1,4,0,0,0,3,2,3,6,2,5,3,0,0,3,2,8,1,1,4,0,1,1,2,3,2,5,1
438,5,0,1,0,2,0,7,3,3,2,6,2,5,0,0,0,3,4,8,1,1,13,2,1,0,2,3,2,0,2
438,5,0,1,0,0,5,0,3,1,2,9,2,5,0,0,0,0,2,8,2,1,2,2,1,4,2,0,2,6,10
712,2,1,1,4,0,0,7,3,6,2,7,2,5,0,0,0,0,2,8,2,1,2,0,1,0,2,0,2,5,1
965,1,0,1,4,0,2,5,0,6,2,7,4,5,0,0,0,0,2,1,2,5,2,0,1,1,2,3,2,5,0
965,1,0,1,4,0,3,8,3,6,2,6,2,5,0,0,0,0,2,6,2,5,2,1,1,0,2,3,2,5,7
633,3,1,0,4,0,3,10,3,6,2,6,2,5,7,0,0,0,2,8,2,5,2,0,1,0,2,7,5,5,13
633,3,4,1,4,2,2,0,3,5,2,2,4,5,7,0,0,0,2,6,2,5,2,3,2,5,3,1,2,5,13
619,2,2,1,1,0,1,8,0,5,2,7,1,5,7,0,0,0,2,8,2,5,2,0,1,4,2,7,5,5,10
516,4,0,1,4,0,1,0,3,5,2,6,4,5,1,0,0,3,2,8,3,1,2,3,2,5,3,7,5,5,12
389,6,1,1,4,0,4,5,3,0,3,6,2,5,1,0,0,3,2,8,3,1,2,0,1,0,2,7,5,5,16
521,5,0,1,4,0,1,0,3,4,3,9,2,5,7,0,0,3,2,4,3,1,2,3,2,5,3,0,2,5,11
521,5,0,1,4,0,1,5,4,6,3,7,4,5,7,0,0,3,2,8,2,1,2,3,2,5,3,0,2,5,10
322,1,0,1,1,0,2,5,3,2,3,9,2,5,7,0,0,3,2,2,2,1,2,0,1,3,2,0,2,5,1
511,6,3,1,4,0,3,5,0,6,3,6,2,5,7,0,3,0,2,8,2,1,2,0,1,1,2,0,2,5,3
511,6,0,1,7,4,6,10,3,2,3,6,4,5,7,0,3,0,2,8,2,1,2,0,0,1,2,0,2,5,1
655,5,1,1,4,0,1,0,3,3,3,7,4,5,7,0,3,0,4,8,2,1,2,3,2,5,3,3,2,5,16
655,5,1,1,4,0,2,7,3,0,2,7,7,3,7,0,3,0,4,1,2,1,3,3,2,5,3,3,2,5,13
452,1,1,1,0,0,1,7,3,1,3,6,1,3,0,0,0,0,2,8,2,1,2,0,1,0,2,3,2,5,4
452,1,0,1,7,4,6,7,3,6,2,9,2,5,0,0,0,0,2,8,2,1,2,0,1,1,2,3,2,5,2
637,6,0,1,7,0,0,0,3,6,2,7,2,5,0,0,3,0,2,8,1,1,2,1,0,0,2,7,5,5,19
728,0,1,1,4,0,1,7,1,1,3,9,4,5,0,0,0,3,2,6,2,1,13,3,2,5,3,3,2,5,1
728,0,1,1,4,0,3,5,3,6,2,2,2,5,1,0,0,3,2,2,2,1,9,0,1,4,2,3,2,5,10
728,0,0,1,4,0,4,9,0,6,2,9,2,5,1,0,3,0,2,8,2,3,2,0,1,1,2,3,2,5,13
317,0,2,1,4,0,1,5,3,6,2,6,1,5,1,0,3,0,2,8,2,3,2,0,0,0,2,0,2,5,12
428,6,1,1,4,0,4,9,0,4,2,9,2,5,0,0,3,0,2,2,2,3,2,3,2,5,3,7,5,5,0
428,6,0,1,2,0,2,5,3,5,2,7,1,5,0,0,0,0,2,8,2,1,2,1,0,3,2,0,2,5,11
889,2,0,1,0,0,0,7,3,5,3,4,2,5,0,0,0,0,2,8,2,1,2,2,0,4,2,0,2,1,16
889,2,2,1,4,0,4,5,3,5,3,2,2,5,7,0,3,3,5,8,1,1,2,0,1,1,2,3,2,5,3
889,2,2,1,7,4,6,17,3,1,2,9,4,3,7,0,0,3,2,6,2,1,2,3,2,5,3,0,2,5,12
95,4,2,1,2,0,4,11,4,6,3,14,2,5,7,0,0,3,2,6,2,1,2,0,0,0,2,0,2,5,11
95,4,0,1,2,0,4,5,4,6,3,14,2,5,7,0,3,0,4,1,3,1,2,3,2,5,3,7,5,5,1
461,6,0,1,7,4,6,7,3,0,2,6,4,5,7,0,3,0,4,8,3,1,9,0,1,0,1,0,2,5,3
461,6,0,1,2,0,1,7,3,3,2,5,2,7,7,0,3,0,4,8,3,1,13,3,2,5,3,0,2,5,1
461,6,0,1,4,0,3,0,3,3,2,2,2,3,7,0,0,0,2,8,2,1,7,2,1,1,2,0,2,6,1
418,0,1,1,4,0,3,5,3,6,2,6,7,7,3,0,0,0,2,1,2,1,4,3,2,5,3,0,2,5,0
44,1,0,1,4,0,2,8,3,3,3,2,2,3,3,0,0,3,2,1,1,1,2,0,1,0,2,0,2,5,17
44,1,2,1,4,0,0,0,4,6,3,6,7,7,7,0,3,0,2,8,2,2,2,2,1,3,1,3,2,6,3
73,1,1,1,5,0,4,17,0,6,2,6,4,5,7,0,3,0,2,8,2,2,9,0,1,1,2,7,5,5,10
73,1,1,0,4,0,4,7,3,0,2,12,2,5,7,0,3,0,2,8,2,2,4,3,2,5,3,3,2,5,3
516,0,0,1,2,0,1,0,3,4,2,9,2,5,1,0,3,0,2,2,2,5,2,3,2,5,3,0,2,5,0
471,2,0,1,4,2,0,14,3,6,2,6,7,7,7,0,3,0,2,8,2,5,2,0,1,2,2,7,5,5,12
471,2,0,1,4,0,2,7,3,5,2,11,7,5,7,0,3,0,2,2,2,5,4,3,2,5,3,7,5,5,1
473,2,2,1,1,0,1,17,3,5,2,7,2,5,1,0,3,0,2,8,2,5,2,0,1,1,1,0,2,5,10
463,6,0,1,1,2,2,12,3,5,2,9,4,5,0,0,3,0,2,8,2,5,9,0,1,0,2,0,2,5,9
574,1,0,1,4,0,3,17,3,5,2,6,4,5,0,0,3,0,4,2,2,1,2,3,2,5,3,0,2,5,9
574,1,1,1,4,0,2,7,3,5,2,6,4,5,7,0,3,0,4,8,2,1,9,3,2,5,3,3,2,5,10
672,4,1,1,2,0,2,5,3,5,2,9,4,5,7,0,3,0,2,8,2,1,2,0,1,1,1,0,2,5,10
672,4,1,1,4,0,2,5,3,5,2,6,4,5,1,0,3,0,2,2,2,1,3,3,2,5,3,3,2,5,10
200,1,2,1,4,0,3,5,3,5,2,6,4,5,1,0,3,3,2,2,2,1,13,0,1,0,2,0,2,5,11
200,1,2,1,4,4,0,14,3,5,2,6,6,5,1,0,3,3,2,8,2,1,2,2,0,1,2,0,2,5,3
837,4,1,1,4,0,1,5,3,5,2,6,2,5,1,0,0,3,2,8,1,1,2,2,1,1,2,7,5,5,1
244,0,1,1,4,0,0,0,3,5,2,7,4,5,1,0,3,3,0,8,1,1,7,0,0,0,2,7,5,5,0
244,0,2,1,7,4,6,0,3,5,2,7,2,5,7,0,0,3,2,8,2,2,7,3,2,5,3,3,2,5,3
446,4,1,1,1,0,2,8,3,1,3,7,2,5,7,0,0,3,2,8,2,2,7,0,1,0,2,0,2,5,3
182,3,2,1,4,0,2,15,3,1,3,9,1,5,7,0,0,3,2,8,2,2,2,2,1,4,2,0,2,5,10
182,3,1,1,4,0,3,17,3,1,3,12,4,6,7,0,3,3,4,8,1,1,2,0,1,1,2,3,2,5,13
235,5,0,1,4,0,1,0,3,1,3,9,4,6,7,0,3,3,3,8,1,1,2,3,2,5,3,0,2,5,1
235,5,1,1,4,2,3,17,3,1,2,6,2,5,7,0,3,3,4,8,2,1,2,3,2,5,3,0,2,5,1
164,5,1,1,4,0,1,3,3,6,2,2,1,5,7,0,3,3,4,8,2,1,3,0,1,0,2,7,2,5,10
164,5,0,1,1,1,2,9,3,6,2,7,4,5,7,0,3,0,2,8,2,1,2,0,1,0,2,0,2,5,10
164,5,1,1,1,0,2,8,3,1,2,7,1,5,1,0,3,0,2,8,2,1,3,3,2,5,3,3,2,5,17
164,5,1,1,4,4,2,17,3,2,2,7,2,5,1,0,3,0,4,8,1,1,3,0,1,0,1,3,2,5,2
991,6,0,1,4,0,2,7,3,6,2,7,2,5,1,0,3,0,0,8,2,1,2,3,2,5,3,7,2,5,12
991,6,0,1,1,0,3,5,3,6,2,6,4,5,1,0,3,0,0,8,2,1,4,0,1,1,2,3,2,5,11
991,6,2,1,4,4,4,0,3,6,2,6,3,5,1,0,0,0,2,8,2,1,2,2,0,0,2,0,2,5,12
145,0,2,1,4,0,2,8,3,5,2,9,4,5,1,0,0,0,2,8,2,1,4,3,2,5,3,0,2,5,13
145,0,2,1,1,0,0,5,3,5,2,6,1,5,1,0,3,0,8,8,1,1,2,0,0,0,2,7,2,5,13
145,0,1,1,4,0,3,5,3,5,2,9,2,5,1,0,3,3,4,2,2,1,7,1,0,1,2,0,2,5,9
186,4,1,1,1,2,1,3,3,5,2,6,4,5,3,0,3,3,4,8,2,1,13,0,0,0,2,0,2,5,10
186,4,1,1,4,0,2,11,3,5,2,7,2,5,3,0,0,0,2,1,2,1,2,1,0,0,2,0,2,5,9
99,3,3,1,4,0,4,11,3,5,2,6,1,5,1,0,0,0,2,8,2,1,2,1,0,0,2,3,2,5,12
99,3,0,1,4,0,2,0,3,5,2,12,4,5,1,0,3,0,3,2,1,1,2,3,2,5,3,0,2,5,3
99,3,1,1,2,0,3,0,3,6,3,9,1,5,1,5,3,0,8,8,1,1,2,0,1,0,2,0,2,5,10
99,3,1,1,4,0,2,0,3,6,3,6,4,5,7,0,3,0,4,8,1,1,2,3,2,5,3,7,2,5,13
64,1,2,1,1,0,0,7,3,5,2,9,4,5,7,0,3,0,4,8,2,1,2,3,2,5,3,0,2,5,1
728,4,1,1,4,0,6,9,3,5,2,6,4,5,1,0,3,0,4,8,2,1,4,0,1,1,2,7,5,5,10
728,4,1,1,0,0,0,0,3,1,2,6,2,5,1,0,3,3,0,8,1,1,2,2,1,1,2,7,5,0,3
445,0,2,1,4,0,3,14,3,6,3,9,4,5,1,0,3,0,4,6,2,2,2,0,1,0,2,7,5,5,10
445,0,1,1,4,0,0,0,3,5,3,7,2,5,7,0,3,0,4,2,2,2,2,3,2,5,3,3,2,5,12
149,5,2,1,4,0,2,0,3,3,3,4,4,5,7,0,3,0,2,8,1,2,2,3,2,5,3,3,2,5,1
149,5,1,1,4,0,1,0,3,5,3,6,2,5,7,0,3,0,2,2,1,2,7,0,1,2,2,0,2,5,11
967,5,2,1,7,4,6,17,1,5,3,1,2,5,7,0,0,0,2,8,2,1,2,3,2,5,3,3,2,5,12
967,5,0,1,4,0,1,17,3,0,2,9,2,5,1,0,0,0,2,8,2,1,2,0,1,0,2,0,2,5,0
967,5,1,1,4,0,1,8,3,3,3,9,4,5,1,0,3,0,2,8,1,1,4,3,2,5,3,3,2,5,18
418,5,0,1,4,0,3,16,3,2,3,2,4,3,1,0,0,0,2,8,2,2,2,0,1,1,2,1,2,5,4
463,6,4,1,4,0,0,8,3,2,3,9,4,5,1,0,0,0,2,8,2,2,2,0,0,0,2,0,2,5,3
1071,4,1,1,0,2,0,7,3,5,2,14,7,5,1,0,0,0,2,2,2,2,2,3,2,5,3,0,2,5,4
1071,4,2,0,0,0,5,14,3,2,2,7,4,5,1,0,3,3,2,8,1,1,9,3,2,5,3,0,2,5,3
476,0,1,1,4,0,0,8,3,5,3,7,3,5,1,0,0,0,2,2,2,1,2,0,1,0,2,0,2,5,11
476,0,4,1,4,0,2,5,3,5,2,2,3,5,1,0,0,0,2,8,2,1,2,0,1,2,2,0,2,5,3
535,5,0,1,4,0,3,5,0,6,2,7,3,5,1,0,3,0,4,8,3,1,7,3,2,5,3,0,2,5,1
535,5,1,1,4,0,3,0,3,5,2,2,3,5,1,0,3,0,4,8,3,1,4,3,2,5,3,3,2,5,9
535,5,1,1,4,2,2,0,3,5,2,2,2,5,0,0,3,0,4,8,3,1,2,0,1,0,2,3,2,5,3
535,5,1,1,1,0,1,8,3,3,2,7,4,5,0,0,3,3,2,8,2,1,2,0,1,1,2,3,2,5,1
200,0,1,1,4,0,1,8,0,2,2,7,4,5,1,0,3,3,2,8,2,1,3,3,2,5,3,0,2,5,3
200,0,0,1,4,0,4,5,3,2,2,12,7,5,1,0,0,0,2,8,2,2,7,0,1,0,2,7,2,5,3
990,6,2,1,4,0,1,9,3,3,2,9,4,5,5,0,0,0,2,8,2,2,2,2,1,1,2,7,2,0,3
242,5,3,1,4,0,1,7,4,0,2,7,2,5,5,0,0,0,2,8,2,2,2,0,0,0,2,3,2,5,1
369,1,1,1,1,0,2,14,3,3,2,6,4,5,7,0,0,0,2,8,1,1,3,3,2,5,3,0,2,5,1
369,1,1,1,4,0,3,0,3,3,2,9,4,5,0,0,3,3,4,8,2,2,2,0,0,1,1,1,2,5,3
1019,4,0,1,7,4,6,0,3,3,2,7,1,3,0,0,3,3,4,6,2,2,2,3,2,5,3,2,2,5,16
1019,4,2,1,4,0,1,5,3,3,2,9,2,5,3,3,3,3,4,2,2,1,2,0,1,1,2,0,2,5,1
1019,4,2,1,4,0,2,14,3,2,2,9,4,5,3,0,3,3,4,8,2,1,2,1,0,0,2,0,2,5,10
789,4,1,1,0,0,1,5,3,6,2,9,2,5,3,0,3,0,4,8,1,1,2,3,2,5,3,0,2,5,13
944,6,2,1,7,4,6,11,3,0,2,7,7,5,7,0,3,0,4,2,2,2,2,3,2,5,3,7,2,5,1
944,6,1,1,7,0,0,0,3,2,2,7,4,5,7,0,3,0,4,8,2,2,13,2,1,3,2,1,2,5,1
128,6,2,1,4,0,1,0,3,2,2,7,1,5,7,0,3,2,4,8,1,1,2,0,0,1,2,7,2,5,16
491,4,2,1,4,0,3,0,3,0,2,3,4,5,7,0,3,0,4,8,1,1,7,0,1,0,2,7,2,5,13
491,4,3,1,4,0,4,17,3,1,2,9,4,5,7,0,0,0,2,6,2,2,2,3,2,5,3,7,2,5,4
279,2,1,1,4,0,1,5,3,2,2,9,1,5,7,0,0,0,2,6,2,2,2,0,1,0,2,7,5,5,16
279,2,0,1,4,0,4,5,3,2,2,9,4,5,7,0,3,0,4,1,1,2,2,3,2,5,3,0,2,5,12
793,2,4,1,2,0,2,0,3,0,2,7,2,5,7,1,3,0,4,8,1,2,2,0,1,1,2,3,2,5,9
433,6,2,1,0,0,0,14,3,0,2,6,2,5,1,0,0,3,2,8,2,1,2,1,0,3,2,7,5,5,13
113,2,0,1,4,0,4,9,3,1,2,7,7,5,1,0,0,3,2,8,2,1,2,2,0,0,2,0,2,4,12
113,2,2,1,7,4,6,9,3,5,2,6,0,5,7,0,3,0,2,1,1,1,4,2,1,1,2,0,2,1,11
113,2,2,1,2,0,4,0,3,5,2,9,2,5,7,0,0,3,2,1,2,1,3,1,1,3,2,0,2,5,1
113,2,2,1,2,0,4,9,3,5,2,6,0,1,7,0,0,3,2,8,2,1,4,3,2,5,3,0,2,5,1
55,3,2,1,7,4,6,9,3,6,2,6,0,5,7,0,0,0,2,8,1,1,2,0,1,1,2,3,2,5,1
55,3,1,1,2,0,1,5,1,5,2,7,0,5,7,0,0,3,2,8,2,1,2,3,2,5,3,7,5,5,4
55,3,1,1,4,0,3,0,3,5,2,6,2,5,1,0,0,3,2,2,2,1,2,0,1,0,2,7,5,5,0
481,5,1,1,4,0,3,5,3,5,2,6,6,5,1,0,0,3,2,8,2,1,4,2,1,1,2,0,2,2,9
481,5,0,1,4,0,2,17,0,5,3,6,1,5,7,0,0,3,2,2,2,1,2,0,1,0,1,0,2,5,2
225,6,2,1,4,0,0,0,3,5,3,7,4,5,7,0,0,3,2,8,3,3,13,2,0,0,2,7,5,1,9
225,6,2,1,5,0,4,14,3,5,3,9,6,5,1,0,0,3,2,8,3,3,2,3,2,5,3,3,2,5,10
225,6,1,1,4,0,4,17,3,1,2,9,2,1,1,0,0,3,2,2,3,3,2,0,0,4,2,7,5,5,13
326,5,0,1,2,0,1,17,3,2,3,2,2,5,1,0,0,3,2,8,3,3,2,0,0,1,2,7,5,5,12
1065,4,2,1,4,2,0,0,3,2,3,7,2,5,7,0,0,3,2,8,3,1,2,0,0,3,2,0,2,5,1
132,1,4,1,4,0,2,14,3,5,3,9,2,5,7,0,0,3,2,2,3,1,3,3,2,5,3,0,2,5,13
132,1,0,1,1,0,1,0,3,1,3,7,4,5,7,0,0,3,2,2,3,1,3,0,1,3,2,0,2,5,10
132,1,0,1,1,2,2,7,3,1,3,9,4,5,0,0,3,3,8,8,3,1,2,2,0,1,2,0,2,1,3
68,6,3,1,4,0,3,7,3,1,3,9,2,5,0,0,3,3,8,8,3,1,2,0,1,0,2,0,2,5,10
68,6,3,1,4,0,2,0,3,2,2,7,2,5,1,0,3,3,8,8,3,1,9,3,2,5,3,0,2,5,9
68,6,1,1,2,0,2,5,4,6,3,7,2,5,1,0,0,3,2,8,2,1,2,2,1,4,2,3,2,5,10
506,4,0,1,4,0,2,5,3,5,2,7,4,5,1,0,0,3,2,8,2,1,2,3,2,5,3,0,2,5,9
506,4,1,1,4,0,3,5,3,5,2,7,0,5,1,0,3,3,2,8,3,4,2,0,1,4,2,0,2,5,11
506,0,1,1,4,4,0,0,3,5,3,9,2,5,7,0,3,3,2,8,3,4,2,3,2,5,3,7,5,5,0
506,0,0,1,4,0,1,0,3,1,3,1,4,5,7,0,3,3,2,8,3,4,2,0,0,0,2,0,2,5,10
136,0,1,1,4,0,0,10,3,6,3,7,7,5,1,0,3,3,2,8,3,4,2,3,2,5,3,0,2,5,13
136,0,1,1,7,4,6,10,3,6,3,6,4,5,1,0,3,3,2,8,1,1,2,0,1,4,2,1,2,5,10
944,6,2,1,1,0,2,5,4,6,3,7,4,5,1,0,0,2,0,8,2,1,2,0,1,0,2,7,5,5,11
944,6,1,1,4,0,2,5,3,5,3,6,4,5,1,0,0,2,0,8,2,1,13,3,2,5,3,0,2,5,9
6,1,0,0,4,0,3,9,3,5,3,6,1,5,1,0,3,0,2,8,2,2,4,3,2,5,3,3,2,5,11
6,1,1,1,4,0,1,7,3,5,3,6,4,5,1,0,3,0,2,8,2,2,1,0,1,4,2,3,2,5,10
580,2,0,1,4,2,3,5,3,5,2,7,4,5,1,0,3,3,2,8,2,1,2,2,1,4,2,1,2,0,11
580,2,1,1,4,0,1,0,0,5,3,7,0,5,1,0,3,3,2,8,2,1,2,3,2,5,3,0,2,5,3
535,6,1,1,1,1,2,7,3,5,2,6,3,5,1,0,0,3,2,8,3,3,2,0,1,1,2,0,2,5,7
535,6,3,1,1,0,2,6,3,5,3,9,7,5,1,0,0,3,2,8,3,3,4,0,0,0,2,1,2,5,3
141,4,4,1,4,4,2,0,0,1,3,1,4,5,1,0,0,3,2,2,3,3,2,3,2,5,3,3,2,5,0
141,4,0,1,4,0,2,0,3,0,2,7,7,5,1,0,3,0,2,8,1,1,3,0,0,0,2,0,2,5,12
740,0,0,1,1,0,3,5,3,3,2,9,7,5,1,0,0,0,2,1,1,1,4,3,2,5,3,0,2,5,1
963,1,0,1,4,4,4,0,3,5,2,7,7,5,7,0,0,3,2,8,2,1,2,2,1,4,1,3,2,6,1
939,0,1,1,4,0,2,11,3,5,3,7,7,5,7,0,0,3,2,2,2,1,2,0,0,1,2,0,2,5,10
939,0,1,1,1,0,0,5,3,2,3,7,1,5,7,0,0,0,2,8,2,1,2,3,2,5,3,0,2,5,10
766,2,4,1,7,4,6,11,3,5,2,7,2,5,7,0,0,0,2,8,2,1,13,0,1,0,2,0,2,5,0
766,2,0,1,4,0,3,5,3,1,2,7,7,5,7,0,3,0,3,8,2,3,2,3,2,5,3,3,2,5,1
317,6,2,1,2,2,1,5,3,5,2,12,4,5,1,0,3,0,3,8,2,3,2,2,1,4,1,1,2,5,12
317,6,1,1,4,0,0,5,3,6,2,6,2,5,1,0,3,0,3,8,2,3,2,0,1,1,2,7,5,5,0
418,6,4,1,4,0,0,9,3,5,2,6,2,5,1,0,3,0,3,6,2,3,2,0,1,0,2,3,2,5,12
418,6,1,1,0,2,1,9,3,2,2,6,2,5,1,0,0,3,2,2,2,2,2,2,1,3,1,0,2,0,9
369,5,0,1,7,4,6,14,3,5,2,12,6,5,0,0,0,3,2,8,2,2,2,2,1,0,2,0,2,5,18
222,2,1,1,1,2,1,5,0,6,2,12,4,5,0,0,3,3,4,8,1,1,2,0,1,2,1,0,2,5,10
222,2,0,1,4,0,0,0,3,6,2,6,2,5,7,0,3,3,2,2,1,1,2,3,2,5,3,0,2,5,10
175,0,2,1,7,2,2,8,3,6,2,6,2,5,7,0,3,1,2,8,2,2,2,0,1,0,1,3,2,5,10
175,0,0,1,4,0,4,0,0,3,2,12,2,5,7,0,3,1,2,8,2,2,2,3,2,5,3,0,2,5,0
334,0,2,1,4,0,1,10,3,0,2,14,2,5,1,0,3,3,3,8,2,2,2,0,1,1,2,0,2,5,12
334,0,1,1,4,0,2,11,3,3,2,7,2,5,1,0,3,3,3,8,2,2,13,0,1,1,2,7,5,5,2
334,0,1,1,4,0,3,14,3,4,2,7,4,5,1,0,3,3,3,8,2,2,2,3,2,5,3,3,2,5,16
334,0,1,1,1,0,1,17,3,3,2,7,2,5,7,0,3,0,3,8,1,1,2,0,1,0,2,0,2,5,13
334,0,1,1,1,2,3,5,3,5,2,9,4,5,7,0,3,0,8,1,2,1,2,3,2,5,3,0,2,5,0
829,2,3,1,4,0,0,14,0,0,2,7,4,5,7,0,3,0,8,8,2,1,2,0,1,0,2,0,2,5,11
836,0,0,1,4,0,2,5,3,0,2,7,4,5,7,0,0,3,2,2,1,1,9,3,2,5,3,2,2,5,0
836,0,0,1,4,0,1,9,3,6,2,4,4,5,7,0,3,0,4,8,2,1,3,3,2,5,3,1,2,5,10
836,0,0,1,4,0,1,5,3,6,2,1,4,5,1,0,3,0,4,8,2,1,2,0,0,1,2,0,2,5,9
836,0,0,1,4,0,1,7,3,3,2,2,2,5,1,0,0,3,7,8,2,1,2,0,1,0,2,3,2,5,0
352,2,0,1,4,0,1,14,3,6,3,6,2,5,0,0,0,3,7,8,2,1,3,3,2,5,3,0,2,5,13
1014,0,3,1,4,0,3,0,3,6,3,7,2,5,0,0,0,0,2,8,1,1,2,0,1,0,1,7,5,5,10
16,3,0,1,4,0,3,11,3,6,3,6,4,5,7,1,3,0,7,8,1,1,3,3,2,5,3,0,2,5,9
16,3,1,1,1,0,2,7,3,6,3,6,2,5,7,0,0,3,2,8,2,3,2,1,1,0,2,0,2,5,10
16,3,1,0,7,0,6,5,3,6,3,7,2,5,1,0,0,3,2,8,2,3,2,0,1,4,1,3,2,5,0
7,3,0,1,7,0,1,0,3,3,3,9,4,5,1,0,0,3,2,8,2,3,2,3,2,5,3,3,2,5,0
7,3,0,1,1,0,2,11,3,3,3,6,7,7,1,0,0,3,2,2,2,3,4,0,1,1,2,0,2,5,11
326,2,4,1,4,0,2,17,3,3,2,9,7,5,1,3,0,3,2,8,2,2,4,0,0,0,2,0,2,5,0
326,2,1,1,4,0,3,0,4,6,3,12,2,5,0,0,0,3,2,2,2,2,2,3,2,5,3,3,2,5,3
326,2,1,1,4,0,2,8,3,3,2,6,2,2,0,0,0,3,2,8,2,2,7,0,1,0,2,0,2,5,3
388,2,3,1,4,0,3,9,3,2,2,7,7,5,7,0,3,0,4,8,2,1,2,3,2,5,3,3,2,5,11
388,2,3,1,1,0,4,5,3,3,2,7,4,5,7,0,3,0,4,10,2,1,2,2,0,4,2,0,2,5,7
593,0,3,1,1,0,2,5,3,3,2,2,7,5,7,0,0,3,2,1,2,2,2,0,1,0,1,0,2,5,10
593,0,1,1,1,0,0,5,3,6,2,6,2,5,7,0,0,3,2,8,2,2,2,3,2,5,3,0,2,5,0
574,1,2,1,1,0,2,10,3,6,2,7,2,5,2,0,0,3,2,8,2,2,3,2,0,0,2,0,2,3,12
574,1,1,1,1,0,2,5,3,6,2,6,2,6,7,0,0,3,2,8,1,1,2,0,0,1,2,0,2,5,10
574,1,1,1,1,0,1,5,3,6,2,6,2,5,7,0,0,3,2,1,1,1,2,3,2,5,3,7,5,5,11
543,5,0,1,1,0,2,6,3,3,2,6,2,2,7,0,0,3,2,2,3,1,2,3,2,5,3,0,2,5,11
543,5,0,1,7,4,2,5,3,3,2,2,4,2,7,0,0,3,2,10,3,1,2,0,1,0,2,0,2,5,12
466,2,2,1,4,0,3,12,3,3,2,6,4,1,7,0,0,3,2,8,3,1,2,3,2,5,3,7,5,5,3
466,2,0,1,4,0,3,0,3,2,2,7,0,1,7,0,3,3,2,10,2,2,3,0,1,0,2,3,2,5,1
691,3,1,1,1,0,4,5,3,6,3,7,2,5,7,0,3,3,2,10,2,2,2,0,1,0,2,0,2,5,0
691,3,1,1,1,0,2,8,3,2,2,2,5,7,7,0,3,3,2,10,2,2,2,3,2,5,3,0,2,5,9
298,1,2,1,1,2,2,11,3,0,3,12,4,5,7,0,0,0,2,8,2,1,3,3,2,5,3,3,2,5,3
298,1,2,1,1,0,1,14,4,6,3,2,2,5,7,0,0,0,2,8,2,1,3,0,0,1,2,0,2,5,4
298,1,0,1,1,0,3,0,3,3,3,6,4,5,7,0,0,0,2,2,2,1,2,3,2,5,3,1,2,5,4
458,3,1,1,1,0,1,9,3,1,2,7,7,5,1,0,0,0,2,2,2,1,9,0,1,1,2,0,2,5,11
458,3,2,1,4,0,3,0,3,3,3,2,2,4,1,0,0,3,2,8,1,2,9,0,1,1,2,0,2,5,0
711,2,0,1,4,0,4,0,0,0,2,7,0,5,0,2,0,3,2,8,1,2,2,2,1,0,1,7,5,2,1
711,2,0,1,4,0,1,0,0,3,3,7,0,5,0,0,3,0,3,8,2,1,2,1,0,4,2,0,2,5,3
944,5,0,1,1,0,2,5,1,2,2,6,2,1,0,0,3,0,3,8,2,1,2,3,2,5,3,0,2,5,10
944,5,1,1,1,0,2,0,1,3,2,7,2,5,0,0,3,0,2,8,2,1,2,0,1,0,2,0,2,5,7
74,6,1,1,1,0,0,0,3,1,2,7,2,5,0,0,3,0,2,6,2,1,2,3,2,5,3,0,2,5,5
210,6,1,1,1,0,6,9,0,6,2,9,2,5,0,0,3,0,2,8,2,1,2,0,1,0,2,7,5,5,1
210,6,1,1,4,0,0,15,3,3,2,9,6,5,0,0,3,0,2,2,2,1,1,0,1,4,2,0,2,5,3
210,6,1,1,7,0,2,0,3,2,2,6,4,5,1,0,0,0,2,1,2,1,3,3,2,5,3,1,2,5,9
114,4,0,1,1,2,0,9,3,6,2,1,7,9,1,0,0,0,2,8,2,1,4,3,2,5,3,7,5,5,18
114,4,0,1,4,0,2,14,0,6,2,6,7,6,1,0,3,3,2,8,2,1,2,0,1,0,2,0,2,5,1
566,6,0,1,4,0,1,14,3,2,2,4,7,5,7,1,3,3,2,8,2,1,2,0,1,0,2,7,5,5,3
566,6,0,1,4,0,1,0,4,6,3,14,6,9,7,0,0,0,2,8,1,1,2,3,2,5,3,0,2,5,12
1046,0,1,1,4,0,2,5,3,6,2,9,4,5,1,0,3,3,2,8,1,1,2,0,1,1,1,0,2,5,9
1046,0,0,1,4,2,4,0,0,3,2,9,7,5,1,0,0,3,2,8,2,1,2,3,2,5,3,3,2,5,0
260,6,0,1,2,0,4,9,3,0,2,4,7,5,0,0,0,3,2,8,2,1,2,2,0,0,2,0,2,1,17
260,6,2,0,4,0,6,0,3,1,2,9,4,5,0,0,0,0,2,2,2,1,2,0,1,0,2,1,2,5,10
251,0,1,1,4,0,4,0,3,5,2,9,7,5,1,0,0,0,2,6,2,1,2,0,1,1,2,0,2,5,3
251,0,1,1,4,0,1,5,3,6,2,6,4,5,1,0,0,3,2,8,2,1,2,1,1,3,2,7,5,5,10
715,5,4,1,4,0,1,0,3,1,2,6,0,0,1,0,0,3,2,1,2,1,2,0,0,0,2,0,2,5,0
715,5,2,1,4,0,2,6,3,3,2,6,7,5,7,0,3,0,3,8,2,1,2,3,2,5,3,3,2,5,11
917,4,0,1,1,0,2,17,3,0,2,6,4,0,7,0,3,0,3,8,2,1,2,2,0,0,2,0,2,5,10
917,4,1,1,7,2,2,0,3,6,2,6,1,5,7,0,0,3,2,1,1,1,3,0,0,0,2,1,2,5,10
945,4,0,1,4,0,2,0,3,6,2,6,4,5,7,0,0,3,2,1,2,1,2,3,2,5,3,0,2,5,0
945,4,1,1,4,2,2,0,3,6,2,6,7,5,7,0,0,3,2,8,2,1,3,3,2,5,3,1,2,5,10
1007,6,1,1,3,0,1,11,3,3,2,9,7,5,0,0,0,3,2,8,2,1,3,0,0,0,2,3,2,5,0
1007,6,1,1,4,0,2,17,3,2,2,9,1,5,0,0,0,3,2,8,2,1,2,2,1,4,1,0,2,1,10
364,5,2,1,4,0,4,0,3,6,2,7,1,5,7,0,0,3,2,8,4,5,2,1,0,0,2,0,2,5,10
715,0,0,1,4,0,0,0,3,2,2,2,4,5,7,0,0,3,2,8,4,5,2,0,1,0,2,3,2,5,10
715,0,0,1,1,0,1,7,3,6,2,1,7,5,7,0,0,3,2,2,4,5,2,3,2,5,3,3,2,5,0
715,0,0,1,1,0,1,14,3,6,3,4,4,5,0,5,0,3,2,8,4,5,2,0,1,0,2,0,2,5,1
715,0,0,0,1,0,2,5,4,6,3,9,7,9,0,0,0,3,2,8,4,5,2,3,2,5,3,0,2,5,9
831,2,0,0,4,0,2,15,3,3,2,9,7,8,0,0,0,0,2,8,2,3,13,3,2,5,3,3,2,5,1
1046,5,2,0,4,0,3,7,3,1,2,6,0,5,0,0,0,0,2,8,2,2,4,1,1,3,2,3,2,5,10
1046,5,4,0,1,2,1,9,3,1,2,0,4,5,0,0,0,3,2,8,1,1,2,0,1,1,2,0,2,5,16
1046,5,4,0,4,0,2,0,4,6,3,13,7,5,7,0,3,3,4,8,2,1,13,3,2,5,3,0,2,5,13
1046,5,4,1,4,0,4,0,3,6,2,4,7,5,1,0,3,3,4,8,2,1,5,0,1,1,2,0,2,5,13
1046,5,4,1,4,0,2,10,3,6,2,9,3,5,1,0,0,0,2,8,2,1,7,3,2,5,3,0,2,5,1
1046,5,4,1,2,0,3,5,0,4,2,9,4,5,1,0,0,0,2,8,2,1,2,0,1,0,2,0,2,5,11
965,4,3,1,4,0,2,5,3,2,2,7,4,5,1,0,0,3,2,8,2,1,4,3,2,5,3,7,5,5,12
965,4,0,1,1,0,0,4,0,6,2,9,7,5,1,0,0,3,2,8,2,1,3,3,2,5,3,0,2,5,0
632,5,0,1,4,0,6,6,3,0,2,10,4,1,1,0,0,3,2,8,3,3,2,0,1,0,2,0,2,5,0
632,5,0,1,0,0,0,5,3,1,2,10,4,1,1,0,0,3,2,8,3,3,4,0,0,0,2,5,2,5,16
428,5,0,0,4,0,3,14,3,6,2,6,0,5,1,0,0,3,2,8,3,3,3,3,2,5,3,0,2,5,10
428,5,1,1,4,0,0,0,3,1,2,9,4,1,1,0,0,3,2,8,3,3,2,3,2,5,3,0,2,5,12
428,5,1,1,4,0,2,7,3,6,3,9,7,5,1,0,0,3,2,2,1,1,2,0,1,1,2,0,2,5,1
334,2,4,1,4,0,1,7,3,6,1,5,7,5,0,0,0,3,2,8,3,2,3,1,0,1,2,0,2,5,0
334,2,0,1,7,4,6,15,3,3,3,9,7,5,0,0,0,3,2,8,3,2,2,3,2,5,3,1,2,5,10
1061,2,0,0,4,0,1,0,3,2,0,2,7,5,2,0,0,3,2,8,3,2,1,0,0,1,2,0,2,5,3
1061,2,2,0,4,0,1,3,3,6,2,6,4,5,2,0,0,3,2,8,2,1,2,1,0,3,2,3,2,5,11
1061,2,1,0,4,0,3,3,3,5,2,6,2,7,7,0,0,3,2,1,2,1,2,2,0,0,2,0,2,5,3
105,1,0,1,4,0,0,5,0,6,2,6,2,0,1,0,0,0,2,8,3,3,3,3,2,5,3,0,2,5,9
105,1,2,1,0,2,0,5,3,1,3,7,4,7,5,0,0,0,2,8,3,3,2,0,1,4,2,7,5,5,10
207,0,4,1,0,0,5,4,3,1,3,7,4,5,5,0,0,0,2,8,3,3,2,0,1,0,2,0,2,5,10
207,0,0,1,4,0,0,0,3,5,2,9,2,5,5,0,0,0,2,8,3,3,2,3,2,5,3,7,5,5,10
356,4,0,1,4,0,2,15,3,6,3,7,2,5,1,0,0,0,2,8,3,3,2,3,2,5,3,7,5,5,0
356,4,0,1,4,0,3,7,3,4,3,7,4,6,7,0,0,3,2,8,2,3,2,0,1,0,2,7,2,5,0
356,4,1,1,4,0,3,0,3,2,3,7,2,5,1,0,0,3,2,8,2,3,3,1,1,4,2,0,2,5,9
79,4,1,1,4,2,2,0,0,2,2,7,4,5,1,0,0,3,2,8,2,3,2,1,1,2,2,0,2,5,1
79,4,1,1,1,0,1,0,3,1,2,7,0,6,7,0,0,3,2,1,2,3,2,0,1,3,2,0,2,5,12
309,4,0,1,4,0,1,0,3,6,2,7,2,5,7,0,0,3,2,8,2,1,3,0,1,0,2,0,2,5,9
309,4,0,1,4,0,4,11,3,1,3,2,2,5,7,0,0,3,2,8,2,1,3,1,0,1,2,0,2,5,3
516,4,0,1,4,0,1,4,3,2,3,7,4,5,0,0,0,3,0,8,2,1,2,0,1,1,1,0,2,5,3
833,1,0,2,4,0,1,5,1,1,3,4,2,5,0,0,0,3,0,8,2,1,2,3,2,5,3,1,2,5,5
833,1,0,1,1,0,2,5,3,6,2,9,0,5,7,0,0,3,2,2,2,2,2,0,1,0,2,7,2,5,11
833,1,0,1,4,0,3,14,0,3,2,7,2,5,7,0,0,3,2,8,2,2,2,3,2,5,3,0,2,5,12
463,3,1,1,7,4,6,7,3,6,2,6,2,5,1,0,0,3,2,8,2,1,2,0,1,0,2,7,5,5,3
463,3,0,1,4,0,1,0,3,6,2,4,5,5,1,0,0,3,2,8,2,1,2,2,1,1,2,3,2,1,9
463,3,0,1,4,0,2,8,3,0,2,4,0,5,1,0,0,0,2,8,2,1,2,2,0,0,2,7,5,5,3
463,3,0,1,0,0,1,6,3,6,2,7,2,5,7,0,0,0,2,8,2,1,2,2,0,4,2,3,2,5,12
545,0,1,1,7,4,6,0,1,3,3,3,2,5,7,0,0,3,2,8,2,2,2,3,2,5,3,7,5,5,1
49,4,1,1,7,0,0,8,3,5,3,6,1,5,0,0,0,3,2,8,2,2,2,0,1,1,2,3,2,5,0
49,4,2,1,4,0,1,6,3,1,2,2,4,5,1,0,0,3,2,2,2,2,4,0,1,1,2,7,5,5,12
1062,0,3,1,4,0,3,14,1,2,2,3,4,7,5,0,0,3,2,8,3,1,2,0,0,1,2,7,5,5,3
1062,0,0,1,4,0,4,5,3,3,2,6,7,5,2,0,0,3,2,8,3,1,7,1,0,1,2,3,2,5,9
379,1,0,1,4,0,1,15,3,1,2,7,2,0,2,0,0,3,2,8,3,1,2,0,1,0,2,1,2,5,10
379,1,0,1,4,0,4,0,3,0,3,6,4,5,1,0,0,3,2,8,2,1,7,2,1,1,2,2,2,2,0
574,4,0,1,2,0,2,3,3,1,3,6,2,7,1,0,0,3,2,6,2,1,2,3,2,5,3,1,2,5,0
411,6,0,1,0,0,0,0,3,6,2,7,0,3,1,0,3,3,4,8,1,1,7,0,1,0,2,7,5,5,10
190,6,1,1,4,0,4,9,3,0,2,6,4,6,7,0,0,3,2,8,2,1,13,0,0,0,2,1,2,5,0
567,0,1,1,7,4,6,4,3,6,2,9,4,5,7,0,0,3,2,2,2,1,2,3,2,5,3,7,5,5,3
567,0,0,1,2,0,4,8,3,5,3,7,2,5,7,0,0,3,2,8,2,1,7,0,1,4,2,1,2,5,0
453,2,0,1,2,0,4,5,3,1,3,6,0,5,7,0,0,3,2,8,2,1,4,1,0,0,2,1,2,5,10
453,2,2,1,7,4,6,7,3,2,3,6,4,7,0,0,3,3,4,8,1,1,2,3,2,5,3,1,2,5,1
453,2,2,1,2,0,1,0,4,6,3,6,7,5,1,0,0,3,2,2,2,1,2,2,0,1,2,0,2,1,10
516,5,0,1,4,0,3,3,3,2,2,7,2,6,1,0,0,3,2,2,2,1,2,0,1,0,2,0,2,5,4
516,5,0,1,4,0,3,4,3,6,2,2,4,5,1,0,0,3,2,8,3,2,3,2,0,0,2,4,2,5,10
350,4,1,1,4,0,2,3,3,5,2,4,4,5,7,0,0,3,2,8,3,2,2,0,1,3,2,0,2,5,16
306,3,3,1,4,0,0,0,3,0,2,6,0,5,7,0,0,3,2,2,3,2,2,3,2,5,3,3,2,5,5
443,0,1,1,5,0,4,15,3,5,2,2,4,5,7,0,3,3,4,2,2,1,2,3,2,5,3,7,5,5,11
443,0,1,1,4,0,4,15,3,6,3,6,4,5,0,0,3,3,4,8,2,1,2,0,1,0,2,7,5,5,9
443,0,1,1,2,0,1,3,3,6,2,6,7,5,0,0,0,3,2,1,2,1,4,1,1,3,2,0,2,5,1
440,3,2,1,4,2,0,4,3,6,3,9,2,5,0,0,0,3,2,8,2,1,13,1,0,1,1,0,2,5,0
440,3,3,1,4,0,2,4,3,2,3,6,2,5,7,0,3,3,2,8,2,1,2,0,1,0,2,0,2,5,1
364,1,0,1,1,0,1,3,3,2,3,9,4,5,7,0,3,3,2,8,2,1,9,3,2,5,3,0,2,5,5
364,1,1,1,1,2,2,16,3,1,3,6,0,5,7,0,0,3,2,8,2,1,2,2,0,1,2,7,5,3,12
364,1,0,1,4,0,3,3,3,1,2,6,0,5,7,0,0,3,2,8,2,1,3,2,1,0,2,0,2,2,12
1024,4,0,1,4,0,2,3,4,6,2,7,2,5,7,0,0,3,2,2,2,1,3,2,1,0,2,3,2,2,0
1024,4,0,1,2,0,2,10,3,5,2,7,2,5,7,0,0,3,2,2,2,1,2,3,2,5,3,3,2,5,1
1019,2,0,1,4,0,2,0,3,3,2,9,2,5,0,0,0,3,2,8,1,2,4,0,1,0,2,3,2,5,1
77,0,1,1,4,0,3,0,3,5,3,2,2,5,0,0,0,3,2,8,1,2,2,3,2,5,3,0,2,5,0
377,6,0,1,4,4,0,8,0,5,2,2,0,5,7,0,3,3,2,8,2,1,2,0,1,1,2,2,2,5,0
439,4,0,1,4,0,1,17,3,1,2,9,0,5,7,0,3,3,2,8,2,1,2,3,2,5,3,7,5,5,7
439,4,1,1,4,0,0,14,3,6,2,6,2,6,7,0,0,3,2,8,2,2,2,0,1,4,2,3,2,5,16
439,4,1,1,7,4,6,17,3,2,2,6,2,6,7,2,0,3,2,8,2,2,2,0,1,1,2,2,2,5,0
439,4,1,1,1,0,2,0,3,1,3,9,2,5,7,0,0,3,2,8,2,2,2,3,2,5,3,7,5,5,5
343,1,0,0,4,0,2,0,3,2,3,2,7,5,0,0,0,3,2,8,1,1,2,0,0,0,2,7,5,5,3
343,1,0,1,4,0,3,3,3,6,3,7,2,5,7,0,3,3,2,8,3,4,2,3,2,5,3,0,2,5,9
343,1,0,1,4,0,1,10,3,6,3,6,2,5,7,0,3,3,2,8,3,4,4,0,1,1,2,7,5,5,10
343,1,1,1,4,2,3,10,3,6,3,7,2,5,7,0,3,3,2,5,3,4,2,3,2,5,3,0,2,5,12
404,4,0,1,4,0,1,4,3,6,3,7,2,5,1,0,3,3,2,8,3,4,5,2,1,3,2,0,2,5,17
404,4,2,1,1,1,2,4,3,6,3,14,6,5,1,0,3,3,2,2,2,1,2,3,2,5,3,0,2,5,0
404,4,1,0,1,0,2,8,0,1,3,9,2,9,7,0,3,3,2,8,2,1,2,0,1,1,2,0,2,5,10
463,3,0,1,4,4,2,0,3,4,3,2,4,5,7,0,0,3,3,8,2,1,2,3,2,5,3,3,2,5,9
463,3,1,1,4,0,2,0,4,6,3,7,4,5,7,0,0,3,3,8,2,1,10,0,1,0,2,3,2,5,12
129,2,4,1,1,0,3,0,3,5,3,7,1,5,7,0,3,3,3,8,2,3,2,1,1,1,2,0,2,5,12
129,2,2,1,4,4,4,3,3,5,2,9,2,5,7,0,3,3,3,8,2,3,2,1,1,2,2,0,2,5,10
129,2,1,1,4,0,2,3,3,5,3,6,1,5,3,0,3,3,3,8,2,3,2,0,1,2,2,7,5,5,10
129,2,1,1,1,0,0,0,3,5,2,4,2,5,0,0,3,3,3,2,2,3,2,1,0,2,2,0,2,5,16
141,2,2,1,4,0,3,14,0,6,2,9,0,5,0,0,0,3,2,2,2,1,9,3,2,5,3,0,2,5,5
141,2,2,1,1,2,1,5,3,6,2,6,5,5,1,0,0,3,2,8,2,1,2,0,0,0,2,0,2,5,1
141,2,0,1,4,0,2,7,3,1,3,7,6,5,1,0,0,3,2,2,1,1,2,3,2,5,3,7,2,5,0
141,2,0,1,4,0,4,13,3,5,3,2,7,5,0,0,0,3,2,2,3,1,3,0,1,1,2,7,5,5,3
958,0,1,1,4,0,2,5,3,3,3,4,6,5,0,0,0,3,2,8,3,1,2,3,2,5,3,0,2,5,9
958,0,1,1,2,0,3,8,3,5,2,1,1,5,0,0,0,3,2,8,3,1,3,3,2,5,3,0,2,5,9
587,3,0,1,4,0,2,4,3,5,2,0,4,5,0,0,3,3,4,2,2,2,2,0,1,0,2,3,2,5,1
587,3,1,1,1,0,0,5,3,5,2,7,2,5,7,0,3,3,4,8,2,2,2,0,0,3,2,0,2,5,12
646,3,2,1,4,0,6,6,3,5,3,7,2,5,7,0,0,3,2,8,2,1,2,3,2,5,3,0,2,5,2
646,3,2,1,0,0,0,0,3,5,2,4,2,9,7,0,0,3,2,8,2,1,2,1,0,0,1,0,2,5,5
646,3,2,1,4,0,3,0,0,1,3,7,2,5,7,0,0,3,2,8,3,1,10,3,2,5,3,7,5,5,1
646,3,2,1,4,0,0,0,0,6,3,6,7,5,7,0,0,3,2,8,3,1,2,1,1,3,2,0,2,5,3
646,3,2,1,4,0,2,14,3,5,3,14,7,5,7,0,0,3,2,8,3,1,2,3,2,5,3,0,2,5,10
646,3,1,0,4,0,1,17,3,6,3,6,2,5,0,0,0,3,2,1,1,1,2,0,1,0,2,3,2,5,0
248,6,2,0,7,4,6,11,3,6,3,6,4,5,0,0,0,0,2,8,4,1,2,3,2,5,3,7,2,5,10
248,6,0,1,4,0,1,11,1,5,3,7,7,5,0,0,0,0,2,2,4,1,2,0,1,0,2,7,5,5,10
248,6,4,1,4,0,1,14,0,1,3,7,7,5,0,0,0,0,2,8,4,1,2,3,2,5,3,0,2,5,7
248,6,4,1,4,0,3,0,3,5,2,7,4,5,0,0,0,0,2,8,4,1,8,0,1,0,2,0,2,5,16
237,3,3,1,4,0,0,2,3,3,3,7,7,5,0,0,0,3,2,8,3,3,9,0,1,1,2,0,2,5,3
237,3,0,1,0,2,0,0,4,6,3,9,4,5,1,0,0,3,2,8,3,3,1,3,2,5,3,7,5,5,5
952,0,0,1,0,0,5,5,3,1,2,2,4,5,0,0,0,3,2,8,3,3,3,3,2,5,3,0,2,5,9
952,0,0,1,4,0,0,0,3,1,3,6,0,5,0,0,0,3,2,8,2,1,3,0,1,1,2,3,2,5,17
339,4,1,1,4,0,2,10,3,1,3,2,7,5,3,0,0,3,2,8,2,1,2,0,0,1,2,3,2,5,5
619,0,2,1,4,0,3,13,3,1,3,7,2,5,3,0,0,3,2,8,2,1,9,3,2,5,3,7,5,5,1
619,0,1,1,4,0,3,0,3,6,3,14,7,5,7,0,0,3,2,8,2,1,2,3,2,5,3,7,2,5,0
619,0,1,1,4,2,2,10,3,0,3,12,7,3,7,0,0,3,2,2,2,1,2,0,1,1,2,0,2,5,10
464,4,2,1,1,0,1,17,3,2,3,6,2,6,7,0,0,3,2,8,2,1,10,2,0,0,2,0,2,5,10
464,4,2,1,4,0,1,5,3,4,3,7,7,3,7,0,0,3,2,2,2,1,2,2,1,0,1,7,5,5,12
464,4,1,1,4,0,4,5,3,5,3,6,4,5,7,0,0,3,2,8,2,1,2,2,0,3,1,0,2,5,9
270,0,0,1,4,0,1,9,3,6,3,7,4,5,1,0,0,3,2,8,1,1,10,2,0,1,2,3,2,1,9
152,3,1,1,4,0,1,5,3,1,3,7,2,5,0,0,0,3,2,10,2,1,8,3,2,5,3,3,2,5,7
152,3,0,1,1,0,2,5,3,6,3,6,4,5,7,0,0,3,2,1,2,1,2,0,1,1,2,3,2,5,0
948,5,0,1,4,0,3,9,3,6,2,7,0,5,7,0,0,3,2,8,3,1,3,0,1,1,2,7,5,5,0
369,6,1,1,7,4,6,11,3,6,3,2,7,5,7,0,0,3,2,8,3,1,1,3,2,5,3,3,2,5,12
999,6,1,1,4,0,1,0,3,6,2,6,2,5,7,0,0,3,2,8,3,1,2,0,0,0,2,3,2,5,1
999,6,0,1,4,0,2,8,3,3,2,6,2,5,7,0,0,3,2,1,1,1,2,3,2,5,3,0,1,5,1
1004,6,0,1,0,0,1,14,3,1,3,7,4,7,7,0,0,3,2,2,2,1,9,3,2,5,3,0,2,5,3
525,5,0,1,7,4,6,7,3,1,3,9,4,5,7,0,0,3,2,10,2,1,3,0,1,0,2,3,2,5,0
181,0,1,1,7,0,0,0,3,5,2,9,4,5,7,0,0,3,2,8,1,2,2,2,0,0,2,3,2,6,1
181,0,1,0,4,0,1,0,3,2,1,14,2,5,3,0,0,3,2,10,1,2,3,3,2,5,3,0,2,5,5
948,6,0,1,4,0,3,14,3,5,1,7,7,5,3,0,0,3,2,10,3,1,2,0,1,1,2,0,2,5,3
948,6,1,1,4,0,4,8,3,5,2,6,6,3,1,0,0,3,2,10,3,1,13,3,2,5,3,7,5,5,10
880,3,4,1,4,0,1,5,0,5,2,12,0,5,1,0,0,3,2,8,3,1,2,2,1,1,2,0,2,5,12
880,3,0,1,4,0,4,0,3,5,2,7,2,3,5,0,0,3,2,8,2,1,13,0,1,0,2,0,2,5,12
309,2,1,1,2,0,2,17,3,2,2,7,2,8,5,0,0,3,2,2,2,1,2,3,2,5,3,4,2,5,12
478,6,1,1,0,0,0,5,0,5,2,2,2,5,7,0,0,3,2,2,2,1,13,0,1,0,2,1,2,5,0
687,4,0,1,4,0,4,5,4,6,3,6,6,6,7,0,0,3,2,8,2,1,2,3,2,5,3,0,2,5,9
687,4,0,1,7,4,6,5,3,6,3,7,2,6,7,0,0,3,2,8,3,1,2,0,1,2,2,2,2,5,3
687,4,0,1,2,0,4,8,0,6,2,9,0,5,1,0,0,3,2,8,3,1,2,0,1,0,2,7,2,5,5
413,0,1,0,2,0,4,8,3,6,3,6,2,5,0,0,0,3,2,8,3,1,2,3,2,5,3,7,5,5,1
413,0,1,0,7,4,6,0,3,6,3,6,4,5,0,0,0,3,2,8,2,1,2,2,0,0,1,7,5,5,12
413,0,1,1,2,0,1,7,3,4,3,6,2,5,7,0,0,3,2,6,2,1,4,3,2,5,3,1,5,5,1
413,0,4,1,4,0,3,17,1,0,3,2,6,5,5,0,0,0,2,8,1,2,4,0,1,0,2,0,5,5,4
413,0,4,1,4,0,3,0,3,6,3,6,2,5,5,0,0,0,2,2,1,2,2,2,0,0,2,0,5,1,9
632,1,0,1,4,0,2,6,3,0,3,6,2,6,7,0,0,3,2,1,3,1,2,2,0,0,2,0,5,5,12
632,1,0,1,4,0,0,0,3,6,3,6,2,6,7,0,0,3,2,8,3,1,1,3,2,5,3,3,2,5,10
632,1,0,1,5,0,4,0,3,2,2,6,2,5,1,0,0,3,2,8,3,1,2,0,1,0,2,0,2,5,3
334,5,1,1,4,0,4,9,3,6,2,7,2,5,7,0,0,0,2,8,2,2,2,0,1,0,2,2,2,5,0
634,4,1,1,2,0,1,3,3,6,2,9,0,5,7,0,0,0,2,8,2,2,2,3,2,5,3,7,5,5,12
634,4,1,1,4,2,0,0,3,6,2,2,4,5,7,0,0,3,2,8,1,2,2,0,1,1,2,0,2,5,12
202,3,1,1,4,0,2,0,3,6,2,7,2,5,7,0,0,3,2,8,1,2,2,3,2,5,3,3,2,5,10
202,3,1,1,1,0,1,11,3,6,2,1,2,5,7,0,0,3,2,8,2,1,1,3,2,5,3,3,2,5,4
202,3,1,1,1,2,2,8,4,6,3,14,6,5,7,0,0,3,2,2,2,1,2,0,1,0,2,3,2,5,3
388,5,1,1,4,0,3,5,3,5,2,4,4,6,7,0,0,0,2,6,1,1,2,0,1,1,2,7,4,5,3
388,5,1,1,4,0,2,0,3,6,2,7,2,5,7,0,0,3,2,8,1,1,4,0,0,0,2,0,0,5,1
324,1,1,1,2,0,2,10,3,5,3,7,7,5,7,0,0,3,2,1,2,2,2,0,1,4,2,0,2,5,3
458,6,0,1,4,0,2,0,3,2,2,2,7,5,7,0,0,3,2,8,2,2,2,0,0,0,2,3,2,5,0
508,5,0,1,4,0,3,11,3,2,2,2,4,5,2,0,0,3,2,8,2,1,2,3,2,5,3,0,2,5,3
508,5,0,1,4,4,0,9,3,6,2,7,2,5,2,0,0,3,2,1,2,1,2,3,2,5,3,0,2,5,3
508,5,1,1,4,0,1,0,3,6,2,7,1,5,2,0,3,3,4,1,2,4,2,0,1,4,2,0,2,5,5
508,5,2,1,4,0,0,5,0,1,3,1,2,5,1,5,3,3,4,8,2,4,7,0,1,0,2,0,2,5,3
511,2,1,1,7,4,6,0,3,1,3,7,4,5,7,0,3,3,4,8,2,4,4,3,2,5,3,0,2,5,10
511,2,1,1,1,0,2,8,3,2,3,6,4,5,7,0,3,3,4,8,2,4,2,0,1,3,2,0,2,5,3
149,0,0,1,4,0,2,9,3,2,2,2,2,5,7,0,0,3,2,8,1,1,2,3,2,5,3,7,2,5,4
149,0,0,1,4,0,3,0,3,1,3,6,2,5,7,0,0,3,2,8,1,1,2,0,0,3,2,1,2,5,16
315,1,0,1,4,0,1,0,4,6,2,6,4,7,1,0,0,3,2,2,2,1,2,3,2,5,3,7,5,5,10
315,1,0,1,4,2,3,0,3,1,2,7,4,5,1,0,3,3,4,8,2,1,2,0,1,0,2,0,2,5,3
315,1,2,1,4,0,1,14,0,6,3,9,2,5,1,0,3,0,3,8,2,1,2,3,2,5,3,3,2,5,12
315,1,2,1,1,1,2,7,3,1,2,6,2,6,7,0,3,0,3,8,2,1,2,3,2,5,3,3,2,5,12
1018,4,0,1,1,0,2,7,3,1,3,9,7,5,7,0,0,3,2,8,2,1,2,3,2,5,3,7,5,5,12
409,6,1,1,4,4,2,7,3,5,2,9,2,5,7,0,0,3,2,8,2,1,2,0,1,0,2,3,2,5,12
537,2,0,1,4,0,2,10,3,6,2,7,0,5,7,0,3,3,4,8,2,2,3,0,1,1,2,7,5,5,10
537,2,0,1,1,0,3,5,3,6,2,3,1,5,7,0,3,3,4,8,2,2,3,3,2,5,3,3,2,5,9
977,1,0,1,4,4,4,9,0,6,2,7,4,5,7,0,0,3,2,8,3,1,9,0,1,0,2,0,2,5,10
977,1,1,1,4,0,2,0,3,6,2,7,4,5,1,0,0,3,2,8,3,1,4,3,2,5,3,3,2,5,0
466,2,0,1,1,0,0,0,3,6,2,1,1,6,1,0,0,3,2,8,3,1,4,0,1,0,2,3,2,5,0
466,2,1,1,7,4,6,14,3,6,2,7,4,5,7,0,0,3,2,8,2,1,2,3,2,5,3,3,2,5,11
663,5,0,1,4,0,3,5,3,6,2,7,4,5,7,0,0,3,2,8,2,1,2,0,1,2,2,0,2,5,9
251,2,1,1,2,2,1,5,3,6,2,7,4,5,2,0,0,3,2,8,1,1,4,3,2,5,3,1,2,5,0
251,2,0,1,4,0,0,5,3,4,2,6,2,5,2,0,0,3,2,8,1,1,4,3,2,5,3,7,2,5,10
293,0,2,1,4,0,0,11,3,1,2,7,2,6,7,0,0,3,2,8,1,1,2,0,1,0,2,7,5,5,12
385,5,2,1,0,2,1,9,3,6,2,9,2,5,7,0,0,3,2,2,2,1,7,3,2,5,3,7,5,5,1
385,5,2,1,7,4,6,7,3,2,2,7,4,5,1,0,0,3,2,8,2,1,4,0,1,1,2,7,5,5,10
245,2,1,1,1,2,1,9,3,5,2,7,4,5,1,0,0,3,2,8,1,1,9,3,2,5,3,3,2,5,10
245,2,1,1,4,0,0,7,3,6,3,2,4,5,1,0,0,3,2,8,2,1,2,0,1,2,2,0,2,5,7
245,2,0,1,7,2,2,9,3,0,0,6,4,5,1,0,0,3,2,8,2,1,2,3,2,5,3,7,5,5,11
335,1,1,1,4,0,4,14,3,3,2,12,7,5,7,0,0,3,2,1,1,1,2,0,1,0,1,7,5,5,0
335,1,2,1,4,0,1,0,3,1,2,7,4,5,7,0,3,3,4,8,2,4,2,1,1,2,1,0,2,5,10
165,4,0,1,4,0,2,5,3,0,2,6,4,5,7,0,3,3,4,8,2,4,2,3,2,5,3,0,2,5,3
521,6,0,1,4,0,3,13,3,0,2,9,7,3,7,3,3,3,4,8,2,4,2,0,1,0,2,3,2,5,10
521,6,1,1,1,0,1,5,3,0,2,4,1,5,7,0,3,3,4,8,2,4,2,3,2,5,3,0,2,5,1
547,5,1,1,1,2,3,5,3,1,2,7,4,5,7,0,0,3,2,8,1,1,2,0,0,1,2,0,2,5,16
443,0,1,1,4,0,0,11,3,0,2,9,4,5,7,0,0,3,7,8,1,1,2,3,2,5,3,3,2,5,3
443,0,1,1,4,0,2,0,3,0,2,1,2,5,7,0,3,2,4,8,1,1,4,3,2,5,3,3,2,5,9
183,0,1,1,4,0,1,0,3,5,1,6,7,5,0,0,0,3,2,8,2,1,2,0,0,3,2,0,2,5,10
925,0,0,1,4,0,1,0,3,6,2,5,2,5,3,0,0,3,2,1,2,1,2,0,1,3,2,3,2,5,16
925,0,0,1,4,0,1,11,3,0,2,5,2,5,3,0,0,3,2,8,2,1,3,1,1,3,2,7,5,5,3
428,0,0,1,4,0,1,4,3,0,2,5,4,5,3,0,0,3,2,8,2,1,2,3,2,5,3,7,5,5,3
428,0,1,1,4,0,3,8,0,4,2,5,4,5,3,0,0,3,2,8,1,1,3,3,2,5,3,7,5,5,9
428,0,0,1,4,0,3,4,3,6,2,5,7,3,1,1,3,0,2,8,2,2,4,3,2,5,3,3,2,5,3
1028,0,1,0,1,0,2,8,3,6,2,12,7,3,1,0,3,0,2,2,2,2,2,0,1,0,2,0,2,5,4
1028,0,0,1,7,0,6,13,3,3,2,5,2,5,1,0,0,3,2,8,1,1,7,1,1,3,2,1,2,5,0
374,6,1,1,7,0,1,4,3,6,2,5,4,5,1,0,0,3,2,8,2,1,2,3,2,5,3,0,2,5,10
476,3,4,1,1,0,2,0,3,6,2,5,2,0,1,0,0,3,2,8,2,1,4,3,2,5,3,0,2,5,10
246,3,2,1,4,0,2,1,3,1,2,5,2,7,1,0,0,3,2,8,1,1,4,0,1,1,2,0,2,5,1
246,3,0,0,4,0,3,5,3,1,2,6,4,7,1,0,0,0,2,8,2,1,4,3,2,5,3,0,2,5,5
246,3,0,1,4,0,2,7,3,1,2,5,4,7,2,0,0,0,2,8,2,1,8,2,0,2,2,0,2,1,1
